,drill_jumbo,gunpowder_carrier,work platform,breaker,excavator,payloader,dump_truck,sprayer,h_beam_holder,mixer_truck,mortar_trolley_truck,predict_class
0,1,0,0,0,0,0,0,0,0,0,0,A
1,1,0,0,0,0,0,0,0,0,0,0,A
2,1,0,0,0,0,0,0,0,0,0,0,A
3,1,0,0,0,0,0,0,0,0,0,0,A
4,1,0,0,0,0,0,0,0,0,0,0,A
5,1,0,0,0,0,0,0,0,0,0,0,A
6,1,0,0,0,0,0,0,0,0,0,0,A
7,1,0,0,0,0,0,0,0,0,0,0,A
8,1,0,0,0,0,0,0,0,0,0,0,A
9,1,0,0,0,0,0,0,0,0,0,0,A
10,1,0,0,0,0,0,0,0,0,0,0,A
11,1,0,0,0,0,0,0,0,0,0,0,A
12,1,0,0,0,0,0,0,0,0,0,0,A
13,1,0,0,0,0,0,0,0,0,0,0,A
14,1,0,0,0,0,0,0,0,0,0,0,A
15,1,0,0,0,0,0,0,0,0,0,0,A
16,1,0,0,0,0,0,0,0,0,0,0,A
17,1,0,0,0,0,0,0,0,0,0,0,A
18,1,0,0,0,0,0,0,0,0,0,0,A
19,1,0,0,0,0,0,0,0,0,0,0,A
20,1,0,0,0,0,0,0,0,0,0,0,A
21,1,0,0,0,0,0,0,0,0,0,0,A
22,1,0,0,0,0,0,0,0,0,0,0,A
23,1,0,0,0,0,0,0,0,0,0,0,A
24,1,0,0,0,0,0,0,0,0,0,0,A
25,1,0,0,0,0,0,0,0,0,0,0,A
26,1,0,0,0,0,0,0,0,0,0,0,A
27,1,1,0,0,0,0,0,0,0,0,0,A
28,1,1,0,0,0,0,0,0,0,0,0,A
29,1,1,0,0,0,0,0,0,0,0,0,A
30,1,1,0,0,0,0,0,0,0,0,0,A
31,1,1,0,0,0,0,0,0,0,0,0,A
32,1,1,0,0,0,0,0,0,0,0,0,A
33,1,1,0,0,0,0,0,0,0,0,0,A
34,1,1,0,0,0,0,0,0,0,0,0,A
35,1,1,0,0,0,0,0,0,0,0,0,A
36,1,1,0,0,0,0,0,0,0,0,0,A
37,1,1,0,0,0,0,0,0,0,0,0,A
38,1,1,0,0,0,0,0,0,0,0,0,A
39,1,1,0,0,0,0,0,0,0,0,0,A
40,1,1,0,0,0,0,0,0,0,0,0,A
41,1,1,0,0,0,0,0,0,0,0,0,A
42,1,1,0,0,0,0,0,0,0,0,0,A
43,1,1,0,0,0,0,0,0,0,0,0,A
44,1,1,0,0,0,0,0,0,0,0,0,A
45,1,1,0,0,0,0,0,0,0,0,0,A
46,1,1,0,0,0,0,0,0,0,0,0,A
47,1,1,0,0,0,0,0,0,0,0,0,A
48,1,1,0,0,0,0,0,0,0,0,0,A
49,1,1,0,0,0,0,0,0,0,0,0,A
50,1,1,0,0,0,0,0,0,0,0,0,A
51,1,1,0,0,0,0,0,0,0,0,0,A
52,1,1,0,0,0,0,0,0,0,0,0,A
53,1,1,0,0,0,0,0,0,0,0,0,A
54,1,1,0,0,0,0,0,0,0,0,0,A
55,1,1,0,0,0,0,0,0,0,0,0,A
56,1,1,0,0,0,0,0,0,0,0,0,A
57,1,1,0,0,0,0,0,0,0,0,0,A
58,1,1,0,0,0,0,0,0,0,0,0,A
59,1,1,0,0,0,0,0,0,0,0,0,A
60,1,1,0,0,0,0,0,0,0,0,0,A
61,1,1,0,0,0,0,0,0,0,0,0,A
62,1,1,0,0,0,0,0,0,0,0,0,A
63,1,1,0,0,0,0,0,0,0,0,0,A
64,1,1,0,0,0,0,0,0,0,0,0,A
65,1,1,0,0,0,0,0,0,0,0,0,A
66,1,1,0,0,0,0,0,0,0,0,0,A
67,1,1,0,0,0,0,0,0,0,0,0,A
68,1,1,0,0,0,0,0,0,0,0,0,A
69,1,1,0,0,0,0,0,0,0,0,0,A
70,1,1,0,0,0,0,0,0,0,0,0,A
71,1,1,0,0,0,0,0,0,0,0,0,A
72,1,1,0,0,0,0,0,0,0,0,0,A
73,1,1,0,0,0,0,0,0,0,0,0,A
74,1,1,0,0,0,0,0,0,0,0,0,A
75,1,1,0,0,0,0,0,0,0,0,0,A
76,1,1,0,0,0,0,0,0,0,0,0,A
77,1,1,0,0,0,0,0,0,0,0,0,A
78,1,1,0,0,0,0,0,0,0,0,0,A
79,1,1,0,0,0,0,0,0,0,0,0,A
80,1,1,0,0,0,0,0,0,0,0,0,A
81,1,1,0,0,0,0,0,0,0,0,0,A
82,1,1,0,0,0,0,0,0,0,0,0,A
83,1,1,0,0,0,0,0,0,0,0,0,A
84,1,1,0,0,0,0,0,0,0,0,0,A
85,1,1,0,0,0,0,0,0,0,0,0,A
86,1,1,0,0,0,0,0,0,0,0,0,A
87,1,1,0,0,0,0,0,0,0,0,0,A
88,1,1,0,0,0,0,0,0,0,0,0,A
89,1,1,0,0,0,0,0,0,0,0,0,A
90,1,1,0,0,0,0,0,0,0,0,0,A
91,1,1,0,0,0,0,0,0,0,0,0,A
92,1,1,0,0,0,0,0,0,0,0,0,A
93,1,1,0,0,0,0,0,0,0,0,0,A
94,1,1,0,0,0,0,0,0,0,0,0,A
95,1,1,0,0,0,0,0,0,0,0,0,A
96,1,1,0,0,0,0,0,0,0,0,0,A
97,1,1,0,0,0,0,0,0,0,0,0,A
98,1,1,0,0,0,0,0,0,0,0,0,A
99,1,1,0,0,0,0,0,0,0,0,0,A
100,1,1,0,0,0,0,0,0,0,0,0,A
101,1,1,0,0,0,0,0,0,0,0,0,A
102,1,1,0,0,0,0,0,0,0,0,0,A
103,1,1,0,0,0,0,0,0,0,0,0,A
104,1,1,0,0,0,0,0,0,0,0,0,A
105,1,1,0,0,0,0,0,0,0,0,0,A
106,1,1,0,0,0,0,0,0,0,0,0,A
107,1,1,0,0,0,0,0,0,0,0,0,A
108,1,1,0,0,0,0,0,0,0,0,0,A
109,1,1,0,0,0,0,0,0,0,0,0,A
110,1,1,0,0,0,0,0,0,0,0,0,A
111,1,1,0,0,0,0,0,0,0,0,0,A
112,1,1,0,0,0,0,0,0,0,0,0,A
113,1,1,0,0,0,0,0,0,0,0,0,A
114,1,1,0,0,0,0,0,0,0,0,0,A
115,1,1,0,0,0,0,0,0,0,0,0,A
116,1,1,0,0,0,0,0,0,0,0,0,A
117,1,1,0,0,0,0,0,0,0,0,0,A
118,1,1,0,0,0,0,0,0,0,0,0,A
119,1,1,0,0,0,0,0,0,0,0,0,A
120,1,1,0,0,0,0,0,0,0,0,0,A
121,1,1,0,0,0,0,0,0,0,0,0,A
122,1,1,0,0,0,0,0,0,0,0,0,A
123,1,1,0,0,0,0,0,0,0,0,0,A
124,1,1,0,0,0,0,0,0,0,0,0,A
125,1,1,0,0,0,0,0,0,0,0,0,A
126,1,1,0,0,0,0,0,0,0,0,0,A
127,1,1,0,0,0,0,0,0,0,0,0,A
128,1,1,0,0,0,0,0,0,0,0,0,A
129,1,1,0,0,0,0,0,0,0,0,0,A
130,1,1,0,0,0,0,0,0,0,0,0,A
131,1,1,0,0,0,0,0,0,0,0,0,A
132,1,1,0,0,0,0,0,0,0,0,0,A
133,1,1,0,0,0,0,0,0,0,0,0,A
134,1,1,0,0,0,0,0,0,0,0,0,A
135,1,1,0,0,0,0,0,0,0,0,0,A
136,1,1,0,0,0,0,0,0,0,0,0,A
137,1,1,0,0,0,0,0,0,0,0,0,A
138,1,1,0,0,0,0,0,0,0,0,0,A
139,1,1,0,0,0,0,0,0,0,0,0,A
140,1,1,0,0,0,0,0,0,0,0,0,A
141,1,1,0,0,0,0,0,0,0,0,0,A
142,1,1,0,0,0,0,0,0,0,0,0,A
143,1,1,0,0,0,0,0,0,0,0,0,A
144,1,1,0,0,0,0,0,0,0,0,0,A
145,1,1,0,0,0,0,0,0,0,0,0,A
146,1,1,0,0,0,0,0,0,0,0,0,A
147,1,1,0,0,0,0,0,0,0,0,0,A
148,1,1,0,0,0,0,0,0,0,0,0,A
149,1,1,0,0,0,0,0,0,0,0,0,A
150,1,1,0,0,0,0,0,0,0,0,0,A
151,1,1,0,0,0,0,0,0,0,0,0,A
152,1,1,0,0,0,0,0,0,0,0,0,A
153,1,1,0,0,0,0,0,0,0,0,0,A
154,1,1,0,0,0,0,0,0,0,0,0,A
155,1,1,0,0,0,0,0,0,0,0,0,A
156,1,1,0,0,0,0,0,0,0,0,0,A
157,1,1,0,0,0,0,0,0,0,0,0,A
158,1,1,0,0,0,0,0,0,0,0,0,A
159,1,1,0,0,0,0,0,0,0,0,0,A
160,1,1,0,0,0,0,0,0,0,0,0,A
161,1,1,0,0,0,0,0,0,0,0,0,A
162,1,1,0,0,0,0,0,0,0,0,0,A
163,1,1,0,0,0,0,0,0,0,0,0,A
164,1,1,0,0,0,0,0,0,0,0,0,A
165,1,1,0,0,0,0,0,0,0,0,0,A
166,1,1,0,0,0,0,0,0,0,0,0,A
167,1,1,0,0,0,0,0,0,0,0,0,A
168,1,1,0,0,0,0,0,0,0,0,0,A
169,1,1,0,0,0,0,0,0,0,0,0,A
170,1,1,0,0,0,0,0,0,0,0,0,A
171,1,1,0,0,0,0,0,0,0,0,0,A
172,1,1,0,0,0,0,0,0,0,0,0,A
173,1,1,0,0,0,0,0,0,0,0,0,A
174,1,1,0,0,0,0,0,0,0,0,0,A
175,1,1,0,0,0,0,0,0,0,0,0,A
176,1,1,0,0,0,0,0,0,0,0,0,A
177,1,1,0,0,0,0,0,0,0,0,0,A
178,1,1,0,0,0,0,0,0,0,0,0,A
179,1,1,0,0,0,0,0,0,0,0,0,A
180,1,1,0,0,0,0,0,0,0,0,0,A
181,1,1,0,0,0,0,0,0,0,0,0,A
182,1,1,0,0,0,0,0,0,0,0,0,A
183,1,1,0,0,0,0,0,0,0,0,0,A
184,1,1,0,0,0,0,0,0,0,0,0,A
185,1,1,0,0,0,0,0,0,0,0,0,A
186,1,1,0,0,0,0,0,0,0,0,0,A
187,1,1,0,0,0,0,0,0,0,0,0,A
188,1,1,0,0,0,0,0,0,0,0,0,A
189,1,1,0,0,0,0,0,0,0,0,0,A
190,1,1,0,0,0,0,0,0,0,0,0,A
191,1,1,0,0,0,0,0,0,0,0,0,A
192,1,1,0,0,0,0,0,0,0,0,0,A
193,1,1,0,0,0,0,0,0,0,0,0,A
194,1,1,0,0,0,0,0,0,0,0,0,A
195,1,1,0,0,0,0,0,0,0,0,0,A
196,1,1,0,0,0,0,0,0,0,0,0,A
197,1,1,0,0,0,0,0,0,0,0,0,A
198,1,1,0,0,0,0,0,0,0,0,0,A
199,1,1,0,0,0,0,0,0,0,0,0,A
200,1,1,0,0,0,0,0,0,0,0,0,A
201,1,1,0,0,0,0,0,0,0,0,0,A
202,1,1,0,0,0,0,0,0,0,0,0,A
203,1,1,0,0,0,0,0,0,0,0,0,A
204,1,1,0,0,0,0,0,0,0,0,0,A
205,1,1,0,0,0,0,0,0,0,0,0,A
206,1,1,0,0,0,0,0,0,0,0,0,A
207,1,1,0,0,0,0,0,0,0,0,0,A
208,1,1,0,0,0,0,0,0,0,0,0,A
209,1,1,0,0,0,0,0,0,0,0,0,A
210,1,1,0,0,0,0,0,0,0,0,0,A
211,1,1,0,0,0,0,0,0,0,0,0,A
212,1,1,0,0,0,0,0,0,0,0,0,A
213,1,1,0,0,0,0,0,0,0,0,0,A
214,1,1,0,0,0,0,0,0,0,0,0,A
215,1,1,0,0,0,0,0,0,0,0,0,A
216,1,1,0,0,0,0,0,0,0,0,0,A
217,1,1,0,0,0,0,0,0,0,0,0,A
218,1,1,0,0,0,0,0,0,0,0,0,A
219,1,1,0,0,0,0,0,0,0,0,0,A
220,1,1,0,0,0,0,0,0,0,0,0,A
221,1,1,0,0,0,0,0,0,0,0,0,A
222,1,1,0,0,0,0,0,0,0,0,0,A
223,1,1,0,0,0,0,0,0,0,0,0,A
224,1,1,0,0,0,0,0,0,0,0,0,A
225,1,1,0,0,0,0,0,0,0,0,0,A
226,1,1,0,0,0,0,0,0,0,0,0,A
227,1,1,0,0,0,0,0,0,0,0,0,A
228,1,1,0,0,0,0,0,0,0,0,0,A
229,1,1,0,0,0,0,0,0,0,0,0,A
230,1,1,0,0,0,0,0,0,0,0,0,A
231,1,1,0,0,0,0,0,0,0,0,0,A
232,1,1,0,0,0,0,0,0,0,0,0,A
233,1,1,0,0,0,0,0,0,0,0,0,A
234,1,1,0,0,0,0,0,0,0,0,0,A
235,1,1,0,0,0,0,0,0,0,0,0,A
236,1,1,0,0,0,0,0,0,0,0,0,A
237,1,1,0,0,0,0,0,0,0,0,0,A
238,1,1,0,0,0,0,0,0,0,0,0,A
239,1,1,0,0,0,0,0,0,0,0,0,A
240,1,1,0,0,0,0,0,0,0,0,0,A
241,1,1,0,0,0,0,0,0,0,0,0,A
242,1,1,0,0,0,0,0,0,0,0,0,A
243,1,1,0,0,0,0,0,0,0,0,0,A
244,1,1,0,0,0,0,0,0,0,0,0,A
245,1,1,0,0,0,0,0,0,0,0,0,A
246,1,1,0,0,0,0,0,0,0,0,0,A
247,1,1,0,0,0,0,0,0,0,0,0,A
248,1,1,0,0,0,0,0,0,0,0,0,A
249,1,1,0,0,0,0,0,0,0,0,0,A
250,1,1,0,0,0,0,0,0,0,0,0,A
251,1,1,0,0,0,0,0,0,0,0,0,A
252,1,1,0,0,0,0,0,0,0,0,0,A
253,1,1,0,0,0,0,0,0,0,0,0,A
254,1,1,0,0,0,0,0,0,0,0,0,A
255,1,1,0,0,0,0,0,0,0,0,0,A
256,1,1,0,0,0,0,0,0,0,0,0,A
257,1,1,0,0,0,0,0,0,0,0,0,A
258,1,1,0,0,0,0,0,0,0,0,0,A
259,1,1,0,0,0,0,0,0,0,0,0,A
260,1,1,0,0,0,0,0,0,0,0,0,A
261,1,1,0,0,0,0,0,0,0,0,0,A
262,1,1,0,0,0,0,0,0,0,0,0,A
263,1,1,0,0,0,0,0,0,0,0,0,A
264,1,1,0,0,0,0,0,0,0,0,0,A
265,1,1,0,0,0,0,0,0,0,0,0,A
266,1,1,0,0,0,0,0,0,0,0,0,A
267,1,1,0,0,0,0,0,0,0,0,0,A
268,1,1,0,0,0,0,0,0,0,0,0,A
269,1,1,0,0,0,0,0,0,0,0,0,A
270,1,1,0,0,0,0,0,0,0,0,0,A
271,1,1,0,0,0,0,0,0,0,0,0,A
272,1,1,0,0,0,0,0,0,0,0,0,A
273,1,1,0,0,0,0,0,0,0,0,0,A
274,1,1,0,0,0,0,0,0,0,0,0,A
275,1,1,0,0,0,0,0,0,0,0,0,A
276,1,1,0,0,0,0,0,0,0,0,0,A
277,1,1,0,0,0,0,0,0,0,0,0,A
278,1,1,0,0,0,0,0,0,0,0,0,A
279,1,1,0,0,0,0,0,0,0,0,0,A
280,1,1,0,0,0,0,0,0,0,0,0,A
281,1,1,0,0,0,0,0,0,0,0,0,A
282,1,1,0,0,0,0,0,0,0,0,0,A
283,1,1,0,0,0,0,0,0,0,0,0,A
284,1,1,0,0,0,0,0,0,0,0,0,A
285,1,1,0,0,0,0,0,0,0,0,0,A
286,1,1,0,0,0,0,0,0,0,0,0,A
287,1,1,0,0,0,0,0,0,0,0,0,A
288,1,1,0,0,0,0,0,0,0,0,0,A
289,1,1,0,0,0,0,0,0,0,0,0,A
290,1,1,0,0,0,0,0,0,0,0,0,A
291,1,1,0,0,0,0,0,0,0,0,0,A
292,1,1,0,0,0,0,0,0,0,0,0,A
293,1,1,0,0,0,0,0,0,0,0,0,A
294,1,1,0,0,0,0,0,0,0,0,0,A
295,1,1,0,0,0,0,0,0,0,0,0,A
296,1,1,0,0,0,0,0,0,0,0,0,A
297,1,1,0,0,0,0,0,0,0,0,0,A
298,1,1,0,0,0,0,0,0,0,0,0,A
299,1,1,0,0,0,0,0,0,0,0,0,A
300,1,1,0,0,0,0,0,0,0,0,0,A
301,1,1,0,0,0,0,0,0,0,0,0,A
302,1,1,0,0,0,0,0,0,0,0,0,A
303,1,1,0,0,0,0,0,0,0,0,0,A
304,1,1,0,0,0,0,0,0,0,0,0,A
305,1,1,0,0,0,0,0,0,0,0,0,A
306,1,1,0,0,0,0,0,0,0,0,0,A
307,1,1,0,0,0,0,0,0,0,0,0,A
308,1,1,0,0,0,0,0,0,0,0,0,A
309,1,1,0,0,0,0,0,0,0,0,0,A
310,1,1,0,0,0,0,0,0,0,0,0,A
311,1,1,0,0,0,0,0,0,0,0,0,A
312,1,1,0,0,0,0,0,0,0,0,0,A
313,1,1,0,0,0,0,0,0,0,0,0,A
314,1,1,0,0,0,0,0,0,0,0,0,A
315,1,1,0,0,0,0,0,0,0,0,0,A
316,1,1,0,0,0,0,0,0,0,0,0,A
317,1,1,0,0,0,0,0,0,0,0,0,A
318,1,1,0,0,0,0,0,0,0,0,0,A
319,1,1,0,0,0,0,0,0,0,0,0,A
320,1,1,0,0,0,0,0,0,0,0,0,A
321,1,1,0,0,0,0,0,0,0,0,0,A
322,1,1,0,0,0,0,0,0,0,0,0,A
323,1,1,0,0,0,0,0,0,0,0,0,A
324,1,1,0,0,0,0,0,0,0,0,0,A
325,1,1,0,0,0,0,0,0,0,0,0,A
326,1,1,0,0,0,0,0,0,0,0,0,A
327,1,1,0,0,0,0,0,0,0,0,0,A
328,1,1,0,0,0,0,0,0,0,0,0,A
329,1,1,0,0,0,0,0,0,0,0,0,A
330,1,1,0,0,0,0,0,0,0,0,0,A
331,1,1,0,0,0,0,0,0,0,0,0,A
332,1,1,0,0,0,0,0,0,0,0,0,A
333,1,1,0,0,0,0,0,0,0,0,0,A
334,1,1,0,0,0,0,0,0,0,0,0,A
335,1,1,0,0,0,0,0,0,0,0,0,A
336,1,1,0,0,0,0,0,0,0,0,0,A
337,1,1,0,0,0,0,0,0,0,0,0,A
338,1,1,0,0,0,0,0,0,0,0,0,A
339,1,1,0,0,0,0,0,0,0,0,0,A
340,1,1,0,0,0,0,0,0,0,0,0,A
341,1,1,0,0,0,0,0,0,0,0,0,A
342,1,1,0,0,0,0,0,0,0,0,0,A
343,1,1,0,0,0,0,0,0,0,0,0,A
344,1,1,0,0,0,0,0,0,0,0,0,A
345,1,1,0,0,0,0,0,0,0,0,0,A
346,1,1,0,0,0,0,0,0,0,0,0,A
347,1,1,0,0,0,0,0,0,0,0,0,A
348,1,1,0,0,0,0,0,0,0,0,0,A
349,1,1,0,0,0,0,0,0,0,0,0,A
350,1,1,0,0,0,0,0,0,0,0,0,A
351,1,1,0,0,0,0,0,0,0,0,0,A
352,1,1,0,0,0,0,0,0,0,0,0,A
353,1,1,0,0,0,0,0,0,0,0,0,A
354,1,1,0,0,0,0,0,0,0,0,0,A
355,1,1,0,0,0,0,0,0,0,0,0,A
356,1,1,0,0,0,0,0,0,0,0,0,A
357,1,1,0,0,0,0,0,0,0,0,0,A
358,1,1,0,0,0,0,0,0,0,0,0,A
359,1,1,0,0,0,0,0,0,0,0,0,A
360,1,1,0,0,0,0,0,0,0,0,0,A
361,1,1,0,0,0,0,0,0,0,0,0,A
362,1,1,0,0,0,0,0,0,0,0,0,A
363,1,1,0,0,0,0,0,0,0,0,0,A
364,1,1,0,0,0,0,0,0,0,0,0,A
365,1,1,0,0,0,0,0,0,0,0,0,A
366,1,1,0,0,0,0,0,0,0,0,0,A
367,1,1,0,0,0,0,0,0,0,0,0,A
368,1,1,0,0,0,0,0,0,0,0,0,A
369,1,1,0,0,0,0,0,0,0,0,0,A
370,1,1,0,0,0,0,0,0,0,0,0,A
371,1,1,0,0,0,0,0,0,0,0,0,A
372,1,1,0,0,0,0,0,0,0,0,0,A
373,1,1,0,0,0,0,0,0,0,0,0,A
374,1,1,0,0,0,0,0,0,0,0,0,A
375,1,1,0,0,0,0,0,0,0,0,0,A
376,1,1,0,0,0,0,0,0,0,0,0,A
377,1,1,0,0,0,0,0,0,0,0,0,A
378,1,1,0,0,0,0,0,0,0,0,0,A
379,1,1,0,0,0,0,0,0,0,0,0,A
380,1,1,0,0,0,0,0,0,0,0,0,A
381,1,1,0,0,0,0,0,0,0,0,0,A
382,1,1,0,0,0,0,0,0,0,0,0,A
383,1,1,0,0,0,0,0,0,0,0,0,A
384,1,1,0,0,0,0,0,0,0,0,0,A
385,1,1,0,0,0,0,0,0,0,0,0,A
386,1,1,0,0,0,0,0,0,0,0,0,A
387,1,1,0,0,0,0,0,0,0,0,0,A
388,1,1,0,0,0,0,0,0,0,0,0,A
389,1,1,0,0,0,0,0,0,0,0,0,A
390,1,1,0,0,0,0,0,0,0,0,0,A
391,1,1,0,0,0,0,0,0,0,0,0,A
392,1,1,0,0,0,0,0,0,0,0,0,A
393,1,1,0,0,0,0,0,0,0,0,0,A
394,1,1,0,0,0,0,0,0,0,0,0,A
395,1,1,0,0,0,0,0,0,0,0,0,A
396,1,1,0,0,0,0,0,0,0,0,0,A
397,1,1,0,0,0,0,0,0,0,0,0,A
398,1,1,0,0,0,0,0,0,0,0,0,A
399,1,1,0,0,0,0,0,0,0,0,0,A
400,1,1,0,0,0,0,0,0,0,0,0,A
401,1,1,0,0,0,0,0,0,0,0,0,A
402,1,1,0,0,0,0,0,0,0,0,0,A
403,1,1,0,0,0,0,0,0,0,0,0,A
404,1,1,0,0,0,0,0,0,0,0,0,A
405,1,1,0,0,0,0,0,0,0,0,0,A
406,1,1,0,0,0,0,0,0,0,0,0,A
407,1,1,0,0,0,0,0,0,0,0,0,A
408,1,1,0,0,0,0,0,0,0,0,0,A
409,1,1,0,0,0,0,0,0,0,0,0,A
410,1,1,0,0,0,0,0,0,0,0,0,A
411,1,1,0,0,0,0,0,0,0,0,0,A
412,1,1,0,0,0,0,0,0,0,0,0,A
413,1,1,0,0,0,0,0,0,0,0,0,A
414,1,1,0,0,0,0,0,0,0,0,0,A
415,1,1,0,0,0,0,0,0,0,0,0,A
416,1,1,0,0,0,0,0,0,0,0,0,A
417,1,1,0,0,0,0,0,0,0,0,0,A
418,1,1,0,0,0,0,0,0,0,0,0,A
419,1,1,0,0,0,0,0,0,0,0,0,A
420,1,1,0,0,0,0,0,0,0,0,0,A
421,1,1,0,0,0,0,0,0,0,0,0,A
422,1,1,0,0,0,0,0,0,0,0,0,A
423,1,1,0,0,0,0,0,0,0,0,0,A
424,1,1,0,0,0,0,0,0,0,0,0,A
425,1,1,0,0,0,0,0,0,0,0,0,A
426,1,1,0,0,0,0,0,0,0,0,0,A
427,1,1,0,0,0,0,0,0,0,0,0,A
428,1,1,0,0,0,0,0,0,0,0,0,A
429,1,1,0,0,0,0,0,0,0,0,0,A
430,1,1,0,0,0,0,0,0,0,0,0,A
431,1,1,0,0,0,0,0,0,0,0,0,A
432,1,1,0,0,0,0,0,0,0,0,0,A
433,1,1,0,0,0,0,0,0,0,0,0,A
434,1,1,0,0,0,0,0,0,0,0,0,A
435,1,1,0,0,0,0,0,0,0,0,0,A
436,1,1,0,0,0,0,0,0,0,0,0,A
437,1,1,0,0,0,0,0,0,0,0,0,A
438,1,1,0,0,0,0,0,0,0,0,0,A
439,1,1,0,0,0,0,0,0,0,0,0,A
440,1,1,0,0,0,0,0,0,0,0,0,A
441,1,1,0,0,0,0,0,0,0,0,0,A
442,1,1,0,0,0,0,0,0,0,0,0,A
443,1,1,0,0,0,0,0,0,0,0,0,A
444,1,1,0,0,0,0,0,0,0,0,0,A
445,1,1,0,0,0,0,0,0,0,0,0,A
446,1,1,0,0,0,0,0,0,0,0,0,A
447,1,1,0,0,0,0,0,0,0,0,0,A
448,1,1,0,0,0,0,0,0,0,0,0,A
449,1,1,0,0,0,0,0,0,0,0,0,A
450,1,1,0,0,0,0,0,0,0,0,0,A
451,1,1,0,0,0,0,0,0,0,0,0,A
452,1,1,0,0,0,0,0,0,0,0,0,A
453,1,1,0,0,0,0,0,0,0,0,0,A
454,1,1,0,0,0,0,0,0,0,0,0,A
455,1,1,0,0,0,0,0,0,0,0,0,A
456,1,1,0,0,0,0,0,0,0,0,0,A
457,1,1,0,0,0,0,0,0,0,0,0,A
458,1,1,0,0,0,0,0,0,0,0,0,A
459,1,1,0,0,0,0,0,0,0,0,0,A
460,1,1,0,0,0,0,0,0,0,0,0,A
461,1,1,0,0,0,0,0,0,0,0,0,A
462,1,1,0,0,0,0,0,0,0,0,0,A
463,1,1,0,0,0,0,0,0,0,0,0,A
464,1,1,0,0,0,0,0,0,0,0,0,A
465,1,1,0,0,0,0,0,0,0,0,0,A
466,1,1,0,0,0,0,0,0,0,0,0,A
467,1,1,0,0,0,0,0,0,0,0,0,A
468,1,1,0,0,0,0,0,0,0,0,0,A
469,1,1,0,0,0,0,0,0,0,0,0,A
470,1,1,0,0,0,0,0,0,0,0,0,A
471,1,1,0,0,0,0,0,0,0,0,0,A
472,1,1,0,0,0,0,0,0,0,0,0,A
473,1,1,0,0,0,0,0,0,0,0,0,A
474,1,1,0,0,0,0,0,0,0,0,0,A
475,1,1,0,0,0,0,0,0,0,0,0,A
476,1,1,0,0,0,0,0,0,0,0,0,A
477,1,1,0,0,0,0,0,0,0,0,0,A
478,1,1,0,0,0,0,0,0,0,0,0,A
479,1,1,0,0,0,0,0,0,0,0,0,A
480,1,1,0,0,0,0,0,0,0,0,0,A
481,1,1,0,0,0,0,0,0,0,0,0,A
482,1,1,0,0,0,0,0,0,0,0,0,A
483,1,1,0,0,0,0,0,0,0,0,0,A
484,1,1,0,0,0,0,0,0,0,0,0,A
485,1,1,0,0,0,0,0,0,0,0,0,A
486,1,1,0,0,0,0,0,0,0,0,0,A
487,1,1,0,0,0,0,0,0,0,0,0,A
488,1,1,0,0,0,0,0,0,0,0,0,A
489,1,1,0,0,0,0,0,0,0,0,0,A
490,1,1,0,0,0,0,0,0,0,0,0,A
491,1,1,0,0,0,0,0,0,0,0,0,A
492,1,1,0,0,0,0,0,0,0,0,0,A
493,1,1,0,0,0,0,0,0,0,0,0,A
494,1,1,0,0,0,0,0,0,0,0,0,A
495,1,1,0,0,0,0,0,0,0,0,0,A
496,1,1,0,0,0,0,0,0,0,0,0,A
497,1,1,0,0,0,0,0,0,0,0,0,A
498,1,1,0,0,0,0,0,0,0,0,0,A
499,1,1,0,0,0,0,0,0,0,0,0,A
500,1,1,0,0,0,0,0,0,0,0,0,A
501,1,1,0,0,0,0,0,0,0,0,0,A
502,1,1,0,0,0,0,0,0,0,0,0,A
503,1,1,0,0,0,0,0,0,0,0,0,A
504,1,1,0,0,0,0,0,0,0,0,0,A
505,1,1,0,0,0,0,0,0,0,0,0,A
506,1,1,0,0,0,0,0,0,0,0,0,A
507,1,1,0,0,0,0,0,0,0,0,0,A
508,1,1,0,0,0,0,0,0,0,0,0,A
509,1,1,0,0,0,0,0,0,0,0,0,A
510,1,1,0,0,0,0,0,0,0,0,0,A
511,1,1,0,0,0,0,0,0,0,0,0,A
512,1,1,0,0,0,0,0,0,0,0,0,A
513,1,1,0,0,0,0,0,0,0,0,0,A
514,1,1,0,0,0,0,0,0,0,0,0,A
515,1,1,0,0,0,0,0,0,0,0,0,A
516,1,1,0,0,0,0,0,0,0,0,0,A
517,1,1,0,0,0,0,0,0,0,0,0,A
518,1,1,0,0,0,0,0,0,0,0,0,A
519,1,1,0,0,0,0,0,0,0,0,0,A
520,1,1,0,0,0,0,0,0,0,0,0,A
521,1,1,0,0,0,0,0,0,0,0,0,A
522,1,1,0,0,0,0,0,0,0,0,0,A
523,1,1,0,0,0,0,0,0,0,0,0,A
524,1,1,0,0,0,0,0,0,0,0,0,A
525,1,1,0,0,0,0,0,0,0,0,0,A
526,1,1,0,0,0,0,0,0,0,0,0,A
527,1,1,0,0,0,0,0,0,0,0,0,A
528,1,1,0,0,0,0,0,0,0,0,0,A
529,1,1,0,0,0,0,0,0,0,0,0,A
530,1,1,0,0,0,0,0,0,0,0,0,A
531,1,1,0,0,0,0,0,0,0,0,0,A
532,1,1,0,0,0,0,0,0,0,0,0,A
533,1,1,0,0,0,0,0,0,0,0,0,A
534,1,1,0,0,0,0,0,0,0,0,0,A
535,1,1,0,0,0,0,0,0,0,0,0,A
536,1,1,0,0,0,0,0,0,0,0,0,A
537,1,1,0,0,0,0,0,0,0,0,0,A
538,1,1,0,0,0,0,0,0,0,0,0,A
539,1,1,0,0,0,0,0,0,0,0,0,A
540,1,1,0,0,0,0,0,0,0,0,0,A
541,1,1,0,0,0,0,0,0,0,0,0,A
542,1,1,0,0,0,0,0,0,0,0,0,A
543,1,1,0,0,0,0,0,0,0,0,0,A
544,1,1,0,0,0,0,0,0,0,0,0,A
545,1,1,0,0,0,0,0,0,0,0,0,A
546,1,1,0,0,0,0,0,0,0,0,0,A
547,1,1,0,0,0,0,0,0,0,0,0,A
548,1,1,0,0,0,0,0,0,0,0,0,A
549,1,1,0,0,0,0,0,0,0,0,0,A
550,1,1,0,0,0,0,0,0,0,0,0,A
551,1,1,0,0,0,0,0,0,0,0,0,A
552,1,1,0,0,0,0,0,0,0,0,0,A
553,1,1,0,0,0,0,0,0,0,0,0,A
554,1,1,0,0,0,0,0,0,0,0,0,A
555,1,1,0,0,0,0,0,0,0,0,0,A
556,1,1,0,0,0,0,0,0,0,0,0,A
557,1,1,0,0,0,0,0,0,0,0,0,A
558,1,1,0,0,0,0,0,0,0,0,0,A
559,1,1,0,0,0,0,0,0,0,0,0,A
560,1,1,0,0,0,0,0,0,0,0,0,A
561,1,1,0,0,0,0,0,0,0,0,0,A
562,1,1,0,0,0,0,0,0,0,0,0,A
563,1,1,0,0,0,0,0,0,0,0,0,A
564,1,1,0,0,0,0,0,0,0,0,0,A
565,1,1,0,0,0,0,0,0,0,0,0,A
566,1,1,0,0,0,0,0,0,0,0,0,A
567,1,1,0,0,0,0,0,0,0,0,0,A
568,1,1,0,0,0,0,0,0,0,0,0,A
569,1,1,0,0,0,0,0,0,0,0,0,A
570,1,1,0,0,0,0,0,0,0,0,0,A
571,1,1,0,0,0,0,0,0,0,0,0,A
572,1,1,0,0,0,0,0,0,0,0,0,A
573,1,1,0,0,0,0,0,0,0,0,0,A
574,1,1,0,0,0,0,0,0,0,0,0,A
575,1,1,0,0,0,0,0,0,0,0,0,A
576,1,1,0,0,0,0,0,0,0,0,0,A
577,1,1,0,0,0,0,0,0,0,0,0,A
578,1,1,0,0,0,0,0,0,0,0,0,A
579,1,1,0,0,0,0,0,0,0,0,0,A
580,1,1,0,0,0,0,0,0,0,0,0,A
581,1,1,0,0,0,0,0,0,0,0,0,A
582,1,1,0,0,0,0,0,0,0,0,0,A
583,1,1,0,0,0,0,0,0,0,0,0,A
584,1,1,0,0,0,0,0,0,0,0,0,A
585,1,1,0,0,0,0,0,0,0,0,0,A
586,1,1,0,0,0,0,0,0,0,0,0,A
587,1,1,0,0,0,0,0,0,0,0,0,A
588,1,1,0,0,0,0,0,0,0,0,0,A
589,1,1,0,0,0,0,0,0,0,0,0,A
590,1,1,0,0,0,0,0,0,0,0,0,A
591,1,1,0,0,0,0,0,0,0,0,0,A
592,1,1,0,0,0,0,0,0,0,0,0,A
593,1,1,0,0,0,0,0,0,0,0,0,A
594,1,1,0,0,0,0,0,0,0,0,0,A
595,1,1,0,0,0,0,0,0,0,0,0,A
596,1,1,0,0,0,0,0,0,0,0,0,A
597,1,1,0,0,0,0,0,0,0,0,0,A
598,1,1,0,0,0,0,0,0,0,0,0,A
599,1,1,0,0,0,0,0,0,0,0,0,A
600,1,1,0,0,0,0,0,0,0,0,0,A
601,1,1,0,0,0,0,0,0,0,0,0,A
602,1,1,0,0,0,0,0,0,0,0,0,A
603,1,1,0,0,0,0,0,0,0,0,0,A
604,1,1,0,0,0,0,0,0,0,0,0,A
605,1,1,0,0,0,0,0,0,0,0,0,A
606,1,1,0,0,0,0,0,0,0,0,0,A
607,1,1,0,0,0,0,0,0,0,0,0,A
608,1,1,0,0,0,0,0,0,0,0,0,A
609,1,1,0,0,0,0,0,0,0,0,0,A
610,1,1,0,0,0,0,0,0,0,0,0,A
611,1,1,0,0,0,0,0,0,0,0,0,A
612,1,1,0,0,0,0,0,0,0,0,0,A
613,1,1,0,0,0,0,0,0,0,0,0,A
614,1,1,0,0,0,0,0,0,0,0,0,A
615,1,1,0,0,0,0,0,0,0,0,0,A
616,1,1,0,0,0,0,0,0,0,0,0,A
617,1,1,0,0,0,0,0,0,0,0,0,A
618,1,1,0,0,0,0,0,0,0,0,0,A
619,1,1,0,0,0,0,0,0,0,0,0,A
620,1,1,0,0,0,0,0,0,0,0,0,A
621,1,1,0,0,0,0,0,0,0,0,0,A
622,1,1,0,0,0,0,0,0,0,0,0,A
623,1,1,0,0,0,0,0,0,0,0,0,A
624,1,1,0,0,0,0,0,0,0,0,0,A
625,1,1,0,0,0,0,0,0,0,0,0,A
626,1,1,0,0,0,0,0,0,0,0,0,A
627,1,1,0,0,0,0,0,0,0,0,0,A
628,1,1,0,0,0,0,0,0,0,0,0,A
629,1,1,0,0,0,0,0,0,0,0,0,A
630,1,1,0,0,0,0,0,0,0,0,0,A
631,1,1,0,0,0,0,0,0,0,0,0,A
632,1,1,0,0,0,0,0,0,0,0,0,A
633,1,1,0,0,0,0,0,0,0,0,0,A
634,1,1,0,0,0,0,0,0,0,0,0,A
635,1,1,0,0,0,0,0,0,0,0,0,A
636,1,1,0,0,0,0,0,0,0,0,0,A
637,1,1,0,0,0,0,0,0,0,0,0,A
638,1,1,0,0,0,0,0,0,0,0,0,A
639,1,1,0,0,0,0,0,0,0,0,0,A
640,1,1,0,0,0,0,0,0,0,0,0,A
641,1,1,0,0,0,0,0,0,0,0,0,A
642,1,1,0,0,0,0,0,0,0,0,0,A
643,1,1,0,0,0,0,0,0,0,0,0,A
644,1,1,0,0,0,0,0,0,0,0,0,A
645,1,1,0,0,0,0,0,0,0,0,0,A
646,1,1,0,0,0,0,0,0,0,0,0,A
647,1,1,0,0,0,0,0,0,0,0,0,A
648,1,1,0,0,0,0,0,0,0,0,0,A
649,1,1,0,0,0,0,0,0,0,0,0,A
650,1,1,0,0,0,0,0,0,0,0,0,A
651,1,1,0,0,0,0,0,0,0,0,0,A
652,1,1,0,0,0,0,0,0,0,0,0,A
653,1,1,0,0,0,0,0,0,0,0,0,A
654,1,1,0,0,0,0,0,0,0,0,0,A
655,1,1,0,0,0,0,0,0,0,0,0,A
656,1,1,0,0,0,0,0,0,0,0,0,A
657,1,1,0,0,0,0,0,0,0,0,0,A
658,1,1,0,0,0,0,0,0,0,0,0,A
659,1,1,0,0,0,0,0,0,0,0,0,A
660,1,1,0,0,0,0,0,0,0,0,0,A
661,1,1,0,0,0,0,0,0,0,0,0,A
662,1,1,0,0,0,0,0,0,0,0,0,A
663,1,1,0,0,0,0,0,0,0,0,0,A
664,1,1,0,0,0,0,0,0,0,0,0,A
665,1,1,0,0,0,0,0,0,0,0,0,A
666,1,1,0,0,0,0,0,0,0,0,0,A
667,1,1,0,0,0,0,0,0,0,0,0,A
668,1,1,0,0,0,0,0,0,0,0,0,A
669,1,1,0,0,0,0,0,0,0,0,0,A
670,1,1,0,0,0,0,0,0,0,0,0,A
671,1,1,0,0,0,0,0,0,0,0,0,A
672,1,1,0,0,0,0,0,0,0,0,0,A
673,1,1,0,0,0,0,0,0,0,0,0,A
674,1,1,0,0,0,0,0,0,0,0,0,A
675,1,1,0,0,0,0,0,0,0,0,0,A
676,1,1,0,0,0,0,0,0,0,0,0,A
677,1,1,0,0,0,0,0,0,0,0,0,A
678,1,1,0,0,0,0,0,0,0,0,0,A
679,1,1,0,0,0,0,0,0,0,0,0,A
680,1,1,0,0,0,0,0,0,0,0,0,A
681,1,1,0,0,0,0,0,0,0,0,0,A
682,1,1,0,0,0,0,0,0,0,0,0,A
683,1,1,0,0,0,0,0,0,0,0,0,A
684,1,1,0,0,0,0,0,0,0,0,0,A
685,1,1,0,0,0,0,0,0,0,0,0,A
686,1,1,0,0,0,0,0,0,0,0,0,A
687,1,1,0,0,0,0,0,0,0,0,0,A
688,1,1,0,0,0,0,0,0,0,0,0,A
689,1,1,0,0,0,0,0,0,0,0,0,A
690,1,1,0,0,0,0,0,0,0,0,0,A
691,1,1,0,0,0,0,0,0,0,0,0,A
692,1,1,0,0,0,0,0,0,0,0,0,A
693,1,1,0,0,0,0,0,0,0,0,0,A
694,1,1,0,0,0,0,0,0,0,0,0,A
695,1,1,0,0,0,0,0,0,0,0,0,A
696,1,1,0,0,0,0,0,0,0,0,0,A
697,1,1,0,0,0,0,0,0,0,0,0,A
698,1,1,0,0,0,0,0,0,0,0,0,A
699,1,1,0,0,0,0,0,0,0,0,0,A
700,1,1,0,0,0,0,0,0,0,0,0,A
701,1,1,0,0,0,0,0,0,0,0,0,A
702,1,1,0,0,0,0,0,0,0,0,0,A
703,1,1,0,0,0,0,0,0,0,0,0,A
704,1,1,0,0,0,0,0,0,0,0,0,A
705,1,1,0,0,0,0,0,0,0,0,0,A
706,1,1,0,0,0,0,0,0,0,0,0,A
707,1,1,0,0,0,0,0,0,0,0,0,A
708,1,1,0,0,0,0,0,0,0,0,0,A
709,1,1,0,0,0,0,0,0,0,0,0,A
710,1,1,0,0,0,0,0,0,0,0,0,A
711,1,1,0,0,0,0,0,0,0,0,0,A
712,1,1,0,0,0,0,0,0,0,0,0,A
713,1,1,0,0,0,0,0,0,0,0,0,A
714,1,1,0,0,0,0,0,0,0,0,0,A
715,1,1,0,0,0,0,0,0,0,0,0,A
716,1,1,0,0,0,0,0,0,0,0,0,A
717,1,1,0,0,0,0,0,0,0,0,0,A
718,1,1,0,0,0,0,0,0,0,0,0,A
719,1,1,0,0,0,0,0,0,0,0,0,A
720,1,1,0,0,0,0,0,0,0,0,0,A
721,1,1,0,0,0,0,0,0,0,0,0,A
722,1,1,0,0,0,0,0,0,0,0,0,A
723,1,1,0,0,0,0,0,0,0,0,0,A
724,1,1,0,0,0,0,0,0,0,0,0,A
725,1,1,0,0,0,0,0,0,0,0,0,A
726,1,1,0,0,0,0,0,0,0,0,0,A
727,1,1,0,0,0,0,0,0,0,0,0,A
728,1,1,0,0,0,0,0,0,0,0,0,A
729,1,1,0,0,0,0,0,0,0,0,0,A
730,1,1,0,0,0,0,0,0,0,0,0,A
731,1,1,0,0,0,0,0,0,0,0,0,A
732,1,1,0,0,0,0,0,0,0,0,0,A
733,1,1,0,0,0,0,0,0,0,0,0,A
734,1,1,0,0,0,0,0,0,0,0,0,A
735,1,1,0,0,0,0,0,0,0,0,0,A
736,1,1,0,0,0,0,0,0,0,0,0,A
737,1,1,0,0,0,0,0,0,0,0,0,A
738,1,1,0,0,0,0,0,0,0,0,0,A
739,1,1,0,0,0,0,0,0,0,0,0,A
740,1,1,0,0,0,0,0,0,0,0,0,A
741,1,1,0,0,0,0,0,0,0,0,0,A
742,1,1,0,0,0,0,0,0,0,0,0,A
743,1,1,0,0,0,0,0,0,0,0,0,A
744,1,1,0,0,0,0,0,0,0,0,0,A
745,1,1,0,0,0,0,0,0,0,0,0,A
746,1,1,0,0,0,0,0,0,0,0,0,A
747,1,1,0,0,0,0,0,0,0,0,0,A
748,1,1,0,0,0,0,0,0,0,0,0,A
749,1,1,0,0,0,0,0,0,0,0,0,A
750,1,1,0,0,0,0,0,0,0,0,0,A
751,1,1,0,0,0,0,0,0,0,0,0,A
752,1,1,0,0,0,0,0,0,0,0,0,A
753,1,1,0,0,0,0,0,0,0,0,0,A
754,1,1,0,0,0,0,0,0,0,0,0,A
755,1,1,0,0,0,0,0,0,0,0,0,A
756,1,1,0,0,0,0,0,0,0,0,0,A
757,1,1,0,0,0,0,0,0,0,0,0,A
758,1,1,0,0,0,0,0,0,0,0,0,A
759,1,1,0,0,0,0,0,0,0,0,0,A
760,1,1,0,0,0,0,0,0,0,0,0,A
761,1,1,0,0,0,0,0,0,0,0,0,A
762,1,1,0,0,0,0,0,0,0,0,0,A
763,1,1,0,0,0,0,0,0,0,0,0,A
764,1,1,0,0,0,0,0,0,0,0,0,A
765,1,1,0,0,0,0,0,0,0,0,0,A
766,1,1,0,0,0,0,0,0,0,0,0,A
767,1,1,0,0,0,0,0,0,0,0,0,A
768,1,1,0,0,0,0,0,0,0,0,0,A
769,1,1,0,0,0,0,0,0,0,0,0,A
770,1,1,0,0,0,0,0,0,0,0,0,A
771,1,1,0,0,0,0,0,0,0,0,0,A
772,1,1,0,0,0,0,0,0,0,0,0,A
773,1,1,0,0,0,0,0,0,0,0,0,A
774,1,1,0,0,0,0,0,0,0,0,0,A
775,1,1,0,0,0,0,0,0,0,0,0,A
776,1,1,0,0,0,0,0,0,0,0,0,A
777,1,1,0,0,0,0,0,0,0,0,0,A
778,1,1,0,0,0,0,0,0,0,0,0,A
779,1,1,0,0,0,0,0,0,0,0,0,A
780,1,1,0,0,0,0,0,0,0,0,0,A
781,1,1,0,0,0,0,0,0,0,0,0,A
782,1,1,0,0,0,0,0,0,0,0,0,A
783,1,1,0,0,0,0,0,0,0,0,0,A
784,1,1,0,0,0,0,0,0,0,0,0,A
785,1,1,0,0,0,0,0,0,0,0,0,A
786,1,1,0,0,0,0,0,0,0,0,0,A
787,1,1,0,0,0,0,0,0,0,0,0,A
788,1,1,0,0,0,0,0,0,0,0,0,A
789,1,1,0,0,0,0,0,0,0,0,0,A
790,1,1,0,0,0,0,0,0,0,0,0,A
791,1,1,0,0,0,0,0,0,0,0,0,A
792,1,1,0,0,0,0,0,0,0,0,0,A
793,1,1,0,0,0,0,0,0,0,0,0,A
794,1,1,0,0,0,0,0,0,0,0,0,A
795,1,1,0,0,0,0,0,0,0,0,0,A
796,1,1,0,0,0,0,0,0,0,0,0,A
797,1,1,0,0,0,0,0,0,0,0,0,A
798,1,1,0,0,0,0,0,0,0,0,0,A
799,1,1,0,0,0,0,0,0,0,0,0,A
800,1,1,0,0,0,0,0,0,0,0,0,A
801,1,1,0,0,0,0,0,0,0,0,0,A
802,1,1,0,0,0,0,0,0,0,0,0,A
803,1,1,0,0,0,0,0,0,0,0,0,A
804,1,1,0,0,0,0,0,0,0,0,0,A
805,1,1,0,0,0,0,0,0,0,0,0,A
806,1,1,0,0,0,0,0,0,0,0,0,A
807,1,1,0,0,0,0,0,0,0,0,0,A
808,1,1,0,0,0,0,0,0,0,0,0,A
809,1,1,0,0,0,0,0,0,0,0,0,A
810,1,1,0,0,0,0,0,0,0,0,0,A
811,1,1,0,0,0,0,0,0,0,0,0,A
812,1,1,0,0,0,0,0,0,0,0,0,A
813,1,1,0,0,0,0,0,0,0,0,0,A
814,1,1,0,0,0,0,0,0,0,0,0,A
815,1,1,0,0,0,0,0,0,0,0,0,A
816,1,1,0,0,0,0,0,0,0,0,0,A
817,1,1,0,0,0,0,0,0,0,0,0,A
818,1,1,0,0,0,0,0,0,0,0,0,A
819,1,1,0,0,0,0,0,0,0,0,0,A
820,1,1,0,0,0,0,0,0,0,0,0,A
821,1,1,0,0,0,0,0,0,0,0,0,A
822,1,1,0,0,0,0,0,0,0,0,0,A
823,1,1,0,0,0,0,0,0,0,0,0,A
824,1,1,0,0,0,0,0,0,0,0,0,A
825,1,1,0,0,0,0,0,0,0,0,0,A
826,1,1,0,0,0,0,0,0,0,0,0,A
827,1,1,0,0,0,0,0,0,0,0,0,A
828,1,1,0,0,0,0,0,0,0,0,0,A
829,1,1,0,0,0,0,0,0,0,0,0,A
830,1,1,0,0,0,0,0,0,0,0,0,A
831,1,1,0,0,0,0,0,0,0,0,0,A
832,1,1,0,0,0,0,0,0,0,0,0,A
833,1,1,0,0,0,0,0,0,0,0,0,A
834,1,1,0,0,0,0,0,0,0,0,0,A
835,1,1,0,0,0,0,0,0,0,0,0,A
836,1,1,0,0,0,0,0,0,0,0,0,A
837,1,1,0,0,0,0,0,0,0,0,0,A
838,1,1,0,0,0,0,0,0,0,0,0,A
839,1,1,0,0,0,0,0,0,0,0,0,A
840,1,1,0,0,0,0,0,0,0,0,0,A
841,1,1,0,0,0,0,0,0,0,0,0,A
842,1,1,0,0,0,0,0,0,0,0,0,A
843,1,1,0,0,0,0,0,0,0,0,0,A
844,1,1,0,0,0,0,0,0,0,0,0,A
845,1,1,0,0,0,0,0,0,0,0,0,A
846,1,1,0,0,0,0,0,0,0,0,0,A
847,1,1,0,0,0,0,0,0,0,0,0,A
848,1,1,0,0,0,0,0,0,0,0,0,A
849,1,1,0,0,0,0,0,0,0,0,0,A
850,1,1,0,0,0,0,0,0,0,0,0,A
851,1,1,0,0,0,0,0,0,0,0,0,A
852,1,1,0,0,0,0,0,0,0,0,0,A
853,1,1,0,0,0,0,0,0,0,0,0,A
854,1,1,0,0,0,0,0,0,0,0,0,A
855,1,1,0,0,0,0,0,0,0,0,0,A
856,1,1,0,0,0,0,0,0,0,0,0,A
857,1,1,0,0,0,0,0,0,0,0,0,A
858,1,1,0,0,0,0,0,0,0,0,0,A
859,1,1,0,0,0,0,0,0,0,0,0,A
860,1,1,0,0,0,0,0,0,0,0,0,A
861,1,1,0,0,0,0,0,0,0,0,0,A
862,1,1,0,0,0,0,0,0,0,0,0,A
863,1,1,0,0,0,0,0,0,0,0,0,A
864,1,1,0,0,0,0,0,0,0,0,0,A
865,1,1,0,0,0,0,0,0,0,0,0,A
866,1,1,0,0,0,0,0,0,0,0,0,A
867,1,1,0,0,0,0,0,0,0,0,0,A
868,1,1,0,0,0,0,0,0,0,0,0,A
869,1,1,0,0,0,0,0,0,0,0,0,A
870,1,1,0,0,0,0,0,0,0,0,0,A
871,1,1,0,0,0,0,0,0,0,0,0,A
872,1,1,0,0,0,0,0,0,0,0,0,A
873,1,1,0,0,0,0,0,0,0,0,0,A
874,1,1,0,0,0,0,0,0,0,0,0,A
875,1,1,0,0,0,0,0,0,0,0,0,A
876,1,1,0,0,0,0,0,0,0,0,0,A
877,1,1,0,0,0,0,0,0,0,0,0,A
878,1,1,0,0,0,0,0,0,0,0,0,A
879,1,1,0,0,0,0,0,0,0,0,0,A
880,1,1,0,0,0,0,0,0,0,0,0,A
881,1,1,0,0,0,0,0,0,0,0,0,A
882,1,1,0,0,0,0,0,0,0,0,0,A
883,1,1,0,0,0,0,0,0,0,0,0,A
884,1,1,0,0,0,0,0,0,0,0,0,A
885,1,1,0,0,0,0,0,0,0,0,0,A
886,1,1,0,0,0,0,0,0,0,0,0,A
887,1,1,0,0,0,0,0,0,0,0,0,A
888,1,1,0,0,0,0,0,0,0,0,0,A
889,1,1,0,0,0,0,0,0,0,0,0,A
890,1,1,0,0,0,0,0,0,0,0,0,A
891,1,1,0,0,0,0,0,0,0,0,0,A
892,1,1,0,0,0,0,0,0,0,0,0,A
893,1,1,0,0,0,0,0,0,0,0,0,A
894,1,1,0,0,0,0,0,0,0,0,0,A
895,1,1,0,0,0,0,0,0,0,0,0,A
896,1,1,0,0,0,0,0,0,0,0,0,A
897,1,1,0,0,0,0,0,0,0,0,0,A
898,1,1,0,0,0,0,0,0,0,0,0,A
899,1,1,0,0,0,0,0,0,0,0,0,A
900,1,1,0,0,0,0,0,0,0,0,0,A
901,1,1,0,0,0,0,0,0,0,0,0,A
902,1,1,0,0,0,0,0,0,0,0,0,A
903,1,1,0,0,0,0,0,0,0,0,0,A
904,1,1,0,0,0,0,0,0,0,0,0,A
905,1,1,0,0,0,0,0,0,0,0,0,A
906,1,1,0,0,0,0,0,0,0,0,0,A
907,1,1,0,0,0,0,0,0,0,0,0,A
908,1,1,0,0,0,0,0,0,0,0,0,A
909,1,1,0,0,0,0,0,0,0,0,0,A
910,1,1,0,0,0,0,0,0,0,0,0,A
911,1,1,0,0,0,0,0,0,0,0,0,A
912,1,1,0,0,0,0,0,0,0,0,0,A
913,1,1,0,0,0,0,0,0,0,0,0,A
914,1,1,0,0,0,0,0,0,0,0,0,A
915,1,1,0,0,0,0,0,0,0,0,0,A
916,1,1,0,0,0,0,0,0,0,0,0,A
917,1,1,0,0,0,0,0,0,0,0,0,A
918,1,1,0,0,0,0,0,0,0,0,0,A
919,1,1,0,0,0,0,0,0,0,0,0,A
920,1,1,0,0,0,0,0,0,0,0,0,A
921,1,1,0,0,0,0,0,0,0,0,0,A
922,1,1,0,0,0,0,0,0,0,0,0,A
923,1,1,0,0,0,0,0,0,0,0,0,A
924,1,1,0,0,0,0,0,0,0,0,0,A
925,1,1,0,0,0,0,0,0,0,0,0,A
926,1,1,0,0,0,0,0,0,0,0,0,A
927,1,1,0,0,0,0,0,0,0,0,0,A
928,1,1,0,0,0,0,0,0,0,0,0,A
929,1,1,0,0,0,0,0,0,0,0,0,A
930,1,1,0,0,0,0,0,0,0,0,0,A
931,1,1,0,0,0,0,0,0,0,0,0,A
932,1,1,0,0,0,0,0,0,0,0,0,A
933,1,1,0,0,0,0,0,0,0,0,0,A
934,1,1,0,0,0,0,0,0,0,0,0,A
935,1,1,0,0,0,0,0,0,0,0,0,A
936,1,1,0,0,0,0,0,0,0,0,0,A
937,1,1,0,0,0,0,0,0,0,0,0,A
938,1,1,0,0,0,0,0,0,0,0,0,A
939,1,1,0,0,0,0,0,0,0,0,0,A
940,1,1,0,0,0,0,0,0,0,0,0,A
941,1,1,0,0,0,0,0,0,0,0,0,A
942,1,1,0,0,0,0,0,0,0,0,0,A
943,1,1,0,0,0,0,0,0,0,0,0,A
944,1,1,0,0,0,0,0,0,0,0,0,A
945,1,1,0,0,0,0,0,0,0,0,0,A
946,1,1,0,0,0,0,0,0,0,0,0,A
947,1,1,0,0,0,0,0,0,0,0,0,A
948,1,1,0,0,0,0,0,0,0,0,0,A
949,1,1,0,0,0,0,0,0,0,0,0,A
950,1,1,0,0,0,0,0,0,0,0,0,A
951,1,1,0,0,0,0,0,0,0,0,0,A
952,1,1,0,0,0,0,0,0,0,0,0,A
953,1,1,0,0,0,0,0,0,0,0,0,A
954,1,1,0,0,0,0,0,0,0,0,0,A
955,1,1,0,0,0,0,0,0,0,0,0,A
956,1,1,0,0,0,0,0,0,0,0,0,A
957,1,1,0,0,0,0,0,0,0,0,0,A
958,1,1,0,0,0,0,0,0,0,0,0,A
959,1,1,0,0,0,0,0,0,0,0,0,A
960,1,1,0,0,0,0,0,0,0,0,0,A
961,1,1,0,0,0,0,0,0,0,0,0,A
962,1,1,0,0,0,0,0,0,0,0,0,A
963,1,1,0,0,0,0,0,0,0,0,0,A
964,1,1,0,0,0,0,0,0,0,0,0,A
965,1,1,0,0,0,0,0,0,0,0,0,A
966,1,1,0,0,0,0,0,0,0,0,0,A
967,1,1,0,0,0,0,0,0,0,0,0,A
968,1,1,0,0,0,0,0,0,0,0,0,A
969,1,1,0,0,0,0,0,0,0,0,0,A
970,1,1,0,0,0,0,0,0,0,0,0,A
971,1,1,0,0,0,0,0,0,0,0,0,A
972,1,1,0,0,0,0,0,0,0,0,0,A
973,1,1,0,0,0,0,0,0,0,0,0,A
974,1,1,0,0,0,0,0,0,0,0,0,A
975,1,1,0,0,0,0,0,0,0,0,0,A
976,1,1,0,0,0,0,0,0,0,0,0,A
977,1,1,0,0,0,0,0,0,0,0,0,A
978,1,1,0,0,0,0,0,0,0,0,0,A
979,1,1,0,0,0,0,0,0,0,0,0,A
980,1,1,0,0,0,0,0,0,0,0,0,A
981,1,1,0,0,0,0,0,0,0,0,0,A
982,1,1,0,0,0,0,0,0,0,0,0,A
983,1,1,0,0,0,0,0,0,0,0,0,A
984,1,1,0,0,0,0,0,0,0,0,0,A
985,1,1,0,0,0,0,0,0,0,0,0,A
986,1,1,0,0,0,0,0,0,0,0,0,A
987,1,1,0,0,0,0,0,0,0,0,0,A
988,1,1,0,0,0,0,0,0,0,0,0,A
989,1,1,0,0,0,0,0,0,0,0,0,A
990,1,1,0,0,0,0,0,0,0,0,0,A
991,1,1,0,0,0,0,0,0,0,0,0,A
992,1,1,0,0,0,0,0,0,0,0,0,A
993,1,1,0,0,0,0,0,0,0,0,0,A
994,1,1,0,0,0,0,0,0,0,0,0,A
995,1,1,0,0,0,0,0,0,0,0,0,A
996,1,1,0,0,0,0,0,0,0,0,0,A
997,1,1,0,0,0,0,0,0,0,0,0,A
998,1,1,0,0,0,0,0,0,0,0,0,A
999,1,1,0,0,0,0,0,0,0,0,0,A
1000,1,1,0,0,0,0,0,0,0,0,0,A
1001,1,1,0,0,0,0,0,0,0,0,0,A
1002,1,1,0,0,0,0,0,0,0,0,0,A
1003,1,1,0,0,0,0,0,0,0,0,0,A
1004,1,1,0,0,0,0,0,0,0,0,0,A
1005,1,1,0,0,0,0,0,0,0,0,0,A
1006,1,1,0,0,0,0,0,0,0,0,0,A
1007,1,1,0,0,0,0,0,0,0,0,0,A
1008,1,1,0,0,0,0,0,0,0,0,0,A
1009,1,1,0,0,0,0,0,0,0,0,0,A
1010,1,1,0,0,0,0,0,0,0,0,0,A
1011,1,1,0,0,0,0,0,0,0,0,0,A
1012,1,1,0,0,0,0,0,0,0,0,0,A
1013,1,1,0,0,0,0,0,0,0,0,0,A
1014,1,1,0,0,0,0,0,0,0,0,0,A
1015,1,1,0,0,0,0,0,0,0,0,0,A
1016,1,1,0,0,0,0,0,0,0,0,0,A
1017,1,1,0,0,0,0,0,0,0,0,0,A
1018,1,1,0,0,0,0,0,0,0,0,0,A
1019,1,1,0,0,0,0,0,0,0,0,0,A
1020,1,1,0,0,0,0,0,0,0,0,0,A
1021,1,1,0,0,0,0,0,0,0,0,0,A
1022,1,1,0,0,0,0,0,0,0,0,0,A
1023,1,1,0,0,0,0,0,0,0,0,0,A
1024,1,1,0,0,0,0,0,0,0,0,0,A
1025,1,1,0,0,0,0,0,0,0,0,0,A
1026,1,1,0,0,0,0,0,0,0,0,0,A
1027,1,1,0,0,0,0,0,0,0,0,0,A
1028,1,1,0,0,0,0,0,0,0,0,0,A
1029,1,1,0,0,0,0,0,0,0,0,0,A
1030,1,1,0,0,0,0,0,0,0,0,0,A
1031,1,1,0,0,0,0,0,0,0,0,0,A
1032,1,1,0,0,0,0,0,0,0,0,0,A
1033,1,1,0,0,0,0,0,0,0,0,0,A
1034,1,1,0,0,0,0,0,0,0,0,0,A
1035,1,1,0,0,0,0,0,0,0,0,0,A
1036,1,1,0,0,0,0,0,0,0,0,0,A
1037,1,1,0,0,0,0,0,0,0,0,0,A
1038,1,1,0,0,0,0,0,0,0,0,0,A
1039,1,1,0,0,0,0,0,0,0,0,0,A
1040,1,1,0,0,0,0,0,0,0,0,0,A
1041,1,1,0,0,0,0,0,0,0,0,0,A
1042,1,1,0,0,0,0,0,0,0,0,0,A
1043,1,1,0,0,0,0,0,0,0,0,0,A
1044,1,1,0,0,0,0,0,0,0,0,0,A
1045,1,1,0,0,0,0,0,0,0,0,0,A
1046,1,1,0,0,0,0,0,0,0,0,0,A
1047,1,1,0,0,0,0,0,0,0,0,0,A
1048,1,1,0,0,0,0,0,0,0,0,0,A
1049,1,1,0,0,0,0,0,0,0,0,0,A
1050,1,1,0,0,0,0,0,0,0,0,0,A
1051,1,1,0,0,0,0,0,0,0,0,0,A
1052,1,1,0,0,0,0,0,0,0,0,0,A
1053,1,1,0,0,0,0,0,0,0,0,0,A
1054,1,1,0,0,0,0,0,0,0,0,0,A
1055,1,1,0,0,0,0,0,0,0,0,0,A
1056,1,1,0,0,0,0,0,0,0,0,0,A
1057,1,1,0,0,0,0,0,0,0,0,0,A
1058,1,1,0,0,0,0,0,0,0,0,0,A
1059,1,1,0,0,0,0,0,0,0,0,0,A
1060,1,1,0,0,0,0,0,0,0,0,0,A
1061,1,1,0,0,0,0,0,0,0,0,0,A
1062,1,1,0,0,0,0,0,0,0,0,0,A
1063,1,1,0,0,0,0,0,0,0,0,0,A
1064,1,1,0,0,0,0,0,0,0,0,0,A
1065,1,1,0,0,0,0,0,0,0,0,0,A
1066,1,1,0,0,0,0,0,0,0,0,0,A
1067,1,1,0,0,0,0,0,0,0,0,0,A
1068,1,1,0,0,0,0,0,0,0,0,0,A
1069,1,1,0,0,0,0,0,0,0,0,0,A
1070,1,1,0,0,0,0,0,0,0,0,0,A
1071,1,1,0,0,0,0,0,0,0,0,0,A
1072,1,1,0,0,0,0,0,0,0,0,0,A
1073,1,1,0,0,0,0,0,0,0,0,0,A
1074,1,1,0,0,0,0,0,0,0,0,0,A
1075,1,1,0,0,0,0,0,0,0,0,0,A
1076,1,1,0,0,0,0,0,0,0,0,0,A
1077,1,1,0,0,0,0,0,0,0,0,0,A
1078,1,1,0,0,0,0,0,0,0,0,0,A
1079,1,1,0,0,0,0,0,0,0,0,0,A
1080,1,1,0,0,0,0,0,0,0,0,0,A
1081,1,1,0,0,0,0,0,0,0,0,0,A
1082,1,1,0,0,0,0,0,0,0,0,0,A
1083,1,1,0,0,0,0,0,0,0,0,0,A
1084,1,1,0,0,0,0,0,0,0,0,0,A
1085,1,1,0,0,0,0,0,0,0,0,0,A
1086,1,1,0,0,0,0,0,0,0,0,0,A
1087,1,1,0,0,0,0,0,0,0,0,0,A
1088,1,1,0,0,0,0,0,0,0,0,0,A
1089,1,1,0,0,0,0,0,0,0,0,0,A
1090,1,1,0,0,0,0,0,0,0,0,0,A
1091,1,1,0,0,0,0,0,0,0,0,0,A
1092,1,1,0,0,0,0,0,0,0,0,0,A
1093,1,1,0,0,0,0,0,0,0,0,0,A
1094,1,1,0,0,0,0,0,0,0,0,0,A
1095,1,1,0,0,0,0,0,0,0,0,0,A
1096,1,1,0,0,0,0,0,0,0,0,0,A
1097,1,1,0,0,0,0,0,0,0,0,0,A
1098,1,1,0,0,0,0,0,0,0,0,0,A
1099,1,1,0,0,0,0,0,0,0,0,0,A
1100,1,1,0,0,0,0,0,0,0,0,0,A
1101,1,1,0,0,0,0,0,0,0,0,0,A
1102,1,1,0,0,0,0,0,0,0,0,0,A
1103,1,1,0,0,0,0,0,0,0,0,0,A
1104,1,1,0,0,0,0,0,0,0,0,0,A
1105,1,1,0,0,0,0,0,0,0,0,0,A
1106,1,1,0,0,0,0,0,0,0,0,0,A
1107,1,1,0,0,0,0,0,0,0,0,0,A
1108,1,1,0,0,0,0,0,0,0,0,0,A
1109,1,1,0,0,0,0,0,0,0,0,0,A
1110,1,1,0,0,0,0,0,0,0,0,0,A
1111,1,1,0,0,0,0,0,0,0,0,0,A
1112,1,1,0,0,0,0,0,0,0,0,0,A
1113,1,1,0,0,0,0,0,0,0,0,0,A
1114,1,1,0,0,0,0,0,0,0,0,0,A
1115,1,1,0,0,0,0,0,0,0,0,0,A
1116,1,1,0,0,0,0,0,0,0,0,0,A
1117,1,1,0,0,0,0,0,0,0,0,0,A
1118,1,1,0,0,0,0,0,0,0,0,0,A
1119,1,1,0,0,0,0,0,0,0,0,0,A
1120,1,1,0,0,0,0,0,0,0,0,0,A
1121,1,1,0,0,0,0,0,0,0,0,0,A
1122,1,1,0,0,0,0,0,0,0,0,0,A
1123,1,1,0,0,0,0,0,0,0,0,0,A
1124,1,1,0,0,0,0,0,0,0,0,0,A
1125,1,1,0,0,0,0,0,0,0,0,0,A
1126,1,1,0,0,0,0,0,0,0,0,0,A
1127,1,1,0,0,0,0,0,0,0,0,0,A
1128,1,1,0,0,0,0,0,0,0,0,0,A
1129,1,1,0,0,0,0,0,0,0,0,0,A
1130,1,1,0,0,0,0,0,0,0,0,0,A
1131,1,1,0,0,0,0,0,0,0,0,0,A
1132,1,1,0,0,0,0,0,0,0,0,0,A
1133,1,1,0,0,0,0,0,0,0,0,0,A
1134,1,1,0,0,0,0,0,0,0,0,0,A
1135,1,1,0,0,0,0,0,0,0,0,0,A
1136,1,1,0,0,0,0,0,0,0,0,0,A
1137,1,1,0,0,0,0,0,0,0,0,0,A
1138,1,1,0,0,0,0,0,0,0,0,0,A
1139,1,1,0,0,0,0,0,0,0,0,0,A
1140,1,1,0,0,0,0,0,0,0,0,0,A
1141,1,1,0,0,0,0,0,0,0,0,0,A
1142,1,1,0,0,0,0,0,0,0,0,0,A
1143,1,1,0,0,0,0,0,0,0,0,0,A
1144,1,1,0,0,0,0,0,0,0,0,0,A
1145,1,1,0,0,0,0,0,0,0,0,0,A
1146,1,1,0,0,0,0,0,0,0,0,0,A
1147,1,1,0,0,0,0,0,0,0,0,0,A
1148,1,1,0,0,0,0,0,0,0,0,0,A
1149,1,1,0,0,0,0,0,0,0,0,0,A
1150,1,1,0,0,0,0,0,0,0,0,0,A
1151,1,1,0,0,0,0,0,0,0,0,0,A
1152,1,1,0,0,0,0,0,0,0,0,0,A
1153,1,1,0,0,0,0,0,0,0,0,0,A
1154,1,1,0,0,0,0,0,0,0,0,0,A
1155,1,1,0,0,0,0,0,0,0,0,0,A
1156,1,1,0,0,0,0,0,0,0,0,0,A
1157,1,1,0,0,0,0,0,0,0,0,0,A
1158,1,1,0,0,0,0,0,0,0,0,0,A
1159,1,1,0,0,0,0,0,0,0,0,0,A
1160,1,1,0,0,0,0,0,0,0,0,0,A
1161,1,1,0,0,0,0,0,0,0,0,0,A
1162,1,1,0,0,0,0,0,0,0,0,0,A
1163,1,1,0,0,0,0,0,0,0,0,0,A
1164,1,1,0,0,0,0,0,0,0,0,0,A
1165,1,1,0,0,0,0,0,0,0,0,0,A
1166,1,1,0,0,0,0,0,0,0,0,0,A
1167,1,1,0,0,0,0,0,0,0,0,0,A
1168,1,1,0,0,0,0,0,0,0,0,0,A
1169,1,1,0,0,0,0,0,0,0,0,0,A
1170,1,1,0,0,0,0,0,0,0,0,0,A
1171,1,1,0,0,0,0,0,0,0,0,0,A
1172,1,1,0,0,0,0,0,0,0,0,0,A
1173,1,1,0,0,0,0,0,0,0,0,0,A
1174,1,1,0,0,0,0,0,0,0,0,0,A
1175,1,1,0,0,0,0,0,0,0,0,0,A
1176,1,1,0,0,0,0,0,0,0,0,0,A
1177,1,1,0,0,0,0,0,0,0,0,0,A
1178,1,1,0,0,0,0,0,0,0,0,0,A
1179,1,1,0,0,0,0,0,0,0,0,0,A
1180,1,1,0,0,0,0,0,0,0,0,0,A
1181,1,1,0,0,0,0,0,0,0,0,0,A
1182,1,1,0,0,0,0,0,0,0,0,0,A
1183,1,1,0,0,0,0,0,0,0,0,0,A
1184,1,1,0,0,0,0,0,0,0,0,0,A
1185,1,1,0,0,0,0,0,0,0,0,0,A
1186,1,1,0,0,0,0,0,0,0,0,0,A
1187,1,1,0,0,0,0,0,0,0,0,0,A
1188,1,1,0,0,0,0,0,0,0,0,0,A
1189,1,1,0,0,0,0,0,0,0,0,0,A
1190,1,1,0,0,0,0,0,0,0,0,0,A
1191,1,1,0,0,0,0,0,0,0,0,0,A
1192,1,1,0,0,0,0,0,0,0,0,0,A
1193,1,1,0,0,0,0,0,0,0,0,0,A
1194,1,1,0,0,0,0,0,0,0,0,0,A
1195,1,1,0,0,0,0,0,0,0,0,0,A
1196,1,1,0,0,0,0,0,0,0,0,0,A
1197,1,1,0,0,0,0,0,0,0,0,0,A
1198,1,1,0,0,0,0,0,0,0,0,0,A
1199,1,1,0,0,0,0,0,0,0,0,0,A
1200,1,1,0,0,0,0,0,0,0,0,0,A
1201,1,1,0,0,0,0,0,0,0,0,0,A
1202,1,1,0,0,0,0,0,0,0,0,0,A
1203,1,1,0,0,0,0,0,0,0,0,0,A
1204,1,1,0,0,0,0,0,0,0,0,0,A
1205,1,1,0,0,0,0,0,0,0,0,0,A
1206,1,1,0,0,0,0,0,0,0,0,0,A
1207,1,1,0,0,0,0,0,0,0,0,0,A
1208,1,1,0,0,0,0,0,0,0,0,0,A
1209,1,1,0,0,0,0,0,0,0,0,0,A
1210,1,1,0,0,0,0,0,0,0,0,0,A
1211,1,1,0,0,0,0,0,0,0,0,0,A
1212,1,1,0,0,0,0,0,0,0,0,0,A
1213,1,1,0,0,0,0,0,0,0,0,0,A
1214,1,1,0,0,0,0,0,0,0,0,0,A
1215,1,1,0,0,0,0,0,0,0,0,0,A
1216,1,1,0,0,0,0,0,0,0,0,0,A
1217,1,1,0,0,0,0,0,0,0,0,0,A
1218,1,1,0,0,0,0,0,0,0,0,0,A
1219,1,1,0,0,0,0,0,0,0,0,0,A
1220,1,1,0,0,0,0,0,0,0,0,0,A
1221,1,1,0,0,0,0,0,0,0,0,0,A
1222,1,1,0,0,0,0,0,0,0,0,0,A
1223,1,1,0,0,0,0,0,0,0,0,0,A
1224,1,1,0,0,0,0,0,0,0,0,0,A
1225,1,1,0,0,0,0,0,0,0,0,0,A
1226,1,1,0,0,0,0,0,0,0,0,0,A
1227,1,1,0,0,0,0,0,0,0,0,0,A
1228,1,1,0,0,0,0,0,0,0,0,0,A
1229,1,1,0,0,0,0,0,0,0,0,0,A
1230,1,1,0,0,0,0,0,0,0,0,0,A
1231,1,1,0,0,0,0,0,0,0,0,0,A
1232,1,1,0,0,0,0,0,0,0,0,0,A
1233,1,1,0,0,0,0,0,0,0,0,0,A
1234,1,1,0,0,0,0,0,0,0,0,0,A
1235,1,1,0,0,0,0,0,0,0,0,0,A
1236,1,1,0,0,0,0,0,0,0,0,0,A
1237,1,1,0,0,0,0,0,0,0,0,0,A
1238,1,1,0,0,0,0,0,0,0,0,0,A
1239,1,1,0,0,0,0,0,0,0,0,0,A
1240,1,1,0,0,0,0,0,0,0,0,0,A
1241,1,1,0,0,0,0,0,0,0,0,0,A
1242,1,1,0,0,0,0,0,0,0,0,0,A
1243,1,1,0,0,0,0,0,0,0,0,0,A
1244,1,1,0,0,0,0,0,0,0,0,0,A
1245,1,1,0,0,0,0,0,0,0,0,0,A
1246,1,1,0,0,0,0,0,0,0,0,0,A
1247,1,1,0,0,0,0,0,0,0,0,0,A
1248,1,1,0,0,0,0,0,0,0,0,0,A
1249,1,1,0,0,0,0,0,0,0,0,0,A
1250,1,1,0,0,0,0,0,0,0,0,0,A
1251,1,1,0,0,0,0,0,0,0,0,0,A
1252,1,1,0,0,0,0,0,0,0,0,0,A
1253,1,1,0,0,0,0,0,0,0,0,0,A
1254,1,1,0,0,0,0,0,0,0,0,0,A
1255,1,1,0,0,0,0,0,0,0,0,0,A
1256,1,1,0,0,0,0,0,0,0,0,0,A
1257,1,1,0,0,0,0,0,0,0,0,0,A
1258,1,1,0,0,0,0,0,0,0,0,0,A
1259,1,1,0,0,0,0,0,0,0,0,0,A
1260,1,1,0,0,0,0,0,0,0,0,0,A
1261,1,1,0,0,0,0,0,0,0,0,0,A
1262,1,1,0,0,0,0,0,0,0,0,0,A
1263,1,1,0,0,0,0,0,0,0,0,0,A
1264,1,1,0,0,0,0,0,0,0,0,0,A
1265,1,1,0,0,0,0,0,0,0,0,0,A
1266,1,1,0,0,0,0,0,0,0,0,0,A
1267,1,1,0,0,0,0,0,0,0,0,0,A
1268,1,1,0,0,0,0,0,0,0,0,0,A
1269,1,1,0,0,0,0,0,0,0,0,0,A
1270,1,1,0,0,0,0,0,0,0,0,0,A
1271,1,1,0,0,0,0,0,0,0,0,0,A
1272,1,1,0,0,0,0,0,0,0,0,0,A
1273,1,1,0,0,0,0,0,0,0,0,0,A
1274,1,1,0,0,0,0,0,0,0,0,0,A
1275,1,1,0,0,0,0,0,0,0,0,0,A
1276,1,1,0,0,0,0,0,0,0,0,0,A
1277,1,1,0,0,0,0,0,0,0,0,0,A
1278,1,1,0,0,0,0,0,0,0,0,0,A
1279,1,1,0,0,0,0,0,0,0,0,0,A
1280,1,1,0,0,0,0,0,0,0,0,0,A
1281,1,1,0,0,0,0,0,0,0,0,0,A
1282,1,1,0,0,0,0,0,0,0,0,0,A
1283,1,1,0,0,0,0,0,0,0,0,0,A
1284,1,1,0,0,0,0,0,0,0,0,0,A
1285,1,1,0,0,0,0,0,0,0,0,0,A
1286,1,1,0,0,0,0,0,0,0,0,0,A
1287,1,1,0,0,0,0,0,0,0,0,0,A
1288,1,1,0,0,0,0,0,0,0,0,0,A
1289,1,1,0,0,0,0,0,0,0,0,0,A
1290,1,1,0,0,0,0,0,0,0,0,0,A
1291,1,1,0,0,0,0,0,0,0,0,0,A
1292,1,1,0,0,0,0,0,0,0,0,0,A
1293,1,1,0,0,0,0,0,0,0,0,0,A
1294,1,1,0,0,0,0,0,0,0,0,0,A
1295,1,1,0,0,0,0,0,0,0,0,0,A
1296,1,1,0,0,0,0,0,0,0,0,0,A
1297,1,1,0,0,0,0,0,0,0,0,0,A
1298,1,1,0,0,0,0,0,0,0,0,0,A
1299,1,1,0,0,0,0,0,0,0,0,0,A
1300,1,1,0,0,0,0,0,0,0,0,0,A
1301,1,1,0,0,0,0,0,0,0,0,0,A
1302,1,1,0,0,0,0,0,0,0,0,0,A
1303,1,1,0,0,0,0,0,0,0,0,0,A
1304,1,1,0,0,0,0,0,0,0,0,0,A
1305,1,1,0,0,0,0,0,0,0,0,0,A
1306,1,1,0,0,0,0,0,0,0,0,0,A
1307,1,1,0,0,0,0,0,0,0,0,0,A
1308,1,1,0,0,0,0,0,0,0,0,0,A
1309,1,1,0,0,0,0,0,0,0,0,0,A
1310,1,1,0,0,0,0,0,0,0,0,0,A
1311,1,1,0,0,0,0,0,0,0,0,0,A
1312,1,1,0,0,0,0,0,0,0,0,0,A
1313,1,1,0,0,0,0,0,0,0,0,0,A
1314,1,1,0,0,0,0,0,0,0,0,0,A
1315,1,1,0,0,0,0,0,0,0,0,0,A
1316,1,1,0,0,0,0,0,0,0,0,0,A
1317,1,1,0,0,0,0,0,0,0,0,0,A
1318,1,1,0,0,0,0,0,0,0,0,0,A
1319,1,1,0,0,0,0,0,0,0,0,0,A
1320,1,1,0,0,0,0,0,0,0,0,0,A
1321,1,1,0,0,0,0,0,0,0,0,0,A
1322,1,1,0,0,0,0,0,0,0,0,0,A
1323,1,1,0,0,0,0,0,0,0,0,0,A
1324,1,1,0,0,0,0,0,0,0,0,0,A
1325,1,1,0,0,0,0,0,0,0,0,0,A
1326,1,1,0,0,0,0,0,0,0,0,0,A
1327,1,1,0,0,0,0,0,0,0,0,0,A
1328,1,1,0,0,0,0,0,0,0,0,0,A
1329,1,1,0,0,0,0,0,0,0,0,0,A
1330,1,1,0,0,0,0,0,0,0,0,0,A
1331,1,1,0,0,0,0,0,0,0,0,0,A
1332,1,1,0,0,0,0,0,0,0,0,0,A
1333,1,1,0,0,0,0,0,0,0,0,0,A
1334,1,1,0,0,0,0,0,0,0,0,0,A
1335,1,1,0,0,0,0,0,0,0,0,0,A
1336,1,1,0,0,0,0,0,0,0,0,0,A
1337,1,1,0,0,0,0,0,0,0,0,0,A
1338,1,1,0,0,0,0,0,0,0,0,0,A
1339,1,1,0,0,0,0,0,0,0,0,0,A
1340,1,1,0,0,0,0,0,0,0,0,0,A
1341,1,1,0,0,0,0,0,0,0,0,0,A
1342,1,1,0,0,0,0,0,0,0,0,0,A
1343,1,1,0,0,0,0,0,0,0,0,0,A
1344,1,1,0,0,0,0,0,0,0,0,0,A
1345,1,1,0,0,0,0,0,0,0,0,0,A
1346,1,1,0,0,0,0,0,0,0,0,0,A
1347,1,1,0,0,0,0,0,0,0,0,0,A
1348,1,1,0,0,0,0,0,0,0,0,0,A
1349,1,1,0,0,0,0,0,0,0,0,0,A
1350,1,1,0,0,0,0,0,0,0,0,0,A
1351,1,1,0,0,0,0,0,0,0,0,0,A
1352,1,1,0,0,0,0,0,0,0,0,0,A
1353,1,1,0,0,0,0,0,0,0,0,0,A
1354,1,1,0,0,0,0,0,0,0,0,0,A
1355,1,1,0,0,0,0,0,0,0,0,0,A
1356,1,1,0,0,0,0,0,0,0,0,0,A
1357,1,1,0,0,0,0,0,0,0,0,0,A
1358,1,1,0,0,0,0,0,0,0,0,0,A
1359,1,1,0,0,0,0,0,0,0,0,0,A
1360,1,1,0,0,0,0,0,0,0,0,0,A
1361,1,1,0,0,0,0,0,0,0,0,0,A
1362,1,1,0,0,0,0,0,0,0,0,0,A
1363,1,1,0,0,0,0,0,0,0,0,0,A
1364,1,1,0,0,0,0,0,0,0,0,0,A
1365,1,1,0,0,0,0,0,0,0,0,0,A
1366,1,1,0,0,0,0,0,0,0,0,0,A
1367,1,1,0,0,0,0,0,0,0,0,0,A
1368,1,1,0,0,0,0,0,0,0,0,0,A
1369,1,1,0,0,0,0,0,0,0,0,0,A
1370,1,1,0,0,0,0,0,0,0,0,0,A
1371,1,1,0,0,0,0,0,0,0,0,0,A
1372,1,1,0,0,0,0,0,0,0,0,0,A
1373,1,1,0,0,0,0,0,0,0,0,0,A
1374,1,1,0,0,0,0,0,0,0,0,0,A
1375,1,1,0,0,0,0,0,0,0,0,0,A
1376,1,1,0,0,0,0,0,0,0,0,0,A
1377,1,1,0,0,0,0,0,0,0,0,0,A
1378,1,1,0,0,0,0,0,0,0,0,0,A
1379,1,1,0,0,0,0,0,0,0,0,0,A
1380,1,1,0,0,0,0,0,0,0,0,0,A
1381,1,1,0,0,0,0,0,0,0,0,0,A
1382,1,1,0,0,0,0,0,0,0,0,0,A
1383,1,1,0,0,0,0,0,0,0,0,0,A
1384,1,1,0,0,0,0,0,0,0,0,0,A
1385,1,1,0,0,0,0,0,0,0,0,0,A
1386,1,1,0,0,0,0,0,0,0,0,0,A
1387,1,1,0,0,0,0,0,0,0,0,0,A
1388,1,1,0,0,0,0,0,0,0,0,0,A
1389,1,1,0,0,0,0,0,0,0,0,0,A
1390,1,1,0,0,0,0,0,0,0,0,0,A
1391,1,1,0,0,0,0,0,0,0,0,0,A
1392,1,1,0,0,0,0,0,0,0,0,0,A
1393,1,1,0,0,0,0,0,0,0,0,0,A
1394,1,1,0,0,0,0,0,0,0,0,0,A
1395,1,1,0,0,0,0,0,0,0,0,0,A
1396,1,1,0,0,0,0,0,0,0,0,0,A
1397,1,1,0,0,0,0,0,0,0,0,0,A
1398,1,1,0,0,0,0,0,0,0,0,0,A
1399,1,1,0,0,0,0,0,0,0,0,0,A
1400,1,1,0,0,0,0,0,0,0,0,0,A
1401,1,1,0,0,0,0,0,0,0,0,0,A
1402,1,1,0,0,0,0,0,0,0,0,0,A
1403,1,1,0,0,0,0,0,0,0,0,0,A
1404,1,1,0,0,0,0,0,0,0,0,0,A
1405,1,1,0,0,0,0,0,0,0,0,0,A
1406,1,1,0,0,0,0,0,0,0,0,0,A
1407,1,1,0,0,0,0,0,0,0,0,0,A
1408,1,1,0,0,0,0,0,0,0,0,0,A
1409,1,1,0,0,0,0,0,0,0,0,0,A
1410,1,1,0,0,0,0,0,0,0,0,0,A
1411,1,1,0,0,0,0,0,0,0,0,0,A
1412,1,1,0,0,0,0,0,0,0,0,0,A
1413,1,1,0,0,0,0,0,0,0,0,0,A
1414,1,1,0,0,0,0,0,0,0,0,0,A
1415,1,1,0,0,0,0,0,0,0,0,0,A
1416,1,1,0,0,0,0,0,0,0,0,0,A
1417,1,1,0,0,0,0,0,0,0,0,0,A
1418,1,1,0,0,0,0,0,0,0,0,0,A
1419,1,1,0,0,0,0,0,0,0,0,0,A
1420,1,1,0,0,0,0,0,0,0,0,0,A
1421,1,1,0,0,0,0,0,0,0,0,0,A
1422,1,1,0,0,0,0,0,0,0,0,0,A
1423,1,1,0,0,0,0,0,0,0,0,0,A
1424,1,1,0,0,0,0,0,0,0,0,0,A
1425,1,1,0,0,0,0,0,0,0,0,0,A
1426,1,1,0,0,0,0,0,0,0,0,0,A
1427,1,1,0,0,0,0,0,0,0,0,0,A
1428,1,1,0,0,0,0,0,0,0,0,0,A
1429,1,1,0,0,0,0,0,0,0,0,0,A
1430,1,1,0,0,0,0,0,0,0,0,0,A
1431,1,1,0,0,0,0,0,0,0,0,0,A
1432,1,1,0,0,0,0,0,0,0,0,0,A
1433,1,1,0,0,0,0,0,0,0,0,0,A
1434,1,1,0,0,0,0,0,0,0,0,0,A
1435,1,1,0,0,0,0,0,0,0,0,0,A
1436,1,1,0,0,0,0,0,0,0,0,0,A
1437,1,1,0,0,0,0,0,0,0,0,0,A
1438,1,1,0,0,0,0,0,0,0,0,0,A
1439,1,1,0,0,0,0,0,0,0,0,0,A
1440,1,1,0,0,0,0,0,0,0,0,0,A
1441,1,1,0,0,0,0,0,0,0,0,0,A
1442,1,1,0,0,0,0,0,0,0,0,0,A
1443,1,1,0,0,0,0,0,0,0,0,0,A
1444,1,1,0,0,0,0,0,0,0,0,0,A
1445,1,1,0,0,0,0,0,0,0,0,0,A
1446,1,1,0,0,0,0,0,0,0,0,0,A
1447,1,1,0,0,0,0,0,0,0,0,0,A
1448,1,1,0,0,0,0,0,0,0,0,0,A
1449,1,1,0,0,0,0,0,0,0,0,0,A
1450,1,1,0,0,0,0,0,0,0,0,0,A
1451,1,1,0,0,0,0,0,0,0,0,0,A
1452,1,1,0,0,0,0,0,0,0,0,0,A
1453,1,1,0,0,0,0,0,0,0,0,0,A
1454,1,1,0,0,0,0,0,0,0,0,0,A
1455,1,1,0,0,0,0,0,0,0,0,0,A
1456,1,1,0,0,0,0,0,0,0,0,0,A
1457,1,1,0,0,0,0,0,0,0,0,0,A
1458,1,1,0,0,0,0,0,0,0,0,0,A
1459,1,1,0,0,0,0,0,0,0,0,0,A
1460,1,1,0,0,0,0,0,0,0,0,0,A
1461,1,1,0,0,0,0,0,0,0,0,0,A
1462,1,1,0,0,0,0,0,0,0,0,0,A
1463,1,1,0,0,0,0,0,0,0,0,0,A
1464,1,1,0,0,0,0,0,0,0,0,0,A
1465,1,1,0,0,0,0,0,0,0,0,0,A
1466,1,1,0,0,0,0,0,0,0,0,0,A
1467,1,1,0,0,0,0,0,0,0,0,0,A
1468,1,1,0,0,0,0,0,0,0,0,0,A
1469,1,1,0,0,0,0,0,0,0,0,0,A
1470,1,1,0,0,0,0,0,0,0,0,0,A
1471,1,1,0,0,0,0,0,0,0,0,0,A
1472,1,1,0,0,0,0,0,0,0,0,0,A
1473,1,1,0,0,0,0,0,0,0,0,0,A
1474,1,1,0,0,0,0,0,0,0,0,0,A
1475,1,1,0,0,0,0,0,0,0,0,0,A
1476,1,1,0,0,0,0,0,0,0,0,0,A
1477,1,1,0,0,0,0,0,0,0,0,0,A
1478,1,1,0,0,0,0,0,0,0,0,0,A
1479,1,1,0,0,0,0,0,0,0,0,0,A
1480,1,1,0,0,0,0,0,0,0,0,0,A
1481,1,1,0,0,0,0,0,0,0,0,0,A
1482,1,1,0,0,0,0,0,0,0,0,0,A
1483,1,1,0,0,0,0,0,0,0,0,0,A
1484,1,1,0,0,0,0,0,0,0,0,0,A
1485,1,1,0,0,0,0,0,0,0,0,0,A
1486,1,1,0,0,0,0,0,0,0,0,0,A
1487,1,1,0,0,0,0,0,0,0,0,0,A
1488,1,1,0,0,0,0,0,0,0,0,0,A
1489,1,1,0,0,0,0,0,0,0,0,0,A
1490,1,1,0,0,0,0,0,0,0,0,0,A
1491,1,1,0,0,0,0,0,0,0,0,0,A
1492,1,1,0,0,0,0,0,0,0,0,0,A
1493,1,1,0,0,0,0,0,0,0,0,0,A
1494,1,1,0,0,0,0,0,0,0,0,0,A
1495,1,1,0,0,0,0,0,0,0,0,0,A
1496,1,1,0,0,0,0,0,0,0,0,0,A
1497,1,1,0,0,0,0,0,0,0,0,0,A
1498,1,1,0,0,0,0,0,0,0,0,0,A
1499,1,1,0,0,0,0,0,0,0,0,0,A
1500,1,1,0,0,0,0,0,0,0,0,0,A
1501,1,1,0,0,0,0,0,0,0,0,0,A
1502,1,1,0,0,0,0,0,0,0,0,0,A
1503,1,1,0,0,0,0,0,0,0,0,0,A
1504,1,1,0,0,0,0,0,0,0,0,0,A
1505,1,1,0,0,0,0,0,0,0,0,0,A
1506,1,1,0,0,0,0,0,0,0,0,0,A
1507,1,1,0,0,0,0,0,0,0,0,0,A
1508,1,1,0,0,0,0,0,0,0,0,0,A
1509,1,1,0,0,0,0,0,0,0,0,0,A
1510,1,1,0,0,0,0,0,0,0,0,0,A
1511,1,1,0,0,0,0,0,0,0,0,0,A
1512,1,1,0,0,0,0,0,0,0,0,0,A
1513,1,1,0,0,0,0,0,0,0,0,0,A
1514,1,1,0,0,0,0,0,0,0,0,0,A
1515,1,1,0,0,0,0,0,0,0,0,0,A
1516,1,1,0,0,0,0,0,0,0,0,0,A
1517,1,1,0,0,0,0,0,0,0,0,0,A
1518,1,1,0,0,0,0,0,0,0,0,0,A
1519,1,1,0,0,0,0,0,0,0,0,0,A
1520,1,1,0,0,0,0,0,0,0,0,0,A
1521,1,1,0,0,0,0,0,0,0,0,0,A
1522,1,1,0,0,0,0,0,0,0,0,0,A
1523,1,1,0,0,0,0,0,0,0,0,0,A
1524,1,1,0,0,0,0,0,0,0,0,0,A
1525,1,1,0,0,0,0,0,0,0,0,0,A
1526,1,1,0,0,0,0,0,0,0,0,0,A
1527,1,1,0,0,0,0,0,0,0,0,0,A
1528,1,1,0,0,0,0,0,0,0,0,0,A
1529,1,1,0,0,0,0,0,0,0,0,0,A
1530,1,1,0,0,0,0,0,0,0,0,0,A
1531,1,1,0,0,0,0,0,0,0,0,0,A
1532,1,1,0,0,0,0,0,0,0,0,0,A
1533,1,1,0,0,0,0,0,0,0,0,0,A
1534,1,1,0,0,0,0,0,0,0,0,0,A
1535,1,1,0,0,0,0,0,0,0,0,0,A
1536,1,1,0,0,0,0,0,0,0,0,0,A
1537,1,1,0,0,0,0,0,0,0,0,0,A
1538,1,1,0,0,0,0,0,0,0,0,0,A
1539,1,1,0,0,0,0,0,0,0,0,0,A
1540,1,1,0,0,0,0,0,0,0,0,0,A
1541,1,1,0,0,0,0,0,0,0,0,0,A
1542,1,1,0,0,0,0,0,0,0,0,0,A
1543,1,1,0,0,0,0,0,0,0,0,0,A
1544,1,1,0,0,0,0,0,0,0,0,0,A
1545,1,1,0,0,0,0,0,0,0,0,0,A
1546,1,1,0,0,0,0,0,0,0,0,0,A
1547,1,1,0,0,0,0,0,0,0,0,0,A
1548,1,1,0,0,0,0,0,0,0,0,0,A
1549,1,1,0,0,0,0,0,0,0,0,0,A
1550,1,1,0,0,0,0,0,0,0,0,0,A
1551,1,1,0,0,0,0,0,0,0,0,0,A
1552,1,1,0,0,0,0,0,0,0,0,0,A
1553,1,1,0,0,0,0,0,0,0,0,0,A
1554,1,1,0,0,0,0,0,0,0,0,0,A
1555,1,1,0,0,0,0,0,0,0,0,0,A
1556,1,1,0,0,0,0,0,0,0,0,0,A
1557,1,1,0,0,0,0,0,0,0,0,0,A
1558,1,1,0,0,0,0,0,0,0,0,0,A
1559,1,1,0,0,0,0,0,0,0,0,0,A
1560,1,1,0,0,0,0,0,0,0,0,0,A
1561,1,1,0,0,0,0,0,0,0,0,0,A
1562,1,1,0,0,0,0,0,0,0,0,0,A
1563,1,1,0,0,0,0,0,0,0,0,0,A
1564,1,1,0,0,0,0,0,0,0,0,0,A
1565,1,1,0,0,0,0,0,0,0,0,0,A
1566,1,1,0,0,0,0,0,0,0,0,0,A
1567,1,1,0,0,0,0,0,0,0,0,0,A
1568,1,1,0,0,0,0,0,0,0,0,0,A
1569,1,1,0,0,0,0,0,0,0,0,0,A
1570,1,1,0,0,0,0,0,0,0,0,0,A
1571,1,1,0,0,0,0,0,0,0,0,0,A
1572,1,1,0,0,0,0,0,0,0,0,0,A
1573,1,1,0,0,0,0,0,0,0,0,0,A
1574,1,1,0,0,0,0,0,0,0,0,0,A
1575,1,1,0,0,0,0,0,0,0,0,0,A
1576,1,1,0,0,0,0,0,0,0,0,0,A
1577,1,1,0,0,0,0,0,0,0,0,0,A
1578,1,1,0,0,0,0,0,0,0,0,0,A
1579,1,1,0,0,0,0,0,0,0,0,0,A
1580,1,1,0,0,0,0,0,0,0,0,0,A
1581,1,1,0,0,0,0,0,0,0,0,0,A
1582,1,1,0,0,0,0,0,0,0,0,0,A
1583,1,1,0,0,0,0,0,0,0,0,0,A
1584,1,1,0,0,0,0,0,0,0,0,0,A
1585,1,1,0,0,0,0,0,0,0,0,0,A
1586,1,1,0,0,0,0,0,0,0,0,0,A
1587,1,1,0,0,0,0,0,0,0,0,0,A
1588,1,1,0,0,0,0,0,0,0,0,0,A
1589,1,1,0,0,0,0,0,0,0,0,0,A
1590,1,1,0,0,0,0,0,0,0,0,0,A
1591,1,1,0,0,0,0,0,0,0,0,0,A
1592,1,1,0,0,0,0,0,0,0,0,0,A
1593,1,1,0,0,0,0,0,0,0,0,0,A
1594,1,1,0,0,0,0,0,0,0,0,0,A
1595,1,1,0,0,0,0,0,0,0,0,0,A
1596,1,1,0,0,0,0,0,0,0,0,0,A
1597,1,1,0,0,0,0,0,0,0,0,0,A
1598,1,1,0,0,0,0,0,0,0,0,0,A
1599,1,1,0,0,0,0,0,0,0,0,0,A
1600,1,1,0,0,0,0,0,0,0,0,0,A
1601,1,1,0,0,0,0,0,0,0,0,0,A
1602,1,1,0,0,0,0,0,0,0,0,0,A
1603,1,1,0,0,0,0,0,0,0,0,0,A
1604,1,1,0,0,0,0,0,0,0,0,0,A
1605,1,1,0,0,0,0,0,0,0,0,0,A
1606,1,1,0,0,0,0,0,0,0,0,0,A
1607,1,1,0,0,0,0,0,0,0,0,0,A
1608,1,1,0,0,0,0,0,0,0,0,0,A
1609,1,1,0,0,0,0,0,0,0,0,0,A
1610,1,1,0,0,0,0,0,0,0,0,0,A
1611,1,1,0,0,0,0,0,0,0,0,0,A
1612,1,1,0,0,0,0,0,0,0,0,0,A
1613,1,1,0,0,0,0,0,0,0,0,0,A
1614,1,1,0,0,0,0,0,0,0,0,0,A
1615,1,1,0,0,0,0,0,0,0,0,0,A
1616,1,1,0,0,0,0,0,0,0,0,0,A
1617,1,1,0,0,0,0,0,0,0,0,0,A
1618,1,1,0,0,0,0,0,0,0,0,0,A
1619,1,1,0,0,0,0,0,0,0,0,0,A
1620,1,1,0,0,0,0,0,0,0,0,0,A
1621,1,1,0,0,0,0,0,0,0,0,0,A
1622,1,1,0,0,0,0,0,0,0,0,0,A
1623,1,1,0,0,0,0,0,0,0,0,0,A
1624,1,1,0,0,0,0,0,0,0,0,0,A
1625,1,1,0,0,0,0,0,0,0,0,0,A
1626,1,1,0,0,0,0,0,0,0,0,0,A
1627,1,1,0,0,0,0,0,0,0,0,0,A
1628,1,1,0,0,0,0,0,0,0,0,0,A
1629,1,1,0,0,0,0,0,0,0,0,0,A
1630,1,1,0,0,0,0,0,0,0,0,0,A
1631,1,1,0,0,0,0,0,0,0,0,0,A
1632,1,1,0,0,0,0,0,0,0,0,0,A
1633,1,1,0,0,0,0,0,0,0,0,0,A
1634,1,1,0,0,0,0,0,0,0,0,0,A
1635,1,1,0,0,0,0,0,0,0,0,0,A
1636,1,1,0,0,0,0,0,0,0,0,0,A
1637,1,1,0,0,0,0,0,0,0,0,0,A
1638,1,1,0,0,0,0,0,0,0,0,0,A
1639,1,1,0,0,0,0,0,0,0,0,0,A
1640,1,1,0,0,0,0,0,0,0,0,0,A
1641,1,1,0,0,0,0,0,0,0,0,0,A
1642,1,1,0,0,0,0,0,0,0,0,0,A
1643,1,1,0,0,0,0,0,0,0,0,0,A
1644,1,1,0,0,0,0,0,0,0,0,0,A
1645,1,1,0,0,0,0,0,0,0,0,0,A
1646,1,1,0,0,0,0,0,0,0,0,0,A
1647,1,1,0,0,0,0,0,0,0,0,0,A
1648,1,1,0,0,0,0,0,0,0,0,0,A
1649,1,1,0,0,0,0,0,0,0,0,0,A
1650,1,1,0,0,0,0,0,0,0,0,0,A
1651,1,1,0,0,0,0,0,0,0,0,0,A
1652,1,1,0,0,0,0,0,0,0,0,0,A
1653,1,1,0,0,0,0,0,0,0,0,0,A
1654,1,1,0,0,0,0,0,0,0,0,0,A
1655,1,1,0,0,0,0,0,0,0,0,0,A
1656,1,1,0,0,0,0,0,0,0,0,0,A
1657,1,1,0,0,0,0,0,0,0,0,0,A
1658,1,1,0,0,0,0,0,0,0,0,0,A
1659,1,1,0,0,0,0,0,0,0,0,0,A
1660,1,1,0,0,0,0,0,0,0,0,0,A
1661,1,1,0,0,0,0,0,0,0,0,0,A
1662,1,1,0,0,0,0,0,0,0,0,0,A
1663,1,1,0,0,0,0,0,0,0,0,0,A
1664,1,1,0,0,0,0,0,0,0,0,0,A
1665,1,1,0,0,0,0,0,0,0,0,0,A
1666,1,1,0,0,0,0,0,0,0,0,0,A
1667,1,1,0,0,0,0,0,0,0,0,0,A
1668,1,1,0,0,0,0,0,0,0,0,0,A
1669,1,1,0,0,0,0,0,0,0,0,0,A
1670,1,1,0,0,0,0,0,0,0,0,0,A
1671,1,1,0,0,0,0,0,0,0,0,0,A
1672,1,1,0,0,0,0,0,0,0,0,0,A
1673,1,1,0,0,0,0,0,0,0,0,0,A
1674,1,1,0,0,0,0,0,0,0,0,0,A
1675,1,1,0,0,0,0,0,0,0,0,0,A
1676,1,1,0,0,0,0,0,0,0,0,0,A
1677,1,1,0,0,0,0,0,0,0,0,0,A
1678,1,1,0,0,0,0,0,0,0,0,0,A
1679,1,1,0,0,0,0,0,0,0,0,0,A
1680,1,1,0,0,0,0,0,0,0,0,0,A
1681,1,1,0,0,0,0,0,0,0,0,0,A
1682,1,1,0,0,0,0,0,0,0,0,0,A
1683,1,1,0,0,0,0,0,0,0,0,0,A
1684,1,1,0,0,0,0,0,0,0,0,0,A
1685,1,1,0,0,0,0,0,0,0,0,0,A
1686,1,1,0,0,0,0,0,0,0,0,0,A
1687,1,1,0,0,0,0,0,0,0,0,0,A
1688,1,1,0,0,0,0,0,0,0,0,0,A
1689,1,1,0,0,0,0,0,0,0,0,0,A
1690,1,1,0,0,0,0,0,0,0,0,0,A
1691,1,1,0,0,0,0,0,0,0,0,0,A
1692,1,1,0,0,0,0,0,0,0,0,0,A
1693,1,1,0,0,0,0,0,0,0,0,0,A
1694,1,1,0,0,0,0,0,0,0,0,0,A
1695,1,1,0,0,0,0,0,0,0,0,0,A
1696,1,1,0,0,0,0,0,0,0,0,0,A
1697,1,1,0,0,0,0,0,0,0,0,0,A
1698,1,1,0,0,0,0,0,0,0,0,0,A
1699,1,1,0,0,0,0,0,0,0,0,0,A
1700,1,1,0,0,0,0,0,0,0,0,0,A
1701,1,1,0,0,0,0,0,0,0,0,0,A
1702,1,1,0,0,0,0,0,0,0,0,0,A
1703,1,1,0,0,0,0,0,0,0,0,0,A
1704,1,1,0,0,0,0,0,0,0,0,0,A
1705,1,1,0,0,0,0,0,0,0,0,0,A
1706,1,1,0,0,0,0,0,0,0,0,0,A
1707,1,1,0,0,0,0,0,0,0,0,0,A
1708,1,1,0,0,0,0,0,0,0,0,0,A
1709,1,1,0,0,0,0,0,0,0,0,0,A
1710,1,1,0,0,0,0,0,0,0,0,0,A
1711,1,1,0,0,0,0,0,0,0,0,0,A
1712,1,1,0,0,0,0,0,0,0,0,0,A
1713,1,1,0,0,0,0,0,0,0,0,0,A
1714,1,1,0,0,0,0,0,0,0,0,0,A
1715,1,1,0,0,0,0,0,0,0,0,0,A
1716,1,1,0,0,0,0,0,0,0,0,0,A
1717,1,1,0,0,0,0,0,0,0,0,0,A
1718,1,1,0,0,0,0,0,0,0,0,0,A
1719,1,1,0,0,0,0,0,0,0,0,0,A
1720,1,1,0,0,0,0,0,0,0,0,0,A
1721,1,1,0,0,0,0,0,0,0,0,0,A
1722,1,1,0,0,0,0,0,0,0,0,0,A
1723,1,1,0,0,0,0,0,0,0,0,0,A
1724,1,1,0,0,0,0,0,0,0,0,0,A
1725,1,1,0,0,0,0,0,0,0,0,0,A
1726,1,1,0,0,0,0,0,0,0,0,0,A
1727,1,1,0,0,0,0,0,0,0,0,0,A
1728,1,1,0,0,0,0,0,0,0,0,0,A
1729,1,1,0,0,0,0,0,0,0,0,0,A
1730,1,1,0,0,0,0,0,0,0,0,0,A
1731,1,1,0,0,0,0,0,0,0,0,0,A
1732,1,1,0,0,0,0,0,0,0,0,0,A
1733,1,1,0,0,0,0,0,0,0,0,0,A
1734,1,1,0,0,0,0,0,0,0,0,0,A
1735,1,1,0,0,0,0,0,0,0,0,0,A
1736,1,1,0,0,0,0,0,0,0,0,0,A
1737,1,1,0,0,0,0,0,0,0,0,0,A
1738,1,1,0,0,0,0,0,0,0,0,0,A
1739,1,1,0,0,0,0,0,0,0,0,0,A
1740,1,1,0,0,0,0,0,0,0,0,0,A
1741,1,1,0,0,0,0,0,0,0,0,0,A
1742,1,1,0,0,0,0,0,0,0,0,0,A
1743,1,1,0,0,0,0,0,0,0,0,0,A
1744,1,1,0,0,0,0,0,0,0,0,0,A
1745,1,1,0,0,0,0,0,0,0,0,0,A
1746,1,1,0,0,0,0,0,0,0,0,0,A
1747,1,1,0,0,0,0,0,0,0,0,0,A
1748,1,1,0,0,0,0,0,0,0,0,0,A
1749,1,1,0,0,0,0,0,0,0,0,0,A
1750,1,1,0,0,0,0,0,0,0,0,0,A
1751,1,1,0,0,0,0,0,0,0,0,0,A
1752,1,1,0,0,0,0,0,0,0,0,0,A
1753,1,1,0,0,0,0,0,0,0,0,0,A
1754,1,1,0,0,0,0,0,0,0,0,0,A
1755,1,1,0,0,0,0,0,0,0,0,0,A
1756,1,1,0,0,0,0,0,0,0,0,0,A
1757,1,1,0,0,0,0,0,0,0,0,0,A
1758,1,1,0,0,0,0,0,0,0,0,0,A
1759,1,1,0,0,0,0,0,0,0,0,0,A
1760,1,1,0,0,0,0,0,0,0,0,0,A
1761,1,1,0,0,0,0,0,0,0,0,0,A
1762,1,1,0,0,0,0,0,0,0,0,0,A
1763,1,1,0,0,0,0,0,0,0,0,0,A
1764,1,1,0,0,0,0,0,0,0,0,0,A
1765,1,1,0,0,0,0,0,0,0,0,0,A
1766,1,1,0,0,0,0,0,0,0,0,0,A
1767,1,1,0,0,0,0,0,0,0,0,0,A
1768,1,1,0,0,0,0,0,0,0,0,0,A
1769,1,1,0,0,0,0,0,0,0,0,0,A
1770,1,1,0,0,0,0,0,0,0,0,0,A
1771,1,1,0,0,0,0,0,0,0,0,0,A
1772,1,1,0,0,0,0,0,0,0,0,0,A
1773,1,1,0,0,0,0,0,0,0,0,0,A
1774,1,1,0,0,0,0,0,0,0,0,0,A
1775,1,1,0,0,0,0,0,0,0,0,0,A
1776,1,1,0,0,0,0,0,0,0,0,0,A
1777,1,1,0,0,0,0,0,0,0,0,0,A
1778,1,1,0,0,0,0,0,0,0,0,0,A
1779,1,1,0,0,0,0,0,0,0,0,0,A
1780,1,1,0,0,0,0,0,0,0,0,0,A
1781,1,1,0,0,0,0,0,0,0,0,0,A
1782,1,1,0,0,0,0,0,0,0,0,0,A
1783,1,1,0,0,0,0,0,0,0,0,0,A
1784,1,1,0,0,0,0,0,0,0,0,0,A
1785,1,1,0,0,0,0,0,0,0,0,0,A
1786,1,1,0,0,0,0,0,0,0,0,0,A
1787,1,1,0,0,0,0,0,0,0,0,0,A
1788,1,1,0,0,0,0,0,0,0,0,0,A
1789,1,1,0,0,0,0,0,0,0,0,0,A
1790,1,1,0,0,0,0,0,0,0,0,0,A
1791,1,1,0,0,0,0,0,0,0,0,0,A
1792,1,1,0,0,0,0,0,0,0,0,0,A
1793,1,1,0,0,0,0,0,0,0,0,0,A
1794,1,1,0,0,0,0,0,0,0,0,0,A
1795,1,1,0,0,0,0,0,0,0,0,0,A
1796,1,1,0,0,0,0,0,0,0,0,0,A
1797,1,1,0,0,0,0,0,0,0,0,0,A
1798,1,1,0,0,0,0,0,0,0,0,0,A
1799,1,1,0,0,0,0,0,0,0,0,0,A
1800,1,1,0,0,0,0,0,0,0,0,0,A
1801,1,1,0,0,0,0,0,0,0,0,0,A
1802,1,1,0,0,0,0,0,0,0,0,0,A
1803,1,1,0,0,0,0,0,0,0,0,0,A
1804,1,1,0,0,0,0,0,0,0,0,0,A
1805,1,1,0,0,0,0,0,0,0,0,0,A
1806,1,1,0,0,0,0,0,0,0,0,0,A
1807,1,1,0,0,0,0,0,0,0,0,0,A
1808,1,1,0,0,0,0,0,0,0,0,0,A
1809,1,1,0,0,0,0,0,0,0,0,0,A
1810,1,1,0,0,0,0,0,0,0,0,0,A
1811,1,1,0,0,0,0,0,0,0,0,0,A
1812,1,1,0,0,0,0,0,0,0,0,0,A
1813,1,1,0,0,0,0,0,0,0,0,0,A
1814,1,1,0,0,0,0,0,0,0,0,0,A
1815,1,1,0,0,0,0,0,0,0,0,0,A
1816,1,1,0,0,0,0,0,0,0,0,0,A
1817,1,1,0,0,0,0,0,0,0,0,0,A
1818,1,1,0,0,0,0,0,0,0,0,0,A
1819,1,1,0,0,0,0,0,0,0,0,0,A
1820,1,1,0,0,0,0,0,0,0,0,0,A
1821,1,1,0,0,0,0,0,0,0,0,0,A
1822,1,1,0,0,0,0,0,0,0,0,0,A
1823,1,1,0,0,0,0,0,0,0,0,0,A
1824,1,1,0,0,0,0,0,0,0,0,0,A
1825,1,1,0,0,0,0,0,0,0,0,0,A
1826,1,1,0,0,0,0,0,0,0,0,0,A
1827,1,1,0,0,0,0,0,0,0,0,0,A
1828,1,1,0,0,0,0,0,0,0,0,0,A
1829,1,1,0,0,0,0,0,0,0,0,0,A
1830,1,1,0,0,0,0,0,0,0,0,0,A
1831,1,1,0,0,0,0,0,0,0,0,0,A
1832,1,1,0,0,0,0,0,0,0,0,0,A
1833,1,1,0,0,0,0,0,0,0,0,0,A
1834,1,1,0,0,0,0,0,0,0,0,0,A
1835,1,1,0,0,0,0,0,0,0,0,0,A
1836,1,1,0,0,0,0,0,0,0,0,0,A
1837,1,1,0,0,0,0,0,0,0,0,0,A
1838,1,1,0,0,0,0,0,0,0,0,0,A
1839,1,1,0,0,0,0,0,0,0,0,0,A
1840,1,1,0,0,0,0,0,0,0,0,0,A
1841,1,1,0,0,0,0,0,0,0,0,0,A
1842,1,1,0,0,0,0,0,0,0,0,0,A
1843,1,1,0,0,0,0,0,0,0,0,0,A
1844,1,1,0,0,0,0,0,0,0,0,0,A
1845,1,1,0,0,0,0,0,0,0,0,0,A
1846,1,1,0,0,0,0,0,0,0,0,0,A
1847,1,1,0,0,0,0,0,0,0,0,0,A
1848,1,1,0,0,0,0,0,0,0,0,0,A
1849,1,1,0,0,0,0,0,0,0,0,0,A
1850,1,1,0,0,0,0,0,0,0,0,0,A
1851,1,1,0,0,0,0,0,0,0,0,0,A
1852,1,1,0,0,0,0,0,0,0,0,0,A
1853,1,1,0,0,0,0,0,0,0,0,0,A
1854,1,1,0,0,0,0,0,0,0,0,0,A
1855,1,1,0,0,0,0,0,0,0,0,0,A
1856,1,1,0,0,0,0,0,0,0,0,0,A
1857,1,1,0,0,0,0,0,0,0,0,0,A
1858,1,1,0,0,0,0,0,0,0,0,0,A
1859,1,1,0,0,0,0,0,0,0,0,0,A
1860,1,1,0,0,0,0,0,0,0,0,0,A
1861,1,1,0,0,0,0,0,0,0,0,0,A
1862,1,1,0,0,0,0,0,0,0,0,0,A
1863,1,1,0,0,0,0,0,0,0,0,0,A
1864,1,1,0,0,0,0,0,0,0,0,0,A
1865,1,1,0,0,0,0,0,0,0,0,0,A
1866,1,1,0,0,0,0,0,0,0,0,0,A
1867,1,1,0,0,0,0,0,0,0,0,0,A
1868,1,1,0,0,0,0,0,0,0,0,0,A
1869,1,1,0,0,0,0,0,0,0,0,0,A
1870,1,1,0,0,0,0,0,0,0,0,0,A
1871,1,1,0,0,0,0,0,0,0,0,0,A
1872,1,1,0,0,0,0,0,0,0,0,0,A
1873,1,1,0,0,0,0,0,0,0,0,0,A
1874,1,1,0,0,0,0,0,0,0,0,0,A
1875,1,1,0,0,0,0,0,0,0,0,0,A
1876,1,1,0,0,0,0,0,0,0,0,0,A
1877,1,1,0,0,0,0,0,0,0,0,0,A
1878,1,1,0,0,0,0,0,0,0,0,0,A
1879,1,1,0,0,0,0,0,0,0,0,0,A
1880,1,1,0,0,0,0,0,0,0,0,0,A
1881,1,1,0,0,0,0,0,0,0,0,0,A
1882,1,1,0,0,0,0,0,0,0,0,0,A
1883,1,1,0,0,0,0,0,0,0,0,0,A
1884,1,1,0,0,0,0,0,0,0,0,0,A
1885,1,1,0,0,0,0,0,0,0,0,0,A
1886,1,1,0,0,0,0,0,0,0,0,0,A
1887,1,1,0,0,0,0,0,0,0,0,0,A
1888,1,1,0,0,0,0,0,0,0,0,0,A
1889,1,1,0,0,0,0,0,0,0,0,0,A
1890,1,1,0,0,0,0,0,0,0,0,0,A
1891,1,1,0,0,0,0,0,0,0,0,0,A
1892,1,1,0,0,0,0,0,0,0,0,0,A
1893,1,1,0,0,0,0,0,0,0,0,0,A
1894,1,1,0,0,0,0,0,0,0,0,0,A
1895,1,1,0,0,0,0,0,0,0,0,0,A
1896,1,1,0,0,0,0,0,0,0,0,0,A
1897,1,1,0,0,0,0,0,0,0,0,0,A
1898,1,1,0,0,0,0,0,0,0,0,0,A
1899,1,1,0,0,0,0,0,0,0,0,0,A
1900,1,1,0,0,0,0,0,0,0,0,0,A
1901,1,1,0,0,0,0,0,0,0,0,0,A
1902,1,1,0,0,0,0,0,0,0,0,0,A
1903,1,1,0,0,0,0,0,0,0,0,0,A
1904,1,1,0,0,0,0,0,0,0,0,0,A
1905,1,1,0,0,0,0,0,0,0,0,0,A
1906,1,1,0,0,0,0,0,0,0,0,0,A
1907,1,1,0,0,0,0,0,0,0,0,0,A
1908,1,1,0,0,0,0,0,0,0,0,0,A
1909,1,1,0,0,0,0,0,0,0,0,0,A
1910,1,1,0,0,0,0,0,0,0,0,0,A
1911,1,1,0,0,0,0,0,0,0,0,0,A
1912,1,1,0,0,0,0,0,0,0,0,0,A
1913,1,1,0,0,0,0,0,0,0,0,0,A
1914,1,1,0,0,0,0,0,0,0,0,0,A
1915,1,1,0,0,0,0,0,0,0,0,0,A
1916,1,1,0,0,0,0,0,0,0,0,0,A
1917,1,1,0,0,0,0,0,0,0,0,0,A
1918,1,1,0,0,0,0,0,0,0,0,0,A
1919,1,1,0,0,0,0,0,0,0,0,0,A
1920,1,1,0,0,0,0,0,0,0,0,0,A
1921,1,1,0,0,0,0,0,0,0,0,0,A
1922,1,1,0,0,0,0,0,0,0,0,0,A
1923,1,1,0,0,0,0,0,0,0,0,0,A
1924,1,1,0,0,0,0,0,0,0,0,0,A
1925,1,1,0,0,0,0,0,0,0,0,0,A
1926,1,1,0,0,0,0,0,0,0,0,0,A
1927,1,1,0,0,0,0,0,0,0,0,0,A
1928,1,1,0,0,0,0,0,0,0,0,0,A
1929,1,1,0,0,0,0,0,0,0,0,0,A
1930,1,1,0,0,0,0,0,0,0,0,0,A
1931,1,1,0,0,0,0,0,0,0,0,0,A
1932,1,1,0,0,0,0,0,0,0,0,0,A
1933,1,1,0,0,0,0,0,0,0,0,0,A
1934,1,1,0,0,0,0,0,0,0,0,0,A
1935,1,1,0,0,0,0,0,0,0,0,0,A
1936,1,1,0,0,0,0,0,0,0,0,0,A
1937,1,1,0,0,0,0,0,0,0,0,0,A
1938,1,1,0,0,0,0,0,0,0,0,0,A
1939,1,1,0,0,0,0,0,0,0,0,0,A
1940,1,1,0,0,0,0,0,0,0,0,0,A
1941,1,1,0,0,0,0,0,0,0,0,0,A
1942,1,1,0,0,0,0,0,0,0,0,0,A
1943,1,1,0,0,0,0,0,0,0,0,0,A
1944,1,1,0,0,0,0,0,0,0,0,0,A
1945,1,1,0,0,0,0,0,0,0,0,0,A
1946,1,1,0,0,0,0,0,0,0,0,0,A
1947,1,1,0,0,0,0,0,0,0,0,0,A
1948,1,1,0,0,0,0,0,0,0,0,0,A
1949,1,1,0,0,0,0,0,0,0,0,0,A
1950,1,1,0,0,0,0,0,0,0,0,0,A
1951,1,1,0,0,0,0,0,0,0,0,0,A
1952,1,1,0,0,0,0,0,0,0,0,0,A
1953,1,1,0,0,0,0,0,0,0,0,0,A
1954,1,1,0,0,0,0,0,0,0,0,0,A
1955,1,1,0,0,0,0,0,0,0,0,0,A
1956,1,1,0,0,0,0,0,0,0,0,0,A
1957,1,1,0,0,0,0,0,0,0,0,0,A
1958,1,1,0,0,0,0,0,0,0,0,0,A
1959,1,1,0,0,0,0,0,0,0,0,0,A
1960,1,1,0,0,0,0,0,0,0,0,0,A
1961,1,1,0,0,0,0,0,0,0,0,0,A
1962,1,1,0,0,0,0,0,0,0,0,0,A
1963,1,1,0,0,0,0,0,0,0,0,0,A
1964,1,1,0,0,0,0,0,0,0,0,0,A
1965,1,1,0,0,0,0,0,0,0,0,0,A
1966,1,1,0,0,0,0,0,0,0,0,0,A
1967,1,1,0,0,0,0,0,0,0,0,0,A
1968,1,1,0,0,0,0,0,0,0,0,0,A
1969,1,1,0,0,0,0,0,0,0,0,0,A
1970,1,1,0,0,0,0,0,0,0,0,0,A
1971,1,1,0,0,0,0,0,0,0,0,0,A
1972,1,1,0,0,0,0,0,0,0,0,0,A
1973,1,1,0,0,0,0,0,0,0,0,0,A
1974,1,1,0,0,0,0,0,0,0,0,0,A
1975,1,1,0,0,0,0,0,0,0,0,0,A
1976,1,1,0,0,0,0,0,0,0,0,0,A
1977,1,1,0,0,0,0,0,0,0,0,0,A
1978,1,1,0,0,0,0,0,0,0,0,0,A
1979,1,1,0,0,0,0,0,0,0,0,0,A
1980,1,1,0,0,0,0,0,0,0,0,0,A
1981,1,1,0,0,0,0,0,0,0,0,0,A
1982,1,1,0,0,0,0,0,0,0,0,0,A
1983,1,1,0,0,0,0,0,0,0,0,0,A
1984,1,1,0,0,0,0,0,0,0,0,0,A
1985,1,1,0,0,0,0,0,0,0,0,0,A
1986,1,1,0,0,0,0,0,0,0,0,0,A
1987,1,1,0,0,0,0,0,0,0,0,0,A
1988,1,1,0,0,0,0,0,0,0,0,0,A
1989,1,1,0,0,0,0,0,0,0,0,0,A
1990,1,1,0,0,0,0,0,0,0,0,0,A
1991,1,1,0,0,0,0,0,0,0,0,0,A
1992,1,1,0,0,0,0,0,0,0,0,0,A
1993,1,1,0,0,0,0,0,0,0,0,0,A
1994,1,1,0,0,0,0,0,0,0,0,0,A
1995,1,1,0,0,0,0,0,0,0,0,0,A
1996,1,1,0,0,0,0,0,0,0,0,0,A
1997,1,1,0,0,0,0,0,0,0,0,0,A
1998,1,1,0,0,0,0,0,0,0,0,0,A
1999,1,1,0,0,0,0,0,0,0,0,0,A
2000,1,1,0,0,0,0,0,0,0,0,0,A
2001,1,1,0,0,0,0,0,0,0,0,0,A
2002,1,1,0,0,0,0,0,0,0,0,0,A
2003,1,1,0,0,0,0,0,0,0,0,0,A
2004,1,1,0,0,0,0,0,0,0,0,0,A
2005,1,1,0,0,0,0,0,0,0,0,0,A
2006,1,1,0,0,0,0,0,0,0,0,0,A
2007,1,1,0,0,0,0,0,0,0,0,0,A
2008,1,1,0,0,0,0,0,0,0,0,0,A
2009,1,1,0,0,0,0,0,0,0,0,0,A
2010,1,1,0,0,0,0,0,0,0,0,0,A
2011,1,1,0,0,0,0,0,0,0,0,0,A
2012,1,1,0,0,0,0,0,0,0,0,0,A
2013,1,1,0,0,0,0,0,0,0,0,0,A
2014,1,1,0,0,0,0,0,0,0,0,0,A
2015,1,1,0,0,0,0,0,0,0,0,0,A
2016,1,1,0,0,0,0,0,0,0,0,0,A
2017,1,1,0,0,0,0,0,0,0,0,0,A
2018,1,1,0,0,0,0,0,0,0,0,0,A
2019,1,1,0,0,0,0,0,0,0,0,0,A
2020,1,1,0,0,0,0,0,0,0,0,0,A
2021,1,1,0,0,0,0,0,0,0,0,0,A
2022,1,1,0,0,0,0,0,0,0,0,0,A
2023,1,1,0,0,0,0,0,0,0,0,0,A
2024,1,1,0,0,0,0,0,0,0,0,0,A
2025,1,1,0,0,0,0,0,0,0,0,0,A
2026,1,1,0,0,0,0,0,0,0,0,0,A
2027,1,1,0,0,0,0,0,0,0,0,0,A
2028,1,1,0,0,0,0,0,0,0,0,0,A
2029,1,1,0,0,0,0,0,0,0,0,0,A
2030,1,1,0,0,0,0,0,0,0,0,0,A
2031,1,1,0,0,0,0,0,0,0,0,0,A
2032,1,1,0,0,0,0,0,0,0,0,0,A
2033,1,1,0,0,0,0,0,0,0,0,0,A
2034,1,1,0,0,0,0,0,0,0,0,0,A
2035,1,1,0,0,0,0,0,0,0,0,0,A
2036,1,1,0,0,0,0,0,0,0,0,0,A
2037,1,1,0,0,0,0,0,0,0,0,0,A
2038,1,1,0,0,0,0,0,0,0,0,0,A
2039,1,1,0,0,0,0,0,0,0,0,0,A
2040,1,1,0,0,0,0,0,0,0,0,0,A
2041,1,1,0,0,0,0,0,0,0,0,0,A
2042,1,1,0,0,0,0,0,0,0,0,0,A
2043,1,1,0,0,0,0,0,0,0,0,0,A
2044,1,1,0,0,0,0,0,0,0,0,0,A
2045,1,1,0,0,0,0,0,0,0,0,0,A
2046,1,1,0,0,0,0,0,0,0,0,0,A
2047,1,1,0,0,0,0,0,0,0,0,0,A
2048,1,1,0,0,0,0,0,0,0,0,0,A
2049,1,1,0,0,0,0,0,0,0,0,0,A
2050,1,1,0,0,0,0,0,0,0,0,0,A
2051,1,1,0,0,0,0,0,0,0,0,0,A
2052,1,1,0,0,0,0,0,0,0,0,0,A
2053,1,1,0,0,0,0,0,0,0,0,0,A
2054,1,1,0,0,0,0,0,0,0,0,0,A
2055,1,1,0,0,0,0,0,0,0,0,0,A
2056,1,1,0,0,0,0,0,0,0,0,0,A
2057,1,1,0,0,0,0,0,0,0,0,0,A
2058,1,1,0,0,0,0,0,0,0,0,0,A
2059,1,1,0,0,0,0,0,0,0,0,0,A
2060,1,1,0,0,0,0,0,0,0,0,0,A
2061,1,1,0,0,0,0,0,0,0,0,0,A
2062,1,1,0,0,0,0,0,0,0,0,0,A
2063,1,1,0,0,0,0,0,0,0,0,0,A
2064,1,1,0,0,0,0,0,0,0,0,0,A
2065,1,1,0,0,0,0,0,0,0,0,0,A
2066,1,1,0,0,0,0,0,0,0,0,0,A
2067,1,1,0,0,0,0,0,0,0,0,0,A
2068,1,1,0,0,0,0,0,0,0,0,0,A
2069,1,1,0,0,0,0,0,0,0,0,0,A
2070,1,1,0,0,0,0,0,0,0,0,0,A
2071,1,1,0,0,0,0,0,0,0,0,0,A
2072,1,1,0,0,0,0,0,0,0,0,0,A
2073,1,1,0,0,0,0,0,0,0,0,0,A
2074,1,1,0,0,0,0,0,0,0,0,0,A
2075,1,1,0,0,0,0,0,0,0,0,0,A
2076,1,1,0,0,0,0,0,0,0,0,0,A
2077,1,1,0,0,0,0,0,0,0,0,0,A
2078,1,1,0,0,0,0,0,0,0,0,0,A
2079,1,1,0,0,0,0,0,0,0,0,0,A
2080,1,1,0,0,0,0,0,0,0,0,0,A
2081,1,1,0,0,0,0,0,0,0,0,0,A
2082,1,1,0,0,0,0,0,0,0,0,0,A
2083,1,1,0,0,0,0,0,0,0,0,0,A
2084,1,1,0,0,0,0,0,0,0,0,0,A
2085,1,1,0,0,0,0,0,0,0,0,0,A
2086,1,1,0,0,0,0,0,0,0,0,0,A
2087,1,1,0,0,0,0,0,0,0,0,0,A
2088,1,1,0,0,0,0,0,0,0,0,0,A
2089,1,1,0,0,0,0,0,0,0,0,0,A
2090,1,1,0,0,0,0,0,0,0,0,0,A
2091,1,1,0,0,0,0,0,0,0,0,0,A
2092,1,1,0,0,0,0,0,0,0,0,0,A
2093,1,1,0,0,0,0,0,0,0,0,0,A
2094,1,1,0,0,0,0,0,0,0,0,0,A
2095,1,1,0,0,0,0,0,0,0,0,0,A
2096,1,1,0,0,0,0,0,0,0,0,0,A
2097,1,1,0,0,0,0,0,0,0,0,0,A
2098,1,1,0,0,0,0,0,0,0,0,0,A
2099,1,1,0,0,0,0,0,0,0,0,0,A
2100,1,1,0,0,0,0,0,0,0,0,0,A
2101,1,1,0,0,0,0,0,0,0,0,0,A
2102,1,1,0,0,0,0,0,0,0,0,0,A
2103,1,1,0,0,0,0,0,0,0,0,0,A
2104,1,1,0,0,0,0,0,0,0,0,0,A
2105,1,1,0,0,0,0,0,0,0,0,0,A
2106,1,1,0,0,0,0,0,0,0,0,0,A
2107,1,1,0,0,0,0,0,0,0,0,0,A
2108,1,1,0,0,0,0,0,0,0,0,0,A
2109,1,1,0,0,0,0,0,0,0,0,0,A
2110,1,1,0,0,0,0,0,0,0,0,0,A
2111,1,1,0,0,0,0,0,0,0,0,0,A
2112,1,1,0,0,0,0,0,0,0,0,0,A
2113,1,1,0,0,0,0,0,0,0,0,0,A
2114,1,1,0,0,0,0,0,0,0,0,0,A
2115,1,1,0,0,0,0,0,0,0,0,0,A
2116,1,1,0,0,0,0,0,0,0,0,0,A
2117,1,1,0,0,0,0,0,0,0,0,0,A
2118,1,1,0,0,0,0,0,0,0,0,0,A
2119,1,1,0,0,0,0,0,0,0,0,0,A
2120,1,1,0,0,0,0,0,0,0,0,0,A
2121,1,1,0,0,0,0,0,0,0,0,0,A
2122,1,1,0,0,0,0,0,0,0,0,0,A
2123,1,1,0,0,0,0,0,0,0,0,0,A
2124,1,1,0,0,0,0,0,0,0,0,0,A
2125,1,1,0,0,0,0,0,0,0,0,0,A
2126,1,1,0,0,0,0,0,0,0,0,0,A
2127,1,1,0,0,0,0,0,0,0,0,0,A
2128,1,1,0,0,0,0,0,0,0,0,0,A
2129,1,1,0,0,0,0,0,0,0,0,0,A
2130,1,1,0,0,0,0,0,0,0,0,0,A
2131,1,1,0,0,0,0,0,0,0,0,0,A
2132,1,1,0,0,0,0,0,0,0,0,0,A
2133,1,1,0,0,0,0,0,0,0,0,0,A
2134,1,1,0,0,0,0,0,0,0,0,0,A
2135,1,1,0,0,0,0,0,0,0,0,0,A
2136,1,1,0,0,0,0,0,0,0,0,0,A
2137,1,1,0,0,0,0,0,0,0,0,0,A
2138,1,1,0,0,0,0,0,0,0,0,0,A
2139,1,1,0,0,0,0,0,0,0,0,0,A
2140,1,1,0,0,0,0,0,0,0,0,0,A
2141,1,1,0,0,0,0,0,0,0,0,0,A
2142,1,1,0,0,0,0,0,0,0,0,0,A
2143,1,1,0,0,0,0,0,0,0,0,0,A
2144,1,1,0,0,0,0,0,0,0,0,0,A
2145,1,1,0,0,0,0,0,0,0,0,0,A
2146,1,1,0,0,0,0,0,0,0,0,0,A
2147,1,1,0,0,0,0,0,0,0,0,0,A
2148,1,1,0,0,0,0,0,0,0,0,0,A
2149,1,1,0,0,0,0,0,0,0,0,0,A
2150,1,1,0,0,0,0,0,0,0,0,0,A
2151,1,1,0,0,0,0,0,0,0,0,0,A
2152,1,1,0,0,0,0,0,0,0,0,0,A
2153,1,1,0,0,0,0,0,0,0,0,0,A
2154,1,1,0,0,0,0,0,0,0,0,0,A
2155,1,1,0,0,0,0,0,0,0,0,0,A
2156,1,1,0,0,0,0,0,0,0,0,0,A
2157,1,1,0,0,0,0,0,0,0,0,0,A
2158,1,1,0,0,0,0,0,0,0,0,0,A
2159,1,1,0,0,0,0,0,0,0,0,0,A
2160,1,1,0,0,0,0,0,0,0,0,0,A
2161,1,1,0,0,0,0,0,0,0,0,0,A
2162,1,1,0,0,0,0,0,0,0,0,0,A
2163,1,1,0,0,0,0,0,0,0,0,0,A
2164,1,1,0,0,0,0,0,0,0,0,0,A
2165,1,1,0,0,0,0,0,0,0,0,0,A
2166,1,1,0,0,0,0,0,0,0,0,0,A
2167,1,1,0,0,0,0,0,0,0,0,0,A
2168,1,1,0,0,0,0,0,0,0,0,0,A
2169,1,1,0,0,0,0,0,0,0,0,0,A
2170,1,1,0,0,0,0,0,0,0,0,0,A
2171,1,1,0,0,0,0,0,0,0,0,0,A
2172,1,1,0,0,0,0,0,0,0,0,0,A
2173,1,1,0,0,0,0,0,0,0,0,0,A
2174,1,1,0,0,0,0,0,0,0,0,0,A
2175,1,1,0,0,0,0,0,0,0,0,0,A
2176,1,1,0,0,0,0,0,0,0,0,0,A
2177,1,1,0,0,0,0,0,0,0,0,0,A
2178,1,1,0,0,0,0,0,0,0,0,0,A
2179,1,1,0,0,0,0,0,0,0,0,0,A
2180,1,1,0,0,0,0,0,0,0,0,0,A
2181,1,1,0,0,0,0,0,0,0,0,0,A
2182,1,1,0,0,0,0,0,0,0,0,0,A
2183,1,1,0,0,0,0,0,0,0,0,0,A
2184,1,1,0,0,0,0,0,0,0,0,0,A
2185,1,1,0,0,0,0,0,0,0,0,0,A
2186,1,1,0,0,0,0,0,0,0,0,0,A
2187,1,1,0,0,0,0,0,0,0,0,0,A
2188,1,1,0,0,0,0,0,0,0,0,0,A
2189,1,1,0,0,0,0,0,0,0,0,0,A
2190,1,1,0,0,0,0,0,0,0,0,0,A
2191,1,1,0,0,0,0,0,0,0,0,0,A
2192,1,1,0,0,0,0,0,0,0,0,0,A
2193,1,1,0,0,0,0,0,0,0,0,0,A
2194,1,1,0,0,0,0,0,0,0,0,0,A
2195,1,1,0,0,0,0,0,0,0,0,0,A
2196,1,1,0,0,0,0,0,0,0,0,0,A
2197,1,1,0,0,0,0,0,0,0,0,0,A
2198,1,1,0,0,0,0,0,0,0,0,0,A
2199,1,1,0,0,0,0,0,0,0,0,0,A
2200,1,1,0,0,0,0,0,0,0,0,0,A
2201,1,1,0,0,0,0,0,0,0,0,0,A
2202,1,1,0,0,0,0,0,0,0,0,0,A
2203,1,1,0,0,0,0,0,0,0,0,0,A
2204,1,1,0,0,0,0,0,0,0,0,0,A
2205,1,1,0,0,0,0,0,0,0,0,0,A
2206,1,1,0,0,0,0,0,0,0,0,0,A
2207,1,1,0,0,0,0,0,0,0,0,0,A
2208,1,1,0,0,0,0,0,0,0,0,0,A
2209,1,1,0,0,0,0,0,0,0,0,0,A
2210,1,1,0,0,0,0,0,0,0,0,0,A
2211,1,1,0,0,0,0,0,0,0,0,0,A
2212,1,1,0,0,0,0,0,0,0,0,0,A
2213,1,1,0,0,0,0,0,0,0,0,0,A
2214,1,1,0,0,0,0,0,0,0,0,0,A
2215,1,1,0,0,0,0,0,0,0,0,0,A
2216,1,1,0,0,0,0,0,0,0,0,0,A
2217,1,1,0,0,0,0,0,0,0,0,0,A
2218,1,1,0,0,0,0,0,0,0,0,0,A
2219,1,1,0,0,0,0,0,0,0,0,0,A
2220,1,1,0,0,0,0,0,0,0,0,0,A
2221,1,1,0,0,0,0,0,0,0,0,0,A
2222,1,1,0,0,0,0,0,0,0,0,0,A
2223,1,1,0,0,0,0,0,0,0,0,0,A
2224,1,1,0,0,0,0,0,0,0,0,0,A
2225,1,1,0,0,0,0,0,0,0,0,0,A
2226,1,1,0,0,0,0,0,0,0,0,0,A
2227,1,1,0,0,0,0,0,0,0,0,0,A
2228,1,1,0,0,0,0,0,0,0,0,0,A
2229,1,1,0,0,0,0,0,0,0,0,0,A
2230,1,1,0,0,0,0,0,0,0,0,0,A
2231,1,1,0,0,0,0,0,0,0,0,0,A
2232,1,1,0,0,0,0,0,0,0,0,0,A
2233,1,1,0,0,0,0,0,0,0,0,0,A
2234,1,1,0,0,0,0,0,0,0,0,0,A
2235,1,1,0,0,0,0,0,0,0,0,0,A
2236,1,1,0,0,0,0,0,0,0,0,0,A
2237,1,1,0,0,0,0,0,0,0,0,0,A
2238,1,1,0,0,0,0,0,0,0,0,0,A
2239,1,1,0,0,0,0,0,0,0,0,0,A
2240,1,1,0,0,0,0,0,0,0,0,0,A
2241,1,1,0,0,0,0,0,0,0,0,0,A
2242,1,1,0,0,0,0,0,0,0,0,0,A
2243,1,1,0,0,0,0,0,0,0,0,0,A
2244,1,1,0,0,0,0,0,0,0,0,0,A
2245,1,1,0,0,0,0,0,0,0,0,0,A
2246,1,1,0,0,0,0,0,0,0,0,0,A
2247,1,1,0,0,0,0,0,0,0,0,0,A
2248,1,1,0,0,0,0,0,0,0,0,0,A
2249,1,1,0,0,0,0,0,0,0,0,0,A
2250,1,1,0,0,0,0,0,0,0,0,0,A
2251,1,1,0,0,0,0,0,0,0,0,0,A
2252,1,1,0,0,0,0,0,0,0,0,0,A
2253,1,1,0,0,0,0,0,0,0,0,0,A
2254,1,1,0,0,0,0,0,0,0,0,0,A
2255,1,1,0,0,0,0,0,0,0,0,0,A
2256,1,1,0,0,0,0,0,0,0,0,0,A
2257,1,1,0,0,0,0,0,0,0,0,0,A
2258,1,1,0,0,0,0,0,0,0,0,0,A
2259,1,1,0,0,0,0,0,0,0,0,0,A
2260,1,1,0,0,0,0,0,0,0,0,0,A
2261,1,1,0,0,0,0,0,0,0,0,0,A
2262,1,1,0,0,0,0,0,0,0,0,0,A
2263,1,1,0,0,0,0,0,0,0,0,0,A
2264,1,1,0,0,0,0,0,0,0,0,0,A
2265,1,1,0,0,0,0,0,0,0,0,0,A
2266,1,1,0,0,0,0,0,0,0,0,0,A
2267,1,1,0,0,0,0,0,0,0,0,0,A
2268,1,1,0,0,0,0,0,0,0,0,0,A
2269,1,1,0,0,0,0,0,0,0,0,0,A
2270,1,1,0,0,0,0,0,0,0,0,0,A
2271,1,1,0,0,0,0,0,0,0,0,0,A
2272,1,1,0,0,0,0,0,0,0,0,0,A
2273,1,1,0,0,0,0,0,0,0,0,0,A
2274,1,1,0,0,0,0,0,0,0,0,0,A
2275,1,1,0,0,0,0,0,0,0,0,0,A
2276,1,1,0,0,0,0,0,0,0,0,0,A
2277,1,1,0,0,0,0,0,0,0,0,0,A
2278,1,1,0,0,0,0,0,0,0,0,0,A
2279,1,1,0,0,0,0,0,0,0,0,0,A
2280,1,1,0,0,0,0,0,0,0,0,0,A
2281,1,1,0,0,0,0,0,0,0,0,0,A
2282,1,1,0,0,0,0,0,0,0,0,0,A
2283,1,1,0,0,0,0,0,0,0,0,0,A
2284,1,1,0,0,0,0,0,0,0,0,0,A
2285,1,1,0,0,0,0,0,0,0,0,0,A
2286,1,1,0,0,0,0,0,0,0,0,0,A
2287,1,1,0,0,0,0,0,0,0,0,0,A
2288,1,1,0,0,0,0,0,0,0,0,0,A
2289,1,1,0,0,0,0,0,0,0,0,0,A
2290,1,1,0,0,0,0,0,0,0,0,0,A
2291,1,1,0,0,0,0,0,0,0,0,0,A
2292,1,1,0,0,0,0,0,0,0,0,0,A
2293,1,1,0,0,0,0,0,0,0,0,0,A
2294,1,1,0,0,0,0,0,0,0,0,0,A
2295,1,1,0,0,0,0,0,0,0,0,0,A
2296,1,1,0,0,0,0,0,0,0,0,0,A
2297,1,1,0,0,0,0,0,0,0,0,0,A
2298,1,1,0,0,0,0,0,0,0,0,0,A
2299,1,1,0,0,0,0,0,0,0,0,0,A
2300,1,1,0,0,0,0,0,0,0,0,0,A
2301,1,1,0,0,0,0,0,0,0,0,0,A
2302,1,1,0,0,0,0,0,0,0,0,0,A
2303,1,1,0,0,0,0,0,0,0,0,0,A
2304,1,1,0,0,0,0,0,0,0,0,0,A
2305,1,1,0,0,0,0,0,0,0,0,0,A
2306,1,1,0,0,0,0,0,0,0,0,0,A
2307,1,1,0,0,0,0,0,0,0,0,0,A
2308,1,1,0,0,0,0,0,0,0,0,0,A
2309,1,1,0,0,0,0,0,0,0,0,0,A
2310,1,1,0,0,0,0,0,0,0,0,0,A
2311,1,1,0,0,0,0,0,0,0,0,0,A
2312,1,1,0,0,0,0,0,0,0,0,0,A
2313,1,1,0,0,0,0,0,0,0,0,0,A
2314,1,1,0,0,0,0,0,0,0,0,0,A
2315,1,1,0,0,0,0,0,0,0,0,0,A
2316,1,1,0,0,0,0,0,0,0,0,0,A
2317,1,1,0,0,0,0,0,0,0,0,0,A
2318,1,1,0,0,0,0,0,0,0,0,0,A
2319,1,1,0,0,0,0,0,0,0,0,0,A
2320,1,1,0,0,0,0,0,0,0,0,0,A
2321,1,1,0,0,0,0,0,0,0,0,0,A
2322,1,1,0,0,0,0,0,0,0,0,0,A
2323,1,1,0,0,0,0,0,0,0,0,0,A
2324,1,1,0,0,0,0,0,0,0,0,0,A
2325,1,1,0,0,0,0,0,0,0,0,0,A
2326,1,1,0,0,0,0,0,0,0,0,0,A
2327,1,1,0,0,0,0,0,0,0,0,0,A
2328,1,1,0,0,0,0,0,0,0,0,0,A
2329,1,1,0,0,0,0,0,0,0,0,0,A
2330,1,1,0,0,0,0,0,0,0,0,0,A
2331,1,1,0,0,0,0,0,0,0,0,0,A
2332,1,1,0,0,0,0,0,0,0,0,0,A
2333,1,1,0,0,0,0,0,0,0,0,0,A
2334,1,1,0,0,0,0,0,0,0,0,0,A
2335,1,1,0,0,0,0,0,0,0,0,0,A
2336,1,1,0,0,0,0,0,0,0,0,0,A
2337,1,1,0,0,0,0,0,0,0,0,0,A
2338,1,1,0,0,0,0,0,0,0,0,0,A
2339,1,1,0,0,0,0,0,0,0,0,0,A
2340,1,1,0,0,0,0,0,0,0,0,0,A
2341,1,1,0,0,0,0,0,0,0,0,0,A
2342,1,1,0,0,0,0,0,0,0,0,0,A
2343,1,1,0,0,0,0,0,0,0,0,0,A
2344,1,1,0,0,0,0,0,0,0,0,0,A
2345,1,1,0,0,0,0,0,0,0,0,0,A
2346,1,1,0,0,0,0,0,0,0,0,0,A
2347,1,1,0,0,0,0,0,0,0,0,0,A
2348,1,1,0,0,0,0,0,0,0,0,0,A
2349,1,1,0,0,0,0,0,0,0,0,0,A
2350,1,1,0,0,0,0,0,0,0,0,0,A
2351,1,1,0,0,0,0,0,0,0,0,0,A
2352,1,1,0,0,0,0,0,0,0,0,0,A
2353,1,1,0,0,0,0,0,0,0,0,0,A
2354,1,1,0,0,0,0,0,0,0,0,0,A
2355,1,1,0,0,0,0,0,0,0,0,0,A
2356,1,1,0,0,0,0,0,0,0,0,0,A
2357,1,1,0,0,0,0,0,0,0,0,0,A
2358,1,1,0,0,0,0,0,0,0,0,0,A
2359,1,1,0,0,0,0,0,0,0,0,0,A
2360,1,1,0,0,0,0,0,0,0,0,0,A
2361,1,1,0,0,0,0,0,0,0,0,0,A
2362,1,1,0,0,0,0,0,0,0,0,0,A
2363,1,1,0,0,0,0,0,0,0,0,0,A
2364,1,1,0,0,0,0,0,0,0,0,0,A
2365,1,1,0,0,0,0,0,0,0,0,0,A
2366,1,1,0,0,0,0,0,0,0,0,0,A
2367,1,1,0,0,0,0,0,0,0,0,0,C
2368,1,1,0,0,0,0,0,0,0,0,0,C
2369,1,1,0,0,0,0,0,0,0,0,0,C
2370,1,1,0,0,0,0,0,0,0,0,0,C
2371,1,1,0,0,0,0,0,0,0,0,0,A
2372,1,1,0,0,0,0,0,0,0,0,0,A
2373,1,0,0,0,0,0,0,0,0,0,0,A
2374,1,0,0,0,0,0,0,0,0,0,0,A
2375,1,0,0,0,0,0,0,0,0,0,0,A
2376,1,0,0,0,0,0,0,0,0,0,0,A
2377,1,0,0,0,0,0,0,0,0,0,0,A
2378,1,0,0,0,0,0,0,0,0,0,0,A
2379,1,0,0,0,0,0,0,0,0,0,0,A
2380,1,0,0,0,0,0,0,0,0,0,0,A
2381,1,0,0,0,0,0,0,0,0,0,0,A
2382,1,0,0,0,0,0,0,0,0,0,0,A
2383,1,0,0,0,0,0,0,0,0,0,0,A
2384,1,0,0,0,0,0,0,0,0,0,0,A
2385,1,0,0,0,0,0,0,0,0,0,0,A
2386,1,0,0,0,0,0,0,0,0,0,0,A
2387,1,0,0,0,0,0,0,0,0,0,0,A
2388,1,0,0,0,0,0,0,0,0,0,0,A
2389,1,0,0,0,0,0,0,0,0,0,0,A
2390,1,0,0,0,0,0,0,0,0,0,0,A
2391,1,0,0,0,0,0,0,0,0,0,0,A
2392,1,0,0,0,0,0,0,0,0,0,0,A
2393,1,0,0,0,0,0,0,0,0,0,0,A
2394,1,0,0,0,0,0,0,0,0,0,0,A
2395,1,0,0,0,0,0,0,0,0,0,0,A
2396,1,0,0,0,0,0,0,0,0,0,0,A
2397,1,0,0,0,0,0,0,0,0,0,0,A
2398,1,0,0,0,0,0,0,0,0,0,0,A
2399,1,0,0,0,0,0,0,0,0,0,0,A
2400,1,0,0,0,0,0,0,0,0,0,0,A
2401,1,0,0,0,0,0,0,0,0,0,0,A
2402,1,0,0,0,0,0,0,0,0,0,0,A
2403,1,0,0,0,0,0,0,0,0,0,0,A
2404,1,0,0,0,0,0,0,0,0,0,0,A
2405,1,0,0,0,0,0,0,0,0,0,0,A
2406,1,0,0,0,0,0,0,0,0,0,0,A
2407,1,0,0,0,0,0,0,0,0,0,0,A
2408,1,0,0,0,0,0,0,0,0,0,0,A
2409,1,0,0,0,0,0,0,0,0,0,0,A
2410,1,0,0,0,0,0,0,0,0,0,0,A
2411,1,0,0,0,0,0,0,0,0,0,0,A
2412,1,0,0,0,0,0,0,0,0,0,0,A
2413,1,0,0,0,0,0,0,0,0,0,0,A
2414,1,0,0,0,0,0,0,0,0,0,0,A
2415,1,0,0,0,0,0,0,0,0,0,0,A
2416,1,0,0,0,0,0,0,0,0,0,0,A
2417,1,0,0,0,0,0,0,0,0,0,0,A
2418,1,0,0,0,0,0,0,0,0,0,0,A
2419,1,0,0,0,0,0,0,0,0,0,0,A
2420,1,0,0,0,0,0,0,0,0,0,0,A
2421,1,0,0,0,0,0,0,0,0,0,0,A
2422,1,0,0,0,0,0,0,0,0,0,0,A
2423,1,0,0,0,0,0,0,0,0,0,0,A
2424,1,0,0,0,0,0,0,0,0,0,0,A
2425,1,0,0,0,0,0,0,0,0,0,0,A
2426,1,0,0,0,0,0,0,0,0,0,0,A
2427,1,0,0,0,0,0,0,0,0,0,0,A
2428,1,0,0,0,0,0,0,0,0,0,0,A
2429,1,0,0,0,0,0,0,0,0,0,0,A
2430,1,0,0,0,0,0,0,0,0,0,0,A
2431,1,0,0,0,0,0,0,0,0,0,0,A
2432,1,0,0,0,0,0,0,0,0,0,0,A
2433,1,0,0,0,0,0,0,0,0,0,0,A
2434,1,0,0,0,0,0,0,0,0,0,0,A
2435,1,0,0,0,0,0,0,0,0,0,0,A
2436,1,0,0,0,0,0,0,0,0,0,0,A
2437,1,0,0,0,0,0,0,0,0,0,0,A
2438,1,0,0,0,0,0,0,0,0,0,0,A
2439,1,0,0,0,0,0,0,0,0,0,0,A
2440,1,0,0,0,0,0,0,0,0,0,0,A
2441,1,0,0,0,0,0,0,0,0,0,0,A
2442,1,0,0,0,0,0,0,0,0,0,0,A
2443,1,0,0,0,0,0,0,0,0,0,0,A
2444,1,0,0,0,0,0,0,0,0,0,0,A
2445,1,0,0,0,0,0,0,0,0,0,0,A
2446,1,0,0,0,0,0,0,0,0,0,0,A
2447,1,0,0,0,0,0,0,0,0,0,0,A
2448,1,0,0,0,0,0,0,0,0,0,0,A
2449,1,0,0,0,0,0,0,0,0,0,0,A
2450,1,0,0,0,0,0,0,0,0,0,0,A
2451,1,0,0,0,0,0,0,0,0,0,0,A
2452,1,0,0,0,0,0,0,0,0,0,0,A
2453,1,0,0,0,0,0,0,0,0,0,0,A
2454,1,0,0,0,0,0,0,0,0,0,0,A
2455,1,0,0,0,0,0,0,0,0,0,0,A
2456,1,0,0,0,0,0,0,0,0,0,0,A
2457,1,0,0,0,0,0,0,0,0,0,0,A
2458,1,0,0,0,0,0,0,0,0,0,0,A
2459,1,0,0,0,0,0,0,0,0,0,0,A
2460,1,0,0,0,0,0,0,0,0,0,0,A
2461,1,0,0,0,0,0,0,0,0,0,0,A
2462,1,0,0,0,0,0,0,0,0,0,0,A
2463,1,0,0,0,0,0,0,0,0,0,0,A
2464,1,0,0,0,0,0,0,0,0,0,0,A
2465,1,0,0,0,0,0,0,0,0,0,0,A
2466,1,0,0,0,0,0,0,0,0,0,0,A
2467,1,0,0,0,0,0,0,0,0,0,0,A
2468,1,0,0,0,0,0,0,0,0,0,0,A
2469,1,0,0,0,0,0,0,0,0,0,0,A
2470,1,0,0,0,0,0,0,0,0,0,0,A
2471,1,0,0,0,0,0,0,0,0,0,0,A
2472,1,0,0,0,0,0,0,0,0,0,0,A
2473,1,0,0,0,0,0,0,0,0,0,0,A
2474,1,0,0,0,0,0,0,0,0,0,0,A
2475,1,0,0,0,0,0,0,0,0,0,0,A
2476,1,0,0,0,0,0,0,0,0,0,0,A
2477,1,0,0,0,0,0,0,0,0,0,0,A
2478,1,0,0,0,0,0,0,0,0,0,0,A
2479,1,0,0,0,0,0,0,0,0,0,0,A
2480,1,0,0,0,0,0,0,0,0,0,0,A
2481,1,0,0,0,0,0,0,0,0,0,0,A
2482,1,0,0,0,0,0,0,0,0,0,0,A
2483,1,0,0,0,0,0,0,0,0,0,0,A
2484,1,0,0,0,0,0,0,0,0,0,0,A
2485,1,0,0,0,0,0,0,0,0,0,0,A
2486,1,0,0,0,0,0,0,0,0,0,0,A
2487,1,0,0,0,0,0,0,0,0,0,0,A
2488,1,0,0,0,0,0,0,0,0,0,0,A
2489,1,0,0,0,0,0,0,0,0,0,0,A
2490,1,0,0,0,0,0,0,0,0,0,0,A
2491,1,0,0,0,0,0,0,0,0,0,0,A
2492,1,0,0,0,0,0,0,0,0,0,0,A
2493,1,0,0,0,0,0,0,0,0,0,0,A
2494,1,0,0,0,0,0,0,0,0,0,0,A
2495,1,0,0,0,0,0,0,0,0,0,0,A
2496,1,0,0,0,0,0,0,0,0,0,0,A
2497,1,0,0,0,0,0,0,0,0,0,0,A
2498,1,0,0,0,0,0,0,0,0,0,0,A
2499,1,0,0,0,0,0,0,0,0,0,0,A
2500,1,0,0,0,0,0,0,0,0,0,0,A
2501,1,0,0,0,0,0,0,0,0,0,0,A
2502,1,0,0,0,0,0,0,0,0,0,0,A
2503,1,0,0,0,0,0,0,0,0,0,0,A
2504,1,0,0,0,0,0,0,0,0,0,0,A
2505,1,0,0,0,0,0,0,0,0,0,0,A
2506,1,0,0,0,0,0,0,0,0,0,0,A
2507,1,0,0,0,0,0,0,0,0,0,0,A
2508,1,0,0,0,0,0,0,0,0,0,0,A
2509,1,0,0,0,0,0,0,0,0,0,0,A
2510,1,0,0,0,0,0,0,0,0,0,0,A
2511,1,0,0,0,0,0,0,0,0,0,0,A
2512,1,0,0,0,0,0,0,0,0,0,0,A
2513,1,0,0,0,0,0,0,0,0,0,0,A
2514,1,0,0,0,0,0,0,0,0,0,0,A
2515,1,0,0,0,0,0,0,0,0,0,0,A
2516,1,0,0,0,0,0,0,0,0,0,0,A
2517,1,0,0,0,0,0,0,0,0,0,0,A
2518,1,0,0,0,0,0,0,0,0,0,0,A
2519,1,0,0,0,0,0,0,0,0,0,0,A
2520,1,0,0,0,0,0,0,0,0,0,0,A
2521,1,0,0,0,0,0,0,0,0,0,0,A
2522,1,0,0,0,0,0,0,0,0,0,0,A
2523,1,0,0,0,0,0,0,0,0,0,0,A
2524,1,0,0,0,0,0,0,0,0,0,0,A
2525,1,0,0,0,0,0,0,0,0,0,0,A
2526,1,0,0,0,0,0,0,0,0,0,0,A
2527,1,0,0,0,0,0,0,0,0,0,0,A
2528,1,0,0,0,0,0,0,0,0,0,0,A
2529,1,0,0,0,0,0,0,0,0,0,0,A
2530,1,0,0,0,0,0,0,0,0,0,0,A
2531,1,0,0,0,0,0,0,0,0,0,0,A
2532,1,0,0,0,0,0,0,0,0,0,0,A
2533,1,0,0,0,0,0,0,0,0,0,0,A
2534,1,0,0,0,0,0,0,0,0,0,0,A
2535,1,0,0,0,0,0,0,0,0,0,0,A
2536,1,0,0,0,0,0,0,0,0,0,0,A
2537,1,0,0,0,0,0,0,0,0,0,0,A
2538,1,0,0,0,0,0,0,0,0,0,0,A
2539,1,0,0,0,0,0,0,0,0,0,0,A
2540,1,0,0,0,0,0,0,0,0,0,0,A
2541,1,0,0,0,0,0,0,0,0,0,0,A
2542,1,0,0,0,0,0,0,0,0,0,0,A
2543,1,0,0,0,0,0,0,0,0,0,0,A
2544,1,0,0,0,0,0,0,0,0,0,0,A
2545,1,0,0,0,0,0,0,0,0,0,0,A
2546,1,0,0,0,0,0,0,0,0,0,0,A
2547,1,0,0,0,0,0,0,0,0,0,0,A
2548,1,0,0,0,0,0,0,0,0,0,0,A
2549,1,0,0,0,0,0,0,0,0,0,0,A
2550,1,0,0,0,0,0,0,0,0,0,0,A
2551,1,0,0,0,0,0,0,0,0,0,0,A
2552,1,0,0,0,0,0,0,0,0,0,0,A
2553,1,0,0,0,0,0,0,0,0,0,0,A
2554,1,0,0,0,0,0,0,0,0,0,0,A
2555,1,0,0,0,0,0,0,0,0,0,0,A
2556,1,0,0,0,0,0,0,0,0,0,0,A
2557,1,0,0,0,0,0,0,0,0,0,0,A
2558,1,0,0,0,0,0,0,0,0,0,0,A
2559,1,0,0,0,0,0,0,0,0,0,0,A
2560,1,0,0,0,0,0,0,0,0,0,0,A
2561,1,0,0,0,0,0,0,0,0,0,0,A
2562,1,0,0,0,0,0,0,0,0,0,0,A
2563,1,0,0,0,0,0,0,0,0,0,0,A
2564,1,0,0,0,0,0,0,0,0,0,0,A
2565,1,0,0,0,0,0,0,0,0,0,0,A
2566,1,0,0,0,0,0,0,0,0,0,0,A
2567,1,0,0,0,0,0,0,0,0,0,0,A
2568,1,0,0,0,0,0,0,0,0,0,0,A
2569,1,0,0,0,0,0,0,0,0,0,0,A
2570,1,0,0,0,0,0,0,0,0,0,0,A
2571,1,0,0,0,0,0,0,0,0,0,0,A
2572,1,0,0,0,0,0,0,0,0,0,0,A
2573,1,0,0,0,0,0,0,0,0,0,0,A
2574,1,0,0,0,0,0,0,0,0,0,0,A
2575,1,0,0,0,0,0,0,0,0,0,0,A
2576,1,0,0,0,0,0,0,0,0,0,0,A
2577,1,0,0,0,0,0,0,0,0,0,0,A
2578,1,0,0,0,0,0,0,0,0,0,0,A
2579,1,0,0,0,0,0,0,0,0,0,0,A
2580,1,0,0,0,0,0,0,0,0,0,0,A
2581,1,0,0,0,0,0,0,0,0,0,0,A
2582,1,0,0,0,0,0,0,0,0,0,0,A
2583,1,0,0,0,0,0,0,0,0,0,0,A
2584,1,0,0,0,0,0,0,0,0,0,0,A
2585,1,0,0,0,0,0,0,0,0,0,0,A
2586,1,0,0,0,0,0,0,0,0,0,0,A
2587,1,0,0,0,0,0,0,0,0,0,0,A
2588,1,0,0,0,0,0,0,0,0,0,0,A
2589,1,0,0,0,0,0,0,0,0,0,0,A
2590,1,0,0,0,0,0,0,0,0,0,0,A
2591,1,0,0,0,0,0,0,0,0,0,0,A
2592,1,0,0,0,0,0,0,0,0,0,0,A
2593,1,0,0,0,0,0,0,0,0,0,0,A
2594,1,0,0,0,0,0,0,0,0,0,0,A
2595,1,0,0,0,0,0,0,0,0,0,0,A
2596,1,0,0,0,0,0,0,0,0,0,0,A
2597,1,0,0,0,0,0,0,0,0,0,0,A
2598,1,0,0,0,0,0,0,0,0,0,0,A
2599,1,0,0,0,0,0,0,0,0,0,0,A
2600,1,0,0,0,0,0,0,0,0,0,0,A
2601,1,0,0,0,0,0,0,0,0,0,0,A
2602,1,0,0,0,0,0,0,0,0,0,0,A
2603,1,0,0,0,0,0,0,0,0,0,0,A
2604,1,0,0,0,0,0,0,0,0,0,0,A
2605,1,0,0,0,0,0,0,0,0,0,0,A
2606,1,0,0,0,0,0,0,0,0,0,0,A
2607,1,0,0,0,0,0,0,0,0,0,0,A
2608,1,0,0,0,0,0,0,0,0,0,0,A
2609,1,0,0,0,0,0,0,0,0,0,0,A
2610,1,0,0,0,0,0,0,0,0,0,0,A
2611,1,0,0,0,0,0,0,0,0,0,0,A
2612,1,0,0,0,0,0,0,0,0,0,0,A
2613,1,0,0,0,0,0,0,0,0,0,0,A
2614,1,0,0,0,0,0,0,0,0,0,0,A
2615,1,0,0,0,0,0,0,0,0,0,0,A
2616,1,0,0,0,0,0,0,0,0,0,0,A
2617,1,0,0,0,0,0,0,0,0,0,0,A
2618,1,0,0,0,0,0,0,0,0,0,0,A
2619,1,0,0,0,0,0,0,0,0,0,0,A
2620,1,0,0,0,0,0,0,0,0,0,0,A
2621,1,0,0,0,0,0,0,0,0,0,0,A
2622,1,0,0,0,0,0,0,0,0,0,0,A
2623,1,0,0,0,0,0,0,0,0,0,0,A
2624,1,0,0,0,0,0,0,0,0,0,0,A
2625,1,0,0,0,0,0,0,0,0,0,0,A
2626,1,0,0,0,0,0,0,0,0,0,0,A
2627,1,0,0,0,0,0,0,0,0,0,0,A
2628,1,0,0,0,0,0,0,0,0,0,0,A
2629,1,0,0,0,0,0,0,0,0,0,0,A
2630,1,0,0,0,0,0,0,0,0,0,0,A
2631,1,0,0,0,0,0,0,0,0,0,0,A
2632,1,0,0,0,0,0,0,0,0,0,0,A
2633,1,0,0,0,0,0,0,0,0,0,0,A
2634,1,0,0,0,0,0,0,0,0,0,0,A
2635,1,0,0,0,0,0,0,0,0,0,0,A
2636,1,0,0,0,0,0,0,0,0,0,0,A
2637,1,0,0,0,0,0,0,0,0,0,0,A
2638,1,0,0,0,0,0,0,0,0,0,0,A
2639,1,0,0,0,0,0,0,0,0,0,0,A
2640,1,0,0,0,0,0,0,0,0,0,0,A
2641,1,0,0,0,0,0,0,0,0,0,0,A
2642,1,0,0,0,0,0,0,0,0,0,0,A
2643,1,0,0,0,0,0,0,0,0,0,0,A
2644,1,0,0,0,0,0,0,0,0,0,0,A
2645,1,0,0,0,0,0,0,0,0,0,0,A
2646,1,0,0,0,0,0,0,0,0,0,0,A
2647,1,0,0,0,0,0,0,0,0,0,0,A
2648,1,0,0,0,0,0,0,0,0,0,0,A
2649,1,0,0,0,0,0,0,0,0,0,0,A
2650,1,0,0,0,0,0,0,0,0,0,0,A
2651,1,0,0,0,0,0,0,0,0,0,0,A
2652,1,0,0,0,0,0,0,0,0,0,0,A
2653,1,0,0,0,0,0,0,0,0,0,0,A
2654,1,0,0,0,0,0,0,0,0,0,0,A
2655,1,0,0,0,0,0,0,0,0,0,0,A
2656,1,0,0,0,0,0,0,0,0,0,0,A
2657,1,0,0,0,0,0,0,0,0,0,0,A
2658,1,0,0,0,0,0,0,0,0,0,0,A
2659,1,0,0,0,0,0,0,0,0,0,0,A
2660,1,0,0,0,0,0,0,0,0,0,0,A
2661,1,0,0,0,0,0,0,0,0,0,0,A
2662,1,0,0,0,0,0,0,0,0,0,0,A
2663,1,0,0,0,0,0,0,0,0,0,0,A
2664,1,0,0,0,0,0,0,0,0,0,0,A
2665,1,0,0,0,0,0,0,0,0,0,0,A
2666,1,0,0,0,0,0,0,0,0,0,0,A
2667,1,0,0,0,0,0,0,0,0,0,0,A
2668,1,0,0,0,0,0,0,0,0,0,0,A
2669,1,0,0,0,0,0,0,0,0,0,0,A
2670,1,0,0,0,0,0,0,0,0,0,0,A
2671,1,0,0,0,0,0,0,0,0,0,0,A
2672,1,0,0,0,0,0,0,0,0,0,0,A
2673,1,0,0,0,0,0,0,0,0,0,0,A
2674,1,0,0,0,0,0,0,0,0,0,0,A
2675,1,0,0,0,0,0,0,0,0,0,0,A
2676,1,0,0,0,0,0,0,0,0,0,0,A
2677,1,0,0,0,0,0,0,0,0,0,0,A
2678,1,0,0,0,0,0,0,0,0,0,0,A
2679,1,0,0,0,0,0,0,0,0,0,0,A
2680,1,0,0,0,0,0,0,0,0,0,0,A
2681,1,0,0,0,0,0,0,0,0,0,0,A
2682,1,0,0,0,0,0,0,0,0,0,0,A
2683,1,0,0,0,0,0,0,0,0,0,0,A
2684,1,0,0,0,0,0,0,0,0,0,0,A
2685,1,0,0,0,0,0,0,0,0,0,0,A
2686,1,0,0,0,0,0,0,0,0,0,0,A
2687,1,0,0,0,0,0,0,0,0,0,0,A
2688,1,0,0,0,0,0,0,0,0,0,0,A
2689,1,0,0,0,0,0,0,0,0,0,0,A
2690,1,0,0,0,0,0,0,0,0,0,0,A
2691,1,0,0,0,0,0,0,0,0,0,0,A
2692,1,0,0,0,0,0,0,0,0,0,0,A
2693,1,0,0,0,0,0,0,0,0,0,0,A
2694,1,0,0,0,0,0,0,0,0,0,0,A
2695,1,0,0,0,0,0,0,0,0,0,0,A
2696,1,0,0,0,0,0,0,0,0,0,0,A
2697,1,0,0,0,0,0,0,0,0,0,0,A
2698,1,0,0,0,0,0,0,0,0,0,0,A
2699,1,0,0,0,0,0,0,0,0,0,0,A
2700,1,0,0,0,0,0,0,0,0,0,0,A
2701,1,0,0,0,0,0,0,0,0,0,0,A
2702,1,0,0,0,0,0,0,0,0,0,0,A
2703,1,0,0,0,0,0,0,0,0,0,0,A
2704,1,0,0,0,0,0,0,0,0,0,0,A
2705,1,0,0,0,0,0,0,0,0,0,0,A
2706,1,0,0,0,0,0,0,0,0,0,0,A
2707,1,0,0,0,0,0,0,0,0,0,0,A
2708,1,0,0,0,0,0,0,0,0,0,0,A
2709,1,0,0,0,0,0,0,0,0,0,0,A
2710,1,0,0,0,0,0,0,0,0,0,0,A
2711,1,0,0,0,0,0,0,0,0,0,0,A
2712,1,0,0,0,0,0,0,0,0,0,0,A
2713,1,0,0,0,0,0,0,0,0,0,0,A
2714,1,0,0,0,0,0,0,0,0,0,0,A
2715,1,0,0,0,0,0,0,0,0,0,0,A
2716,1,0,0,0,0,0,0,0,0,0,0,A
2717,1,0,0,0,0,0,0,0,0,0,0,A
2718,1,0,0,0,0,0,0,0,0,0,0,A
2719,1,0,0,0,0,0,0,0,0,0,0,A
2720,1,0,0,0,0,0,0,0,0,0,0,A
2721,1,0,0,0,0,0,0,0,0,0,0,A
2722,1,0,0,0,0,0,0,0,0,0,0,A
2723,1,0,0,0,0,0,0,0,0,0,0,A
2724,1,0,0,0,0,0,0,0,0,0,0,A
2725,1,0,0,0,0,0,0,0,0,0,0,A
2726,1,0,0,0,0,0,0,0,0,0,0,A
2727,1,0,0,0,0,0,0,0,0,0,0,A
2728,1,0,0,0,0,0,0,0,0,0,0,A
2729,1,0,0,0,0,0,0,0,0,0,0,A
2730,1,0,0,0,0,0,0,0,0,0,0,A
2731,1,0,0,0,0,0,0,0,0,0,0,A
2732,1,0,0,0,0,0,0,0,0,0,0,A
2733,1,0,0,0,0,0,0,0,0,0,0,A
2734,1,0,0,0,0,0,0,0,0,0,0,A
2735,1,0,0,0,0,0,0,0,0,0,0,A
2736,1,0,0,0,0,0,0,0,0,0,0,A
2737,1,0,0,0,0,0,0,0,0,0,0,A
2738,1,0,0,0,0,0,0,0,0,0,0,A
2739,1,0,0,0,0,0,0,0,0,0,0,A
2740,1,0,0,0,0,0,0,0,0,0,0,A
2741,1,0,0,0,0,0,0,0,0,0,0,A
2742,1,0,0,0,0,0,0,0,0,0,0,A
2743,1,0,0,0,0,0,0,0,0,0,0,A
2744,1,0,0,0,0,0,0,0,0,0,0,A
2745,1,0,0,0,0,0,0,0,0,0,0,A
2746,1,0,0,0,0,0,0,0,0,0,0,A
2747,1,0,0,0,0,0,0,0,0,0,0,A
2748,1,0,0,0,0,0,0,0,0,0,0,A
2749,1,0,0,0,0,0,0,0,0,0,0,A
2750,1,0,0,0,0,0,0,0,0,0,0,A
2751,1,0,0,0,0,0,0,0,0,0,0,A
2752,1,0,0,0,0,0,0,0,0,0,0,A
2753,1,0,0,0,0,0,0,0,0,0,0,A
2754,1,0,0,0,0,0,0,0,0,0,0,A
2755,1,0,0,0,0,0,0,0,0,0,0,A
2756,1,0,0,0,0,0,0,0,0,0,0,A
2757,1,0,0,0,0,0,0,0,0,0,0,A
2758,1,0,0,0,0,0,0,0,0,0,0,A
2759,1,0,0,0,0,0,0,0,0,0,0,A
2760,1,0,0,0,0,0,0,0,0,0,0,A
2761,1,0,0,0,0,0,0,0,0,0,0,A
2762,1,0,0,0,0,0,0,0,0,0,0,A
2763,1,0,0,0,0,0,0,0,0,0,0,A
2764,1,0,0,0,0,0,0,0,0,0,0,A
2765,1,0,0,0,0,0,0,0,0,0,0,A
2766,1,0,0,0,0,0,0,0,0,0,0,A
2767,1,0,0,0,0,0,0,0,0,0,0,A
2768,1,0,0,0,0,0,0,0,0,0,0,A
2769,1,0,0,0,0,0,0,0,0,0,0,A
2770,1,0,0,0,0,0,0,0,0,0,0,A
2771,1,0,0,0,0,0,0,0,0,0,0,A
2772,1,0,0,0,0,0,0,0,0,0,0,A
2773,1,0,0,0,0,0,0,0,0,0,0,A
2774,1,0,0,0,0,0,0,0,0,0,0,A
2775,1,0,0,0,0,0,0,0,0,0,0,A
2776,1,0,0,0,0,0,0,0,0,0,0,A
2777,1,0,0,0,0,0,0,0,0,0,0,A
2778,1,0,0,0,0,0,0,0,0,0,0,A
2779,1,0,0,0,0,0,0,0,0,0,0,A
2780,1,0,0,0,0,0,0,0,0,0,0,A
2781,1,0,0,0,0,0,0,0,0,0,0,A
2782,1,0,0,0,0,0,0,0,0,0,0,A
2783,1,0,0,0,0,0,0,0,0,0,0,A
2784,1,0,0,0,0,0,0,0,0,0,0,A
2785,1,0,0,0,0,0,0,0,0,0,0,A
2786,1,0,0,0,0,0,0,0,0,0,0,A
2787,1,0,0,0,0,0,0,0,0,0,0,A
2788,1,0,0,0,0,0,0,0,0,0,0,A
2789,1,0,0,0,0,0,0,0,0,0,0,A
2790,1,0,0,0,0,0,0,0,0,0,0,A
2791,1,0,0,0,0,0,0,0,0,0,0,A
2792,1,0,0,0,0,0,0,0,0,0,0,A
2793,1,0,0,0,0,0,0,0,0,0,0,A
2794,1,0,0,0,0,0,0,0,0,0,0,A
2795,1,0,0,0,0,0,0,0,0,0,0,A
2796,1,0,0,0,0,0,0,0,0,0,0,A
2797,1,0,0,0,0,0,0,0,0,0,0,A
2798,1,0,0,0,0,0,0,0,0,0,0,A
2799,1,0,0,0,0,0,0,0,0,0,0,A
2800,1,0,0,0,0,0,0,0,0,0,0,A
2801,1,0,0,0,0,0,0,0,0,0,0,A
2802,1,0,0,0,0,0,0,0,0,0,0,A
2803,1,0,0,0,0,0,0,0,0,0,0,A
2804,1,0,0,0,0,0,0,0,0,0,0,A
2805,1,0,0,0,0,0,0,0,0,0,0,A
2806,1,0,0,0,0,0,0,0,0,0,0,A
2807,1,0,0,0,0,0,0,0,0,0,0,A
2808,1,0,0,0,0,0,0,0,0,0,0,A
2809,1,0,0,0,0,0,0,0,0,0,0,A
2810,1,0,0,0,0,0,0,0,0,0,0,A
2811,1,0,0,0,0,0,0,0,0,0,0,A
2812,1,0,0,0,0,0,0,0,0,0,0,A
2813,1,0,0,0,0,0,0,0,0,0,0,A
2814,1,0,0,0,0,0,0,0,0,0,0,A
2815,1,0,0,0,0,0,0,0,0,0,0,A
2816,1,0,0,0,0,0,0,0,0,0,0,A
2817,1,0,0,0,0,0,0,0,0,0,0,A
2818,1,0,0,0,0,0,0,0,0,0,0,A
2819,1,0,0,0,0,0,0,0,0,0,0,A
2820,1,0,0,0,0,0,0,0,0,0,0,A
2821,1,0,0,0,0,0,0,0,0,0,0,A
2822,1,0,0,0,0,0,0,0,0,0,0,A
2823,1,0,0,0,0,0,0,0,0,0,0,A
2824,1,0,0,0,0,0,0,0,0,0,0,A
2825,1,0,0,0,0,0,0,0,0,0,0,A
2826,1,0,0,0,0,0,0,0,0,0,0,A
2827,1,0,0,0,0,0,0,0,0,0,0,A
2828,1,0,0,0,0,0,0,0,0,0,0,A
2829,1,0,0,0,0,0,0,0,0,0,0,A
2830,1,0,0,0,0,0,0,0,0,0,0,A
2831,1,0,0,0,0,0,0,0,0,0,0,A
2832,1,0,0,0,0,0,0,0,0,0,0,A
2833,1,0,0,0,0,0,0,0,0,0,0,A
2834,1,0,0,0,0,0,0,0,0,0,0,A
2835,1,0,0,0,0,0,0,0,0,0,0,A
2836,1,0,0,0,0,0,0,0,0,0,0,A
2837,1,0,0,0,0,0,0,0,0,0,0,A
2838,1,0,0,0,0,0,0,0,0,0,0,A
2839,1,0,0,0,0,0,0,0,0,0,0,A
2840,1,0,0,0,0,0,0,0,0,0,0,A
2841,1,0,0,0,0,0,0,0,0,0,0,A
2842,1,0,0,0,0,0,0,0,0,0,0,A
2843,1,0,0,0,0,0,0,0,0,0,0,A
2844,1,0,0,0,0,0,0,0,0,0,0,A
2845,1,0,0,0,0,0,0,0,0,0,0,A
2846,1,0,0,0,0,0,0,0,0,0,0,A
2847,1,0,0,0,0,0,0,0,0,0,0,A
2848,1,0,0,0,0,0,0,0,0,0,0,A
2849,1,0,0,0,0,0,0,0,0,0,0,A
2850,1,0,0,0,0,0,0,0,0,0,0,A
2851,1,0,0,0,0,0,0,0,0,0,0,A
2852,1,0,0,0,0,0,0,0,0,0,0,A
2853,1,0,0,0,0,0,0,0,0,0,0,A
2854,1,0,0,0,0,0,0,0,0,0,0,A
2855,1,0,0,0,0,0,0,0,0,0,0,A
2856,1,0,0,0,0,0,0,0,0,0,0,A
2857,1,0,0,0,0,0,0,0,0,0,0,A
2858,1,0,0,0,0,0,0,0,0,0,0,A
2859,1,0,0,0,0,0,0,0,0,0,0,A
2860,1,0,0,0,0,0,0,0,0,0,0,A
2861,1,0,0,0,0,0,0,0,0,0,0,A
2862,1,0,0,0,0,0,0,0,0,0,0,A
2863,1,0,0,0,0,0,0,0,0,0,0,A
2864,1,0,0,0,0,0,0,0,0,0,0,A
2865,1,0,0,0,0,0,0,0,0,0,0,A
2866,1,0,0,0,0,0,0,0,0,0,0,A
2867,1,0,0,0,0,0,0,0,0,0,0,A
2868,1,0,0,0,0,0,0,0,0,0,0,A
2869,1,0,0,0,0,0,0,0,0,0,0,A
2870,1,0,0,0,0,0,0,0,0,0,0,A
2871,1,0,0,0,0,0,0,0,0,0,0,A
2872,1,0,0,0,0,0,0,0,0,0,0,A
2873,1,0,0,0,0,0,0,0,0,0,0,A
2874,1,0,0,0,0,0,0,0,0,0,0,A
2875,1,0,0,0,0,0,0,0,0,0,0,A
2876,1,0,0,0,0,0,0,0,0,0,0,A
2877,1,0,0,0,0,0,0,0,0,0,0,A
2878,1,0,0,0,0,0,0,0,0,0,0,A
2879,1,0,0,0,0,0,0,0,0,0,0,A
2880,1,0,0,0,0,0,0,0,0,0,0,A
2881,1,0,0,0,0,0,0,0,0,0,0,A
2882,1,0,0,0,0,0,0,0,0,0,0,A
2883,1,0,0,0,0,0,0,0,0,0,0,A
2884,1,0,0,0,0,0,0,0,0,0,0,A
2885,1,0,0,0,0,0,0,0,0,0,0,A
2886,1,0,0,0,0,0,0,0,0,0,0,A
2887,1,0,0,0,0,0,0,0,0,0,0,A
2888,1,0,0,0,0,0,0,0,0,0,0,A
2889,1,0,0,0,0,0,0,0,0,0,0,A
2890,1,0,0,0,0,0,0,0,0,0,0,A
2891,1,0,0,0,0,0,0,0,0,0,0,A
2892,1,0,0,0,0,0,0,0,0,0,0,A
2893,1,0,0,0,0,0,0,0,0,0,0,A
2894,1,0,0,0,0,0,0,0,0,0,0,A
2895,1,0,0,0,0,0,0,0,0,0,0,A
2896,1,0,0,0,0,0,0,0,0,0,0,A
2897,1,0,0,0,0,0,0,0,0,0,0,A
2898,1,0,0,0,0,0,0,0,0,0,0,A
2899,1,0,0,0,0,0,0,0,0,0,0,A
2900,1,0,0,0,0,0,0,0,0,0,0,A
2901,1,0,0,0,0,0,0,0,0,0,0,A
2902,1,0,0,0,0,0,0,0,0,0,0,A
2903,1,0,0,0,0,0,0,0,0,0,0,A
2904,1,0,0,0,0,0,0,0,0,0,0,A
2905,1,0,0,0,0,0,0,0,0,0,0,A
2906,1,0,0,0,0,0,0,0,0,0,0,A
2907,1,0,0,0,0,0,0,0,0,0,0,A
2908,1,0,0,0,0,0,0,0,0,0,0,A
2909,1,0,0,0,0,0,0,0,0,0,0,A
2910,1,0,0,0,0,0,0,0,0,0,0,A
2911,1,0,0,0,0,0,0,0,0,0,0,A
2912,1,0,0,0,0,0,0,0,0,0,0,A
2913,1,0,0,0,0,0,0,0,0,0,0,A
2914,1,0,0,0,0,0,0,0,0,0,0,A
2915,1,0,0,0,0,0,0,0,0,0,0,A
2916,1,0,0,0,0,0,0,0,0,0,0,A
2917,1,0,0,0,0,0,0,0,0,0,0,A
2918,1,0,0,0,0,0,0,0,0,0,0,A
2919,1,0,0,0,0,0,0,0,0,0,0,A
2920,1,0,0,0,0,0,0,0,0,0,0,A
2921,1,0,0,0,0,0,0,0,0,0,0,A
2922,1,0,0,0,0,0,0,0,0,0,0,A
2923,1,0,0,0,0,0,0,0,0,0,0,A
2924,1,0,0,0,0,0,0,0,0,0,0,A
2925,1,0,0,0,0,0,0,0,0,0,0,A
2926,1,0,0,0,0,0,0,0,0,0,0,A
2927,1,0,0,0,0,0,0,0,0,0,0,A
2928,1,0,0,0,0,0,0,0,0,0,0,A
2929,1,0,0,0,0,0,0,0,0,0,0,A
2930,1,0,0,0,0,0,0,0,0,0,0,A
2931,1,0,0,0,0,0,0,0,0,0,0,A
2932,1,0,0,0,0,0,0,0,0,0,0,A
2933,1,0,0,0,0,0,0,0,0,0,0,A
2934,1,0,0,0,0,0,0,0,0,0,0,A
2935,1,0,0,0,0,0,0,0,0,0,0,A
2936,1,0,0,0,0,0,0,0,0,0,0,A
2937,1,0,0,0,0,0,0,0,0,0,0,A
2938,1,0,0,0,0,0,0,0,0,0,0,A
2939,1,0,0,0,0,0,0,0,0,0,0,A
2940,1,0,0,0,0,0,0,0,0,0,0,A
2941,1,0,0,0,0,0,0,0,0,0,0,A
2942,1,0,0,0,0,0,0,0,0,0,0,A
2943,1,0,0,0,0,0,0,0,0,0,0,A
2944,1,0,0,0,0,0,0,0,0,0,0,A
2945,1,0,0,0,0,0,0,0,0,0,0,A
2946,1,0,0,0,0,0,0,0,0,0,0,A
2947,1,0,0,0,0,0,0,0,0,0,0,A
2948,1,0,0,0,0,0,0,0,0,0,0,A
2949,1,0,0,0,0,0,0,0,0,0,0,A
2950,1,0,0,0,0,0,0,0,0,0,0,A
2951,1,0,0,0,0,0,0,0,0,0,0,A
2952,1,0,0,0,0,0,0,0,0,0,0,A
2953,1,0,0,0,0,0,0,0,0,0,0,A
2954,1,0,0,0,0,0,0,0,0,0,0,A
2955,1,0,0,0,0,0,0,0,0,0,0,A
2956,1,0,0,0,0,0,0,0,0,0,0,A
2957,1,0,0,0,0,0,0,0,0,0,0,A
2958,1,0,0,0,0,0,0,0,0,0,0,A
2959,1,0,0,0,0,0,0,0,0,0,0,A
2960,1,0,0,0,0,0,0,0,0,0,0,A
2961,1,0,0,0,0,0,0,0,0,0,0,A
2962,1,0,0,0,0,0,0,0,0,0,0,A
2963,1,0,0,0,0,0,0,0,0,0,0,A
2964,1,0,0,0,0,0,0,0,0,0,0,A
2965,1,0,0,0,0,0,0,0,0,0,0,A
2966,1,0,0,0,0,0,0,0,0,0,0,A
2967,1,0,0,0,0,0,0,0,0,0,0,A
2968,1,0,0,0,0,0,0,0,0,0,0,A
2969,1,0,0,0,0,0,0,0,0,0,0,A
2970,1,0,0,0,0,0,0,0,0,0,0,A
2971,1,0,0,0,0,0,0,0,0,0,0,A
2972,1,0,0,0,0,0,0,0,0,0,0,A
2973,1,0,0,0,0,0,0,0,0,0,0,A
2974,1,0,0,0,0,0,0,0,0,0,0,A
2975,1,0,0,0,0,0,0,0,0,0,0,A
2976,1,0,0,0,0,0,0,0,0,0,0,A
2977,1,0,0,0,0,0,0,0,0,0,0,A
2978,1,0,0,0,0,0,0,0,0,0,0,A
2979,1,0,0,0,0,0,0,0,0,0,0,A
2980,1,0,0,0,0,0,0,0,0,0,0,A
2981,1,0,0,0,0,0,0,0,0,0,0,A
2982,1,0,0,0,0,0,0,0,0,0,0,A
2983,1,0,0,0,0,0,0,0,0,0,0,A
2984,1,0,0,0,0,0,0,0,0,0,0,A
2985,1,0,0,0,0,0,0,0,0,0,0,A
2986,1,0,0,0,0,0,0,0,0,0,0,A
2987,1,0,0,0,0,0,0,0,0,0,0,A
2988,1,0,0,0,0,0,0,0,0,0,0,A
2989,1,0,0,0,0,0,0,0,0,0,0,A
2990,1,0,0,0,0,0,0,0,0,0,0,A
2991,1,0,0,0,0,0,0,0,0,0,0,A
2992,1,0,0,0,0,0,0,0,0,0,0,A
2993,1,0,0,0,0,0,0,0,0,0,0,A
2994,1,0,0,0,0,0,0,0,0,0,0,A
2995,1,0,0,0,0,0,0,0,0,0,0,A
2996,1,0,0,0,0,0,0,0,0,0,0,A
2997,1,0,0,0,0,0,0,0,0,0,0,A
2998,1,0,0,0,0,0,0,0,0,0,0,A
2999,1,0,0,0,0,0,0,0,0,0,0,A
3000,1,0,0,0,0,0,0,0,0,0,0,A
3001,1,0,0,0,0,0,0,0,0,0,0,A
3002,1,0,0,0,0,0,0,0,0,0,0,A
3003,1,0,0,0,0,0,0,0,0,0,0,A
3004,1,0,0,0,0,0,0,0,0,0,0,A
3005,1,0,0,0,0,0,0,0,0,0,0,A
3006,1,0,0,0,0,0,0,0,0,0,0,A
3007,1,0,0,0,0,0,0,0,0,0,0,A
3008,1,0,0,0,0,0,0,0,0,0,0,A
3009,1,0,0,0,0,0,0,0,0,0,0,A
3010,1,0,0,0,0,0,0,0,0,0,0,A
3011,1,0,0,0,0,0,0,0,0,0,0,A
3012,1,0,0,0,0,0,0,0,0,0,0,A
3013,1,0,0,0,0,0,0,0,0,0,0,A
3014,1,0,0,0,0,0,0,0,0,0,0,A
3015,1,0,0,0,0,0,0,0,0,0,0,A
3016,1,0,0,0,0,0,0,0,0,0,0,A
3017,1,0,0,0,0,0,0,0,0,0,0,A
3018,1,0,0,0,0,0,0,0,0,0,0,A
3019,1,0,0,0,0,0,0,0,0,0,0,A
3020,1,0,0,0,0,0,0,0,0,0,0,A
3021,1,0,0,0,0,0,0,0,0,0,0,A
3022,1,0,0,0,0,0,0,0,0,0,0,A
3023,1,0,0,0,0,0,0,0,0,0,0,A
3024,1,0,0,0,0,0,0,0,0,0,0,A
3025,1,0,0,0,0,0,0,0,0,0,0,A
3026,1,0,0,0,0,0,0,0,0,0,0,A
3027,1,0,0,0,0,0,0,0,0,0,0,A
3028,1,0,0,0,0,0,0,0,0,0,0,A
3029,1,0,0,0,0,0,0,0,0,0,0,A
3030,1,0,0,0,0,0,0,0,0,0,0,A
3031,1,0,0,0,0,0,0,0,0,0,0,A
3032,1,0,0,0,0,0,0,0,0,0,0,A
3033,1,0,0,0,0,0,0,0,0,0,0,A
3034,1,0,0,0,0,0,0,0,0,0,0,A
3035,1,0,0,0,0,0,0,0,0,0,0,A
3036,1,0,0,0,0,0,0,0,0,0,0,A
3037,1,0,0,0,0,0,0,0,0,0,0,A
3038,1,0,0,0,0,0,0,0,0,0,0,A
3039,1,0,0,0,0,0,0,0,0,0,0,A
3040,1,0,0,0,0,0,0,0,0,0,0,A
3041,1,0,0,0,0,0,0,0,0,0,0,A
3042,1,0,0,0,0,0,0,0,0,0,0,A
3043,1,0,0,0,0,0,0,0,0,0,0,A
3044,1,0,0,0,0,0,0,0,0,0,0,A
3045,1,0,0,0,0,0,0,0,0,0,0,A
3046,1,0,0,0,0,0,0,0,0,0,0,A
3047,1,0,0,0,0,0,0,0,0,0,0,A
3048,1,0,0,0,0,0,0,0,0,0,0,A
3049,1,0,0,0,0,0,0,0,0,0,0,A
3050,1,0,0,0,0,0,0,0,0,0,0,A
3051,1,0,0,0,0,0,0,0,0,0,0,A
3052,1,0,0,0,0,0,0,0,0,0,0,A
3053,1,0,0,0,0,0,0,0,0,0,0,A
3054,1,0,0,0,0,0,0,0,0,0,0,A
3055,1,0,0,0,0,0,0,0,0,0,0,A
3056,1,0,0,0,0,0,0,0,0,0,0,A
3057,1,0,0,0,0,0,0,0,0,0,0,A
3058,1,0,0,0,0,0,0,0,0,0,0,A
3059,1,0,0,0,0,0,0,0,0,0,0,A
3060,1,0,0,0,0,0,0,0,0,0,0,A
3061,1,0,0,0,0,0,0,0,0,0,0,A
3062,1,0,0,0,0,0,0,0,0,0,0,A
3063,1,0,0,0,0,0,0,0,0,0,0,A
3064,1,0,0,0,0,0,0,0,0,0,0,A
3065,1,0,0,0,0,0,0,0,0,0,0,A
3066,1,0,0,0,0,0,0,0,0,0,0,A
3067,1,0,0,0,0,0,0,0,0,0,0,A
3068,1,0,0,0,0,0,0,0,0,0,0,A
3069,1,0,0,0,0,0,0,0,0,0,0,A
3070,1,0,0,0,0,0,0,0,0,0,0,A
3071,1,0,0,0,0,0,0,0,0,0,0,A
3072,1,0,0,0,0,0,0,0,0,0,0,A
3073,1,0,0,0,0,0,0,0,0,0,0,A
3074,1,0,0,0,0,0,0,0,0,0,0,A
3075,1,0,0,0,0,0,0,0,0,0,0,A
3076,1,0,0,0,0,0,0,0,0,0,0,A
3077,1,0,0,0,0,0,0,0,0,0,0,A
3078,1,0,0,0,0,0,0,0,0,0,0,A
3079,1,0,0,0,0,0,0,0,0,0,0,A
3080,1,0,0,0,0,0,0,0,0,0,0,A
3081,1,0,0,0,0,0,0,0,0,0,0,A
3082,1,0,0,0,0,0,0,0,0,0,0,A
3083,1,0,0,0,0,0,0,0,0,0,0,A
3084,1,0,0,0,0,0,0,0,0,0,0,A
3085,1,0,0,0,0,0,0,0,0,0,0,A
3086,1,0,0,0,0,0,0,0,0,0,0,A
3087,1,0,0,0,0,0,0,0,0,0,0,A
3088,1,0,0,0,0,0,0,0,0,0,0,A
3089,1,0,0,0,0,0,0,0,0,0,0,A
3090,1,0,0,0,0,0,0,0,0,0,0,A
3091,1,0,0,0,0,0,0,0,0,0,0,A
3092,1,0,0,0,0,0,0,0,0,0,0,A
3093,1,0,0,0,0,0,0,0,0,0,0,A
3094,1,0,0,0,0,0,0,0,0,0,0,A
3095,1,0,0,0,0,0,0,0,0,0,0,A
3096,1,0,0,0,0,0,0,0,0,0,0,A
3097,1,0,0,0,0,0,0,0,0,0,0,A
3098,1,0,0,0,0,0,0,0,0,0,0,A
3099,1,0,0,0,0,0,0,0,0,0,0,A
3100,1,0,0,0,0,0,0,0,0,0,0,A
3101,1,0,0,0,0,0,0,0,0,0,0,A
3102,1,0,0,0,0,0,0,0,0,0,0,A
3103,1,0,0,0,0,0,0,0,0,0,0,A
3104,1,0,0,0,0,0,0,0,0,0,0,A
3105,1,0,0,0,0,0,0,0,0,0,0,A
3106,1,0,0,0,0,0,0,0,0,0,0,A
3107,1,0,0,0,0,0,0,0,0,0,0,A
3108,1,0,0,0,0,0,0,0,0,0,0,A
3109,1,0,0,0,0,0,0,0,0,0,0,A
3110,1,0,0,0,0,0,0,0,0,0,0,A
3111,1,0,0,0,0,0,0,0,0,0,0,A
3112,1,0,0,0,0,0,0,0,0,0,0,A
3113,1,0,0,0,0,0,0,0,0,0,0,A
3114,1,0,0,0,0,0,0,0,0,0,0,A
3115,1,0,0,0,0,0,0,0,0,0,0,A
3116,1,0,0,0,0,0,0,0,0,0,0,A
3117,1,0,0,0,0,0,0,0,0,0,0,A
3118,1,0,0,0,0,0,0,0,0,0,0,A
3119,1,0,0,0,0,0,0,0,0,0,0,A
3120,1,0,0,0,0,0,0,0,0,0,0,A
3121,1,0,0,0,0,0,0,0,0,0,0,A
3122,1,0,0,0,0,0,0,0,0,0,0,A
3123,1,0,0,0,0,0,0,0,0,0,0,A
3124,1,0,0,0,0,0,0,0,0,0,0,A
3125,1,0,0,0,0,0,0,0,0,0,0,A
3126,1,0,0,0,0,0,0,0,0,0,0,A
3127,1,0,0,0,0,0,0,0,0,0,0,A
3128,1,0,0,0,0,0,0,0,0,0,0,A
3129,1,0,0,0,0,0,0,0,0,0,0,A
3130,1,0,0,0,0,0,0,0,0,0,0,A
3131,1,0,0,0,0,0,0,0,0,0,0,A
3132,1,0,0,0,0,0,0,0,0,0,0,A
3133,1,0,0,0,0,0,0,0,0,0,0,A
3134,1,0,0,0,0,0,0,0,0,0,0,A
3135,1,0,0,0,0,0,0,0,0,0,0,A
3136,1,0,0,0,0,0,0,0,0,0,0,A
3137,1,0,0,0,0,0,0,0,0,0,0,A
3138,1,0,0,0,0,0,0,0,0,0,0,A
3139,1,0,0,0,0,0,0,0,0,0,0,A
3140,1,0,0,0,0,0,0,0,0,0,0,A
3141,1,0,0,0,0,0,0,0,0,0,0,A
3142,1,0,0,0,0,0,0,0,0,0,0,A
3143,1,0,0,0,0,0,0,0,0,0,0,A
3144,1,0,0,0,0,0,0,0,0,0,0,A
3145,1,0,0,0,0,0,0,0,0,0,0,A
3146,1,0,0,0,0,0,0,0,0,0,0,A
3147,1,0,0,0,0,0,0,0,0,0,0,A
3148,1,0,0,0,0,0,0,0,0,0,0,A
3149,1,0,0,0,0,0,0,0,0,0,0,A
3150,1,0,0,0,0,0,0,0,0,0,0,A
3151,1,0,0,0,0,0,0,0,0,0,0,A
3152,1,0,0,0,0,0,0,0,0,0,0,A
3153,1,0,0,0,0,0,0,0,0,0,0,A
3154,1,0,0,0,0,0,0,0,0,0,0,A
3155,1,0,0,0,0,0,0,0,0,0,0,A
3156,1,0,0,0,0,0,0,0,0,0,0,A
3157,1,0,0,0,0,0,0,0,0,0,0,A
3158,1,0,0,0,0,0,0,0,0,0,0,A
3159,1,0,0,0,0,0,0,0,0,0,0,A
3160,1,0,0,0,0,0,0,0,0,0,0,A
3161,1,0,0,0,0,0,0,0,0,0,0,A
3162,1,0,0,0,0,0,0,0,0,0,0,A
3163,1,0,0,0,0,0,0,0,0,0,0,A
3164,1,0,0,0,0,0,0,0,0,0,0,A
3165,1,0,0,0,0,0,0,0,0,0,0,A
3166,1,0,0,0,0,0,0,0,0,0,0,A
3167,1,0,0,0,0,0,0,0,0,0,0,A
3168,1,0,0,0,0,0,0,0,0,0,0,A
3169,1,0,0,0,0,0,0,0,0,0,0,A
3170,1,0,0,0,0,0,0,0,0,0,0,A
3171,1,0,0,0,0,0,0,0,0,0,0,A
3172,1,0,0,0,0,0,0,0,0,0,0,A
3173,1,0,0,0,0,0,0,0,0,0,0,A
3174,1,0,0,0,0,0,0,0,0,0,0,A
3175,1,0,0,0,0,0,0,0,0,0,0,A
3176,1,0,0,0,0,0,0,0,0,0,0,A
3177,1,0,0,0,0,0,0,0,0,0,0,A
3178,1,0,0,0,0,0,0,0,0,0,0,A
3179,1,0,0,0,0,0,0,0,0,0,0,A
3180,1,0,0,0,0,0,0,0,0,0,0,A
3181,1,0,0,0,0,0,0,0,0,0,0,A
3182,1,0,0,0,0,0,0,0,0,0,0,A
3183,1,0,0,0,0,0,0,0,0,0,0,A
3184,1,0,0,0,0,0,0,0,0,0,0,A
3185,1,0,0,0,0,0,0,0,0,0,0,A
3186,1,0,0,0,0,0,0,0,0,0,0,A
3187,1,0,0,0,0,0,0,0,0,0,0,A
3188,1,0,0,0,0,0,0,0,0,0,0,A
3189,1,0,0,0,0,0,0,0,0,0,0,A
3190,1,0,0,0,0,0,0,0,0,0,0,A
3191,1,0,0,0,0,0,0,0,0,0,0,A
3192,1,0,0,0,0,0,0,0,0,0,0,A
3193,1,0,0,0,0,0,0,0,0,0,0,A
3194,1,0,0,0,0,0,0,0,0,0,0,A
3195,1,0,0,0,0,0,0,0,0,0,0,A
3196,1,0,0,0,0,0,0,0,0,0,0,A
3197,1,0,0,0,0,0,0,0,0,0,0,A
3198,1,0,0,0,0,0,0,0,0,0,0,A
3199,1,0,0,0,0,0,0,0,0,0,0,A
3200,1,0,0,0,0,0,0,0,0,0,0,A
3201,1,0,0,0,0,0,0,0,0,0,0,A
3202,1,0,0,0,0,0,0,0,0,0,0,A
3203,1,0,0,0,0,0,0,0,0,0,0,A
3204,1,0,0,0,0,0,0,0,0,0,0,A
3205,1,0,0,0,0,0,0,0,0,0,0,A
3206,1,0,0,0,0,0,0,0,0,0,0,A
3207,1,0,0,0,0,0,0,0,0,0,0,A
3208,1,0,0,0,0,0,0,0,0,0,0,A
3209,1,0,0,0,0,0,0,0,0,0,0,A
3210,1,0,0,0,0,0,0,0,0,0,0,A
3211,1,0,0,0,0,0,0,0,0,0,0,A
3212,1,0,0,0,0,0,0,0,0,0,0,A
3213,1,0,0,0,0,0,0,0,0,0,0,A
3214,1,0,0,0,0,0,0,0,0,0,0,A
3215,1,0,0,0,0,0,0,0,0,0,0,A
3216,1,0,0,0,0,0,0,0,0,0,0,A
3217,1,0,0,0,0,0,0,0,0,0,0,A
3218,1,0,0,0,0,0,0,0,0,0,0,A
3219,1,0,0,0,0,0,0,0,0,0,0,A
3220,1,0,0,0,0,0,0,0,0,0,0,A
3221,1,0,0,0,0,0,0,0,0,0,0,A
3222,1,0,0,0,0,0,0,0,0,0,0,A
3223,1,0,0,0,0,0,0,0,0,0,0,A
3224,1,0,0,0,0,0,0,0,0,0,0,A
3225,1,0,0,0,0,0,0,0,0,0,0,A
3226,1,0,0,0,0,0,0,0,0,0,0,A
3227,1,0,0,0,0,0,0,0,0,0,0,A
3228,1,0,0,0,0,0,0,0,0,0,0,A
3229,1,0,0,0,0,0,0,0,0,0,0,A
3230,1,0,0,0,0,0,0,0,0,0,0,A
3231,1,0,0,0,0,0,0,0,0,0,0,A
3232,1,0,0,0,0,0,0,0,0,0,0,A
3233,1,0,0,0,0,0,0,0,0,0,0,A
3234,1,0,0,0,0,0,0,0,0,0,0,A
3235,1,0,0,0,0,0,0,0,0,0,0,A
3236,1,0,0,0,0,0,0,0,0,0,0,A
3237,1,0,0,0,0,0,0,0,0,0,0,A
3238,1,0,0,0,0,0,0,0,0,0,0,A
3239,1,0,0,0,0,0,0,0,0,0,0,A
3240,1,0,0,0,0,0,0,0,0,0,0,A
3241,1,0,0,0,0,0,0,0,0,0,0,A
3242,1,0,0,0,0,0,0,0,0,0,0,A
3243,1,0,0,0,0,0,0,0,0,0,0,A
3244,1,0,0,0,0,0,0,0,0,0,0,A
3245,1,0,0,0,0,0,0,0,0,0,0,A
3246,1,0,0,0,0,0,0,0,0,0,0,A
3247,1,0,0,0,0,0,0,0,0,0,0,A
3248,1,0,0,0,0,0,0,0,0,0,0,A
3249,1,0,0,0,0,0,0,0,0,0,0,A
3250,1,0,0,0,0,0,0,0,0,0,0,A
3251,1,0,0,0,0,0,0,0,0,0,0,A
3252,1,0,0,0,0,0,0,0,0,0,0,A
3253,1,0,0,0,0,0,0,0,0,0,0,A
3254,1,0,0,0,0,0,0,0,0,0,0,A
3255,1,0,0,0,0,0,0,0,0,0,0,A
3256,1,0,0,0,0,0,0,0,0,0,0,A
3257,1,0,0,0,0,0,0,0,0,0,0,A
3258,1,0,0,0,0,0,0,0,0,0,0,A
3259,1,0,0,0,0,0,0,0,0,0,0,A
3260,1,0,0,0,0,0,0,0,0,0,0,A
3261,1,0,0,0,0,0,0,0,0,0,0,A
3262,1,0,0,0,0,0,0,0,0,0,0,A
3263,1,0,0,0,0,0,0,0,0,0,0,A
3264,1,0,0,0,0,0,0,0,0,0,0,A
3265,1,0,0,0,0,0,0,0,0,0,0,A
3266,1,0,0,0,0,0,0,0,0,0,0,A
3267,1,0,0,0,0,0,0,0,0,0,0,A
3268,1,0,0,0,0,0,0,0,0,0,0,A
3269,1,0,0,0,0,0,0,0,0,0,0,A
3270,1,0,0,0,0,0,0,0,0,0,0,A
3271,1,0,0,0,0,0,0,0,0,0,0,A
3272,1,0,0,0,0,0,0,0,0,0,0,A
3273,1,0,0,0,0,0,0,0,0,0,0,A
3274,1,0,0,0,0,0,0,0,0,0,0,A
3275,1,0,0,0,0,0,0,0,0,0,0,A
3276,1,0,0,0,0,0,0,0,0,0,0,A
3277,1,0,0,0,0,0,0,0,0,0,0,A
3278,1,0,0,0,0,0,0,0,0,0,0,A
3279,1,0,0,0,0,0,0,0,0,0,0,A
3280,1,0,0,0,0,0,0,0,0,0,0,A
3281,1,0,0,0,0,0,0,0,0,0,0,A
3282,1,0,0,0,0,0,0,0,0,0,0,A
3283,1,0,0,0,0,0,0,0,0,0,0,A
3284,1,0,0,0,0,0,0,0,0,0,0,A
3285,1,0,0,0,0,0,0,0,0,0,0,A
3286,1,0,0,0,0,0,0,0,0,0,0,A
3287,1,0,0,0,0,0,0,0,0,0,0,A
3288,1,0,0,0,0,0,0,0,0,0,0,A
3289,1,0,0,0,0,0,0,0,0,0,0,A
3290,1,0,0,0,0,0,0,0,0,0,0,A
3291,1,0,0,0,0,0,0,0,0,0,0,A
3292,1,0,0,0,0,0,0,0,0,0,0,A
3293,1,0,0,0,0,0,0,0,0,0,0,A
3294,1,0,0,0,0,0,0,0,0,0,0,A
3295,1,0,0,0,0,0,0,0,0,0,0,A
3296,1,0,0,0,0,0,0,0,0,0,0,A
3297,1,0,0,0,0,0,0,0,0,0,0,A
3298,1,0,0,0,0,0,0,0,0,0,0,A
3299,1,0,0,0,0,0,0,0,0,0,0,A
3300,1,0,0,0,0,0,0,0,0,0,0,A
3301,1,0,0,0,0,0,0,0,0,0,0,A
3302,1,0,0,0,0,0,0,0,0,0,0,A
3303,1,0,0,0,0,0,0,0,0,0,0,A
3304,1,0,0,0,0,0,0,0,0,0,0,A
3305,1,0,0,0,0,0,0,0,0,0,0,A
3306,1,0,0,0,0,0,0,0,0,0,0,A
3307,1,0,0,0,0,0,0,0,0,0,0,A
3308,1,0,0,0,0,0,0,0,0,0,0,A
3309,1,0,0,0,0,0,0,0,0,0,0,A
3310,1,0,0,0,0,0,0,0,0,0,0,A
3311,1,0,0,0,0,0,0,0,0,0,0,A
3312,1,0,0,0,0,0,0,0,0,0,0,A
3313,1,0,0,0,0,0,0,0,0,0,0,A
3314,1,0,0,0,0,0,0,0,0,0,0,A
3315,1,0,0,0,0,0,0,0,0,0,0,A
3316,1,0,0,0,0,0,0,0,0,0,0,A
3317,1,0,0,0,0,0,0,0,0,0,0,A
3318,1,0,0,0,0,0,0,0,0,0,0,A
3319,1,0,0,0,0,0,0,0,0,0,0,A
3320,1,0,0,0,0,0,0,0,0,0,0,A
3321,1,0,0,0,0,0,0,0,0,0,0,A
3322,1,0,0,0,0,0,0,0,0,0,0,A
3323,1,0,0,0,0,0,0,0,0,0,0,A
3324,1,0,0,0,0,0,0,0,0,0,0,A
3325,1,0,0,0,0,0,0,0,0,0,0,A
3326,1,0,0,0,0,0,0,0,0,0,0,A
3327,1,0,0,0,0,0,0,0,0,0,0,A
3328,1,0,0,0,0,0,0,0,0,0,0,A
3329,1,0,0,0,0,0,0,0,0,0,0,A
3330,1,0,0,0,0,0,0,0,0,0,0,A
3331,1,0,0,0,0,0,0,0,0,0,0,A
3332,1,0,0,0,0,0,0,0,0,0,0,A
3333,1,0,0,0,0,0,0,0,0,0,0,A
3334,1,0,0,0,0,0,0,0,0,0,0,A
3335,1,0,0,0,0,0,0,0,0,0,0,A
3336,1,0,0,0,0,0,0,0,0,0,0,A
3337,1,0,0,0,0,0,0,0,0,0,0,A
3338,1,0,0,0,0,0,0,0,0,0,0,A
3339,1,0,0,0,0,0,0,0,0,0,0,A
3340,1,0,0,0,0,0,0,0,0,0,0,A
3341,1,0,0,0,0,0,0,0,0,0,0,A
3342,1,0,0,0,0,0,0,0,0,0,0,A
3343,1,0,0,0,0,0,0,0,0,0,0,A
3344,1,0,0,0,0,0,0,0,0,0,0,A
3345,1,0,0,0,0,0,0,0,0,0,0,A
3346,1,0,0,0,0,0,0,0,0,0,0,A
3347,1,0,0,0,0,0,0,0,0,0,0,A
3348,1,0,0,0,0,0,0,0,0,0,0,A
3349,1,0,0,0,0,0,0,0,0,0,0,A
3350,1,0,0,0,0,0,0,0,0,0,0,A
3351,1,0,0,0,0,0,0,0,0,0,0,A
3352,1,0,0,0,0,0,0,0,0,0,0,A
3353,1,0,0,0,0,0,0,0,0,0,0,A
3354,1,0,0,0,0,0,0,0,0,0,0,A
3355,1,0,0,0,0,0,0,0,0,0,0,A
3356,1,0,0,0,0,0,0,0,0,0,0,A
3357,1,0,0,0,0,0,0,0,0,0,0,A
3358,1,0,0,0,0,0,0,0,0,0,0,A
3359,1,0,0,0,0,0,0,0,0,0,0,A
3360,1,0,0,0,0,0,0,0,0,0,0,A
3361,1,0,0,0,0,0,0,0,0,0,0,A
3362,1,0,0,0,0,0,0,0,0,0,0,A
3363,1,0,0,0,0,0,0,0,0,0,0,A
3364,1,0,0,0,0,0,0,0,0,0,0,A
3365,1,0,0,0,0,0,0,0,0,0,0,A
3366,1,0,0,0,0,0,0,0,0,0,0,A
3367,1,0,0,0,0,0,0,0,0,0,0,A
3368,1,0,0,0,0,0,0,0,0,0,0,A
3369,1,0,0,0,0,0,0,0,0,0,0,A
3370,1,0,0,0,0,0,0,0,0,0,0,A
3371,1,0,0,0,0,0,0,0,0,0,0,A
3372,1,0,0,0,0,0,0,0,0,0,0,A
3373,1,0,0,0,0,0,0,0,0,0,0,A
3374,1,0,0,0,0,0,0,0,0,0,0,A
3375,1,0,0,0,0,0,0,0,0,0,0,A
3376,1,0,0,0,0,0,0,0,0,0,0,A
3377,1,0,0,0,0,0,0,0,0,0,0,A
3378,1,0,0,0,0,0,0,0,0,0,0,A
3379,1,0,0,0,0,0,0,0,0,0,0,A
3380,1,0,0,0,0,0,0,0,0,0,0,A
3381,1,0,0,0,0,0,0,0,0,0,0,A
3382,1,0,0,0,0,0,0,0,0,0,0,A
3383,1,0,0,0,0,0,0,0,0,0,0,A
3384,1,0,0,0,0,0,0,0,0,0,0,A
3385,1,0,0,0,0,0,0,0,0,0,0,A
3386,1,0,0,0,0,0,0,0,0,0,0,A
3387,1,0,0,0,0,0,0,0,0,0,0,A
3388,1,0,0,0,0,0,0,0,0,0,0,A
3389,1,0,0,0,0,0,0,0,0,0,0,A
3390,1,0,0,0,0,0,0,0,0,0,0,A
3391,1,0,0,0,0,0,0,0,0,0,0,A
3392,1,0,0,0,0,0,0,0,0,0,0,A
3393,1,0,0,0,0,0,0,0,0,0,0,A
3394,1,0,0,0,0,0,0,0,0,0,0,A
3395,1,0,0,0,0,0,0,0,0,0,0,A
3396,1,0,0,0,0,0,0,0,0,0,0,A
3397,1,0,0,0,0,0,0,0,0,0,0,A
3398,1,0,0,0,0,0,0,0,0,0,0,A
3399,1,0,0,0,0,0,0,0,0,0,0,A
3400,1,0,0,0,0,0,0,0,0,0,0,A
3401,1,0,0,0,0,0,0,0,0,0,0,A
3402,1,0,0,0,0,0,0,0,0,0,0,A
3403,1,0,0,0,0,0,0,0,0,0,0,A
3404,1,0,0,0,0,0,0,0,0,0,0,A
3405,1,0,0,0,0,0,0,0,0,0,0,A
3406,1,0,0,0,0,0,0,0,0,0,0,A
3407,1,0,0,0,0,0,0,0,0,0,0,A
3408,1,0,0,0,0,0,0,0,0,0,0,A
3409,1,0,0,0,0,0,0,0,0,0,0,A
3410,1,0,0,0,0,0,0,0,0,0,0,A
3411,1,0,0,0,0,0,0,0,0,0,0,A
3412,1,0,0,0,0,0,0,0,0,0,0,A
3413,1,0,0,0,0,0,0,0,0,0,0,A
3414,1,0,0,0,0,0,0,0,0,0,0,A
3415,1,0,0,0,0,0,0,0,0,0,0,A
3416,1,0,0,0,0,0,0,0,0,0,0,A
3417,1,0,0,0,0,0,0,0,0,0,0,A
3418,1,0,0,0,0,0,0,0,0,0,0,A
3419,1,0,0,0,0,0,0,0,0,0,0,A
3420,1,0,0,0,0,0,0,0,0,0,0,A
3421,1,0,0,0,0,0,0,0,0,0,0,A
3422,1,0,0,0,0,0,0,0,0,0,0,A
3423,1,0,0,0,0,0,0,0,0,0,0,A
3424,1,0,0,0,0,0,0,0,0,0,0,A
3425,1,0,0,0,0,0,0,0,0,0,0,A
3426,1,0,0,0,0,0,0,0,0,0,0,A
3427,1,0,0,0,0,0,0,0,0,0,0,A
3428,1,0,0,0,0,0,0,0,0,0,0,A
3429,1,0,0,0,0,0,0,0,0,0,0,A
3430,1,0,0,0,0,0,0,0,0,0,0,A
3431,1,0,0,0,0,0,0,0,0,0,0,A
3432,1,0,0,0,0,0,0,0,0,0,0,A
3433,1,0,0,0,0,0,0,0,0,0,0,A
3434,1,0,0,0,0,0,0,0,0,0,0,A
3435,1,0,0,0,0,0,0,0,0,0,0,A
3436,1,0,0,0,0,0,0,0,0,0,0,A
3437,1,0,0,0,0,0,0,0,0,0,0,A
3438,1,0,0,0,0,0,0,0,0,0,0,A
3439,1,0,0,0,0,0,0,0,0,0,0,A
3440,1,0,0,0,0,0,0,0,0,0,0,A
3441,1,0,0,0,0,0,0,0,0,0,0,A
3442,1,0,0,0,0,0,0,0,0,0,0,A
3443,1,0,0,0,0,0,0,0,0,0,0,A
3444,1,0,0,0,0,0,0,0,0,0,0,A
3445,1,0,0,0,0,0,0,0,0,0,0,A
3446,1,0,0,0,0,0,0,0,0,0,0,A
3447,1,0,0,0,0,0,0,0,0,0,0,A
3448,1,0,0,0,0,0,0,0,0,0,0,A
3449,1,0,0,0,0,0,0,0,0,0,0,A
3450,1,0,0,0,0,0,0,0,0,0,0,A
3451,1,0,0,0,0,0,0,0,0,0,0,A
3452,1,0,0,0,0,0,0,0,0,0,0,A
3453,1,0,0,0,0,0,0,0,0,0,0,A
3454,1,0,0,0,0,0,0,0,0,0,0,A
3455,1,0,0,0,0,0,0,0,0,0,0,A
3456,1,0,0,0,0,0,0,0,0,0,0,A
3457,1,0,0,0,0,0,0,0,0,0,0,A
3458,1,0,0,0,0,0,0,0,0,0,0,A
3459,1,0,0,0,0,0,0,0,0,0,0,A
3460,1,0,0,0,0,0,0,0,0,0,0,A
3461,1,0,0,0,0,0,0,0,0,0,0,A
3462,1,0,0,0,0,0,0,0,0,0,0,A
3463,1,0,0,0,0,0,0,0,0,0,0,A
3464,1,0,0,0,0,0,0,0,0,0,0,A
3465,1,0,0,0,0,0,0,0,0,0,0,A
3466,1,0,0,0,0,0,0,0,0,0,0,A
3467,1,0,0,0,0,0,0,0,0,0,0,A
3468,1,0,0,0,0,0,0,0,0,0,0,A
3469,1,0,0,0,0,0,0,0,0,0,0,A
3470,1,0,0,0,0,0,0,0,0,0,0,A
3471,1,0,0,0,0,0,0,0,0,0,0,A
3472,1,0,0,0,0,0,0,0,0,0,0,A
3473,1,0,0,0,0,0,0,0,0,0,0,A
3474,1,0,0,0,0,0,0,0,0,0,0,A
3475,1,0,0,0,0,0,0,0,0,0,0,A
3476,1,0,0,0,0,0,0,0,0,0,0,A
3477,1,0,0,0,0,0,0,0,0,0,0,A
3478,1,0,0,0,0,0,0,0,0,0,0,A
3479,1,0,0,0,0,0,0,0,0,0,0,A
3480,1,0,0,0,0,0,0,0,0,0,0,A
3481,1,0,0,0,0,0,0,0,0,0,0,A
3482,1,0,0,0,0,0,0,0,0,0,0,A
3483,1,0,0,0,0,0,0,0,0,0,0,A
3484,1,0,0,0,0,0,0,0,0,0,0,A
3485,1,0,0,0,0,0,0,0,0,0,0,A
3486,1,0,0,0,0,0,0,0,0,0,0,I
3487,1,0,0,0,0,0,0,0,0,0,0,I
3488,1,0,0,0,0,0,0,0,0,0,0,C
3489,1,0,0,0,0,0,0,0,0,0,0,C
3490,1,0,0,0,0,0,0,0,0,0,0,I
3491,0,0,0,0,0,0,0,0,0,0,0,I
3492,0,0,0,0,0,0,0,0,0,0,0,I
3493,0,0,0,0,0,0,0,0,0,0,0,I
3494,0,0,0,0,0,0,0,0,0,0,0,I
3495,0,0,0,0,0,0,0,0,0,0,0,I
3496,0,0,0,0,0,0,0,0,0,0,0,I
3497,0,0,0,0,0,0,0,0,0,0,0,I
3498,0,0,0,0,0,0,0,0,0,0,0,I
3499,0,0,0,0,0,0,0,0,0,0,0,I
3500,0,0,0,0,0,0,0,0,0,0,0,I
3501,0,0,0,0,0,0,0,0,0,0,0,I
3502,0,0,0,0,0,0,0,0,0,0,0,I
3503,0,0,0,0,0,0,0,0,0,0,0,I
3504,0,0,0,0,0,0,0,0,0,0,0,I
3505,0,0,0,0,0,0,0,0,0,0,0,I
3506,0,0,0,0,0,0,0,0,0,0,0,I
3507,0,0,0,0,0,0,0,0,0,0,0,I
3508,0,0,0,0,0,0,0,0,0,0,0,I
3509,0,0,0,0,0,0,0,0,0,0,0,I
3510,0,0,0,0,0,0,0,0,0,0,0,I
3511,0,0,0,0,0,0,0,0,0,0,0,I
3512,0,0,0,0,0,0,0,0,0,0,0,I
3513,0,0,0,0,0,0,0,0,0,0,0,I
3514,0,0,0,0,0,0,0,0,0,0,0,I
3515,0,0,0,0,0,0,0,0,0,0,0,I
3516,0,0,0,0,0,0,0,0,0,0,0,I
3517,0,0,0,0,0,0,0,0,0,0,0,I
3518,0,0,0,0,0,0,0,0,0,0,0,I
3519,0,0,0,0,0,0,0,0,0,0,0,I
3520,0,0,0,0,0,0,0,0,0,0,0,I
3521,0,0,0,0,0,0,0,0,0,0,0,I
3522,0,0,0,0,0,0,0,0,0,0,0,I
3523,0,0,0,0,0,0,0,0,0,0,0,I
3524,0,0,0,0,0,0,0,0,0,0,0,I
3525,0,0,0,0,0,0,0,0,0,0,0,I
3526,0,0,0,0,0,0,0,0,0,0,0,I
3527,0,0,0,0,0,0,0,0,0,0,0,I
3528,0,0,0,0,0,0,0,0,0,0,0,I
3529,0,0,0,0,0,0,0,0,0,0,0,I
3530,0,0,0,0,0,0,0,0,0,0,0,I
3531,0,0,0,0,0,0,0,0,0,0,0,I
3532,0,0,0,0,0,0,0,0,0,0,0,I
3533,0,0,0,0,0,0,0,0,0,0,0,I
3534,0,0,0,0,0,0,0,0,0,0,0,I
3535,0,0,0,0,0,0,0,0,0,0,0,I
3536,0,0,0,0,0,0,0,0,0,0,0,I
3537,0,0,0,0,0,0,0,0,0,0,0,I
3538,0,0,0,0,0,0,0,0,0,0,0,I
3539,0,0,0,0,0,0,0,0,0,0,0,I
3540,0,0,0,0,0,0,0,0,0,0,0,I
3541,0,0,0,0,0,0,0,0,0,0,0,I
3542,0,0,0,0,0,0,0,0,0,0,0,I
3543,0,0,0,0,0,0,0,0,0,0,0,I
3544,0,0,0,0,0,0,0,0,0,0,0,I
3545,0,0,0,0,0,0,0,0,0,0,0,I
3546,0,0,0,0,0,0,0,0,0,0,0,I
3547,0,0,0,0,0,0,0,0,0,0,0,I
3548,0,0,0,0,0,0,0,0,0,0,0,I
3549,0,0,0,0,0,0,0,0,0,0,0,I
3550,0,0,0,0,0,0,0,0,0,0,0,I
3551,0,0,0,0,0,0,0,0,0,0,0,I
3552,0,0,0,0,0,0,0,0,0,0,0,I
3553,0,0,0,0,0,0,0,0,0,0,0,I
3554,0,0,0,0,0,0,0,0,0,0,0,I
3555,0,0,0,0,0,0,0,0,0,0,0,I
3556,0,0,0,0,0,0,0,0,0,0,0,I
3557,0,0,0,0,0,0,0,0,0,0,0,I
3558,0,0,0,0,0,0,0,0,0,0,0,I
3559,0,0,0,0,0,0,0,0,0,0,0,I
3560,0,0,0,0,0,0,0,0,0,0,0,I
3561,0,0,0,0,0,0,0,0,0,0,0,I
3562,0,0,0,0,0,0,0,0,0,0,0,I
3563,0,0,0,0,0,0,0,0,0,0,0,I
3564,0,0,0,0,0,0,0,0,0,0,0,I
3565,0,0,0,0,0,0,0,0,0,0,0,I
3566,0,0,0,0,0,0,0,0,0,0,0,I
3567,0,0,0,0,0,0,0,0,0,0,0,I
3568,0,0,0,0,0,0,0,0,0,0,0,I
3569,0,0,0,0,0,0,0,0,0,0,0,I
3570,0,0,0,0,0,0,0,0,0,0,0,I
3571,0,0,0,0,0,0,0,0,0,0,0,I
3572,0,0,0,0,0,0,0,0,0,0,0,I
3573,0,0,0,0,0,0,0,0,0,0,0,I
3574,0,0,0,0,0,0,0,0,0,0,0,I
3575,0,0,0,0,0,0,0,0,0,0,0,I
3576,0,0,0,0,0,0,0,0,0,0,0,I
3577,0,0,0,0,0,0,0,0,0,0,0,I
3578,0,0,0,0,0,0,0,0,0,0,0,I
3579,0,0,0,0,0,0,0,0,0,0,0,I
3580,0,0,0,0,0,0,0,0,0,0,0,I
3581,0,0,0,0,0,0,0,0,0,0,0,I
3582,0,0,0,0,0,0,0,0,0,0,0,I
3583,0,0,0,0,0,0,0,0,0,0,0,I
3584,0,0,0,0,0,0,0,0,0,0,0,C
3585,0,0,0,0,0,0,0,0,0,0,0,I
3586,0,0,0,0,0,0,0,0,0,0,0,I
3587,0,0,0,0,0,0,0,0,0,0,0,I
3588,1,0,0,0,0,0,0,0,0,0,0,A
3589,1,0,0,0,0,0,0,0,0,0,0,A
3590,1,0,0,0,0,0,0,0,0,0,0,A
3591,1,0,0,0,0,0,0,0,0,0,0,A
3592,1,0,0,0,0,0,0,0,0,0,0,I
3593,1,0,0,0,0,0,0,0,0,0,0,I
3594,1,0,0,0,0,0,0,0,0,0,0,C
3595,1,0,0,0,0,0,0,0,0,0,0,C
3596,1,0,0,0,0,0,0,0,0,0,0,I
3597,0,0,0,0,0,0,0,0,0,0,0,I
3598,0,0,0,0,0,0,0,0,0,0,0,I
3599,0,0,0,0,0,0,0,0,0,0,0,I
3600,0,0,0,0,0,0,0,0,0,0,0,I
3601,0,0,0,0,0,0,0,0,0,0,0,I
3602,0,0,0,0,0,0,0,0,0,0,0,I
3603,0,0,0,0,0,0,0,0,0,0,0,I
3604,0,0,0,0,0,0,0,0,0,0,0,I
3605,0,0,0,0,0,0,0,0,0,0,0,I
3606,0,0,0,0,0,0,0,0,0,0,0,I
3607,0,0,0,0,0,0,0,0,0,0,0,I
3608,0,0,0,0,0,0,0,0,0,0,0,I
3609,0,0,0,0,0,0,0,0,0,0,0,I
3610,0,0,0,0,0,0,0,0,0,0,0,I
3611,0,0,0,0,0,0,0,0,0,0,0,I
3612,0,0,0,0,0,0,0,0,0,0,0,I
3613,0,0,0,0,0,0,0,0,0,0,0,I
3614,0,0,0,0,0,0,0,0,0,0,0,I
3615,0,0,0,0,0,0,0,0,0,0,0,I
3616,0,0,0,0,0,0,0,0,0,0,0,I
3617,0,0,0,0,0,0,0,0,0,0,0,I
3618,0,0,0,0,0,0,0,0,0,0,0,I
3619,0,0,0,0,0,0,0,0,0,0,0,I
3620,0,0,0,0,0,0,0,0,0,0,0,I
3621,0,0,0,0,0,0,0,0,0,0,0,I
3622,0,0,0,0,0,0,0,0,0,0,0,I
3623,0,0,0,0,0,0,0,0,0,0,0,I
3624,0,0,0,0,0,0,0,0,0,0,0,I
3625,0,0,0,0,0,0,0,0,0,0,0,I
3626,0,0,0,0,0,0,0,0,0,0,0,I
3627,0,0,0,0,0,0,0,0,0,0,0,I
3628,0,0,0,0,0,0,0,0,0,0,0,I
3629,0,0,0,0,0,0,0,0,0,0,0,I
3630,0,0,0,0,0,0,0,0,0,0,0,I
3631,0,0,0,0,0,0,0,0,0,0,0,I
3632,0,0,0,0,0,0,0,0,0,0,0,I
3633,0,0,0,0,0,0,0,0,0,0,0,I
3634,0,0,0,0,0,0,0,0,0,0,0,I
3635,0,0,0,0,0,0,0,0,0,0,0,I
3636,0,0,0,0,0,0,0,0,0,0,0,I
3637,0,0,0,0,0,0,0,0,0,0,0,I
3638,0,0,0,0,0,0,0,0,0,0,0,I
3639,0,0,0,0,0,0,0,0,0,0,0,I
3640,0,0,0,0,0,0,0,0,0,0,0,I
3641,0,0,0,0,0,0,0,0,0,0,0,I
3642,0,0,0,0,0,0,0,0,0,0,0,I
3643,0,0,0,0,0,0,0,0,0,0,0,I
3644,0,0,0,0,0,0,0,0,0,0,0,I
3645,0,0,0,0,0,0,0,0,0,0,0,I
3646,0,0,0,0,0,0,0,0,0,0,0,I
3647,0,0,0,0,0,0,0,0,0,0,0,I
3648,0,0,0,0,0,0,0,0,0,0,0,I
3649,0,0,0,0,0,0,0,0,0,0,0,I
3650,0,0,0,0,0,0,0,0,0,0,0,I
3651,0,0,0,0,0,0,0,0,0,0,0,I
3652,0,0,0,0,0,0,0,0,0,0,0,I
3653,0,0,0,0,0,0,0,0,0,0,0,I
3654,0,0,0,0,0,0,0,0,0,0,0,I
3655,0,0,0,0,0,0,0,0,0,0,0,I
3656,0,0,0,0,0,0,0,0,0,0,0,I
3657,0,0,0,0,0,0,0,0,0,0,0,I
3658,0,0,0,0,0,0,0,0,0,0,0,I
3659,0,0,0,0,0,0,0,0,0,0,0,I
3660,0,0,0,0,0,0,0,0,0,0,0,I
3661,0,0,0,0,0,0,0,0,0,0,0,I
3662,0,0,0,0,0,0,0,0,0,0,0,I
3663,0,0,0,0,0,0,0,0,0,0,0,I
3664,0,0,0,0,0,0,0,0,0,0,0,I
3665,0,0,0,0,0,0,0,0,0,0,0,I
3666,0,0,0,0,0,0,0,0,0,0,0,I
3667,0,0,0,0,0,0,0,0,0,0,0,I
3668,0,0,0,0,0,0,0,0,0,0,0,I
3669,0,0,0,0,0,0,0,0,0,0,0,I
3670,0,0,0,0,0,0,0,0,0,0,0,I
3671,0,0,0,0,0,0,0,0,0,0,0,I
3672,0,0,0,0,0,0,0,0,0,0,0,I
3673,0,0,0,0,0,0,0,0,0,0,0,I
3674,0,0,0,0,0,0,0,0,0,0,0,I
3675,0,0,0,0,0,0,0,0,0,0,0,I
3676,0,0,0,0,0,0,0,0,0,0,0,I
3677,0,0,0,0,0,0,0,0,0,0,0,I
3678,0,0,0,0,0,0,0,0,0,0,0,I
3679,0,0,0,0,0,0,0,0,0,0,0,I
3680,0,0,0,0,0,0,0,0,0,0,0,I
3681,0,0,0,0,0,0,0,0,0,0,0,I
3682,0,0,0,0,0,0,0,0,0,0,0,I
3683,0,0,0,0,0,0,0,0,0,0,0,I
3684,0,0,0,0,0,0,0,0,0,0,0,I
3685,0,0,0,0,0,0,0,0,0,0,0,I
3686,0,0,0,0,0,0,0,0,0,0,0,I
3687,0,0,0,0,0,0,0,0,0,0,0,I
3688,0,0,0,0,0,0,0,0,0,0,0,I
3689,0,0,0,0,0,0,0,0,0,0,0,I
3690,0,0,0,0,0,0,0,0,0,0,0,I
3691,0,0,0,0,0,0,0,0,0,0,0,I
3692,0,0,0,0,0,0,0,0,0,0,0,I
3693,0,0,0,0,0,0,0,0,0,0,0,I
3694,0,0,0,0,0,0,0,0,0,0,0,I
3695,0,0,0,0,0,0,0,0,0,0,0,I
3696,0,0,0,0,0,0,0,0,0,0,0,I
3697,0,0,0,0,0,0,0,0,0,0,0,I
3698,0,0,0,0,0,0,0,0,0,0,0,I
3699,0,0,0,0,0,0,0,0,0,0,0,I
3700,0,0,0,0,0,0,0,0,0,0,0,I
3701,0,0,0,0,0,0,0,0,0,0,0,I
3702,0,0,0,0,0,0,0,0,0,0,0,I
3703,0,0,0,0,0,0,0,0,0,0,0,I
3704,0,0,0,0,0,0,0,0,0,0,0,I
3705,0,0,0,0,0,0,0,0,0,0,0,I
3706,0,0,0,0,0,0,0,0,0,0,0,I
3707,0,0,0,0,0,0,0,0,0,0,0,I
3708,0,0,0,0,0,0,0,0,0,0,0,I
3709,0,0,0,0,0,0,0,0,0,0,0,I
3710,0,0,0,0,0,0,0,0,0,0,0,I
3711,0,0,0,0,0,0,0,0,0,0,0,I
3712,0,0,0,0,0,0,0,0,0,0,0,I
3713,0,0,0,0,0,0,0,0,0,0,0,I
3714,0,0,0,0,0,0,0,0,0,0,0,I
3715,0,0,0,0,0,0,0,0,0,0,0,I
3716,0,0,0,0,0,0,0,0,0,0,0,I
3717,0,0,0,0,0,0,0,0,0,0,0,I
3718,0,0,0,0,0,0,0,0,0,0,0,I
3719,0,0,0,0,0,0,0,0,0,0,0,I
3720,0,0,0,0,0,0,0,0,0,0,0,I
3721,0,0,0,0,0,0,0,0,0,0,0,I
3722,0,0,0,0,0,0,0,0,0,0,0,I
3723,0,0,0,0,0,0,0,0,0,0,0,I
3724,0,0,0,0,0,0,0,0,0,0,0,I
3725,0,0,0,0,0,0,0,0,0,0,0,I
3726,0,0,0,0,0,0,0,0,0,0,0,I
3727,0,0,0,0,0,0,0,0,0,0,0,I
3728,0,0,0,0,0,0,0,0,0,0,0,I
3729,0,0,0,0,0,0,0,0,0,0,0,I
3730,0,0,0,0,0,0,0,0,0,0,0,I
3731,0,0,0,0,0,0,0,0,0,0,0,I
3732,0,0,0,0,0,0,0,0,0,0,0,I
3733,0,0,0,0,0,0,0,0,0,0,0,I
3734,0,0,0,0,0,0,0,0,0,0,0,I
3735,0,0,0,0,0,0,0,0,0,0,0,I
3736,0,0,0,0,0,0,0,0,0,0,0,I
3737,0,0,0,0,0,0,0,0,0,0,0,I
3738,0,0,0,0,0,0,0,0,0,0,0,I
3739,0,0,0,0,0,0,0,0,0,0,0,I
3740,0,0,0,0,0,0,0,0,0,0,0,I
3741,0,0,0,0,0,0,0,0,0,0,0,I
3742,0,0,0,0,0,0,0,0,0,0,0,I
3743,0,0,0,0,0,0,0,0,0,0,0,I
3744,0,0,0,0,0,0,0,0,0,0,0,I
3745,0,0,0,0,0,0,0,0,0,0,0,I
3746,0,0,0,0,0,0,0,0,0,0,0,I
3747,0,0,0,0,0,0,0,0,0,0,0,I
3748,0,0,0,0,0,0,0,0,0,0,0,I
3749,0,0,0,0,0,0,0,0,0,0,0,I
3750,0,0,0,0,0,0,0,0,0,0,0,I
3751,0,0,0,0,0,0,0,0,0,0,0,I
3752,0,0,0,0,0,0,0,0,0,0,0,I
3753,0,0,0,0,0,0,0,0,0,0,0,I
3754,0,0,0,0,0,0,0,0,0,0,0,I
3755,0,0,0,0,0,0,0,0,0,0,0,I
3756,0,0,0,0,0,0,0,0,0,0,0,I
3757,0,0,0,0,0,0,0,0,0,0,0,I
3758,0,0,0,0,0,0,0,0,0,0,0,I
3759,0,0,0,0,0,0,0,0,0,0,0,I
3760,0,0,0,0,0,0,0,0,0,0,0,I
3761,0,0,0,0,0,0,0,0,0,0,0,I
3762,0,0,0,0,0,0,0,0,0,0,0,I
3763,0,0,0,0,0,0,0,0,0,0,0,I
3764,0,0,0,0,0,0,0,0,0,0,0,I
3765,0,0,0,0,0,0,0,0,0,0,0,I
3766,0,0,0,0,0,0,0,0,0,0,0,I
3767,0,0,0,0,0,0,0,0,0,0,0,I
3768,0,0,0,0,0,0,0,0,0,0,0,I
3769,0,0,0,0,0,0,0,0,0,0,0,I
3770,0,0,0,0,0,0,0,0,0,0,0,I
3771,0,0,0,0,0,0,0,0,0,0,0,I
3772,0,0,0,0,0,0,0,0,0,0,0,I
3773,0,0,0,0,0,0,0,0,0,0,0,I
3774,0,0,0,0,0,0,0,0,0,0,0,I
3775,0,0,0,0,0,0,0,0,0,0,0,I
3776,0,0,0,0,0,0,0,0,0,0,0,I
3777,0,0,0,0,0,0,0,0,0,0,0,I
3778,0,0,0,0,0,0,0,0,0,0,0,I
3779,0,0,0,0,0,0,0,0,0,0,0,I
3780,0,0,0,0,0,0,0,0,0,0,0,I
3781,0,0,0,0,0,0,0,0,0,0,0,I
3782,0,0,0,0,0,0,0,0,0,0,0,I
3783,0,0,0,0,0,0,0,0,0,0,0,I
3784,0,0,0,0,0,0,0,0,0,0,0,I
3785,0,0,0,0,0,0,0,0,0,0,0,I
3786,0,0,0,0,0,0,0,0,0,0,0,I
3787,0,0,0,0,0,0,0,0,0,0,0,I
3788,0,0,0,0,0,0,0,0,0,0,0,I
3789,0,0,0,0,0,0,0,0,0,0,0,I
3790,0,0,0,0,0,0,0,0,0,0,0,I
3791,0,0,0,0,0,0,0,0,0,0,0,I
3792,0,0,0,0,0,0,0,0,0,0,0,I
3793,0,0,0,0,0,0,0,0,0,0,0,I
3794,0,0,0,0,0,0,0,0,0,0,0,I
3795,0,0,0,0,0,0,0,0,0,0,0,I
3796,0,0,0,0,0,0,0,0,0,0,0,I
3797,0,0,0,0,0,0,0,0,0,0,0,I
3798,0,0,0,0,0,0,0,0,0,0,0,I
3799,0,0,0,0,0,0,0,0,0,0,0,I
3800,0,0,0,0,0,0,0,0,0,0,0,I
3801,0,0,0,0,0,0,0,0,0,0,0,I
3802,0,0,0,0,0,0,0,0,0,0,0,I
3803,0,0,0,0,0,0,0,0,0,0,0,I
3804,0,0,0,0,0,0,0,0,0,0,0,I
3805,0,0,0,0,0,0,0,0,0,0,0,I
3806,0,0,0,0,0,0,0,0,0,0,0,I
3807,0,0,0,0,0,0,0,0,0,0,0,I
3808,0,0,0,0,0,0,0,0,0,0,0,I
3809,0,0,0,0,0,0,0,0,0,0,0,I
3810,0,0,0,0,0,0,0,0,0,0,0,I
3811,0,0,0,0,0,0,0,0,0,0,0,I
3812,0,0,0,0,0,0,0,0,0,0,0,I
3813,0,0,0,0,0,0,0,0,0,0,0,I
3814,0,0,0,0,0,0,0,0,0,0,0,I
3815,0,0,0,0,0,0,0,0,0,0,0,I
3816,0,0,0,0,0,0,0,0,0,0,0,I
3817,0,0,0,0,0,0,0,0,0,0,0,I
3818,0,0,0,0,0,0,0,0,0,0,0,I
3819,0,0,0,0,0,0,0,0,0,0,0,I
3820,0,0,0,0,0,0,0,0,0,0,0,I
3821,0,0,0,0,0,0,0,0,0,0,0,I
3822,0,0,0,0,0,0,0,0,0,0,0,I
3823,0,0,0,0,0,0,0,0,0,0,0,I
3824,0,0,0,0,0,0,0,0,0,0,0,I
3825,0,0,0,0,0,0,0,0,0,0,0,I
3826,0,0,0,0,0,0,0,0,0,0,0,I
3827,0,0,0,0,0,0,0,0,0,0,0,I
3828,0,0,0,0,0,0,0,0,0,0,0,I
3829,0,0,0,0,0,0,0,0,0,0,0,I
3830,0,0,0,0,0,0,0,0,0,0,0,I
3831,0,0,0,0,0,0,0,0,0,0,0,I
3832,0,0,0,0,0,0,0,0,0,0,0,I
3833,0,0,0,0,0,0,0,0,0,0,0,I
3834,0,0,0,0,0,0,0,0,0,0,0,I
3835,0,0,0,0,0,0,0,0,0,0,0,I
3836,0,0,0,0,0,0,0,0,0,0,0,I
3837,0,0,0,0,0,0,0,0,0,0,0,I
3838,0,0,0,0,0,0,0,0,0,0,0,I
3839,0,0,0,0,0,0,0,0,0,0,0,I
3840,0,0,0,0,0,0,0,0,0,0,0,I
3841,0,0,0,0,0,0,0,0,0,0,0,I
3842,0,0,0,0,0,0,0,0,0,0,0,I
3843,0,0,0,0,0,0,0,0,0,0,0,I
3844,0,0,0,0,0,0,0,0,0,0,0,I
3845,0,0,0,0,0,0,0,0,0,0,0,I
3846,0,0,0,0,0,0,0,0,0,0,0,I
3847,0,0,0,0,0,0,0,0,0,0,0,I
3848,0,0,0,0,0,0,0,0,0,0,0,I
3849,0,0,0,0,0,0,0,0,0,0,0,I
3850,0,0,0,0,0,0,0,0,0,0,0,I
3851,0,0,0,0,0,0,0,0,0,0,0,I
3852,0,0,0,0,0,0,0,0,0,0,0,I
3853,0,0,0,0,0,0,0,0,0,0,0,I
3854,0,0,0,0,0,0,0,0,0,0,0,I
3855,0,0,0,0,0,0,0,0,0,0,0,I
3856,0,0,0,0,0,0,0,0,0,0,0,I
3857,0,0,0,0,0,0,0,0,0,0,0,I
3858,0,0,0,0,0,0,0,0,0,0,0,I
3859,0,0,0,0,0,0,0,0,0,0,0,I
3860,0,0,0,0,0,0,0,0,0,0,0,I
3861,0,0,0,0,0,0,0,0,0,0,0,I
3862,0,0,0,0,0,0,0,0,0,0,0,I
3863,0,0,0,0,0,0,0,0,0,0,0,I
3864,0,0,0,0,0,0,0,0,0,0,0,I
3865,0,0,0,0,0,0,0,0,0,0,0,I
3866,0,0,0,0,0,0,0,0,0,0,0,I
3867,0,0,0,0,0,0,0,0,0,0,0,I
3868,0,0,0,0,0,0,0,0,0,0,0,I
3869,0,0,0,0,0,0,0,0,0,0,0,I
3870,0,0,0,0,0,0,0,0,0,0,0,I
3871,0,0,0,0,0,0,0,0,0,0,0,I
3872,0,0,0,0,0,0,0,0,0,0,0,I
3873,0,0,0,0,0,0,0,0,0,0,0,I
3874,0,0,0,0,0,0,0,0,0,0,0,I
3875,0,0,0,0,0,0,0,0,0,0,0,I
3876,0,0,0,0,0,0,0,0,0,0,0,I
3877,0,0,0,0,0,0,0,0,0,0,0,I
3878,0,0,0,0,0,0,0,0,0,0,0,I
3879,0,0,0,0,0,0,0,0,0,0,0,I
3880,0,0,0,0,0,0,0,0,0,0,0,I
3881,0,0,0,0,0,0,0,0,0,0,0,I
3882,0,0,0,0,0,0,0,0,0,0,0,I
3883,0,0,0,0,0,0,0,0,0,0,0,I
3884,0,0,0,0,0,0,0,0,0,0,0,I
3885,0,0,0,0,0,0,0,0,0,0,0,I
3886,0,0,0,0,0,0,0,0,0,0,0,I
3887,0,0,0,0,0,0,0,0,0,0,0,I
3888,0,0,0,0,0,0,0,0,0,0,0,I
3889,0,0,0,0,0,0,0,0,0,0,0,I
3890,0,0,0,0,0,0,0,0,0,0,0,I
3891,0,0,0,0,0,0,0,0,0,0,0,I
3892,0,0,0,0,0,0,0,0,0,0,0,I
3893,0,0,0,0,0,0,0,0,0,0,0,I
3894,0,0,0,0,0,0,0,0,0,0,0,I
3895,0,0,0,0,0,0,0,0,0,0,0,I
3896,0,0,0,0,0,0,0,0,0,0,0,I
3897,0,0,0,0,0,0,0,0,0,0,0,I
3898,0,0,0,0,0,0,0,0,0,0,0,I
3899,0,0,0,0,0,0,0,0,0,0,0,I
3900,0,0,0,0,0,0,0,0,0,0,0,I
3901,0,0,0,0,0,0,0,0,0,0,0,I
3902,0,0,0,0,0,0,0,0,0,0,0,I
3903,0,0,0,0,0,0,0,0,0,0,0,I
3904,0,0,0,0,0,0,0,0,0,0,0,I
3905,0,0,0,0,0,0,0,0,0,0,0,I
3906,0,0,0,0,0,0,0,0,0,0,0,I
3907,0,0,0,0,0,0,0,0,0,0,0,I
3908,0,0,0,0,0,0,0,0,0,0,0,I
3909,0,0,0,0,0,0,0,0,0,0,0,I
3910,0,0,0,0,0,0,0,0,0,0,0,I
3911,0,0,0,0,0,0,0,0,0,0,0,I
3912,0,0,0,0,0,0,0,0,0,0,0,I
3913,0,0,0,0,0,0,0,0,0,0,0,I
3914,0,0,0,0,0,0,0,0,0,0,0,I
3915,0,0,0,0,0,0,0,0,0,0,0,I
3916,0,0,0,0,0,0,0,0,0,0,0,I
3917,0,0,0,0,0,0,0,0,0,0,0,I
3918,0,0,0,0,0,0,0,0,0,0,0,I
3919,0,0,0,0,0,0,0,0,0,0,0,I
3920,0,0,0,0,0,0,0,0,0,0,0,I
3921,0,0,0,0,0,0,0,0,0,0,0,I
3922,0,0,0,0,0,0,0,0,0,0,0,I
3923,0,0,0,0,0,0,0,0,0,0,0,I
3924,0,0,0,0,0,0,0,0,0,0,0,I
3925,0,0,0,0,0,0,0,0,0,0,0,I
3926,0,0,0,0,0,0,0,0,0,0,0,I
3927,0,0,0,0,0,0,0,0,0,0,0,I
3928,0,0,0,0,0,0,0,0,0,0,0,I
3929,0,0,0,0,0,0,0,0,0,0,0,I
3930,0,0,0,0,0,0,0,0,0,0,0,I
3931,0,0,0,0,0,0,0,0,0,0,0,I
3932,0,0,0,0,0,0,0,0,0,0,0,I
3933,0,0,0,0,0,0,0,0,0,0,0,I
3934,0,0,0,0,0,0,0,0,0,0,0,I
3935,0,0,0,0,0,0,0,0,0,0,0,I
3936,0,0,0,0,0,0,0,0,0,0,0,I
3937,0,0,0,0,0,0,0,0,0,0,0,I
3938,0,0,0,0,0,0,0,0,0,0,0,I
3939,0,0,0,0,0,0,0,0,0,0,0,I
3940,0,0,0,0,0,0,0,0,0,0,0,I
3941,0,0,0,0,0,0,0,0,0,0,0,I
3942,0,0,0,0,0,0,0,0,0,0,0,I
3943,0,0,0,0,0,0,0,0,0,0,0,I
3944,0,0,0,0,0,0,0,0,0,0,0,I
3945,0,0,0,0,0,0,0,0,0,0,0,I
3946,0,0,0,0,0,0,0,0,0,0,0,I
3947,0,0,0,0,0,0,0,0,0,0,0,I
3948,0,0,0,0,0,0,0,0,0,0,0,I
3949,0,0,0,0,0,0,0,0,0,0,0,I
3950,0,0,0,0,0,0,0,0,0,0,0,I
3951,0,0,0,0,0,0,0,0,0,0,0,I
3952,0,0,0,0,0,0,0,0,0,0,0,I
3953,0,0,0,0,0,0,0,0,0,0,0,I
3954,0,0,0,0,0,0,0,0,0,0,0,I
3955,0,0,0,0,0,0,0,0,0,0,0,I
3956,0,0,0,0,0,0,0,0,0,0,0,I
3957,0,0,0,0,0,0,0,0,0,0,0,I
3958,0,0,0,0,0,0,0,0,0,0,0,I
3959,0,0,0,0,0,0,0,0,0,0,0,I
3960,0,0,0,0,0,0,0,0,0,0,0,I
3961,0,0,0,0,0,0,0,0,0,0,0,I
3962,0,0,0,0,0,0,0,0,0,0,0,I
3963,0,0,0,0,0,0,0,0,0,0,0,I
3964,0,0,0,0,0,0,0,0,0,0,0,I
3965,0,0,0,0,0,0,0,0,0,0,0,I
3966,0,0,0,0,0,0,0,0,0,0,0,I
3967,0,0,0,0,0,0,0,0,0,0,0,I
3968,0,0,0,0,0,0,0,0,0,0,0,I
3969,0,0,0,0,0,0,0,0,0,0,0,I
3970,0,0,0,0,0,0,0,0,0,0,0,I
3971,0,0,0,0,0,0,0,0,0,0,0,I
3972,0,0,0,0,0,0,0,0,0,0,0,I
3973,0,0,0,0,0,0,0,0,0,0,0,I
3974,0,0,0,0,0,0,0,0,0,0,0,I
3975,0,0,0,0,0,0,0,0,0,0,0,I
3976,0,0,0,0,0,0,0,0,0,0,0,I
3977,0,0,0,0,0,0,0,0,0,0,0,I
3978,0,0,0,0,0,0,0,0,0,0,0,I
3979,0,0,0,0,0,0,0,0,0,0,0,I
3980,0,0,0,0,0,0,0,0,0,0,0,I
3981,0,0,0,0,0,0,0,0,0,0,0,I
3982,0,0,0,0,0,0,0,0,0,0,0,I
3983,0,0,0,0,0,0,0,0,0,0,0,I
3984,0,0,0,0,0,0,0,0,0,0,0,I
3985,0,0,0,0,0,0,0,0,0,0,0,I
3986,0,0,0,0,0,0,0,0,0,0,0,I
3987,0,0,0,0,0,0,0,0,0,0,0,I
3988,0,0,0,0,0,0,0,0,0,0,0,I
3989,0,0,0,0,0,0,0,0,0,0,0,I
3990,0,0,0,0,0,0,0,0,0,0,0,I
3991,0,0,0,0,0,0,0,0,0,0,0,I
3992,0,0,0,0,0,0,0,0,0,0,0,I
3993,0,0,0,0,0,0,0,0,0,0,0,I
3994,0,0,0,0,0,0,0,0,0,0,0,I
3995,0,0,0,0,0,0,0,0,0,0,0,I
3996,0,0,0,0,0,0,0,0,0,0,0,I
3997,0,0,0,0,0,0,0,0,0,0,0,I
3998,0,0,0,0,0,0,0,0,0,0,0,I
3999,0,0,0,0,0,0,0,0,0,0,0,I
4000,0,0,0,0,0,0,0,0,0,0,0,I
4001,0,0,0,0,0,0,0,0,0,0,0,I
4002,0,0,0,0,0,0,0,0,0,0,0,I
4003,0,0,0,0,0,0,0,0,0,0,0,I
4004,0,0,0,0,0,0,0,0,0,0,0,I
4005,0,0,0,0,0,0,0,0,0,0,0,I
4006,0,0,0,0,0,0,0,0,0,0,0,I
4007,0,0,0,0,0,0,0,0,0,0,0,I
4008,0,0,0,0,0,0,0,0,0,0,0,I
4009,0,0,0,0,0,0,0,0,0,0,0,I
4010,0,0,0,0,0,0,0,0,0,0,0,I
4011,0,0,0,0,0,0,0,0,0,0,0,I
4012,0,0,0,0,0,0,0,0,0,0,0,I
4013,0,0,0,0,0,0,0,0,0,0,0,I
4014,0,0,0,0,0,0,0,0,0,0,0,I
4015,0,0,0,0,0,0,0,0,0,0,0,I
4016,0,0,0,0,0,0,0,0,0,0,0,I
4017,0,0,0,0,0,0,0,0,0,0,0,I
4018,0,0,0,0,0,0,0,0,0,0,0,I
4019,0,0,0,0,0,0,0,0,0,0,0,I
4020,0,0,0,0,0,0,0,0,0,0,0,I
4021,0,0,0,0,0,0,0,0,0,0,0,I
4022,0,0,0,0,0,0,0,0,0,0,0,I
4023,0,0,0,0,0,0,0,0,0,0,0,I
4024,0,0,0,0,0,0,0,0,0,0,0,I
4025,0,0,0,0,0,0,0,0,0,0,0,I
4026,0,0,0,0,0,0,0,0,0,0,0,I
4027,0,0,0,0,0,0,0,0,0,0,0,I
4028,0,0,0,0,0,0,0,0,0,0,0,I
4029,0,0,0,0,0,0,0,0,0,0,0,I
4030,0,0,0,0,0,0,0,0,0,0,0,I
4031,0,0,0,0,0,0,0,0,0,0,0,I
4032,0,0,0,0,0,0,0,0,0,0,0,I
4033,0,0,0,0,0,0,0,0,0,0,0,I
4034,0,0,0,0,0,0,0,0,0,0,0,I
4035,0,0,0,0,0,0,0,0,0,0,0,I
4036,0,0,0,0,0,0,0,0,0,0,0,I
4037,0,0,0,0,0,0,0,0,0,0,0,I
4038,0,0,0,0,0,0,0,0,0,0,0,I
4039,0,0,0,0,0,0,0,0,0,0,0,I
4040,0,0,0,0,0,0,0,0,0,0,0,I
4041,0,0,0,0,0,0,0,0,0,0,0,I
4042,0,0,0,0,0,0,0,0,0,0,0,I
4043,0,0,0,0,0,0,0,0,0,0,0,I
4044,0,0,0,0,0,0,0,0,0,0,0,I
4045,0,0,0,0,0,0,0,0,0,0,0,I
4046,0,0,0,0,0,0,0,0,0,0,0,I
4047,0,0,0,0,0,0,0,0,0,0,0,I
4048,0,0,0,0,0,0,0,0,0,0,0,I
4049,0,0,0,0,0,0,0,0,0,0,0,I
4050,0,0,0,0,0,0,0,0,0,0,0,I
4051,0,0,0,0,0,0,0,0,0,0,0,I
4052,0,0,0,0,0,0,0,0,0,0,0,I
4053,0,0,0,0,0,0,0,0,0,0,0,I
4054,0,0,0,0,0,0,0,0,0,0,0,I
4055,0,0,0,0,0,0,0,0,0,0,0,I
4056,0,0,0,0,0,0,0,0,0,0,0,I
4057,0,0,0,0,0,0,0,0,0,0,0,I
4058,0,0,0,0,0,0,0,0,0,0,0,I
4059,0,0,0,0,0,0,0,0,0,0,0,I
4060,0,0,0,0,0,0,0,0,0,0,0,I
4061,0,0,0,0,0,0,0,0,0,0,0,I
4062,0,0,0,0,0,0,0,0,0,0,0,I
4063,0,0,0,0,0,0,0,0,0,0,0,I
4064,0,0,0,0,0,0,0,0,0,0,0,I
4065,0,0,0,0,0,0,0,0,0,0,0,I
4066,0,0,0,0,0,0,0,0,0,0,0,I
4067,0,0,0,0,0,0,0,0,0,0,0,I
4068,0,0,0,0,0,0,0,0,0,0,0,I
4069,0,0,0,0,0,0,0,0,0,0,0,I
4070,0,0,0,0,0,0,0,0,0,0,0,I
4071,0,0,0,0,0,0,0,0,0,0,0,I
4072,0,0,0,0,0,0,0,0,0,0,0,I
4073,0,0,0,0,0,0,0,0,0,0,0,I
4074,0,0,0,0,0,0,0,0,0,0,0,I
4075,0,0,0,0,0,0,0,0,0,0,0,I
4076,0,0,0,0,0,0,0,0,0,0,0,I
4077,0,0,0,0,0,0,0,0,0,0,0,I
4078,0,0,0,0,0,0,0,0,0,0,0,I
4079,0,0,0,0,0,0,0,0,0,0,0,I
4080,0,0,0,0,0,0,0,0,0,0,0,I
4081,0,0,0,0,0,0,0,0,0,0,0,I
4082,0,0,0,0,0,0,0,0,0,0,0,I
4083,0,0,0,0,0,0,0,0,0,0,0,I
4084,0,0,0,0,0,0,0,0,0,0,0,I
4085,0,0,0,0,0,0,0,0,0,0,0,I
4086,0,0,0,0,0,0,0,0,0,0,0,I
4087,0,0,0,0,0,0,0,0,0,0,0,I
4088,0,0,0,0,0,0,0,0,0,0,0,I
4089,0,0,0,0,0,0,0,0,0,0,0,I
4090,0,0,0,0,0,0,0,0,0,0,0,I
4091,0,0,0,0,0,0,0,0,0,0,0,I
4092,0,0,0,0,0,0,0,0,0,0,0,I
4093,0,0,0,0,0,0,0,0,0,0,0,I
4094,0,0,0,0,0,0,0,0,0,0,0,I
4095,0,0,0,0,0,0,0,0,0,0,0,I
4096,0,0,0,0,0,0,0,0,0,0,0,I
4097,0,0,0,0,0,0,0,0,0,0,0,I
4098,0,0,0,0,0,0,0,0,0,0,0,I
4099,0,0,0,0,0,0,0,0,0,0,0,I
4100,0,0,0,0,0,0,0,0,0,0,0,I
4101,0,0,0,0,0,0,0,0,0,0,0,I
4102,0,0,0,0,0,0,0,0,0,0,0,I
4103,0,0,0,0,0,0,0,0,0,0,0,I
4104,0,0,0,0,0,0,0,0,0,0,0,I
4105,0,0,0,0,0,0,0,0,0,0,0,I
4106,0,0,0,0,0,0,0,0,0,0,0,I
4107,0,0,0,0,0,0,0,0,0,0,0,I
4108,0,0,0,0,0,0,0,0,0,0,0,I
4109,0,0,0,0,0,0,0,0,0,0,0,I
4110,0,0,0,0,0,0,0,0,0,0,0,I
4111,0,0,0,0,0,0,0,0,0,0,0,I
4112,0,0,0,0,0,0,0,0,0,0,0,I
4113,0,0,0,0,0,0,0,0,0,0,0,I
4114,0,0,0,0,0,0,0,0,0,0,0,I
4115,0,0,0,0,0,0,0,0,0,0,0,I
4116,0,0,0,0,0,0,0,0,0,0,0,I
4117,0,0,0,0,0,0,0,0,0,0,0,I
4118,0,0,0,0,0,0,0,0,0,0,0,I
4119,0,0,0,0,0,0,0,0,0,0,0,I
4120,0,0,0,0,0,0,0,0,0,0,0,I
4121,0,0,0,0,0,0,0,0,0,0,0,I
4122,0,0,0,0,0,0,0,0,0,0,0,I
4123,0,0,0,0,0,0,0,0,0,0,0,I
4124,0,0,0,0,0,0,0,0,0,0,0,I
4125,0,0,0,0,0,0,0,0,0,0,0,I
4126,0,0,0,0,0,0,0,0,0,0,0,I
4127,0,0,0,0,0,0,0,0,0,0,0,I
4128,0,0,0,0,0,0,0,0,0,0,0,I
4129,0,0,0,0,0,0,0,0,0,0,0,I
4130,0,0,0,0,0,0,0,0,0,0,0,I
4131,0,0,0,0,0,0,0,0,0,0,0,I
4132,0,0,0,0,0,0,0,0,0,0,0,I
4133,0,0,0,0,0,0,0,0,0,0,0,I
4134,0,0,0,0,0,0,0,0,0,0,0,I
4135,0,0,0,0,0,0,0,0,0,0,0,I
4136,0,0,0,0,0,0,0,0,0,0,0,I
4137,0,0,0,0,0,0,0,0,0,0,0,I
4138,0,0,0,0,0,0,0,0,0,0,0,I
4139,0,0,0,0,0,0,0,0,0,0,0,I
4140,0,0,0,0,0,0,0,0,0,0,0,I
4141,0,0,0,0,0,0,0,0,0,0,0,I
4142,0,0,0,0,0,0,0,0,0,0,0,I
4143,0,0,0,0,0,0,0,0,0,0,0,I
4144,0,0,0,0,0,0,0,0,0,0,0,I
4145,0,0,0,0,0,0,0,0,0,0,0,I
4146,0,0,0,0,0,0,0,0,0,0,0,I
4147,0,0,0,0,0,0,0,0,0,0,0,I
4148,0,0,0,0,0,0,0,0,0,0,0,I
4149,0,0,0,0,0,0,0,0,0,0,0,I
4150,0,0,0,0,0,0,0,0,0,0,0,I
4151,0,0,0,0,0,0,0,0,0,0,0,I
4152,0,0,0,0,0,0,0,0,0,0,0,I
4153,0,0,0,0,0,0,0,0,0,0,0,I
4154,0,0,0,0,0,0,0,0,0,0,0,I
4155,0,0,0,0,0,0,0,0,0,0,0,I
4156,0,0,0,0,0,0,0,0,0,0,0,I
4157,0,0,0,0,0,0,0,0,0,0,0,I
4158,0,0,0,0,0,0,0,0,0,0,0,I
4159,0,0,0,0,0,0,0,0,0,0,0,I
4160,0,0,0,0,0,0,0,0,0,0,0,I
4161,0,0,0,0,0,0,0,0,0,0,0,I
4162,0,0,0,0,0,0,0,0,0,0,0,C
4163,0,0,0,0,0,0,0,0,0,0,0,C
4164,0,0,0,0,0,0,0,0,0,0,0,C
4165,0,0,0,0,0,0,0,0,0,0,0,C
4166,0,0,0,0,0,0,0,0,0,0,0,C
4167,0,0,0,0,0,0,0,0,0,0,0,C
4168,0,0,0,0,0,0,0,0,0,0,0,C
4169,0,0,0,0,0,0,0,0,0,0,0,C
4170,0,0,0,0,0,0,0,0,0,0,0,C
4171,0,0,0,0,0,0,0,0,0,0,0,B
4172,0,0,0,0,0,1,0,0,0,0,0,B
4173,0,0,0,0,0,1,0,0,0,0,0,B
4174,0,0,0,0,0,1,0,0,0,0,0,D
4175,0,0,0,0,0,1,0,0,0,0,0,C
4176,0,0,0,0,0,1,0,0,0,0,0,E
4177,0,0,0,0,0,1,0,0,0,0,0,I
4178,0,0,0,0,0,1,0,0,0,0,0,I
4179,0,0,0,0,0,1,0,0,0,0,0,I
4180,0,0,0,0,0,1,0,0,0,0,0,I
4181,0,0,0,0,0,0,0,0,0,0,0,I
4182,0,0,0,0,0,0,0,0,0,0,0,I
4183,0,0,0,0,0,0,0,0,0,0,0,I
4184,0,0,0,0,0,0,0,0,0,0,0,I
4185,0,0,0,0,0,0,0,0,0,0,0,I
4186,0,0,0,0,0,0,0,0,0,0,0,I
4187,0,0,0,0,0,0,0,0,0,0,0,I
4188,0,0,0,0,0,0,0,0,0,0,0,I
4189,0,0,0,0,0,0,0,0,0,0,0,I
4190,0,0,0,0,0,0,0,0,0,0,0,I
4191,0,0,0,0,0,0,0,0,0,0,0,I
4192,0,0,0,0,0,0,0,0,0,0,0,I
4193,0,0,0,0,0,0,0,0,0,0,0,I
4194,0,0,0,0,0,0,0,0,0,0,0,I
4195,0,0,0,0,0,0,0,0,0,0,0,I
4196,0,0,0,0,0,0,0,0,0,0,0,I
4197,0,0,0,0,0,0,0,0,0,0,0,I
4198,0,0,0,0,0,0,0,0,0,0,0,I
4199,0,0,0,0,0,0,0,0,0,0,0,I
4200,0,0,0,0,0,0,0,0,0,0,0,I
4201,0,0,0,0,0,0,0,0,0,0,0,I
4202,0,0,0,0,0,0,0,0,0,0,0,I
4203,0,0,0,0,0,0,0,0,0,0,0,I
4204,0,0,0,0,0,0,0,0,0,0,0,I
4205,0,0,0,0,0,0,0,0,0,0,0,I
4206,0,0,0,0,0,0,0,0,0,0,0,I
4207,0,0,0,0,0,0,0,0,0,0,0,I
4208,0,0,0,0,0,0,0,0,0,0,0,I
4209,0,0,0,0,0,0,0,0,0,0,0,C
4210,0,0,0,0,0,0,0,0,0,0,0,C
4211,0,0,0,0,0,0,0,0,0,0,0,C
4212,0,0,0,0,0,0,0,0,0,0,0,C
4213,0,0,0,0,0,0,0,0,0,0,0,C
4214,0,0,0,0,0,0,0,0,0,0,0,C
4215,0,0,0,1,0,0,0,0,0,0,0,C
4216,0,0,0,1,0,0,0,0,0,0,0,C
4217,0,0,0,1,0,0,0,0,0,0,0,C
4218,0,0,0,1,0,0,0,0,0,0,0,C
4219,0,0,0,1,0,0,0,0,0,0,0,B
4220,0,0,0,1,0,0,0,0,0,0,0,B
4221,0,0,0,1,0,0,0,0,0,0,0,B
4222,0,0,0,1,0,1,0,0,0,0,0,B
4223,0,0,0,1,0,1,0,0,0,0,0,B
4224,0,0,0,1,0,1,0,0,0,0,0,B
4225,0,0,0,1,0,1,0,0,0,0,0,B
4226,0,0,0,1,0,1,0,0,0,0,0,B
4227,0,0,0,1,0,1,0,0,0,0,0,B
4228,0,0,0,1,0,1,0,0,0,0,0,B
4229,0,0,0,1,0,1,0,0,0,0,0,B
4230,0,0,0,1,0,1,0,0,0,0,0,B
4231,0,0,0,1,0,1,0,0,0,0,0,B
4232,0,0,0,1,0,1,0,0,0,0,0,B
4233,0,0,0,1,0,1,0,0,0,0,0,B
4234,0,0,0,1,0,1,0,0,0,0,0,B
4235,0,0,0,1,0,1,0,0,0,0,0,B
4236,0,0,0,1,0,1,0,0,0,0,0,B
4237,0,0,0,1,0,1,0,0,0,0,0,B
4238,0,0,0,1,0,1,0,0,0,0,0,B
4239,0,0,0,1,0,1,0,0,0,0,0,B
4240,0,0,0,1,0,1,0,0,0,0,0,C
4241,0,0,0,1,0,1,0,0,0,0,0,C
4242,0,0,0,1,0,1,0,0,0,0,0,C
4243,0,0,0,1,0,1,0,0,0,0,0,C
4244,0,0,0,1,0,1,0,0,0,0,0,C
4245,0,0,0,1,0,1,0,0,0,0,0,C
4246,0,0,0,1,0,1,0,0,0,0,0,C
4247,0,0,0,1,0,1,0,0,0,0,0,C
4248,0,0,0,1,0,1,0,0,0,0,0,C
4249,0,0,0,1,0,1,0,0,0,0,0,C
4250,0,0,0,1,0,1,0,0,0,0,0,C
4251,0,0,0,1,0,1,0,0,0,0,0,C
4252,0,0,0,1,0,1,0,0,0,0,0,C
4253,0,0,0,1,0,1,0,0,0,0,0,C
4254,0,0,0,1,0,1,0,0,0,0,0,C
4255,0,0,0,1,0,1,0,0,0,0,0,C
4256,0,0,0,1,0,1,0,0,0,0,0,C
4257,0,0,0,1,0,1,0,0,0,0,0,C
4258,0,0,0,1,0,1,0,0,0,0,0,C
4259,0,0,0,1,0,1,0,0,0,0,0,C
4260,0,0,0,1,0,1,0,0,0,0,0,C
4261,0,0,0,1,0,1,0,0,0,0,0,B
4262,0,0,0,1,0,1,0,0,0,0,0,B
4263,0,0,0,1,0,1,0,0,0,0,0,B
4264,0,0,0,1,0,1,0,0,0,0,0,B
4265,0,0,0,1,0,1,0,0,0,0,0,B
4266,0,0,0,1,0,1,0,0,0,0,0,B
4267,0,0,0,1,0,1,0,0,0,0,0,B
4268,0,0,0,1,0,1,0,0,0,0,0,B
4269,0,0,0,1,0,1,0,0,0,0,0,B
4270,0,0,0,1,0,1,0,0,0,0,0,B
4271,0,0,0,1,0,1,0,0,0,0,0,B
4272,0,0,0,1,0,1,0,0,0,0,0,B
4273,0,0,0,1,0,1,0,0,0,0,0,B
4274,0,0,0,1,0,1,0,0,0,0,0,B
4275,0,0,0,1,0,1,0,0,0,0,0,B
4276,0,0,0,1,0,1,0,0,0,0,0,B
4277,0,0,0,1,0,1,0,0,0,0,0,B
4278,0,0,0,1,0,1,0,0,0,0,0,B
4279,0,0,0,1,0,1,0,0,0,0,0,B
4280,0,0,0,1,0,1,0,0,0,0,0,B
4281,0,0,0,1,0,1,0,0,0,0,0,B
4282,0,0,0,1,0,1,0,0,0,0,0,B
4283,0,0,0,1,0,1,0,0,0,0,0,B
4284,0,0,0,1,0,1,0,0,0,0,0,B
4285,0,0,0,1,0,1,0,0,0,0,0,B
4286,0,0,0,1,0,1,0,0,0,0,0,B
4287,0,0,0,1,0,1,0,0,0,0,0,B
4288,0,0,0,1,0,1,0,0,0,0,0,B
4289,0,0,0,1,0,1,0,0,0,0,0,B
4290,0,0,0,1,0,1,0,0,0,0,0,B
4291,0,0,0,1,0,1,0,0,0,0,0,B
4292,0,0,0,1,0,1,0,0,0,0,0,B
4293,0,0,0,1,0,1,0,0,0,0,0,B
4294,0,0,0,1,0,1,0,0,0,0,0,B
4295,0,0,0,1,0,1,0,0,0,0,0,B
4296,0,0,0,1,0,1,0,0,0,0,0,B
4297,0,0,0,1,0,1,0,0,0,0,0,B
4298,0,0,0,1,0,1,0,0,0,0,0,B
4299,0,0,0,1,0,1,1,0,0,0,0,B
4300,0,0,0,1,0,1,1,0,0,0,0,B
4301,0,0,0,1,0,1,1,0,0,0,0,B
4302,0,0,0,1,0,1,1,0,0,0,0,B
4303,0,0,0,1,0,1,1,0,0,0,0,B
4304,0,0,0,1,0,1,1,0,0,0,0,B
4305,0,0,0,1,0,1,1,0,0,0,0,B
4306,0,0,0,1,0,1,1,0,0,0,0,B
4307,0,0,0,1,0,1,1,0,0,0,0,B
4308,0,0,0,1,0,1,1,0,0,0,0,B
4309,0,0,0,1,0,1,1,0,0,0,0,B
4310,0,0,0,1,0,1,1,0,0,0,0,B
4311,0,0,0,1,0,1,1,0,0,0,0,B
4312,0,0,0,1,0,1,1,0,0,0,0,B
4313,0,0,0,1,0,1,1,0,0,0,0,B
4314,0,0,0,1,0,1,1,0,0,0,0,B
4315,0,0,0,1,0,1,1,0,0,0,0,B
4316,0,0,0,1,0,1,1,0,0,0,0,B
4317,0,0,0,1,0,1,1,0,0,0,0,B
4318,0,0,0,1,0,1,1,0,0,0,0,B
4319,0,0,0,1,0,1,1,0,0,0,0,B
4320,0,0,0,1,0,1,1,0,0,0,0,B
4321,0,0,0,1,0,1,1,0,0,0,0,B
4322,0,0,0,1,0,1,1,0,0,0,0,B
4323,0,0,0,1,0,1,1,0,0,0,0,B
4324,0,0,0,1,0,1,1,0,0,0,0,B
4325,0,0,0,1,0,1,1,0,0,0,0,B
4326,0,0,0,1,0,1,1,0,0,0,0,B
4327,0,0,0,1,0,1,1,0,0,0,0,B
4328,0,0,0,1,0,1,1,0,0,0,0,B
4329,0,0,0,1,0,1,1,0,0,0,0,B
4330,0,0,0,1,0,1,1,0,0,0,0,B
4331,0,0,0,1,0,1,1,0,0,0,0,B
4332,0,0,0,1,0,1,1,0,0,0,0,B
4333,0,0,0,1,0,1,1,0,0,0,0,B
4334,0,0,0,1,0,1,1,0,0,0,0,B
4335,0,0,0,1,0,1,1,0,0,0,0,B
4336,0,0,0,1,0,1,1,0,0,0,0,B
4337,0,0,0,1,0,1,1,0,0,0,0,B
4338,0,0,0,1,0,1,1,0,0,0,0,B
4339,0,0,0,1,0,1,1,0,0,0,0,B
4340,0,0,0,1,0,1,1,0,0,0,0,B
4341,0,0,0,1,0,1,1,0,0,0,0,B
4342,0,0,0,1,0,1,1,0,0,0,0,B
4343,0,0,0,1,0,1,1,0,0,0,0,B
4344,0,0,0,1,0,1,1,0,0,0,0,B
4345,0,0,0,1,0,1,1,0,0,0,0,B
4346,0,0,0,1,0,1,1,0,0,0,0,B
4347,0,0,0,1,0,1,1,0,0,0,0,B
4348,0,0,0,1,0,1,1,0,0,0,0,B
4349,0,0,0,1,0,1,1,0,0,0,0,B
4350,0,0,0,1,0,1,1,0,0,0,0,B
4351,0,0,0,1,0,1,1,0,0,0,0,B
4352,0,0,0,1,0,1,1,0,0,0,0,B
4353,0,0,0,1,0,1,1,0,0,0,0,B
4354,0,0,0,1,0,1,1,0,0,0,0,B
4355,0,0,0,1,0,1,1,0,0,0,0,B
4356,0,0,0,1,0,1,1,0,0,0,0,B
4357,0,0,0,1,0,1,1,0,0,0,0,B
4358,0,0,0,1,0,1,1,0,0,0,0,B
4359,0,0,0,1,0,1,1,0,0,0,0,B
4360,0,0,0,1,0,1,1,0,0,0,0,B
4361,0,0,0,1,0,1,1,0,0,0,0,B
4362,0,0,0,1,0,1,1,0,0,0,0,B
4363,0,0,0,1,0,1,1,0,0,0,0,B
4364,0,0,0,1,0,1,1,0,0,0,0,B
4365,0,0,0,1,0,1,1,0,0,0,0,B
4366,0,0,0,1,0,1,1,0,0,0,0,B
4367,0,0,0,1,0,1,1,0,0,0,0,B
4368,0,0,0,1,0,1,1,0,0,0,0,B
4369,0,0,0,1,0,1,1,0,0,0,0,B
4370,0,0,0,1,0,1,1,0,0,0,0,B
4371,0,0,0,1,0,1,1,0,0,0,0,B
4372,0,0,0,1,0,1,1,0,0,0,0,B
4373,0,0,0,1,0,1,1,0,0,0,0,B
4374,0,0,0,1,0,1,1,0,0,0,0,B
4375,0,0,0,1,0,1,1,0,0,0,0,B
4376,0,0,0,1,0,1,1,0,0,0,0,B
4377,0,0,0,1,0,1,1,0,0,0,0,B
4378,0,0,0,1,0,1,1,0,0,0,0,B
4379,0,0,0,1,0,1,1,0,0,0,0,B
4380,0,0,0,1,0,1,1,0,0,0,0,B
4381,0,0,0,1,0,1,1,0,0,0,0,B
4382,0,0,0,1,0,1,1,0,0,0,0,B
4383,0,0,0,1,0,1,1,0,0,0,0,B
4384,0,0,0,1,0,1,1,0,0,0,0,B
4385,0,0,0,1,0,1,1,0,0,0,0,B
4386,0,0,0,1,0,1,1,0,0,0,0,B
4387,0,0,0,1,0,1,1,0,0,0,0,B
4388,0,0,0,1,0,1,1,0,0,0,0,B
4389,0,0,0,1,0,1,1,0,0,0,0,B
4390,0,0,0,1,0,1,1,0,0,0,0,B
4391,0,0,0,1,0,1,1,0,0,0,0,B
4392,0,0,0,1,0,1,1,0,0,0,0,B
4393,0,0,0,1,0,1,1,0,0,0,0,B
4394,0,0,0,1,0,1,1,0,0,0,0,B
4395,0,0,0,1,0,1,1,0,0,0,0,B
4396,0,0,0,1,0,1,1,0,0,0,0,B
4397,0,0,0,1,0,1,1,0,0,0,0,B
4398,0,0,0,1,0,1,1,0,0,0,0,B
4399,0,0,0,1,0,1,1,0,0,0,0,B
4400,0,0,0,1,0,1,1,0,0,0,0,B
4401,0,0,0,1,0,1,1,0,0,0,0,B
4402,0,0,0,1,0,1,1,0,0,0,0,B
4403,0,0,0,1,0,1,1,0,0,0,0,B
4404,0,0,0,1,0,1,1,0,0,0,0,B
4405,0,0,0,1,0,1,1,0,0,0,0,B
4406,0,0,0,1,0,1,1,0,0,0,0,B
4407,0,0,0,1,0,1,1,0,0,0,0,B
4408,0,0,0,1,0,1,1,0,0,0,0,B
4409,0,0,0,1,0,1,1,0,0,0,0,B
4410,0,0,0,1,0,1,1,0,0,0,0,B
4411,0,0,0,1,0,1,1,0,0,0,0,B
4412,0,0,0,1,0,1,1,0,0,0,0,B
4413,0,0,0,1,0,1,1,0,0,0,0,B
4414,0,0,0,1,0,1,1,0,0,0,0,B
4415,0,0,0,1,0,1,1,0,0,0,0,B
4416,0,0,0,1,0,1,1,0,0,0,0,B
4417,0,0,0,1,0,1,1,0,0,0,0,B
4418,0,0,0,1,0,1,1,0,0,0,0,B
4419,0,0,0,1,0,1,1,0,0,0,0,B
4420,0,0,0,1,0,1,1,0,0,0,0,B
4421,0,0,0,1,0,1,1,0,0,0,0,B
4422,0,0,0,1,0,1,1,0,0,0,0,B
4423,0,0,0,1,0,1,1,0,0,0,0,B
4424,0,0,0,1,0,1,1,0,0,0,0,B
4425,0,0,0,1,0,1,1,0,0,0,0,B
4426,0,0,0,1,0,1,1,0,0,0,0,B
4427,0,0,0,1,0,1,1,0,0,0,0,B
4428,0,0,0,1,0,1,1,0,0,0,0,B
4429,0,0,0,1,0,1,1,0,0,0,0,B
4430,0,0,0,1,0,1,1,0,0,0,0,B
4431,0,0,0,1,0,1,1,0,0,0,0,B
4432,0,0,0,1,0,1,1,0,0,0,0,B
4433,0,0,0,1,0,1,1,0,0,0,0,B
4434,0,0,0,1,0,1,1,0,0,0,0,B
4435,0,0,0,1,0,1,1,0,0,0,0,B
4436,0,0,0,1,0,1,1,0,0,0,0,B
4437,0,0,0,1,0,1,1,0,0,0,0,B
4438,0,0,0,1,0,1,1,0,0,0,0,B
4439,0,0,0,1,0,1,1,0,0,0,0,B
4440,0,0,0,1,0,1,1,0,0,0,0,B
4441,0,0,0,1,0,1,1,0,0,0,0,B
4442,0,0,0,1,0,1,1,0,0,0,0,B
4443,0,0,0,1,0,1,1,0,0,0,0,B
4444,0,0,0,1,0,1,1,0,0,0,0,B
4445,0,0,0,1,0,1,1,0,0,0,0,B
4446,0,0,0,1,0,1,1,0,0,0,0,B
4447,0,0,0,1,0,1,1,0,0,0,0,B
4448,0,0,0,1,0,1,1,0,0,0,0,B
4449,0,0,0,1,0,1,1,0,0,0,0,B
4450,0,0,0,1,0,1,1,0,0,0,0,B
4451,0,0,0,1,0,1,1,0,0,0,0,B
4452,0,0,0,1,0,1,1,0,0,0,0,B
4453,0,0,0,1,0,1,1,0,0,0,0,B
4454,0,0,0,1,0,1,1,0,0,0,0,B
4455,0,0,0,1,0,1,1,0,0,0,0,B
4456,0,0,0,1,0,1,1,0,0,0,0,B
4457,0,0,0,1,0,1,1,0,0,0,0,B
4458,0,0,0,1,0,1,1,0,0,0,0,B
4459,0,0,0,1,0,1,1,0,0,0,0,B
4460,0,0,0,1,0,1,1,0,0,0,0,B
4461,0,0,0,1,0,1,1,0,0,0,0,B
4462,0,0,0,1,0,1,1,0,0,0,0,B
4463,0,0,0,1,0,1,1,0,0,0,0,B
4464,0,0,0,1,0,1,1,0,0,0,0,B
4465,0,0,0,1,0,1,1,0,0,0,0,B
4466,0,0,0,1,0,1,1,0,0,0,0,B
4467,0,0,0,1,0,1,1,0,0,0,0,B
4468,0,0,0,1,0,1,1,0,0,0,0,B
4469,0,0,0,1,0,1,1,0,0,0,0,B
4470,0,0,0,1,0,1,1,0,0,0,0,B
4471,0,0,0,1,0,1,1,0,0,0,0,B
4472,0,0,0,1,0,1,1,0,0,0,0,B
4473,0,0,0,1,0,1,1,0,0,0,0,B
4474,0,0,0,1,0,1,1,0,0,0,0,B
4475,0,0,0,1,0,1,1,0,0,0,0,B
4476,0,0,0,1,0,1,1,0,0,0,0,B
4477,0,0,0,1,0,1,1,0,0,0,0,B
4478,0,0,0,1,0,1,1,0,0,0,0,B
4479,0,0,0,1,0,1,1,0,0,0,0,B
4480,0,0,0,1,0,1,1,0,0,0,0,B
4481,0,0,0,1,0,1,1,0,0,0,0,B
4482,0,0,0,1,0,1,1,0,0,0,0,B
4483,0,0,0,1,0,1,1,0,0,0,0,B
4484,0,0,0,1,0,1,1,0,0,0,0,B
4485,0,0,0,1,0,1,1,0,0,0,0,B
4486,0,0,0,1,0,1,1,0,0,0,0,B
4487,0,0,0,1,0,1,1,0,0,0,0,B
4488,0,0,0,1,0,1,1,0,0,0,0,B
4489,0,0,0,1,0,1,1,0,0,0,0,B
4490,0,0,0,1,0,1,1,0,0,0,0,B
4491,0,0,0,1,0,1,1,0,0,0,0,B
4492,0,0,0,1,0,1,1,0,0,0,0,B
4493,0,0,0,1,0,1,1,0,0,0,0,B
4494,0,0,0,1,0,1,1,0,0,0,0,B
4495,0,0,0,1,0,1,1,0,0,0,0,B
4496,0,0,0,1,0,1,1,0,0,0,0,B
4497,0,0,0,1,0,1,0,0,0,0,0,B
4498,0,0,0,1,0,1,0,0,0,0,0,B
4499,0,0,0,1,0,1,0,0,0,0,0,B
4500,0,0,0,1,0,1,0,0,0,0,0,B
4501,0,0,0,1,0,1,0,0,0,0,0,B
4502,0,0,0,1,0,1,0,0,0,0,0,B
4503,0,0,0,1,0,1,0,0,0,0,0,B
4504,0,0,0,1,0,1,0,0,0,0,0,B
4505,0,0,0,1,0,1,0,0,0,0,0,B
4506,0,0,0,1,0,1,0,0,0,0,0,B
4507,0,0,0,1,0,1,0,0,0,0,0,B
4508,0,0,0,1,0,1,0,0,0,0,0,B
4509,0,0,0,1,0,1,0,0,0,0,0,B
4510,0,0,0,1,0,1,0,0,0,0,0,B
4511,0,0,0,1,0,1,0,0,0,0,0,B
4512,0,0,0,1,0,1,0,0,0,0,0,B
4513,0,0,0,1,0,1,0,0,0,0,0,B
4514,0,0,0,1,0,1,0,0,0,0,0,B
4515,0,0,0,1,0,1,0,0,0,0,0,B
4516,0,0,0,1,0,1,0,0,0,0,0,B
4517,0,0,0,1,0,1,0,0,0,0,0,B
4518,0,0,0,1,0,1,0,0,0,0,0,B
4519,0,0,0,1,0,1,0,0,0,0,0,B
4520,0,0,0,1,0,1,0,0,0,0,0,B
4521,0,0,0,1,0,1,0,0,0,0,0,B
4522,0,0,0,1,0,1,0,0,0,0,0,B
4523,0,0,0,1,0,1,0,0,0,0,0,B
4524,0,0,0,1,0,1,0,0,0,0,0,B
4525,0,0,0,1,0,1,0,0,0,0,0,B
4526,0,0,0,1,0,1,0,0,0,0,0,B
4527,0,0,0,1,0,1,0,0,0,0,0,B
4528,0,0,0,1,0,1,0,0,0,0,0,B
4529,0,0,0,1,0,1,0,0,0,0,0,B
4530,0,0,0,1,0,1,0,0,0,0,0,B
4531,0,0,0,1,0,1,0,0,0,0,0,B
4532,0,0,0,1,0,1,0,0,0,0,0,B
4533,0,0,0,1,0,1,0,0,0,0,0,B
4534,0,0,0,1,0,1,0,0,0,0,0,B
4535,0,0,0,1,0,1,0,0,0,0,0,B
4536,0,0,0,1,0,1,0,0,0,0,0,B
4537,0,0,0,1,0,1,0,0,0,0,0,B
4538,0,0,0,1,0,1,0,0,0,0,0,B
4539,0,0,0,1,0,1,0,0,0,0,0,B
4540,0,0,0,1,0,1,0,0,0,0,0,B
4541,0,0,0,1,0,1,0,0,0,0,0,B
4542,0,0,0,1,0,1,0,0,0,0,0,B
4543,0,0,0,1,0,1,0,0,0,0,0,B
4544,0,0,0,1,0,1,0,0,0,0,0,B
4545,0,0,0,1,0,1,0,0,0,0,0,B
4546,0,0,0,1,0,1,0,0,0,0,0,B
4547,0,0,0,1,0,1,0,0,0,0,0,B
4548,0,0,0,1,0,1,0,0,0,0,0,B
4549,0,0,0,1,0,1,0,0,0,0,0,B
4550,0,0,0,1,0,1,0,0,0,0,0,B
4551,0,0,0,1,0,1,0,0,0,0,0,B
4552,0,0,0,1,0,1,0,0,0,0,0,B
4553,0,0,0,1,0,1,0,0,0,0,0,B
4554,0,0,0,1,0,1,0,0,0,0,0,B
4555,0,0,0,1,0,1,0,0,0,0,0,B
4556,0,0,0,1,0,1,0,0,0,0,0,B
4557,0,0,0,1,0,1,1,0,0,0,0,B
4558,0,0,0,1,0,1,1,0,0,0,0,B
4559,0,0,0,1,0,1,1,0,0,0,0,B
4560,0,0,0,1,0,1,1,0,0,0,0,B
4561,0,0,0,1,0,1,1,0,0,0,0,B
4562,0,0,0,1,0,1,1,0,0,0,0,B
4563,0,0,0,1,0,1,1,0,0,0,0,B
4564,0,0,0,1,0,1,1,0,0,0,0,B
4565,0,0,0,1,0,1,1,0,0,0,0,B
4566,0,0,0,1,0,1,1,0,0,0,0,B
4567,0,0,0,1,0,1,1,0,0,0,0,B
4568,0,0,0,1,0,1,1,0,0,0,0,B
4569,0,0,0,1,0,1,1,0,0,0,0,B
4570,0,0,0,1,0,1,1,0,0,0,0,B
4571,0,0,0,1,0,1,1,0,0,0,0,B
4572,0,0,0,1,0,1,1,0,0,0,0,B
4573,0,0,0,1,0,1,1,0,0,0,0,B
4574,0,0,0,1,0,1,1,0,0,0,0,B
4575,0,0,0,1,0,1,1,0,0,0,0,B
4576,0,0,0,1,0,1,1,0,0,0,0,B
4577,0,0,0,1,0,1,1,0,0,0,0,B
4578,0,0,0,1,0,1,1,0,0,0,0,B
4579,0,0,0,1,0,1,1,0,0,0,0,B
4580,0,0,0,1,0,1,1,0,0,0,0,B
4581,0,0,0,1,0,1,1,0,0,0,0,B
4582,0,0,0,1,0,1,1,0,0,0,0,B
4583,0,0,0,1,0,1,1,0,0,0,0,B
4584,0,0,0,1,0,1,1,0,0,0,0,B
4585,0,0,0,1,0,1,1,0,0,0,0,B
4586,0,0,0,1,0,1,1,0,0,0,0,B
4587,0,0,0,1,0,1,1,0,0,0,0,B
4588,0,0,0,1,0,1,1,0,0,0,0,B
4589,0,0,0,1,0,1,1,0,0,0,0,B
4590,0,0,0,1,0,1,1,0,0,0,0,B
4591,0,0,0,1,0,1,1,0,0,0,0,B
4592,0,0,0,1,0,1,1,0,0,0,0,B
4593,0,0,0,1,0,1,1,0,0,0,0,B
4594,0,0,0,1,0,1,1,0,0,0,0,B
4595,0,0,0,1,0,1,1,0,0,0,0,B
4596,0,0,0,1,0,1,1,0,0,0,0,B
4597,0,0,0,1,0,1,1,0,0,0,0,B
4598,0,0,0,1,0,1,1,0,0,0,0,B
4599,0,0,0,1,0,1,1,0,0,0,0,B
4600,0,0,0,1,0,1,1,0,0,0,0,B
4601,0,0,0,1,0,1,1,0,0,0,0,B
4602,0,0,0,1,0,1,1,0,0,0,0,B
4603,0,0,0,1,0,1,1,0,0,0,0,B
4604,0,0,0,1,0,1,1,0,0,0,0,B
4605,0,0,0,1,0,1,1,0,0,0,0,B
4606,0,0,0,1,0,1,1,0,0,0,0,B
4607,0,0,0,1,0,1,1,0,0,0,0,B
4608,0,0,0,1,0,1,1,0,0,0,0,B
4609,0,0,0,1,0,1,1,0,0,0,0,B
4610,0,0,0,1,0,1,1,0,0,0,0,B
4611,0,0,0,1,0,1,1,0,0,0,0,B
4612,0,0,0,1,0,1,1,0,0,0,0,B
4613,0,0,0,1,0,1,1,0,0,0,0,B
4614,0,0,0,1,0,1,1,0,0,0,0,B
4615,0,0,0,1,0,1,1,0,0,0,0,B
4616,0,0,0,1,0,1,1,0,0,0,0,B
4617,0,0,0,1,0,1,1,0,0,0,0,B
4618,0,0,0,1,0,1,1,0,0,0,0,B
4619,0,0,0,1,0,1,1,0,0,0,0,B
4620,0,0,0,1,0,1,1,0,0,0,0,B
4621,0,0,0,1,0,1,1,0,0,0,0,B
4622,0,0,0,1,0,1,1,0,0,0,0,B
4623,0,0,0,1,0,1,1,0,0,0,0,B
4624,0,0,0,1,0,1,1,0,0,0,0,B
4625,0,0,0,1,0,1,1,0,0,0,0,B
4626,0,0,0,1,0,1,1,0,0,0,0,B
4627,0,0,0,1,0,1,1,0,0,0,0,B
4628,0,0,0,1,0,1,1,0,0,0,0,B
4629,0,0,0,1,0,1,1,0,0,0,0,B
4630,0,0,0,1,0,1,1,0,0,0,0,B
4631,0,0,0,1,0,1,1,0,0,0,0,B
4632,0,0,0,1,0,1,1,0,0,0,0,B
4633,0,0,0,1,0,1,1,0,0,0,0,B
4634,0,0,0,1,0,1,1,0,0,0,0,B
4635,0,0,0,1,0,1,1,0,0,0,0,B
4636,0,0,0,1,0,1,1,0,0,0,0,B
4637,0,0,0,1,0,1,1,0,0,0,0,B
4638,0,0,0,1,0,1,1,0,0,0,0,B
4639,0,0,0,1,0,1,1,0,0,0,0,B
4640,0,0,0,1,0,1,1,0,0,0,0,B
4641,0,0,0,1,0,1,1,0,0,0,0,B
4642,0,0,0,1,0,1,1,0,0,0,0,B
4643,0,0,0,1,0,1,1,0,0,0,0,B
4644,0,0,0,1,0,1,1,0,0,0,0,B
4645,0,0,0,1,0,1,1,0,0,0,0,B
4646,0,0,0,1,0,1,1,0,0,0,0,B
4647,0,0,0,1,0,1,1,0,0,0,0,B
4648,0,0,0,1,0,1,1,0,0,0,0,B
4649,0,0,0,1,0,1,1,0,0,0,0,B
4650,0,0,0,1,0,1,1,0,0,0,0,B
4651,0,0,0,1,0,1,1,0,0,0,0,B
4652,0,0,0,1,0,1,1,0,0,0,0,C
4653,0,0,0,1,0,1,1,0,0,0,0,B
4654,0,0,0,1,0,1,1,0,0,0,0,C
4655,0,0,0,1,0,1,0,0,0,0,0,B
4656,0,0,0,1,0,1,0,0,0,0,0,B
4657,0,0,0,1,0,1,0,0,0,0,0,B
4658,0,0,0,1,0,1,0,0,0,0,0,B
4659,0,0,0,1,0,1,0,0,0,0,0,B
4660,0,0,0,1,0,1,0,0,0,0,0,B
4661,0,0,0,1,0,1,0,0,0,0,0,B
4662,0,0,0,1,0,1,0,0,0,0,0,B
4663,0,0,0,1,0,1,0,0,0,0,0,B
4664,0,0,0,1,0,1,0,0,0,0,0,B
4665,0,0,0,1,0,1,0,0,0,0,0,B
4666,0,0,0,1,0,1,0,0,0,0,0,B
4667,0,0,0,1,0,1,0,0,0,0,0,B
4668,0,0,0,1,0,1,0,0,0,0,0,B
4669,0,0,0,1,0,1,0,0,0,0,0,B
4670,0,0,0,1,0,1,0,0,0,0,0,B
4671,0,0,0,1,0,1,0,0,0,0,0,B
4672,0,0,0,1,0,1,0,0,0,0,0,B
4673,0,0,0,1,0,1,0,0,0,0,0,B
4674,0,0,0,1,0,1,0,0,0,0,0,B
4675,0,0,0,1,0,1,0,0,0,0,0,B
4676,0,0,0,1,0,1,0,0,0,0,0,B
4677,0,0,0,1,0,1,0,0,0,0,0,B
4678,0,0,0,1,0,1,0,0,0,0,0,B
4679,0,0,0,1,0,1,0,0,0,0,0,B
4680,0,0,0,1,0,1,0,0,0,0,0,B
4681,0,0,0,1,0,1,0,0,0,0,0,B
4682,0,0,0,1,0,1,0,0,0,0,0,B
4683,0,0,0,1,0,1,0,0,0,0,0,B
4684,0,0,0,1,0,1,0,0,0,0,0,B
4685,0,0,0,1,0,1,0,0,0,0,0,B
4686,0,0,0,1,0,1,0,0,0,0,0,B
4687,0,0,0,1,0,1,0,0,0,0,0,B
4688,0,0,0,1,0,1,0,0,0,0,0,B
4689,0,0,0,1,0,1,0,0,0,0,0,B
4690,0,0,0,1,0,1,0,0,0,0,0,B
4691,0,0,0,1,0,1,0,0,0,0,0,B
4692,0,0,0,1,0,1,0,0,0,0,0,B
4693,0,0,0,1,0,1,0,0,0,0,0,B
4694,0,0,0,1,0,1,0,0,0,0,0,B
4695,0,0,0,1,0,1,0,0,0,0,0,B
4696,0,0,0,1,0,1,0,0,0,0,0,B
4697,0,0,0,1,0,1,0,0,0,0,0,B
4698,0,0,0,1,0,1,0,0,0,0,0,B
4699,0,0,0,1,0,1,0,0,0,0,0,B
4700,0,0,0,1,0,1,0,0,0,0,0,B
4701,0,0,0,1,0,1,0,0,0,0,0,B
4702,0,0,0,1,0,1,0,0,0,0,0,B
4703,0,0,0,1,0,1,0,0,0,0,0,B
4704,0,0,0,1,0,1,0,0,0,0,0,B
4705,0,0,0,1,0,1,0,0,0,0,0,B
4706,0,0,0,1,0,1,0,0,0,0,0,B
4707,0,0,0,1,0,1,0,0,0,0,0,B
4708,0,0,0,1,0,1,0,0,0,0,0,B
4709,0,0,0,1,0,1,0,0,0,0,0,B
4710,0,0,0,1,0,1,0,0,0,0,0,B
4711,0,0,0,1,0,1,0,0,0,0,0,B
4712,0,0,0,1,0,1,1,0,0,0,0,B
4713,0,0,0,1,0,1,1,0,0,0,0,B
4714,0,0,0,1,0,1,1,0,0,0,0,B
4715,0,0,0,1,0,1,1,0,0,0,0,B
4716,0,0,0,1,0,1,1,0,0,0,0,B
4717,0,0,0,1,0,1,1,0,0,0,0,B
4718,0,0,0,1,0,1,1,0,0,0,0,B
4719,0,0,0,1,0,1,1,0,0,0,0,B
4720,0,0,0,1,0,1,1,0,0,0,0,B
4721,0,0,0,1,0,1,1,0,0,0,0,B
4722,0,0,0,1,0,1,1,0,0,0,0,B
4723,0,0,0,1,0,1,1,0,0,0,0,B
4724,0,0,0,1,0,1,1,0,0,0,0,B
4725,0,0,0,1,0,1,1,0,0,0,0,B
4726,0,0,0,1,0,1,1,0,0,0,0,B
4727,0,0,0,1,0,1,1,0,0,0,0,B
4728,0,0,0,1,0,1,1,0,0,0,0,B
4729,0,0,0,1,0,1,1,0,0,0,0,B
4730,0,0,0,1,0,1,1,0,0,0,0,B
4731,0,0,0,1,0,1,1,0,0,0,0,B
4732,0,0,0,1,0,1,1,0,0,0,0,B
4733,0,0,0,1,0,1,1,0,0,0,0,B
4734,0,0,0,1,0,1,1,0,0,0,0,B
4735,0,0,0,1,0,1,1,0,0,0,0,B
4736,0,0,0,1,0,1,1,0,0,0,0,B
4737,0,0,0,1,0,1,1,0,0,0,0,B
4738,0,0,0,1,0,1,1,0,0,0,0,B
4739,0,0,0,1,0,1,1,0,0,0,0,B
4740,0,0,0,1,0,1,1,0,0,0,0,B
4741,0,0,0,1,0,1,1,0,0,0,0,B
4742,0,0,0,1,0,1,1,0,0,0,0,B
4743,0,0,0,1,0,1,1,0,0,0,0,B
4744,0,0,0,1,0,1,1,0,0,0,0,B
4745,0,0,0,1,0,1,1,0,0,0,0,B
4746,0,0,0,1,0,1,1,0,0,0,0,B
4747,0,0,0,1,0,1,1,0,0,0,0,B
4748,0,0,0,1,0,1,1,0,0,0,0,B
4749,0,0,0,1,0,1,1,0,0,0,0,B
4750,0,0,0,1,0,1,1,0,0,0,0,B
4751,0,0,0,1,0,1,1,0,0,0,0,B
4752,0,0,0,1,0,1,1,0,0,0,0,B
4753,0,0,0,1,0,1,1,0,0,0,0,B
4754,0,0,0,1,0,1,1,0,0,0,0,B
4755,0,0,0,1,0,1,1,0,0,0,0,B
4756,0,0,0,1,0,1,1,0,0,0,0,B
4757,0,0,0,1,0,1,1,0,0,0,0,B
4758,0,0,0,1,0,1,1,0,0,0,0,B
4759,0,0,0,1,0,1,1,0,0,0,0,B
4760,0,0,0,1,0,1,1,0,0,0,0,B
4761,0,0,0,1,0,1,1,0,0,0,0,B
4762,0,0,0,1,0,1,1,0,0,0,0,B
4763,0,0,0,1,0,1,1,0,0,0,0,B
4764,0,0,0,1,0,1,1,0,0,0,0,B
4765,0,0,0,1,0,1,1,0,0,0,0,B
4766,0,0,0,1,0,1,1,0,0,0,0,B
4767,0,0,0,1,0,1,1,0,0,0,0,B
4768,0,0,0,1,0,1,1,0,0,0,0,B
4769,0,0,0,1,0,1,1,0,0,0,0,B
4770,0,0,0,1,0,1,1,0,0,0,0,B
4771,0,0,0,1,0,1,1,0,0,0,0,B
4772,0,0,0,1,0,1,1,0,0,0,0,B
4773,0,0,0,1,0,1,1,0,0,0,0,B
4774,0,0,0,1,0,1,1,0,0,0,0,B
4775,0,0,0,1,0,1,1,0,0,0,0,B
4776,0,0,0,1,0,1,1,0,0,0,0,B
4777,0,0,0,1,0,1,1,0,0,0,0,B
4778,0,0,0,1,0,1,1,0,0,0,0,B
4779,0,0,0,1,0,1,1,0,0,0,0,B
4780,0,0,0,1,0,1,1,0,0,0,0,B
4781,0,0,0,1,0,1,1,0,0,0,0,B
4782,0,0,0,1,0,1,1,0,0,0,0,B
4783,0,0,0,1,0,1,1,0,0,0,0,B
4784,0,0,0,1,0,1,1,0,0,0,0,B
4785,0,0,0,1,0,1,1,0,0,0,0,B
4786,0,0,0,1,0,1,1,0,0,0,0,B
4787,0,0,0,1,0,1,1,0,0,0,0,B
4788,0,0,0,1,0,1,1,0,0,0,0,B
4789,0,0,0,1,0,1,1,0,0,0,0,B
4790,0,0,0,1,0,1,1,0,0,0,0,B
4791,0,0,0,1,0,1,1,0,0,0,0,B
4792,0,0,0,1,0,1,1,0,0,0,0,B
4793,0,0,0,1,0,1,1,0,0,0,0,B
4794,0,0,0,1,0,1,1,0,0,0,0,B
4795,0,0,0,1,0,1,1,0,0,0,0,B
4796,0,0,0,1,0,1,1,0,0,0,0,B
4797,0,0,0,1,0,1,1,0,0,0,0,B
4798,0,0,0,1,0,1,1,0,0,0,0,B
4799,0,0,0,1,0,1,1,0,0,0,0,B
4800,0,0,0,1,0,1,1,0,0,0,0,B
4801,0,0,0,1,0,1,1,0,0,0,0,B
4802,0,0,0,1,0,1,1,0,0,0,0,B
4803,0,0,0,1,0,1,1,0,0,0,0,B
4804,0,0,0,1,0,1,1,0,0,0,0,B
4805,0,0,0,1,0,1,1,0,0,0,0,B
4806,0,0,0,1,0,1,1,0,0,0,0,B
4807,0,0,0,1,0,1,1,0,0,0,0,B
4808,0,0,0,1,0,1,1,0,0,0,0,B
4809,0,0,0,1,0,1,0,0,0,0,0,B
4810,0,0,0,1,0,1,0,0,0,0,0,B
4811,0,0,0,1,0,1,0,0,0,0,0,B
4812,0,0,0,1,0,1,0,0,0,0,0,B
4813,0,0,0,1,0,1,0,0,0,0,0,B
4814,0,0,0,1,0,1,0,0,0,0,0,B
4815,0,0,0,1,0,1,0,0,0,0,0,B
4816,0,0,0,1,0,1,0,0,0,0,0,C
4817,0,0,0,1,0,1,0,0,0,0,0,C
4818,0,0,0,1,0,1,0,0,0,0,0,C
4819,0,0,0,1,0,1,0,0,0,0,0,C
4820,0,0,0,1,0,1,0,0,0,0,0,C
4821,0,0,0,1,0,1,0,0,0,0,0,C
4822,0,0,0,1,0,1,0,0,0,0,0,B
4823,0,0,0,1,0,1,0,0,0,0,0,B
4824,0,0,0,1,0,1,0,0,0,0,0,B
4825,0,0,0,1,0,1,0,0,0,0,0,B
4826,0,0,0,1,0,1,0,0,0,0,0,C
4827,0,0,0,1,0,1,0,0,0,0,0,C
4828,0,0,0,1,0,1,0,0,0,0,0,C
4829,0,0,0,1,0,1,0,0,0,0,0,C
4830,0,0,0,1,0,1,0,0,0,0,0,C
4831,0,0,0,1,0,1,0,0,0,0,0,C
4832,0,0,0,1,0,1,0,0,0,0,0,B
4833,0,0,0,1,0,1,0,0,0,0,0,B
4834,0,0,0,1,0,1,0,0,0,0,0,B
4835,0,0,0,1,0,1,0,0,0,0,0,B
4836,0,0,0,1,0,1,0,0,0,0,0,B
4837,0,0,0,1,0,1,0,0,0,0,0,B
4838,0,0,0,1,0,1,0,0,0,0,0,B
4839,0,0,0,1,0,1,0,0,0,0,0,B
4840,0,0,0,1,0,1,0,0,0,0,0,B
4841,0,0,0,1,0,1,0,0,0,0,0,B
4842,0,0,0,1,0,1,0,0,0,0,0,B
4843,0,0,0,1,0,1,0,0,0,0,0,B
4844,0,0,0,1,0,1,0,0,0,0,0,B
4845,0,0,0,1,0,1,0,0,0,0,0,B
4846,0,0,0,1,0,1,0,0,0,0,0,B
4847,0,0,0,1,0,1,0,0,0,0,0,B
4848,0,0,0,1,0,1,0,0,0,0,0,B
4849,0,0,0,1,0,1,0,0,0,0,0,B
4850,0,0,0,1,0,1,0,0,0,0,0,B
4851,0,0,0,1,0,1,0,0,0,0,0,B
4852,0,0,0,1,0,1,0,0,0,0,0,B
4853,0,0,0,1,0,1,0,0,0,0,0,B
4854,0,0,0,1,0,1,0,0,0,0,0,B
4855,0,0,0,1,0,1,0,0,0,0,0,B
4856,0,0,0,1,0,1,0,0,0,0,0,B
4857,0,0,0,1,0,1,0,0,0,0,0,B
4858,0,0,0,1,0,1,0,0,0,0,0,B
4859,0,0,0,1,0,1,0,0,0,0,0,B
4860,0,0,0,1,0,1,0,0,0,0,0,B
4861,0,0,0,1,0,1,1,0,0,0,0,B
4862,0,0,0,1,0,1,1,0,0,0,0,B
4863,0,0,0,1,0,1,1,0,0,0,0,B
4864,0,0,0,1,0,1,1,0,0,0,0,B
4865,0,0,0,1,0,1,1,0,0,0,0,B
4866,0,0,0,1,0,1,1,0,0,0,0,B
4867,0,0,0,1,0,1,1,0,0,0,0,B
4868,0,0,0,1,0,1,1,0,0,0,0,B
4869,0,0,0,1,0,1,1,0,0,0,0,B
4870,0,0,0,1,0,1,1,0,0,0,0,B
4871,0,0,0,1,0,1,1,0,0,0,0,B
4872,0,0,0,1,0,1,1,0,0,0,0,B
4873,0,0,0,1,0,1,1,0,0,0,0,B
4874,0,0,0,1,0,1,1,0,0,0,0,B
4875,0,0,0,1,0,1,1,0,0,0,0,B
4876,0,0,0,1,0,1,1,0,0,0,0,B
4877,0,0,0,1,0,1,1,0,0,0,0,B
4878,0,0,0,1,0,1,1,0,0,0,0,B
4879,0,0,0,1,0,1,1,0,0,0,0,B
4880,0,0,0,1,0,1,1,0,0,0,0,B
4881,0,0,0,1,0,1,1,0,0,0,0,B
4882,0,0,0,1,0,1,1,0,0,0,0,B
4883,0,0,0,1,0,1,1,0,0,0,0,B
4884,0,0,0,1,0,1,1,0,0,0,0,B
4885,0,0,0,1,0,1,1,0,0,0,0,B
4886,0,0,0,1,0,1,1,0,0,0,0,B
4887,0,0,0,1,0,1,1,0,0,0,0,B
4888,0,0,0,1,0,1,1,0,0,0,0,B
4889,0,0,0,1,0,1,1,0,0,0,0,B
4890,0,0,0,1,0,1,1,0,0,0,0,B
4891,0,0,0,1,0,1,1,0,0,0,0,B
4892,0,0,0,1,0,1,1,0,0,0,0,B
4893,0,0,0,1,0,1,1,0,0,0,0,B
4894,0,0,0,1,0,1,1,0,0,0,0,B
4895,0,0,0,1,0,1,1,0,0,0,0,B
4896,0,0,0,1,0,1,1,0,0,0,0,B
4897,0,0,0,1,0,1,1,0,0,0,0,B
4898,0,0,0,1,0,1,1,0,0,0,0,B
4899,0,0,0,1,0,1,1,0,0,0,0,B
4900,0,0,0,1,0,1,1,0,0,0,0,B
4901,0,0,0,1,0,1,1,0,0,0,0,B
4902,0,0,0,1,0,1,1,0,0,0,0,B
4903,0,0,0,1,0,1,1,0,0,0,0,B
4904,0,0,0,1,0,1,1,0,0,0,0,B
4905,0,0,0,1,0,1,1,0,0,0,0,B
4906,0,0,0,1,0,1,1,0,0,0,0,B
4907,0,0,0,1,0,1,1,0,0,0,0,B
4908,0,0,0,1,0,1,1,0,0,0,0,B
4909,0,0,0,1,0,1,1,0,0,0,0,B
4910,0,0,0,1,0,1,1,0,0,0,0,B
4911,0,0,0,1,0,1,1,0,0,0,0,B
4912,0,0,0,1,0,1,1,0,0,0,0,B
4913,0,0,0,1,0,1,1,0,0,0,0,B
4914,0,0,0,1,0,1,1,0,0,0,0,B
4915,0,0,0,1,0,1,1,0,0,0,0,B
4916,0,0,0,1,0,1,1,0,0,0,0,B
4917,0,0,0,1,0,1,1,0,0,0,0,B
4918,0,0,0,1,0,1,1,0,0,0,0,B
4919,0,0,0,1,0,1,1,0,0,0,0,B
4920,0,0,0,1,0,1,1,0,0,0,0,B
4921,0,0,0,1,0,1,1,0,0,0,0,B
4922,0,0,0,1,0,1,1,0,0,0,0,B
4923,0,0,0,1,0,1,1,0,0,0,0,B
4924,0,0,0,1,0,1,1,0,0,0,0,B
4925,0,0,0,1,0,1,1,0,0,0,0,B
4926,0,0,0,1,0,1,1,0,0,0,0,B
4927,0,0,0,1,0,1,1,0,0,0,0,B
4928,0,0,0,1,0,1,1,0,0,0,0,B
4929,0,0,0,1,0,1,1,0,0,0,0,B
4930,0,0,0,1,0,1,1,0,0,0,0,B
4931,0,0,0,1,0,1,1,0,0,0,0,B
4932,0,0,0,1,0,1,1,0,0,0,0,B
4933,0,0,0,1,0,1,1,0,0,0,0,B
4934,0,0,0,1,0,1,1,0,0,0,0,B
4935,0,0,0,1,0,1,1,0,0,0,0,B
4936,0,0,0,1,0,1,1,0,0,0,0,B
4937,0,0,0,1,0,1,1,0,0,0,0,B
4938,0,0,0,1,0,1,1,0,0,0,0,B
4939,0,0,0,1,0,1,1,0,0,0,0,B
4940,0,0,0,1,0,1,1,0,0,0,0,B
4941,0,0,0,1,0,1,1,0,0,0,0,B
4942,0,0,0,1,0,1,1,0,0,0,0,B
4943,0,0,0,1,0,1,1,0,0,0,0,B
4944,0,0,0,1,0,1,1,0,0,0,0,B
4945,0,0,0,1,0,1,1,0,0,0,0,B
4946,0,0,0,1,0,1,1,0,0,0,0,B
4947,0,0,0,1,0,1,1,0,0,0,0,B
4948,0,0,0,1,0,1,1,0,0,0,0,B
4949,0,0,0,1,0,1,1,0,0,0,0,B
4950,0,0,0,1,0,1,1,0,0,0,0,B
4951,0,0,0,1,0,1,1,0,0,0,0,B
4952,0,0,0,1,0,1,1,0,0,0,0,B
4953,0,0,0,1,0,1,1,0,0,0,0,B
4954,0,0,0,1,0,1,1,0,0,0,0,B
4955,0,0,0,1,0,1,1,0,0,0,0,B
4956,0,0,0,1,0,1,1,0,0,0,0,B
4957,0,0,0,1,0,1,1,0,0,0,0,B
4958,0,0,0,1,0,1,1,0,0,0,0,B
4959,0,0,0,1,0,1,1,0,0,0,0,B
4960,0,0,0,1,0,1,1,0,0,0,0,B
4961,0,0,0,1,0,1,1,0,0,0,0,C
4962,0,0,0,1,0,1,1,0,0,0,0,C
4963,0,0,0,1,0,1,0,0,0,0,0,C
4964,0,0,0,1,0,1,0,0,0,0,0,C
4965,0,0,0,1,0,1,0,0,0,0,0,C
4966,0,0,0,1,0,1,0,0,0,0,0,C
4967,0,0,0,1,0,1,0,0,0,0,0,C
4968,0,0,0,1,0,1,0,0,0,0,0,C
4969,0,0,0,1,0,1,0,0,0,0,0,C
4970,0,0,0,1,0,1,0,0,0,0,0,B
4971,0,0,0,1,0,1,0,0,0,0,0,B
4972,0,0,0,1,0,1,0,0,0,0,0,B
4973,0,0,0,1,0,1,0,0,0,0,0,B
4974,0,0,0,1,0,1,0,0,0,0,0,B
4975,0,0,0,1,0,1,0,0,0,0,0,B
4976,0,0,0,1,0,1,0,0,0,0,0,B
4977,0,0,0,1,0,1,0,0,0,0,0,B
4978,0,0,0,1,0,1,0,0,0,0,0,B
4979,0,0,0,1,0,1,0,0,0,0,0,B
4980,0,0,0,1,0,1,0,0,0,0,0,B
4981,0,0,0,1,0,1,0,0,0,0,0,B
4982,0,0,0,1,0,1,0,0,0,0,0,B
4983,0,0,0,1,0,1,0,0,0,0,0,B
4984,0,0,0,1,0,1,0,0,0,0,0,B
4985,0,0,0,1,0,1,0,0,0,0,0,B
4986,0,0,0,1,0,1,0,0,0,0,0,B
4987,0,0,0,1,0,1,0,0,0,0,0,B
4988,0,0,0,1,0,1,0,0,0,0,0,B
4989,0,0,0,1,0,1,0,0,0,0,0,B
4990,0,0,0,1,0,1,0,0,0,0,0,B
4991,0,0,0,1,0,1,0,0,0,0,0,B
4992,0,0,0,1,0,1,0,0,0,0,0,B
4993,0,0,0,1,0,1,0,0,0,0,0,B
4994,0,0,0,1,0,1,0,0,0,0,0,B
4995,0,0,0,1,0,1,0,0,0,0,0,B
4996,0,0,0,1,0,1,0,0,0,0,0,B
4997,0,0,0,1,0,1,0,0,0,0,0,B
4998,0,0,0,1,0,1,0,0,0,0,0,B
4999,0,0,0,1,0,1,0,0,0,0,0,B
5000,0,0,0,1,0,1,0,0,0,0,0,B
5001,0,0,0,1,0,1,0,0,0,0,0,B
5002,0,0,0,1,0,1,0,0,0,0,0,B
5003,0,0,0,1,0,1,0,0,0,0,0,B
5004,0,0,0,1,0,1,0,0,0,0,0,B
5005,0,0,0,1,0,1,0,0,0,0,0,B
5006,0,0,0,1,0,1,0,0,0,0,0,B
5007,0,0,0,1,0,1,0,0,0,0,0,B
5008,0,0,0,1,0,1,0,0,0,0,0,B
5009,0,0,0,1,0,1,0,0,0,0,0,B
5010,0,0,0,1,0,1,0,0,0,0,0,B
5011,0,0,0,1,0,1,0,0,0,0,0,B
5012,0,0,0,1,0,1,0,0,0,0,0,B
5013,0,0,0,1,0,1,0,0,0,0,0,B
5014,0,0,0,1,0,1,0,0,0,0,0,B
5015,0,0,0,1,0,1,1,0,0,0,0,B
5016,0,0,0,1,0,1,1,0,0,0,0,B
5017,0,0,0,1,0,1,1,0,0,0,0,B
5018,0,0,0,1,0,1,1,0,0,0,0,B
5019,0,0,0,1,0,1,1,0,0,0,0,B
5020,0,0,0,1,0,1,1,0,0,0,0,B
5021,0,0,0,1,0,1,1,0,0,0,0,B
5022,0,0,0,1,0,1,1,0,0,0,0,B
5023,0,0,0,1,0,1,1,0,0,0,0,B
5024,0,0,0,1,0,1,1,0,0,0,0,B
5025,0,0,0,1,0,1,1,0,0,0,0,B
5026,0,0,0,1,0,1,1,0,0,0,0,B
5027,0,0,0,1,0,1,1,0,0,0,0,B
5028,0,0,0,1,0,1,1,0,0,0,0,B
5029,0,0,0,1,0,1,1,0,0,0,0,B
5030,0,0,0,1,0,1,1,0,0,0,0,B
5031,0,0,0,1,0,1,1,0,0,0,0,B
5032,0,0,0,1,0,1,1,0,0,0,0,B
5033,0,0,0,1,0,1,1,0,0,0,0,B
5034,0,0,0,1,0,1,1,0,0,0,0,B
5035,0,0,0,1,0,1,1,0,0,0,0,B
5036,0,0,0,1,0,1,1,0,0,0,0,B
5037,0,0,0,1,0,1,1,0,0,0,0,B
5038,0,0,0,1,0,1,1,0,0,0,0,B
5039,0,0,0,1,0,1,1,0,0,0,0,B
5040,0,0,0,1,0,1,1,0,0,0,0,B
5041,0,0,0,1,0,1,1,0,0,0,0,B
5042,0,0,0,1,0,1,1,0,0,0,0,B
5043,0,0,0,1,0,1,1,0,0,0,0,B
5044,0,0,0,1,0,1,1,0,0,0,0,B
5045,0,0,0,1,0,1,1,0,0,0,0,B
5046,0,0,0,1,0,1,1,0,0,0,0,B
5047,0,0,0,1,0,1,1,0,0,0,0,B
5048,0,0,0,1,0,1,1,0,0,0,0,B
5049,0,0,0,1,0,1,1,0,0,0,0,B
5050,0,0,0,1,0,1,1,0,0,0,0,B
5051,0,0,0,1,0,1,1,0,0,0,0,B
5052,0,0,0,1,0,1,1,0,0,0,0,B
5053,0,0,0,1,0,1,1,0,0,0,0,B
5054,0,0,0,1,0,1,1,0,0,0,0,B
5055,0,0,0,1,0,1,1,0,0,0,0,B
5056,0,0,0,1,0,1,1,0,0,0,0,B
5057,0,0,0,1,0,1,1,0,0,0,0,B
5058,0,0,0,1,0,1,1,0,0,0,0,B
5059,0,0,0,1,0,1,1,0,0,0,0,B
5060,0,0,0,1,0,1,1,0,0,0,0,B
5061,0,0,0,1,0,1,1,0,0,0,0,B
5062,0,0,0,1,0,1,1,0,0,0,0,B
5063,0,0,0,1,0,1,1,0,0,0,0,B
5064,0,0,0,1,0,1,1,0,0,0,0,B
5065,0,0,0,1,0,1,1,0,0,0,0,B
5066,0,0,0,1,0,1,1,0,0,0,0,B
5067,0,0,0,1,0,1,1,0,0,0,0,B
5068,0,0,0,1,0,1,1,0,0,0,0,B
5069,0,0,0,1,0,1,1,0,0,0,0,B
5070,0,0,0,1,0,1,1,0,0,0,0,B
5071,0,0,0,1,0,1,1,0,0,0,0,B
5072,0,0,0,1,0,1,1,0,0,0,0,B
5073,0,0,0,1,0,1,1,0,0,0,0,B
5074,0,0,0,1,0,1,1,0,0,0,0,B
5075,0,0,0,1,0,1,1,0,0,0,0,B
5076,0,0,0,1,0,1,1,0,0,0,0,B
5077,0,0,0,1,0,1,1,0,0,0,0,B
5078,0,0,0,1,0,1,1,0,0,0,0,B
5079,0,0,0,1,0,1,1,0,0,0,0,B
5080,0,0,0,1,0,1,1,0,0,0,0,B
5081,0,0,0,1,0,1,1,0,0,0,0,B
5082,0,0,0,1,0,1,1,0,0,0,0,B
5083,0,0,0,1,0,1,1,0,0,0,0,B
5084,0,0,0,1,0,1,1,0,0,0,0,B
5085,0,0,0,1,0,1,1,0,0,0,0,B
5086,0,0,0,1,0,1,1,0,0,0,0,B
5087,0,0,0,1,0,1,1,0,0,0,0,B
5088,0,0,0,1,0,1,1,0,0,0,0,B
5089,0,0,0,1,0,1,1,0,0,0,0,B
5090,0,0,0,1,0,1,1,0,0,0,0,B
5091,0,0,0,1,0,1,1,0,0,0,0,B
5092,0,0,0,1,0,1,1,0,0,0,0,B
5093,0,0,0,1,0,1,1,0,0,0,0,B
5094,0,0,0,1,0,1,1,0,0,0,0,B
5095,0,0,0,1,0,1,1,0,0,0,0,B
5096,0,0,0,1,0,1,1,0,0,0,0,B
5097,0,0,0,1,0,1,1,0,0,0,0,B
5098,0,0,0,1,0,1,1,0,0,0,0,B
5099,0,0,0,1,0,1,1,0,0,0,0,B
5100,0,0,0,1,0,1,1,0,0,0,0,B
5101,0,0,0,1,0,1,1,0,0,0,0,B
5102,0,0,0,1,0,1,1,0,0,0,0,B
5103,0,0,0,1,0,1,1,0,0,0,0,B
5104,0,0,0,1,0,1,1,0,0,0,0,B
5105,0,0,0,1,0,1,1,0,0,0,0,B
5106,0,0,0,1,0,1,1,0,0,0,0,B
5107,0,0,0,1,0,1,1,0,0,0,0,B
5108,0,0,0,1,0,1,0,0,0,0,0,B
5109,0,0,0,1,0,1,0,0,0,0,0,B
5110,0,0,0,1,0,1,0,0,0,0,0,B
5111,0,0,0,1,0,1,0,0,0,0,0,B
5112,0,0,0,1,0,1,0,0,0,0,0,B
5113,0,0,0,1,0,1,0,0,0,0,0,B
5114,0,0,0,1,0,1,0,0,0,0,0,B
5115,0,0,0,1,0,1,0,0,0,0,0,B
5116,0,0,0,1,0,1,0,0,0,0,0,B
5117,0,0,0,1,0,1,0,0,0,0,0,B
5118,0,0,0,1,0,1,0,0,0,0,0,B
5119,0,0,0,1,0,1,0,0,0,0,0,B
5120,0,0,0,1,0,1,0,0,0,0,0,B
5121,0,0,0,1,0,1,0,0,0,0,0,B
5122,0,0,0,1,0,1,0,0,0,0,0,B
5123,0,0,0,1,0,1,0,0,0,0,0,B
5124,0,0,0,1,0,1,0,0,0,0,0,B
5125,0,0,0,1,0,1,0,0,0,0,0,B
5126,0,0,0,1,0,1,0,0,0,0,0,B
5127,0,0,0,1,0,1,0,0,0,0,0,B
5128,0,0,0,1,0,1,0,0,0,0,0,B
5129,0,0,0,1,0,1,0,0,0,0,0,B
5130,0,0,0,1,0,1,0,0,0,0,0,B
5131,0,0,0,1,0,1,0,0,0,0,0,B
5132,0,0,0,1,0,1,0,0,0,0,0,B
5133,0,0,0,1,0,1,0,0,0,0,0,B
5134,0,0,0,1,0,1,0,0,0,0,0,B
5135,0,0,0,1,0,1,0,0,0,0,0,B
5136,0,0,0,1,0,1,0,0,0,0,0,B
5137,0,0,0,1,0,1,0,0,0,0,0,B
5138,0,0,0,1,0,1,0,0,0,0,0,B
5139,0,0,0,1,0,1,0,0,0,0,0,B
5140,0,0,0,1,0,1,0,0,0,0,0,B
5141,0,0,0,1,0,1,0,0,0,0,0,B
5142,0,0,0,1,0,1,0,0,0,0,0,B
5143,0,0,0,1,0,1,0,0,0,0,0,B
5144,0,0,0,1,0,1,0,0,0,0,0,B
5145,0,0,0,1,0,1,0,0,0,0,0,B
5146,0,0,0,1,0,1,0,0,0,0,0,B
5147,0,0,0,1,0,1,0,0,0,0,0,B
5148,0,0,0,1,0,1,0,0,0,0,0,B
5149,0,0,0,1,0,1,0,0,0,0,0,B
5150,0,0,0,1,0,1,0,0,0,0,0,B
5151,0,0,0,1,0,1,0,0,0,0,0,B
5152,0,0,0,1,0,1,0,0,0,0,0,B
5153,0,0,0,1,0,1,0,0,0,0,0,B
5154,0,0,0,1,0,1,0,0,0,0,0,B
5155,0,0,0,1,0,1,0,0,0,0,0,B
5156,0,0,0,1,0,1,1,0,0,0,0,B
5157,0,0,0,1,0,1,1,0,0,0,0,B
5158,0,0,0,1,0,1,1,0,0,0,0,B
5159,0,0,0,1,0,1,1,0,0,0,0,B
5160,0,0,0,1,0,1,1,0,0,0,0,B
5161,0,0,0,1,0,1,1,0,0,0,0,B
5162,0,0,0,1,0,1,1,0,0,0,0,B
5163,0,0,0,1,0,1,1,0,0,0,0,B
5164,0,0,0,1,0,1,1,0,0,0,0,B
5165,0,0,0,1,0,1,1,0,0,0,0,B
5166,0,0,0,1,0,1,1,0,0,0,0,B
5167,0,0,0,1,0,1,1,0,0,0,0,B
5168,0,0,0,1,0,1,1,0,0,0,0,B
5169,0,0,0,1,0,1,1,0,0,0,0,B
5170,0,0,0,1,0,1,1,0,0,0,0,B
5171,0,0,0,1,0,1,1,0,0,0,0,B
5172,0,0,0,1,0,1,1,0,0,0,0,B
5173,0,0,0,1,0,1,1,0,0,0,0,B
5174,0,0,0,1,0,1,1,0,0,0,0,B
5175,0,0,0,1,0,1,1,0,0,0,0,B
5176,0,0,0,1,0,1,1,0,0,0,0,B
5177,0,0,0,1,0,1,1,0,0,0,0,B
5178,0,0,0,1,0,1,1,0,0,0,0,B
5179,0,0,0,1,0,1,1,0,0,0,0,B
5180,0,0,0,1,0,1,1,0,0,0,0,B
5181,0,0,0,1,0,1,1,0,0,0,0,B
5182,0,0,0,1,0,1,1,0,0,0,0,B
5183,0,0,0,1,0,1,1,0,0,0,0,B
5184,0,0,0,1,0,1,1,0,0,0,0,B
5185,0,0,0,1,0,1,1,0,0,0,0,B
5186,0,0,0,1,0,1,1,0,0,0,0,B
5187,0,0,0,1,0,1,1,0,0,0,0,B
5188,0,0,0,1,0,1,1,0,0,0,0,B
5189,0,0,0,1,0,1,1,0,0,0,0,B
5190,0,0,0,1,0,1,1,0,0,0,0,B
5191,0,0,0,1,0,1,1,0,0,0,0,B
5192,0,0,0,1,0,1,1,0,0,0,0,B
5193,0,0,0,1,0,1,1,0,0,0,0,B
5194,0,0,0,1,0,1,1,0,0,0,0,B
5195,0,0,0,1,0,1,1,0,0,0,0,B
5196,0,0,0,1,0,1,1,0,0,0,0,B
5197,0,0,0,1,0,1,1,0,0,0,0,B
5198,0,0,0,1,0,1,1,0,0,0,0,B
5199,0,0,0,1,0,1,1,0,0,0,0,B
5200,0,0,0,1,0,1,1,0,0,0,0,B
5201,0,0,0,1,0,1,1,0,0,0,0,B
5202,0,0,0,1,0,1,1,0,0,0,0,B
5203,0,0,0,1,0,1,1,0,0,0,0,B
5204,0,0,0,1,0,1,1,0,0,0,0,B
5205,0,0,0,1,0,1,1,0,0,0,0,B
5206,0,0,0,1,0,1,1,0,0,0,0,B
5207,0,0,0,1,0,1,1,0,0,0,0,B
5208,0,0,0,1,0,1,1,0,0,0,0,B
5209,0,0,0,1,0,1,1,0,0,0,0,B
5210,0,0,0,1,0,1,1,0,0,0,0,B
5211,0,0,0,1,0,1,1,0,0,0,0,B
5212,0,0,0,1,0,1,1,0,0,0,0,B
5213,0,0,0,1,0,1,1,0,0,0,0,B
5214,0,0,0,1,0,1,1,0,0,0,0,B
5215,0,0,0,1,0,1,1,0,0,0,0,B
5216,0,0,0,1,0,1,1,0,0,0,0,B
5217,0,0,0,1,0,1,1,0,0,0,0,B
5218,0,0,0,1,0,1,1,0,0,0,0,B
5219,0,0,0,1,0,1,1,0,0,0,0,B
5220,0,0,0,1,0,1,1,0,0,0,0,B
5221,0,0,0,1,0,1,1,0,0,0,0,B
5222,0,0,0,1,0,1,1,0,0,0,0,B
5223,0,0,0,1,0,1,1,0,0,0,0,B
5224,0,0,0,1,0,1,1,0,0,0,0,B
5225,0,0,0,1,0,1,1,0,0,0,0,B
5226,0,0,0,1,0,1,1,0,0,0,0,B
5227,0,0,0,1,0,1,1,0,0,0,0,B
5228,0,0,0,1,0,1,1,0,0,0,0,B
5229,0,0,0,1,0,1,1,0,0,0,0,B
5230,0,0,0,1,0,1,1,0,0,0,0,B
5231,0,0,0,1,0,1,1,0,0,0,0,B
5232,0,0,0,1,0,1,1,0,0,0,0,B
5233,0,0,0,1,0,1,1,0,0,0,0,B
5234,0,0,0,1,0,1,1,0,0,0,0,B
5235,0,0,0,1,0,1,1,0,0,0,0,B
5236,0,0,0,1,0,1,1,0,0,0,0,B
5237,0,0,0,1,0,1,1,0,0,0,0,B
5238,0,0,0,1,0,1,1,0,0,0,0,B
5239,0,0,0,1,0,1,1,0,0,0,0,B
5240,0,0,0,1,0,1,1,0,0,0,0,B
5241,0,0,0,1,0,1,1,0,0,0,0,B
5242,0,0,0,1,0,1,1,0,0,0,0,B
5243,0,0,0,1,0,1,1,0,0,0,0,B
5244,0,0,0,1,0,1,1,0,0,0,0,B
5245,0,0,0,1,0,1,1,0,0,0,0,B
5246,0,0,0,1,0,1,1,0,0,0,0,B
5247,0,0,0,1,0,1,1,0,0,0,0,B
5248,0,0,0,1,0,1,1,0,0,0,0,B
5249,0,0,0,1,0,1,1,0,0,0,0,B
5250,0,0,0,1,0,1,1,0,0,0,0,B
5251,0,0,0,1,0,1,1,0,0,0,0,B
5252,0,0,0,1,0,1,1,0,0,0,0,B
5253,0,0,0,1,0,1,1,0,0,0,0,B
5254,0,0,0,1,0,1,1,0,0,0,0,B
5255,0,0,0,1,0,1,1,0,0,0,0,B
5256,0,0,0,1,0,1,1,0,0,0,0,B
5257,0,0,0,1,0,1,1,0,0,0,0,B
5258,0,0,0,1,0,1,1,0,0,0,0,B
5259,0,0,0,1,0,1,1,0,0,0,0,B
5260,0,0,0,1,0,1,1,0,0,0,0,B
5261,0,0,0,1,0,1,0,0,0,0,0,B
5262,0,0,0,1,0,1,0,0,0,0,0,B
5263,0,0,0,1,0,1,0,0,0,0,0,B
5264,0,0,0,1,0,1,0,0,0,0,0,B
5265,0,0,0,1,0,1,0,0,0,0,0,B
5266,0,0,0,1,0,1,0,0,0,0,0,B
5267,0,0,0,1,0,1,0,0,0,0,0,B
5268,0,0,0,1,0,1,0,0,0,0,0,B
5269,0,0,0,1,0,1,0,0,0,0,0,B
5270,0,0,0,1,0,1,0,0,0,0,0,B
5271,0,0,0,1,0,1,0,0,0,0,0,B
5272,0,0,0,1,0,1,0,0,0,0,0,B
5273,0,0,0,1,0,1,0,0,0,0,0,B
5274,0,0,0,1,0,1,0,0,0,0,0,B
5275,0,0,0,1,0,1,0,0,0,0,0,B
5276,0,0,0,1,0,1,0,0,0,0,0,B
5277,0,0,0,1,0,1,0,0,0,0,0,B
5278,0,0,0,1,0,1,0,0,0,0,0,B
5279,0,0,0,1,0,1,0,0,0,0,0,B
5280,0,0,0,1,0,1,0,0,0,0,0,B
5281,0,0,0,1,0,1,0,0,0,0,0,B
5282,0,0,0,1,0,1,0,0,0,0,0,B
5283,0,0,0,1,0,1,0,0,0,0,0,B
5284,0,0,0,1,0,1,0,0,0,0,0,B
5285,0,0,0,1,0,1,0,0,0,0,0,B
5286,0,0,0,1,0,1,0,0,0,0,0,B
5287,0,0,0,1,0,1,0,0,0,0,0,B
5288,0,0,0,1,0,1,0,0,0,0,0,B
5289,0,0,0,1,0,1,0,0,0,0,0,B
5290,0,0,0,1,0,1,0,0,0,0,0,B
5291,0,0,0,1,0,1,0,0,0,0,0,B
5292,0,0,0,1,0,1,0,0,0,0,0,B
5293,0,0,0,1,0,1,0,0,0,0,0,B
5294,0,0,0,1,0,1,0,0,0,0,0,B
5295,0,0,0,1,0,1,0,0,0,0,0,B
5296,0,0,0,1,0,1,0,0,0,0,0,B
5297,0,0,0,1,0,1,0,0,0,0,0,B
5298,0,0,0,1,0,1,0,0,0,0,0,B
5299,0,0,0,1,0,1,0,0,0,0,0,B
5300,0,0,0,1,0,1,0,0,0,0,0,B
5301,0,0,0,1,0,1,0,0,0,0,0,B
5302,0,0,0,1,0,1,1,0,0,0,0,B
5303,0,0,0,1,0,1,1,0,0,0,0,B
5304,0,0,0,1,0,1,1,0,0,0,0,B
5305,0,0,0,1,0,1,1,0,0,0,0,B
5306,0,0,0,1,0,1,1,0,0,0,0,B
5307,0,0,0,1,0,1,1,0,0,0,0,B
5308,0,0,0,1,0,1,1,0,0,0,0,B
5309,0,0,0,1,0,1,1,0,0,0,0,B
5310,0,0,0,1,0,1,1,0,0,0,0,B
5311,0,0,0,1,0,1,1,0,0,0,0,B
5312,0,0,0,1,0,1,1,0,0,0,0,B
5313,0,0,0,1,0,1,1,0,0,0,0,B
5314,0,0,0,1,0,1,1,0,0,0,0,B
5315,0,0,0,1,0,1,1,0,0,0,0,B
5316,0,0,0,1,0,1,1,0,0,0,0,B
5317,0,0,0,1,0,1,1,0,0,0,0,B
5318,0,0,0,1,0,1,1,0,0,0,0,B
5319,0,0,0,1,0,1,1,0,0,0,0,B
5320,0,0,0,1,0,1,1,0,0,0,0,B
5321,0,0,0,1,0,1,1,0,0,0,0,B
5322,0,0,0,1,0,1,1,0,0,0,0,B
5323,0,0,0,1,0,1,1,0,0,0,0,B
5324,0,0,0,1,0,1,1,0,0,0,0,B
5325,0,0,0,1,0,1,1,0,0,0,0,B
5326,0,0,0,1,0,1,1,0,0,0,0,B
5327,0,0,0,1,0,1,1,0,0,0,0,B
5328,0,0,0,1,0,1,1,0,0,0,0,B
5329,0,0,0,1,0,1,1,0,0,0,0,B
5330,0,0,0,1,0,1,1,0,0,0,0,B
5331,0,0,0,1,0,1,1,0,0,0,0,B
5332,0,0,0,1,0,1,1,0,0,0,0,B
5333,0,0,0,1,0,1,1,0,0,0,0,B
5334,0,0,0,1,0,1,1,0,0,0,0,B
5335,0,0,0,1,0,1,1,0,0,0,0,B
5336,0,0,0,1,0,1,1,0,0,0,0,B
5337,0,0,0,1,0,1,1,0,0,0,0,B
5338,0,0,0,1,0,1,1,0,0,0,0,B
5339,0,0,0,1,0,1,1,0,0,0,0,B
5340,0,0,0,1,0,1,1,0,0,0,0,B
5341,0,0,0,1,0,1,1,0,0,0,0,B
5342,0,0,0,1,0,1,1,0,0,0,0,B
5343,0,0,0,1,0,1,1,0,0,0,0,B
5344,0,0,0,1,0,1,1,0,0,0,0,B
5345,0,0,0,1,0,1,1,0,0,0,0,B
5346,0,0,0,1,0,1,1,0,0,0,0,B
5347,0,0,0,1,0,1,1,0,0,0,0,B
5348,0,0,0,1,0,1,1,0,0,0,0,B
5349,0,0,0,1,0,1,1,0,0,0,0,B
5350,0,0,0,1,0,1,1,0,0,0,0,B
5351,0,0,0,1,0,1,1,0,0,0,0,B
5352,0,0,0,1,0,1,1,0,0,0,0,B
5353,0,0,0,1,0,1,1,0,0,0,0,B
5354,0,0,0,1,0,1,1,0,0,0,0,B
5355,0,0,0,1,0,1,1,0,0,0,0,B
5356,0,0,0,1,0,1,1,0,0,0,0,B
5357,0,0,0,1,0,1,1,0,0,0,0,B
5358,0,0,0,1,0,1,1,0,0,0,0,B
5359,0,0,0,1,0,1,1,0,0,0,0,B
5360,0,0,0,1,0,1,1,0,0,0,0,B
5361,0,0,0,1,0,1,1,0,0,0,0,B
5362,0,0,0,1,0,1,1,0,0,0,0,B
5363,0,0,0,1,0,1,1,0,0,0,0,B
5364,0,0,0,1,0,1,1,0,0,0,0,B
5365,0,0,0,1,0,1,1,0,0,0,0,B
5366,0,0,0,1,0,1,1,0,0,0,0,B
5367,0,0,0,1,0,1,1,0,0,0,0,B
5368,0,0,0,1,0,1,1,0,0,0,0,B
5369,0,0,0,1,0,1,1,0,0,0,0,B
5370,0,0,0,1,0,1,1,0,0,0,0,B
5371,0,0,0,1,0,1,1,0,0,0,0,B
5372,0,0,0,1,0,1,1,0,0,0,0,B
5373,0,0,0,1,0,1,1,0,0,0,0,B
5374,0,0,0,1,0,1,1,0,0,0,0,B
5375,0,0,0,1,0,1,1,0,0,0,0,B
5376,0,0,0,1,0,1,1,0,0,0,0,B
5377,0,0,0,1,0,1,1,0,0,0,0,B
5378,0,0,0,1,0,1,1,0,0,0,0,B
5379,0,0,0,1,0,1,1,0,0,0,0,B
5380,0,0,0,1,0,1,1,0,0,0,0,B
5381,0,0,0,1,0,1,1,0,0,0,0,B
5382,0,0,0,1,0,1,1,0,0,0,0,B
5383,0,0,0,1,0,1,1,0,0,0,0,B
5384,0,0,0,1,0,1,1,0,0,0,0,B
5385,0,0,0,1,0,1,1,0,0,0,0,B
5386,0,0,0,1,0,1,1,0,0,0,0,B
5387,0,0,0,1,0,1,1,0,0,0,0,B
5388,0,0,0,1,0,1,1,0,0,0,0,B
5389,0,0,0,1,0,1,1,0,0,0,0,B
5390,0,0,0,1,0,1,0,0,0,0,0,B
5391,0,0,0,1,0,1,0,0,0,0,0,B
5392,0,0,0,1,0,1,0,0,0,0,0,B
5393,0,0,0,1,0,1,0,0,0,0,0,B
5394,0,0,0,1,0,1,0,0,0,0,0,B
5395,0,0,0,1,0,1,0,0,0,0,0,B
5396,0,0,0,1,0,1,0,0,0,0,0,B
5397,0,0,0,1,0,1,0,0,0,0,0,B
5398,0,0,0,1,0,1,0,0,0,0,0,B
5399,0,0,0,1,0,1,0,0,0,0,0,B
5400,0,0,0,1,0,1,0,0,0,0,0,B
5401,0,0,0,1,0,1,0,0,0,0,0,B
5402,0,0,0,1,0,1,0,0,0,0,0,B
5403,0,0,0,1,0,1,0,0,0,0,0,B
5404,0,0,0,1,0,1,0,0,0,0,0,B
5405,0,0,0,1,0,1,0,0,0,0,0,B
5406,0,0,0,1,0,1,0,0,0,0,0,B
5407,0,0,0,1,0,1,0,0,0,0,0,B
5408,0,0,0,1,0,1,0,0,0,0,0,B
5409,0,0,0,1,0,1,0,0,0,0,0,B
5410,0,0,0,1,0,1,0,0,0,0,0,B
5411,0,0,0,1,0,1,0,0,0,0,0,B
5412,0,0,0,1,0,1,0,0,0,0,0,B
5413,0,0,0,1,0,1,0,0,0,0,0,B
5414,0,0,0,1,0,1,0,0,0,0,0,B
5415,0,0,0,1,0,1,0,0,0,0,0,B
5416,0,0,0,1,0,1,0,0,0,0,0,B
5417,0,0,0,1,0,1,0,0,0,0,0,B
5418,0,0,0,1,0,1,0,0,0,0,0,B
5419,0,0,0,1,0,1,0,0,0,0,0,B
5420,0,0,0,1,0,1,0,0,0,0,0,B
5421,0,0,0,1,0,1,0,0,0,0,0,B
5422,0,0,0,1,0,1,0,0,0,0,0,B
5423,0,0,0,1,0,1,0,0,0,0,0,B
5424,0,0,0,1,0,1,0,0,0,0,0,B
5425,0,0,0,1,0,1,0,0,0,0,0,B
5426,0,0,0,1,0,1,0,0,0,0,0,B
5427,0,0,0,1,0,1,0,0,0,0,0,B
5428,0,0,0,1,0,1,0,0,0,0,0,B
5429,0,0,0,1,0,1,1,0,0,0,0,B
5430,0,0,0,1,0,1,1,0,0,0,0,B
5431,0,0,0,1,0,1,1,0,0,0,0,B
5432,0,0,0,1,0,1,1,0,0,0,0,B
5433,0,0,0,1,0,1,1,0,0,0,0,B
5434,0,0,0,1,0,1,1,0,0,0,0,B
5435,0,0,0,1,0,1,1,0,0,0,0,B
5436,0,0,0,1,0,1,1,0,0,0,0,B
5437,0,0,0,1,0,1,1,0,0,0,0,B
5438,0,0,0,1,0,1,1,0,0,0,0,B
5439,0,0,0,1,0,1,1,0,0,0,0,B
5440,0,0,0,1,0,1,1,0,0,0,0,B
5441,0,0,0,1,0,1,1,0,0,0,0,B
5442,0,0,0,1,0,1,1,0,0,0,0,B
5443,0,0,0,1,0,1,1,0,0,0,0,B
5444,0,0,0,1,0,1,1,0,0,0,0,B
5445,0,0,0,1,0,1,1,0,0,0,0,B
5446,0,0,0,1,0,1,1,0,0,0,0,B
5447,0,0,0,1,0,1,1,0,0,0,0,B
5448,0,0,0,1,0,1,1,0,0,0,0,B
5449,0,0,0,1,0,1,1,0,0,0,0,B
5450,0,0,0,1,0,1,1,0,0,0,0,B
5451,0,0,0,1,0,1,1,0,0,0,0,B
5452,0,0,0,1,0,1,1,0,0,0,0,B
5453,0,0,0,1,0,1,1,0,0,0,0,B
5454,0,0,0,1,0,1,1,0,0,0,0,B
5455,0,0,0,1,0,1,1,0,0,0,0,B
5456,0,0,0,1,0,1,1,0,0,0,0,B
5457,0,0,0,1,0,1,1,0,0,0,0,B
5458,0,0,0,1,0,1,1,0,0,0,0,B
5459,0,0,0,1,0,1,1,0,0,0,0,B
5460,0,0,0,1,0,1,1,0,0,0,0,B
5461,0,0,0,1,0,1,1,0,0,0,0,B
5462,0,0,0,1,0,1,1,0,0,0,0,B
5463,0,0,0,1,0,1,1,0,0,0,0,B
5464,0,0,0,1,0,1,1,0,0,0,0,B
5465,0,0,0,1,0,1,1,0,0,0,0,B
5466,0,0,0,1,0,1,1,0,0,0,0,B
5467,0,0,0,1,0,1,1,0,0,0,0,B
5468,0,0,0,1,0,1,1,0,0,0,0,B
5469,0,0,0,1,0,1,1,0,0,0,0,B
5470,0,0,0,1,0,1,1,0,0,0,0,B
5471,0,0,0,1,0,1,1,0,0,0,0,B
5472,0,0,0,1,0,1,1,0,0,0,0,B
5473,0,0,0,1,0,1,1,0,0,0,0,B
5474,0,0,0,1,0,1,1,0,0,0,0,B
5475,0,0,0,1,0,1,1,0,0,0,0,B
5476,0,0,0,1,0,1,1,0,0,0,0,B
5477,0,0,0,1,0,1,1,0,0,0,0,B
5478,0,0,0,1,0,1,1,0,0,0,0,B
5479,0,0,0,1,0,1,1,0,0,0,0,B
5480,0,0,0,1,0,1,1,0,0,0,0,B
5481,0,0,0,1,0,1,1,0,0,0,0,B
5482,0,0,0,1,0,1,1,0,0,0,0,B
5483,0,0,0,1,0,1,1,0,0,0,0,B
5484,0,0,0,1,0,1,1,0,0,0,0,B
5485,0,0,0,1,0,1,1,0,0,0,0,B
5486,0,0,0,1,0,1,1,0,0,0,0,B
5487,0,0,0,1,0,1,1,0,0,0,0,B
5488,0,0,0,1,0,1,1,0,0,0,0,B
5489,0,0,0,1,0,1,1,0,0,0,0,B
5490,0,0,0,1,0,1,1,0,0,0,0,B
5491,0,0,0,1,0,1,1,0,0,0,0,B
5492,0,0,0,1,0,1,1,0,0,0,0,B
5493,0,0,0,1,0,1,1,0,0,0,0,B
5494,0,0,0,1,0,1,1,0,0,0,0,B
5495,0,0,0,1,0,1,1,0,0,0,0,B
5496,0,0,0,1,0,1,1,0,0,0,0,B
5497,0,0,0,1,0,1,1,0,0,0,0,B
5498,0,0,0,1,0,1,1,0,0,0,0,B
5499,0,0,0,1,0,1,1,0,0,0,0,B
5500,0,0,0,1,0,1,1,0,0,0,0,B
5501,0,0,0,1,0,1,1,0,0,0,0,B
5502,0,0,0,1,0,1,1,0,0,0,0,B
5503,0,0,0,1,0,1,1,0,0,0,0,B
5504,0,0,0,1,0,1,1,0,0,0,0,B
5505,0,0,0,1,0,1,1,0,0,0,0,B
5506,0,0,0,1,0,1,1,0,0,0,0,B
5507,0,0,0,1,0,1,1,0,0,0,0,B
5508,0,0,0,1,0,1,1,0,0,0,0,B
5509,0,0,0,1,0,1,1,0,0,0,0,B
5510,0,0,0,1,0,1,1,0,0,0,0,B
5511,0,0,0,1,0,1,1,0,0,0,0,B
5512,0,0,0,1,0,1,1,0,0,0,0,B
5513,0,0,0,1,0,1,1,0,0,0,0,B
5514,0,0,0,1,0,1,1,0,0,0,0,B
5515,0,0,0,1,0,1,1,0,0,0,0,B
5516,0,0,0,1,0,1,1,0,0,0,0,B
5517,0,0,0,1,0,1,1,0,0,0,0,B
5518,0,0,0,1,0,1,1,0,0,0,0,B
5519,0,0,0,1,0,1,1,0,0,0,0,B
5520,0,0,0,1,0,1,1,0,0,0,0,B
5521,0,0,0,1,0,1,1,0,0,0,0,B
5522,0,0,0,1,0,1,1,0,0,0,0,B
5523,0,0,0,1,0,1,1,0,0,0,0,B
5524,0,0,0,1,0,1,1,0,0,0,0,B
5525,0,0,0,1,0,1,1,0,0,0,0,B
5526,0,0,0,1,0,1,1,0,0,0,0,B
5527,0,0,0,1,0,1,1,0,0,0,0,B
5528,0,0,0,1,0,1,1,0,0,0,0,B
5529,0,0,0,1,0,1,1,0,0,0,0,B
5530,0,0,0,1,0,1,1,0,0,0,0,B
5531,0,0,0,1,0,1,1,0,0,0,0,B
5532,0,0,0,1,0,1,1,0,0,0,0,B
5533,0,0,0,1,0,1,1,0,0,0,0,B
5534,0,0,0,1,0,1,1,0,0,0,0,B
5535,0,0,0,1,0,1,1,0,0,0,0,B
5536,0,0,0,1,0,1,1,0,0,0,0,B
5537,0,0,0,1,0,1,1,0,0,0,0,B
5538,0,0,0,1,0,1,1,0,0,0,0,B
5539,0,0,0,1,0,1,1,0,0,0,0,B
5540,0,0,0,1,0,1,1,0,0,0,0,B
5541,0,0,0,1,0,1,1,0,0,0,0,B
5542,0,0,0,1,0,1,1,0,0,0,0,B
5543,0,0,0,1,0,1,0,0,0,0,0,B
5544,0,0,0,1,0,1,0,0,0,0,0,B
5545,0,0,0,1,0,1,0,0,0,0,0,B
5546,0,0,0,1,0,1,0,0,0,0,0,B
5547,0,0,0,1,0,1,0,0,0,0,0,B
5548,0,0,0,1,0,1,0,0,0,0,0,B
5549,0,0,0,1,0,1,0,0,0,0,0,B
5550,0,0,0,1,0,1,0,0,0,0,0,B
5551,0,0,0,1,0,1,0,0,0,0,0,B
5552,0,0,0,1,0,1,0,0,0,0,0,B
5553,0,0,0,1,0,1,0,0,0,0,0,B
5554,0,0,0,1,0,1,0,0,0,0,0,B
5555,0,0,0,1,0,1,0,0,0,0,0,B
5556,0,0,0,1,0,1,0,0,0,0,0,B
5557,0,0,0,1,0,1,0,0,0,0,0,B
5558,0,0,0,1,0,1,0,0,0,0,0,B
5559,0,0,0,1,0,1,0,0,0,0,0,B
5560,0,0,0,1,0,1,0,0,0,0,0,B
5561,0,0,0,1,0,1,0,0,0,0,0,B
5562,0,0,0,1,0,1,0,0,0,0,0,B
5563,0,0,0,1,0,1,0,0,0,0,0,B
5564,0,0,0,1,0,1,0,0,0,0,0,B
5565,0,0,0,1,0,1,0,0,0,0,0,B
5566,0,0,0,1,0,1,0,0,0,0,0,B
5567,0,0,0,1,0,1,0,0,0,0,0,B
5568,0,0,0,1,0,1,0,0,0,0,0,B
5569,0,0,0,1,0,1,0,0,0,0,0,B
5570,0,0,0,1,0,1,0,0,0,0,0,B
5571,0,0,0,1,0,1,0,0,0,0,0,B
5572,0,0,0,1,0,1,0,0,0,0,0,B
5573,0,0,0,1,0,1,0,0,0,0,0,B
5574,0,0,0,1,0,1,0,0,0,0,0,B
5575,0,0,0,1,0,1,0,0,0,0,0,B
5576,0,0,0,1,0,1,0,0,0,0,0,B
5577,0,0,0,1,0,1,0,0,0,0,0,B
5578,0,0,0,1,0,1,0,0,0,0,0,B
5579,0,0,0,1,0,1,0,0,0,0,0,B
5580,0,0,0,1,0,1,0,0,0,0,0,B
5581,0,0,0,1,0,1,0,0,0,0,0,B
5582,0,0,0,1,0,1,0,0,0,0,0,B
5583,0,0,0,1,0,1,0,0,0,0,0,B
5584,0,0,0,1,0,1,0,0,0,0,0,B
5585,0,0,0,1,0,1,0,0,0,0,0,B
5586,0,0,0,1,0,1,0,0,0,0,0,B
5587,0,0,0,1,0,1,0,0,0,0,0,B
5588,0,0,0,1,0,1,0,0,0,0,0,B
5589,0,0,0,1,0,1,0,0,0,0,0,B
5590,0,0,0,1,0,1,0,0,0,0,0,B
5591,0,0,0,1,0,1,0,0,0,0,0,B
5592,0,0,0,1,0,1,0,0,0,0,0,B
5593,0,0,0,1,0,1,0,0,0,0,0,B
5594,0,0,0,1,0,1,0,0,0,0,0,B
5595,0,0,0,1,0,1,0,0,0,0,0,B
5596,0,0,0,1,0,1,0,0,0,0,0,B
5597,0,0,0,1,0,1,0,0,0,0,0,B
5598,0,0,0,1,0,1,0,0,0,0,0,B
5599,0,0,0,1,0,1,1,0,0,0,0,B
5600,0,0,0,1,0,1,1,0,0,0,0,B
5601,0,0,0,1,0,1,1,0,0,0,0,B
5602,0,0,0,1,0,1,1,0,0,0,0,B
5603,0,0,0,1,0,1,1,0,0,0,0,B
5604,0,0,0,1,0,1,1,0,0,0,0,B
5605,0,0,0,1,0,1,1,0,0,0,0,B
5606,0,0,0,1,0,1,1,0,0,0,0,B
5607,0,0,0,1,0,1,1,0,0,0,0,B
5608,0,0,0,1,0,1,1,0,0,0,0,B
5609,0,0,0,1,0,1,1,0,0,0,0,B
5610,0,0,0,1,0,1,1,0,0,0,0,B
5611,0,0,0,1,0,1,1,0,0,0,0,B
5612,0,0,0,1,0,1,1,0,0,0,0,B
5613,0,0,0,1,0,1,1,0,0,0,0,B
5614,0,0,0,1,0,1,1,0,0,0,0,B
5615,0,0,0,1,0,1,1,0,0,0,0,B
5616,0,0,0,1,0,1,1,0,0,0,0,B
5617,0,0,0,1,0,1,1,0,0,0,0,B
5618,0,0,0,1,0,1,1,0,0,0,0,B
5619,0,0,0,1,0,1,1,0,0,0,0,B
5620,0,0,0,1,0,1,1,0,0,0,0,B
5621,0,0,0,1,0,1,1,0,0,0,0,B
5622,0,0,0,1,0,1,1,0,0,0,0,B
5623,0,0,0,1,0,1,1,0,0,0,0,B
5624,0,0,0,1,0,1,1,0,0,0,0,B
5625,0,0,0,1,0,1,1,0,0,0,0,B
5626,0,0,0,1,0,1,1,0,0,0,0,B
5627,0,0,0,1,0,1,1,0,0,0,0,B
5628,0,0,0,1,0,1,1,0,0,0,0,B
5629,0,0,0,1,0,1,1,0,0,0,0,B
5630,0,0,0,1,0,1,1,0,0,0,0,B
5631,0,0,0,1,0,1,1,0,0,0,0,B
5632,0,0,0,1,0,1,1,0,0,0,0,B
5633,0,0,0,1,0,1,1,0,0,0,0,B
5634,0,0,0,1,0,1,1,0,0,0,0,B
5635,0,0,0,1,0,1,1,0,0,0,0,B
5636,0,0,0,1,0,1,1,0,0,0,0,B
5637,0,0,0,1,0,1,1,0,0,0,0,B
5638,0,0,0,1,0,1,1,0,0,0,0,B
5639,0,0,0,1,0,1,1,0,0,0,0,B
5640,0,0,0,1,0,1,1,0,0,0,0,B
5641,0,0,0,1,0,1,1,0,0,0,0,B
5642,0,0,0,1,0,1,1,0,0,0,0,B
5643,0,0,0,1,0,1,1,0,0,0,0,B
5644,0,0,0,1,0,1,1,0,0,0,0,B
5645,0,0,0,1,0,1,1,0,0,0,0,B
5646,0,0,0,1,0,1,1,0,0,0,0,B
5647,0,0,0,1,0,1,1,0,0,0,0,B
5648,0,0,0,1,0,1,1,0,0,0,0,B
5649,0,0,0,1,0,1,1,0,0,0,0,B
5650,0,0,0,1,0,1,1,0,0,0,0,B
5651,0,0,0,1,0,1,1,0,0,0,0,B
5652,0,0,0,1,0,1,1,0,0,0,0,B
5653,0,0,0,1,0,1,1,0,0,0,0,B
5654,0,0,0,1,0,1,1,0,0,0,0,B
5655,0,0,0,1,0,1,1,0,0,0,0,B
5656,0,0,0,1,0,1,1,0,0,0,0,B
5657,0,0,0,1,0,1,1,0,0,0,0,B
5658,0,0,0,1,0,1,1,0,0,0,0,B
5659,0,0,0,1,0,1,1,0,0,0,0,B
5660,0,0,0,1,0,1,1,0,0,0,0,B
5661,0,0,0,1,0,1,1,0,0,0,0,B
5662,0,0,0,1,0,1,1,0,0,0,0,B
5663,0,0,0,1,0,1,1,0,0,0,0,B
5664,0,0,0,1,0,1,1,0,0,0,0,B
5665,0,0,0,1,0,1,1,0,0,0,0,B
5666,0,0,0,1,0,1,1,0,0,0,0,B
5667,0,0,0,1,0,1,1,0,0,0,0,B
5668,0,0,0,1,0,1,1,0,0,0,0,B
5669,0,0,0,1,0,1,1,0,0,0,0,B
5670,0,0,0,1,0,1,1,0,0,0,0,B
5671,0,0,0,1,0,1,1,0,0,0,0,B
5672,0,0,0,1,0,1,1,0,0,0,0,B
5673,0,0,0,1,0,1,1,0,0,0,0,B
5674,0,0,0,1,0,1,1,0,0,0,0,B
5675,0,0,0,1,0,1,1,0,0,0,0,B
5676,0,0,0,1,0,1,1,0,0,0,0,B
5677,0,0,0,1,0,1,1,0,0,0,0,B
5678,0,0,0,1,0,1,1,0,0,0,0,B
5679,0,0,0,1,0,1,1,0,0,0,0,B
5680,0,0,0,1,0,1,1,0,0,0,0,B
5681,0,0,0,1,0,1,1,0,0,0,0,B
5682,0,0,0,1,0,1,1,0,0,0,0,B
5683,0,0,0,1,0,1,1,0,0,0,0,B
5684,0,0,0,1,0,1,1,0,0,0,0,B
5685,0,0,0,1,0,1,1,0,0,0,0,B
5686,0,0,0,1,0,1,1,0,0,0,0,B
5687,0,0,0,1,0,1,1,0,0,0,0,B
5688,0,0,0,1,0,1,1,0,0,0,0,B
5689,0,0,0,1,0,1,1,0,0,0,0,B
5690,0,0,0,1,0,1,1,0,0,0,0,B
5691,0,0,0,1,0,1,1,0,0,0,0,B
5692,0,0,0,1,0,1,1,0,0,0,0,B
5693,0,0,0,1,0,1,1,0,0,0,0,B
5694,0,0,0,1,0,1,1,0,0,0,0,B
5695,0,0,0,1,0,1,1,0,0,0,0,B
5696,0,0,0,1,0,1,1,0,0,0,0,B
5697,0,0,0,1,0,1,1,0,0,0,0,B
5698,0,0,0,1,0,1,1,0,0,0,0,B
5699,0,0,0,1,0,1,1,0,0,0,0,B
5700,0,0,0,1,0,1,1,0,0,0,0,B
5701,0,0,0,1,0,1,1,0,0,0,0,B
5702,0,0,0,1,0,1,1,0,0,0,0,B
5703,0,0,0,1,0,1,1,0,0,0,0,B
5704,0,0,0,1,0,1,1,0,0,0,0,B
5705,0,0,0,1,0,1,1,0,0,0,0,B
5706,0,0,0,1,0,1,1,0,0,0,0,B
5707,0,0,0,1,0,1,1,0,0,0,0,B
5708,0,0,0,1,0,1,1,0,0,0,0,B
5709,0,0,0,1,0,1,1,0,0,0,0,B
5710,0,0,0,1,0,1,1,0,0,0,0,B
5711,0,0,0,1,0,1,1,0,0,0,0,B
5712,0,0,0,1,0,1,1,0,0,0,0,B
5713,0,0,0,1,0,1,1,0,0,0,0,B
5714,0,0,0,1,0,1,1,0,0,0,0,B
5715,0,0,0,1,0,1,1,0,0,0,0,B
5716,0,0,0,1,0,1,1,0,0,0,0,B
5717,0,0,0,1,0,1,1,0,0,0,0,B
5718,0,0,0,1,0,1,1,0,0,0,0,B
5719,0,0,0,1,0,1,1,0,0,0,0,B
5720,0,0,0,1,0,1,1,0,0,0,0,B
5721,0,0,0,1,0,1,1,0,0,0,0,B
5722,0,0,0,1,0,1,0,0,0,0,0,B
5723,0,0,0,1,0,1,0,0,0,0,0,B
5724,0,0,0,1,0,1,0,0,0,0,0,B
5725,0,0,0,1,0,1,0,0,0,0,0,B
5726,0,0,0,1,0,1,0,0,0,0,0,B
5727,0,0,0,1,0,1,0,0,0,0,0,B
5728,0,0,0,1,0,1,0,0,0,0,0,B
5729,0,0,0,1,0,1,0,0,0,0,0,B
5730,0,0,0,1,0,1,0,0,0,0,0,B
5731,0,0,0,1,0,1,0,0,0,0,0,B
5732,0,0,0,1,0,1,0,0,0,0,0,B
5733,0,0,0,1,0,1,0,0,0,0,0,B
5734,0,0,0,1,0,1,0,0,0,0,0,B
5735,0,0,0,1,0,1,0,0,0,0,0,B
5736,0,0,0,1,0,1,0,0,0,0,0,B
5737,0,0,0,1,0,1,0,0,0,0,0,B
5738,0,0,0,1,0,1,0,0,0,0,0,B
5739,0,0,0,1,0,1,0,0,0,0,0,B
5740,0,0,0,1,0,1,0,0,0,0,0,B
5741,0,0,0,1,0,1,0,0,0,0,0,B
5742,0,0,0,1,0,1,0,0,0,0,0,B
5743,0,0,0,0,0,1,0,0,0,0,0,B
5744,0,0,0,0,0,1,0,0,0,0,0,B
5745,0,0,0,0,0,1,0,0,0,0,0,B
5746,0,0,0,0,0,1,0,0,0,0,0,B
5747,0,0,0,0,0,1,0,0,0,0,0,B
5748,0,0,0,0,0,1,0,0,0,0,0,B
5749,0,0,0,0,0,1,0,0,0,0,0,B
5750,0,0,0,0,0,1,0,0,0,0,0,B
5751,0,0,0,0,0,1,0,0,0,0,0,B
5752,0,0,0,0,0,1,0,0,0,0,0,B
5753,0,0,0,0,0,1,0,0,0,0,0,B
5754,0,0,0,0,0,1,0,0,0,0,0,B
5755,0,0,0,0,0,1,0,0,0,0,0,B
5756,0,0,0,0,0,1,0,0,0,0,0,B
5757,0,0,0,0,0,1,0,0,0,0,0,B
5758,0,0,0,0,0,1,1,0,0,0,0,B
5759,0,0,0,0,0,1,1,0,0,0,0,B
5760,0,0,0,0,0,1,1,0,0,0,0,B
5761,0,0,0,0,0,1,1,0,0,0,0,B
5762,0,0,0,0,0,1,1,0,0,0,0,B
5763,0,0,0,0,0,1,1,0,0,0,0,B
5764,0,0,0,0,0,1,1,0,0,0,0,B
5765,0,0,0,0,0,1,1,0,0,0,0,B
5766,0,0,0,0,0,1,1,0,0,0,0,B
5767,0,0,0,0,0,1,1,0,0,0,0,B
5768,0,0,0,0,0,1,1,0,0,0,0,B
5769,0,0,0,0,0,1,1,0,0,0,0,B
5770,0,0,0,0,0,1,1,0,0,0,0,B
5771,0,0,0,0,0,1,1,0,0,0,0,B
5772,0,0,0,0,0,1,1,0,0,0,0,B
5773,0,0,0,0,0,1,1,0,0,0,0,B
5774,0,0,0,0,0,1,1,0,0,0,0,B
5775,0,0,0,0,0,1,1,0,0,0,0,B
5776,0,0,0,0,0,1,1,0,0,0,0,B
5777,0,0,0,0,0,1,1,0,0,0,0,B
5778,0,0,0,0,0,1,1,0,0,0,0,B
5779,0,0,0,0,0,1,1,0,0,0,0,B
5780,0,0,0,0,0,1,1,0,0,0,0,B
5781,0,0,0,0,0,1,1,0,0,0,0,B
5782,0,0,0,0,0,1,1,0,0,0,0,B
5783,0,0,0,0,0,1,1,0,0,0,0,B
5784,0,0,0,0,0,1,1,0,0,0,0,B
5785,0,0,0,0,0,1,1,0,0,0,0,B
5786,0,0,0,0,0,1,1,0,0,0,0,B
5787,0,0,0,0,0,1,1,0,0,0,0,B
5788,0,0,0,0,0,1,1,0,0,0,0,B
5789,0,0,0,0,0,1,1,0,0,0,0,B
5790,0,0,0,0,0,1,1,0,0,0,0,B
5791,0,0,0,0,0,1,1,0,0,0,0,B
5792,0,0,0,0,0,1,1,0,0,0,0,B
5793,0,0,0,0,0,1,1,0,0,0,0,B
5794,0,0,0,0,0,1,1,0,0,0,0,B
5795,0,0,0,0,0,1,1,0,0,0,0,B
5796,0,0,0,0,0,1,1,0,0,0,0,B
5797,0,0,0,0,0,1,1,0,0,0,0,B
5798,0,0,0,0,0,1,1,0,0,0,0,B
5799,0,0,0,0,0,1,1,0,0,0,0,B
5800,0,0,0,0,0,1,1,0,0,0,0,B
5801,0,0,0,0,0,1,1,0,0,0,0,B
5802,0,0,0,0,0,1,1,0,0,0,0,B
5803,0,0,0,0,0,1,1,0,0,0,0,B
5804,0,0,0,0,0,1,1,0,0,0,0,B
5805,0,0,0,0,0,1,1,0,0,0,0,B
5806,0,0,0,0,0,1,1,0,0,0,0,B
5807,0,0,0,0,0,1,1,0,0,0,0,B
5808,0,0,0,0,0,1,1,0,0,0,0,B
5809,0,0,0,0,0,1,1,0,0,0,0,B
5810,0,0,0,0,0,1,1,0,0,0,0,B
5811,0,0,0,0,0,1,1,0,0,0,0,B
5812,0,0,0,0,0,1,1,0,0,0,0,B
5813,0,0,0,0,0,1,1,0,0,0,0,B
5814,0,0,0,0,0,1,1,0,0,0,0,B
5815,0,0,0,0,0,1,1,0,0,0,0,B
5816,0,0,0,0,0,1,1,0,0,0,0,B
5817,0,0,0,0,0,1,1,0,0,0,0,B
5818,0,0,0,0,0,1,1,0,0,0,0,B
5819,0,0,0,0,0,1,1,0,0,0,0,B
5820,0,0,0,0,0,1,1,0,0,0,0,B
5821,0,0,0,0,0,1,1,0,0,0,0,B
5822,0,0,0,0,0,1,1,0,0,0,0,B
5823,0,0,0,0,0,1,1,0,0,0,0,B
5824,0,0,0,0,0,1,1,0,0,0,0,B
5825,0,0,0,0,0,1,1,0,0,0,0,B
5826,0,0,0,0,0,1,1,0,0,0,0,B
5827,0,0,0,0,0,1,1,0,0,0,0,B
5828,0,0,0,0,0,1,1,0,0,0,0,B
5829,0,0,0,0,0,1,1,0,0,0,0,B
5830,0,0,0,0,0,1,1,0,0,0,0,B
5831,0,0,0,0,0,1,1,0,0,0,0,B
5832,0,0,0,0,0,1,1,0,0,0,0,B
5833,0,0,0,0,0,1,1,0,0,0,0,B
5834,0,0,0,0,0,1,1,0,0,0,0,B
5835,0,0,0,0,0,1,1,0,0,0,0,B
5836,0,0,0,0,0,1,1,0,0,0,0,B
5837,0,0,0,0,0,1,1,0,0,0,0,B
5838,0,0,0,0,0,1,1,0,0,0,0,B
5839,0,0,0,0,0,1,1,0,0,0,0,B
5840,0,0,0,0,0,1,1,0,0,0,0,B
5841,0,0,0,0,0,1,1,0,0,0,0,B
5842,0,0,0,0,0,1,1,0,0,0,0,B
5843,0,0,0,0,0,1,1,0,0,0,0,B
5844,0,0,0,0,0,1,1,0,0,0,0,B
5845,0,0,0,0,0,1,1,0,0,0,0,B
5846,0,0,0,0,0,1,1,0,0,0,0,B
5847,0,0,0,0,0,1,1,0,0,0,0,B
5848,0,0,0,0,0,1,1,0,0,0,0,B
5849,0,0,0,0,0,1,1,0,0,0,0,B
5850,0,0,0,0,0,1,1,0,0,0,0,B
5851,0,0,0,0,0,1,1,0,0,0,0,B
5852,0,0,0,0,0,1,1,0,0,0,0,B
5853,0,0,0,0,0,1,1,0,0,0,0,B
5854,0,0,0,0,0,1,1,0,0,0,0,B
5855,0,0,0,0,0,1,1,0,0,0,0,B
5856,0,0,0,0,0,1,1,0,0,0,0,B
5857,0,0,0,0,0,1,1,0,0,0,0,B
5858,0,0,0,0,0,1,1,0,0,0,0,B
5859,0,0,0,0,0,1,1,0,0,0,0,B
5860,0,0,0,0,0,1,1,0,0,0,0,B
5861,0,0,0,0,0,1,1,0,0,0,0,B
5862,0,0,0,0,0,1,1,0,0,0,0,B
5863,0,0,0,0,0,1,1,0,0,0,0,B
5864,0,0,0,0,0,1,1,0,0,0,0,B
5865,0,0,0,0,0,1,1,0,0,0,0,B
5866,0,0,0,0,0,1,1,0,0,0,0,B
5867,0,0,0,0,0,1,1,0,0,0,0,B
5868,0,0,0,0,0,1,1,0,0,0,0,B
5869,0,0,0,0,0,1,1,0,0,0,0,B
5870,0,0,0,0,0,1,1,0,0,0,0,B
5871,0,0,0,0,0,1,1,0,0,0,0,B
5872,0,0,0,0,0,1,1,0,0,0,0,B
5873,0,0,0,0,0,1,1,0,0,0,0,B
5874,0,0,0,0,0,1,1,0,0,0,0,B
5875,0,0,0,0,0,1,1,0,0,0,0,B
5876,0,0,0,0,0,1,1,0,0,0,0,B
5877,0,0,0,0,0,1,1,0,0,0,0,B
5878,0,0,0,0,0,1,1,0,0,0,0,B
5879,0,0,0,0,0,1,1,0,0,0,0,B
5880,0,0,0,0,0,1,1,0,0,0,0,B
5881,0,0,0,0,0,1,1,0,0,0,0,B
5882,0,0,0,0,0,1,1,0,0,0,0,B
5883,0,0,0,0,0,1,1,0,0,0,0,B
5884,0,0,0,0,0,1,1,0,0,0,0,B
5885,0,0,0,0,0,1,1,0,0,0,0,B
5886,0,0,0,0,0,1,1,0,0,0,0,B
5887,0,0,0,0,0,1,1,0,0,0,0,B
5888,0,0,0,0,0,1,1,0,0,0,0,B
5889,0,0,0,0,0,1,1,0,0,0,0,B
5890,0,0,0,0,0,1,1,0,0,0,0,B
5891,0,0,0,0,0,1,1,0,0,0,0,B
5892,0,0,0,0,0,1,1,0,0,0,0,B
5893,0,0,0,0,0,1,1,0,0,0,0,B
5894,0,0,0,0,0,1,1,0,0,0,0,B
5895,0,0,0,0,0,1,1,0,0,0,0,C
5896,0,0,0,0,0,1,1,0,0,0,0,B
5897,0,0,0,0,0,1,1,0,0,0,0,B
5898,0,0,0,0,0,1,0,0,0,0,0,B
5899,0,0,0,0,0,1,0,0,0,0,0,B
5900,0,0,0,0,0,1,0,0,0,0,0,B
5901,0,0,0,0,0,1,0,0,0,0,0,D
5902,0,0,0,0,0,1,0,0,0,0,0,E
5903,0,0,0,0,0,1,0,0,0,0,0,E
5904,0,0,0,0,0,1,0,0,0,0,0,E
5905,0,0,0,0,0,1,0,0,0,0,0,E
5906,0,0,0,0,0,1,0,0,0,0,0,C
5907,0,0,0,0,0,1,0,0,0,0,0,C
5908,0,0,0,0,0,0,0,0,0,0,0,C
5909,0,0,0,0,0,0,0,0,0,0,0,C
5910,0,0,0,0,1,0,0,0,0,0,0,C
5911,0,0,0,0,1,0,0,0,0,0,0,C
5912,0,0,0,0,1,0,0,0,0,0,0,C
5913,0,0,0,0,1,0,0,0,0,0,0,C
5914,0,0,0,0,1,0,0,0,0,0,0,C
5915,0,0,0,0,1,0,0,0,0,0,0,C
5916,0,0,0,0,1,0,0,0,0,0,0,C
5917,0,0,0,0,1,0,0,0,0,0,0,C
5918,0,0,0,0,1,0,0,0,0,0,0,C
5919,0,0,0,0,1,0,0,0,0,0,0,C
5920,0,0,0,0,1,0,0,0,0,0,0,C
5921,0,0,0,0,1,0,0,0,0,0,0,C
5922,0,0,0,0,1,0,0,0,0,0,0,C
5923,0,0,0,0,1,0,0,0,0,0,0,C
5924,0,0,0,0,1,0,0,0,0,0,0,C
5925,0,0,0,0,1,0,0,0,0,0,0,C
5926,0,0,0,0,1,0,0,0,0,0,0,C
5927,0,0,0,0,1,0,0,0,0,0,0,C
5928,0,0,0,0,1,0,0,0,0,0,0,C
5929,0,0,0,0,1,0,0,0,0,0,0,C
5930,0,0,0,0,1,0,0,0,0,0,0,C
5931,0,0,0,0,1,0,0,0,0,0,0,C
5932,0,0,0,0,1,0,0,0,0,0,0,C
5933,0,0,0,0,1,0,0,0,0,0,0,B
5934,0,0,0,0,1,0,0,0,0,0,0,B
5935,0,0,0,0,1,0,0,0,0,0,0,B
5936,0,0,0,0,1,0,0,0,0,0,0,B
5937,0,0,0,0,1,0,0,0,0,0,0,B
5938,0,0,0,0,1,1,0,0,0,0,0,B
5939,0,0,0,0,1,1,0,0,0,0,0,B
5940,0,0,0,0,1,1,0,0,0,0,0,B
5941,0,0,0,0,1,1,0,0,0,0,0,B
5942,0,0,0,0,1,1,0,0,0,0,0,B
5943,0,0,0,0,1,1,0,0,0,0,0,B
5944,0,0,0,0,1,1,0,0,0,0,0,B
5945,0,0,0,0,1,1,0,0,0,0,0,B
5946,0,0,0,0,1,1,0,0,0,0,0,B
5947,0,0,0,0,1,1,0,0,0,0,0,B
5948,0,0,0,0,1,1,0,0,0,0,0,B
5949,0,0,0,0,1,1,0,0,0,0,0,B
5950,0,0,0,0,1,1,0,0,0,0,0,B
5951,0,0,0,0,1,1,0,0,0,0,0,B
5952,0,0,0,0,1,1,0,0,0,0,0,B
5953,0,0,0,0,1,1,0,0,0,0,0,B
5954,0,0,0,0,1,1,0,0,0,0,0,B
5955,0,0,0,0,1,1,0,0,0,0,0,B
5956,0,0,0,0,1,1,0,0,0,0,0,B
5957,0,0,0,0,1,1,0,0,0,0,0,B
5958,0,0,0,0,1,1,0,0,0,0,0,B
5959,0,0,0,0,1,1,0,0,0,0,0,B
5960,0,0,0,0,1,1,0,0,0,0,0,B
5961,0,0,0,0,1,1,0,0,0,0,0,B
5962,0,0,0,0,1,1,0,0,0,0,0,B
5963,0,0,0,0,1,1,0,0,0,0,0,B
5964,0,0,0,0,1,1,0,0,0,0,0,B
5965,0,0,0,0,1,1,0,0,0,0,0,B
5966,0,0,0,0,1,1,0,0,0,0,0,B
5967,0,0,0,0,1,1,0,0,0,0,0,B
5968,0,0,0,0,1,1,0,0,0,0,0,B
5969,0,0,0,0,1,1,0,0,0,0,0,B
5970,0,0,0,0,1,1,0,0,0,0,0,B
5971,0,0,0,0,1,1,0,0,0,0,0,B
5972,0,0,0,0,1,1,0,0,0,0,0,B
5973,0,0,0,0,1,1,0,0,0,0,0,B
5974,0,0,0,0,1,1,0,0,0,0,0,B
5975,0,0,0,0,1,1,0,0,0,0,0,B
5976,0,0,0,0,1,1,0,0,0,0,0,B
5977,0,0,0,0,1,1,0,0,0,0,0,B
5978,0,0,0,0,1,1,0,0,0,0,0,B
5979,0,0,0,0,1,1,0,0,0,0,0,B
5980,0,0,0,0,1,1,0,0,0,0,0,B
5981,0,0,0,0,1,1,0,0,0,0,0,B
5982,0,0,0,0,1,1,0,0,0,0,0,B
5983,0,0,0,0,1,1,0,0,0,0,0,B
5984,0,0,0,0,1,1,0,0,0,0,0,B
5985,0,0,0,0,1,1,0,0,0,0,0,B
5986,0,0,0,0,1,1,0,0,0,0,0,B
5987,0,0,0,0,1,1,0,0,0,0,0,B
5988,0,0,0,0,1,1,0,0,0,0,0,B
5989,0,0,0,0,1,1,0,0,0,0,0,B
5990,0,0,0,0,1,1,0,0,0,0,0,B
5991,0,0,0,0,1,1,0,0,0,0,0,B
5992,0,0,0,0,1,1,0,0,0,0,0,B
5993,0,0,0,0,1,1,0,0,0,0,0,B
5994,0,0,0,0,1,1,0,0,0,0,0,B
5995,0,0,0,0,1,1,0,0,0,0,0,B
5996,0,0,0,0,1,1,0,0,0,0,0,B
5997,0,0,0,0,1,1,0,0,0,0,0,B
5998,0,0,0,0,1,1,0,0,0,0,0,B
5999,0,0,0,0,1,1,0,0,0,0,0,B
6000,0,0,0,0,1,1,0,0,0,0,0,B
6001,0,0,0,0,1,1,0,0,0,0,0,B
6002,0,0,0,0,1,1,0,0,0,0,0,B
6003,0,0,0,0,1,1,0,0,0,0,0,B
6004,0,0,0,0,1,1,0,0,0,0,0,B
6005,0,0,0,0,1,1,0,0,0,0,0,B
6006,0,0,0,0,1,1,0,0,0,0,0,B
6007,0,0,0,0,1,1,0,0,0,0,0,B
6008,0,0,0,0,1,1,0,0,0,0,0,B
6009,0,0,0,0,1,1,0,0,0,0,0,B
6010,0,0,0,0,1,1,0,0,0,0,0,B
6011,0,0,0,0,1,1,0,0,0,0,0,B
6012,0,0,0,0,1,1,0,0,0,0,0,B
6013,0,0,0,0,1,1,0,0,0,0,0,B
6014,0,0,0,0,1,1,0,0,0,0,0,B
6015,0,0,0,0,1,1,0,0,0,0,0,B
6016,0,0,0,0,1,1,0,0,0,0,0,B
6017,0,0,0,0,1,1,0,0,0,0,0,B
6018,0,0,0,0,1,1,0,0,0,0,0,B
6019,0,0,0,0,1,1,0,0,0,0,0,B
6020,0,0,0,0,1,1,0,0,0,0,0,B
6021,0,0,0,0,1,1,0,0,0,0,0,B
6022,0,0,0,0,1,1,0,0,0,0,0,B
6023,0,0,0,0,1,1,0,0,0,0,0,B
6024,0,0,0,0,1,1,0,0,0,0,0,B
6025,0,0,0,0,1,1,0,0,0,0,0,B
6026,0,0,0,0,1,1,0,0,0,0,0,B
6027,0,0,0,0,1,1,0,0,0,0,0,B
6028,0,0,0,0,1,1,0,0,0,0,0,B
6029,0,0,0,0,1,1,0,0,0,0,0,B
6030,0,0,0,0,1,1,0,0,0,0,0,B
6031,0,0,0,0,1,1,0,0,0,0,0,B
6032,0,0,0,0,1,1,0,0,0,0,0,B
6033,0,0,0,0,1,1,0,0,0,0,0,B
6034,0,0,0,0,1,1,0,0,0,0,0,B
6035,0,0,0,0,1,1,0,0,0,0,0,B
6036,0,0,0,0,1,1,0,0,0,0,0,B
6037,0,0,0,0,1,1,0,0,0,0,0,B
6038,0,0,0,0,1,1,0,0,0,0,0,B
6039,0,0,0,0,1,1,0,0,0,0,0,B
6040,0,0,0,0,1,1,0,0,0,0,0,B
6041,0,0,0,0,1,1,0,0,0,0,0,B
6042,0,0,0,0,1,1,0,0,0,0,0,B
6043,0,0,0,0,1,1,0,0,0,0,0,B
6044,0,0,0,0,1,1,0,0,0,0,0,B
6045,0,0,0,0,1,1,1,0,0,0,0,B
6046,0,0,0,0,1,1,1,0,0,0,0,B
6047,0,0,0,0,1,1,1,0,0,0,0,B
6048,0,0,0,0,1,1,1,0,0,0,0,B
6049,0,0,0,0,1,1,1,0,0,0,0,B
6050,0,0,0,0,1,1,1,0,0,0,0,B
6051,0,0,0,0,1,1,1,0,0,0,0,B
6052,0,0,0,0,1,1,1,0,0,0,0,B
6053,0,0,0,0,1,1,1,0,0,0,0,B
6054,0,0,0,0,1,1,1,0,0,0,0,B
6055,0,0,0,0,1,1,1,0,0,0,0,B
6056,0,0,0,0,1,1,1,0,0,0,0,B
6057,0,0,0,0,1,1,1,0,0,0,0,B
6058,0,0,0,0,1,1,1,0,0,0,0,B
6059,0,0,0,0,1,1,1,0,0,0,0,B
6060,0,0,0,0,1,1,1,0,0,0,0,B
6061,0,0,0,0,1,1,1,0,0,0,0,B
6062,0,0,0,0,1,1,1,0,0,0,0,B
6063,0,0,0,0,1,1,1,0,0,0,0,B
6064,0,0,0,0,1,1,1,0,0,0,0,B
6065,0,0,0,0,1,1,1,0,0,0,0,B
6066,0,0,0,0,1,1,1,0,0,0,0,B
6067,0,0,0,0,1,1,1,0,0,0,0,B
6068,0,0,0,0,1,1,1,0,0,0,0,B
6069,0,0,0,0,1,1,1,0,0,0,0,B
6070,0,0,0,0,1,1,1,0,0,0,0,B
6071,0,0,0,0,1,1,1,0,0,0,0,B
6072,0,0,0,0,1,1,1,0,0,0,0,B
6073,0,0,0,0,1,1,1,0,0,0,0,B
6074,0,0,0,0,1,1,1,0,0,0,0,B
6075,0,0,0,0,1,1,1,0,0,0,0,B
6076,0,0,0,0,1,1,1,0,0,0,0,B
6077,0,0,0,0,1,1,1,0,0,0,0,B
6078,0,0,0,0,1,1,1,0,0,0,0,B
6079,0,0,0,0,1,1,1,0,0,0,0,B
6080,0,0,0,0,1,1,1,0,0,0,0,B
6081,0,0,0,0,1,1,1,0,0,0,0,B
6082,0,0,0,0,1,1,1,0,0,0,0,B
6083,0,0,0,0,1,1,1,0,0,0,0,B
6084,0,0,0,0,1,1,1,0,0,0,0,B
6085,0,0,0,0,1,1,1,0,0,0,0,B
6086,0,0,0,0,1,1,1,0,0,0,0,B
6087,0,0,0,0,1,1,1,0,0,0,0,B
6088,0,0,0,0,1,1,1,0,0,0,0,B
6089,0,0,0,0,1,1,1,0,0,0,0,B
6090,0,0,0,0,1,1,1,0,0,0,0,B
6091,0,0,0,0,1,1,1,0,0,0,0,B
6092,0,0,0,0,1,1,1,0,0,0,0,B
6093,0,0,0,0,1,1,1,0,0,0,0,B
6094,0,0,0,0,1,1,1,0,0,0,0,B
6095,0,0,0,0,1,1,1,0,0,0,0,B
6096,0,0,0,0,1,1,1,0,0,0,0,B
6097,0,0,0,0,1,1,1,0,0,0,0,B
6098,0,0,0,0,1,1,1,0,0,0,0,B
6099,0,0,0,0,1,1,1,0,0,0,0,B
6100,0,0,0,0,1,1,1,0,0,0,0,B
6101,0,0,0,0,1,1,1,0,0,0,0,B
6102,0,0,0,0,1,1,1,0,0,0,0,B
6103,0,0,0,0,1,1,1,0,0,0,0,B
6104,0,0,0,0,1,1,1,0,0,0,0,B
6105,0,0,0,0,1,1,1,0,0,0,0,B
6106,0,0,0,0,1,1,1,0,0,0,0,B
6107,0,0,0,0,1,1,1,0,0,0,0,B
6108,0,0,0,0,1,1,1,0,0,0,0,B
6109,0,0,0,0,1,1,1,0,0,0,0,B
6110,0,0,0,0,1,1,1,0,0,0,0,B
6111,0,0,0,0,1,1,1,0,0,0,0,B
6112,0,0,0,0,1,1,1,0,0,0,0,B
6113,0,0,0,0,1,1,1,0,0,0,0,B
6114,0,0,0,0,1,1,1,0,0,0,0,B
6115,0,0,0,0,1,1,1,0,0,0,0,B
6116,0,0,0,0,1,1,1,0,0,0,0,B
6117,0,0,0,0,1,1,1,0,0,0,0,B
6118,0,0,0,0,1,1,1,0,0,0,0,B
6119,0,0,0,0,1,1,1,0,0,0,0,B
6120,0,0,0,0,1,1,1,0,0,0,0,B
6121,0,0,0,0,1,1,1,0,0,0,0,B
6122,0,0,0,0,1,1,1,0,0,0,0,B
6123,0,0,0,0,1,1,1,0,0,0,0,B
6124,0,0,0,0,1,1,1,0,0,0,0,B
6125,0,0,0,0,1,1,1,0,0,0,0,B
6126,0,0,0,0,1,1,1,0,0,0,0,B
6127,0,0,0,0,1,1,1,0,0,0,0,B
6128,0,0,0,0,1,1,1,0,0,0,0,B
6129,0,0,0,0,1,1,1,0,0,0,0,B
6130,0,0,0,0,1,1,1,0,0,0,0,B
6131,0,0,0,0,1,1,1,0,0,0,0,B
6132,0,0,0,0,1,1,1,0,0,0,0,B
6133,0,0,0,0,1,1,1,0,0,0,0,B
6134,0,0,0,0,1,1,1,0,0,0,0,B
6135,0,0,0,0,1,1,1,0,0,0,0,B
6136,0,0,0,0,1,1,1,0,0,0,0,B
6137,0,0,0,0,1,1,1,0,0,0,0,B
6138,0,0,0,0,1,1,1,0,0,0,0,B
6139,0,0,0,0,1,1,1,0,0,0,0,B
6140,0,0,0,0,1,1,1,0,0,0,0,B
6141,0,0,0,0,1,1,1,0,0,0,0,B
6142,0,0,0,0,1,1,1,0,0,0,0,B
6143,0,0,0,0,1,1,1,0,0,0,0,B
6144,0,0,0,0,1,1,1,0,0,0,0,B
6145,0,0,0,0,1,1,1,0,0,0,0,B
6146,0,0,0,0,1,1,1,0,0,0,0,B
6147,0,0,0,0,1,1,1,0,0,0,0,B
6148,0,0,0,0,1,1,1,0,0,0,0,B
6149,0,0,0,0,1,1,1,0,0,0,0,B
6150,0,0,0,0,1,1,1,0,0,0,0,B
6151,0,0,0,0,1,1,1,0,0,0,0,B
6152,0,0,0,0,1,1,1,0,0,0,0,B
6153,0,0,0,0,1,1,1,0,0,0,0,B
6154,0,0,0,0,1,1,1,0,0,0,0,B
6155,0,0,0,0,1,1,1,0,0,0,0,B
6156,0,0,0,0,1,1,1,0,0,0,0,B
6157,0,0,0,0,1,1,1,0,0,0,0,B
6158,0,0,0,0,1,1,1,0,0,0,0,B
6159,0,0,0,0,1,1,1,0,0,0,0,B
6160,0,0,0,0,1,1,1,0,0,0,0,B
6161,0,0,0,0,1,1,1,0,0,0,0,B
6162,0,0,0,0,1,1,1,0,0,0,0,B
6163,0,0,0,0,1,1,1,0,0,0,0,B
6164,0,0,0,0,1,1,1,0,0,0,0,B
6165,0,0,0,0,1,1,1,0,0,0,0,B
6166,0,0,0,0,1,1,1,0,0,0,0,B
6167,0,0,0,0,1,1,1,0,0,0,0,B
6168,0,0,0,0,1,1,1,0,0,0,0,B
6169,0,0,0,0,1,1,1,0,0,0,0,B
6170,0,0,0,0,1,1,1,0,0,0,0,B
6171,0,0,0,0,1,1,1,0,0,0,0,B
6172,0,0,0,0,1,1,1,0,0,0,0,B
6173,0,0,0,0,1,1,1,0,0,0,0,B
6174,0,0,0,0,1,1,1,0,0,0,0,B
6175,0,0,0,0,1,1,1,0,0,0,0,B
6176,0,0,0,0,1,1,1,0,0,0,0,B
6177,0,0,0,0,1,1,1,0,0,0,0,B
6178,0,0,0,0,1,1,1,0,0,0,0,B
6179,0,0,0,0,1,1,1,0,0,0,0,B
6180,0,0,0,0,1,1,1,0,0,0,0,B
6181,0,0,0,0,1,1,1,0,0,0,0,B
6182,0,0,0,0,1,1,1,0,0,0,0,B
6183,0,0,0,0,1,1,1,0,0,0,0,B
6184,0,0,0,0,1,1,1,0,0,0,0,B
6185,0,0,0,0,1,1,1,0,0,0,0,B
6186,0,0,0,0,1,1,1,0,0,0,0,B
6187,0,0,0,0,1,1,1,0,0,0,0,B
6188,0,0,0,0,1,1,1,0,0,0,0,B
6189,0,0,0,0,1,1,1,0,0,0,0,B
6190,0,0,0,0,1,1,1,0,0,0,0,B
6191,0,0,0,0,1,1,1,0,0,0,0,B
6192,0,0,0,0,1,1,1,0,0,0,0,B
6193,0,0,0,0,1,1,1,0,0,0,0,B
6194,0,0,0,0,1,1,1,0,0,0,0,B
6195,0,0,0,0,1,1,1,0,0,0,0,B
6196,0,0,0,0,1,1,1,0,0,0,0,B
6197,0,0,0,0,1,1,1,0,0,0,0,B
6198,0,0,0,0,1,1,1,0,0,0,0,B
6199,0,0,0,0,1,1,1,0,0,0,0,B
6200,0,0,0,0,1,1,1,0,0,0,0,B
6201,0,0,0,0,1,1,1,0,0,0,0,B
6202,0,0,0,0,1,1,1,0,0,0,0,B
6203,0,0,0,0,1,1,1,0,0,0,0,B
6204,0,0,0,0,1,1,1,0,0,0,0,B
6205,0,0,0,0,1,1,1,0,0,0,0,B
6206,0,0,0,0,1,1,1,0,0,0,0,B
6207,0,0,0,0,1,1,1,0,0,0,0,B
6208,0,0,0,0,1,1,1,0,0,0,0,B
6209,0,0,0,0,1,1,1,0,0,0,0,B
6210,0,0,0,0,1,1,1,0,0,0,0,B
6211,0,0,0,0,1,1,1,0,0,0,0,B
6212,0,0,0,0,1,1,1,0,0,0,0,B
6213,0,0,0,0,1,1,1,0,0,0,0,B
6214,0,0,0,0,1,1,1,0,0,0,0,B
6215,0,0,0,0,1,1,1,0,0,0,0,B
6216,0,0,0,0,1,1,1,0,0,0,0,B
6217,0,0,0,0,1,1,1,0,0,0,0,B
6218,0,0,0,0,1,1,1,0,0,0,0,B
6219,0,0,0,0,1,1,1,0,0,0,0,B
6220,0,0,0,0,1,1,1,0,0,0,0,B
6221,0,0,0,0,1,1,1,0,0,0,0,B
6222,0,0,0,0,1,1,1,0,0,0,0,B
6223,0,0,0,0,1,1,1,0,0,0,0,B
6224,0,0,0,0,1,1,1,0,0,0,0,B
6225,0,0,0,0,1,1,1,0,0,0,0,B
6226,0,0,0,0,1,1,1,0,0,0,0,B
6227,0,0,0,0,1,1,1,0,0,0,0,B
6228,0,0,0,0,1,1,1,0,0,0,0,B
6229,0,0,0,0,1,1,1,0,0,0,0,B
6230,0,0,0,0,1,1,1,0,0,0,0,B
6231,0,0,0,0,1,1,1,0,0,0,0,B
6232,0,0,0,0,1,1,1,0,0,0,0,B
6233,0,0,0,0,1,1,1,0,0,0,0,B
6234,0,0,0,0,1,1,1,0,0,0,0,B
6235,0,0,0,0,1,1,1,0,0,0,0,B
6236,0,0,0,0,1,1,1,0,0,0,0,B
6237,0,0,0,0,1,1,1,0,0,0,0,B
6238,0,0,0,0,1,1,1,0,0,0,0,B
6239,0,0,0,0,1,1,1,0,0,0,0,B
6240,0,0,0,0,1,1,1,0,0,0,0,B
6241,0,0,0,0,1,1,1,0,0,0,0,B
6242,0,0,0,0,1,1,1,0,0,0,0,B
6243,0,0,0,0,1,1,1,0,0,0,0,B
6244,0,0,0,0,1,1,1,0,0,0,0,B
6245,0,0,0,0,1,1,1,0,0,0,0,B
6246,0,0,0,0,1,1,1,0,0,0,0,B
6247,0,0,0,0,1,1,1,0,0,0,0,B
6248,0,0,0,0,1,1,1,0,0,0,0,B
6249,0,0,0,0,1,1,1,0,0,0,0,B
6250,0,0,0,0,1,1,1,0,0,0,0,B
6251,0,0,0,0,1,1,1,0,0,0,0,B
6252,0,0,0,0,1,1,1,0,0,0,0,B
6253,0,0,0,0,1,1,1,0,0,0,0,B
6254,0,0,0,0,1,1,1,0,0,0,0,B
6255,0,0,0,0,1,1,1,0,0,0,0,B
6256,0,0,0,0,1,1,1,0,0,0,0,B
6257,0,0,0,0,1,1,1,0,0,0,0,B
6258,0,0,0,0,1,1,1,0,0,0,0,B
6259,0,0,0,0,1,1,1,0,0,0,0,B
6260,0,0,0,0,1,1,1,0,0,0,0,B
6261,0,0,0,0,1,1,1,0,0,0,0,B
6262,0,0,0,0,1,1,1,0,0,0,0,B
6263,0,0,0,0,1,1,1,0,0,0,0,B
6264,0,0,0,0,1,1,1,0,0,0,0,B
6265,0,0,0,0,1,1,1,0,0,0,0,B
6266,0,0,0,0,1,1,1,0,0,0,0,B
6267,0,0,0,0,1,1,1,0,0,0,0,B
6268,0,0,0,0,1,1,1,0,0,0,0,B
6269,0,0,0,0,1,1,1,0,0,0,0,B
6270,0,0,0,0,1,1,1,0,0,0,0,B
6271,0,0,0,0,1,1,1,0,0,0,0,B
6272,0,0,0,0,1,1,1,0,0,0,0,B
6273,0,0,0,0,1,1,1,0,0,0,0,B
6274,0,0,0,0,1,1,1,0,0,0,0,B
6275,0,0,0,0,1,1,1,0,0,0,0,B
6276,0,0,0,0,1,1,1,0,0,0,0,B
6277,0,0,0,0,1,1,1,0,0,0,0,B
6278,0,0,0,0,1,1,1,0,0,0,0,B
6279,0,0,0,0,1,1,1,0,0,0,0,B
6280,0,0,0,0,1,1,1,0,0,0,0,B
6281,0,0,0,0,1,1,1,0,0,0,0,B
6282,0,0,0,0,1,1,1,0,0,0,0,B
6283,0,0,0,0,1,1,1,0,0,0,0,B
6284,0,0,0,0,1,1,1,0,0,0,0,B
6285,0,0,0,0,1,1,1,0,0,0,0,B
6286,0,0,0,0,1,1,1,0,0,0,0,B
6287,0,0,0,0,1,1,1,0,0,0,0,B
6288,0,0,0,0,1,1,1,0,0,0,0,B
6289,0,0,0,0,1,1,1,0,0,0,0,B
6290,0,0,0,0,1,1,1,0,0,0,0,B
6291,0,0,0,0,1,1,1,0,0,0,0,B
6292,0,0,0,0,1,1,1,0,0,0,0,B
6293,0,0,0,0,1,1,1,0,0,0,0,B
6294,0,0,0,0,1,1,1,0,0,0,0,B
6295,0,0,0,0,1,1,1,0,0,0,0,B
6296,0,0,0,0,1,1,1,0,0,0,0,B
6297,0,0,0,0,1,1,1,0,0,0,0,B
6298,0,0,0,0,1,1,1,0,0,0,0,B
6299,0,0,0,0,1,1,1,0,0,0,0,B
6300,0,0,0,0,1,1,1,0,0,0,0,B
6301,0,0,0,0,1,1,1,0,0,0,0,B
6302,0,0,0,0,1,1,1,0,0,0,0,B
6303,0,0,0,0,1,1,1,0,0,0,0,B
6304,0,0,0,0,1,1,1,0,0,0,0,B
6305,0,0,0,0,1,1,1,0,0,0,0,B
6306,0,0,0,0,1,1,1,0,0,0,0,B
6307,0,0,0,0,1,1,1,0,0,0,0,B
6308,0,0,0,0,1,1,1,0,0,0,0,B
6309,0,0,0,0,1,1,1,0,0,0,0,B
6310,0,0,0,0,1,1,1,0,0,0,0,B
6311,0,0,0,0,1,1,1,0,0,0,0,B
6312,0,0,0,0,1,1,1,0,0,0,0,B
6313,0,0,0,0,1,1,1,0,0,0,0,B
6314,0,0,0,0,1,1,1,0,0,0,0,B
6315,0,0,0,0,1,1,1,0,0,0,0,B
6316,0,0,0,0,1,1,1,0,0,0,0,B
6317,0,0,0,0,1,1,1,0,0,0,0,B
6318,0,0,0,0,1,1,1,0,0,0,0,B
6319,0,0,0,0,1,1,1,0,0,0,0,B
6320,0,0,0,0,1,1,1,0,0,0,0,B
6321,0,0,0,0,1,1,1,0,0,0,0,B
6322,0,0,0,0,1,1,1,0,0,0,0,B
6323,0,0,0,0,1,1,1,0,0,0,0,B
6324,0,0,0,0,1,1,1,0,0,0,0,B
6325,0,0,0,0,1,1,1,0,0,0,0,B
6326,0,0,0,0,1,1,1,0,0,0,0,B
6327,0,0,0,0,1,1,1,0,0,0,0,B
6328,0,0,0,0,1,1,1,0,0,0,0,B
6329,0,0,0,0,1,1,1,0,0,0,0,B
6330,0,0,0,0,1,1,1,0,0,0,0,B
6331,0,0,0,0,1,1,1,0,0,0,0,B
6332,0,0,0,0,1,1,1,0,0,0,0,B
6333,0,0,0,0,1,1,1,0,0,0,0,B
6334,0,0,0,0,1,1,1,0,0,0,0,B
6335,0,0,0,0,1,1,1,0,0,0,0,B
6336,0,0,0,0,1,1,1,0,0,0,0,B
6337,0,0,0,0,1,1,1,0,0,0,0,B
6338,0,0,0,0,1,1,1,0,0,0,0,B
6339,0,0,0,0,1,1,1,0,0,0,0,B
6340,0,0,0,0,1,1,1,0,0,0,0,B
6341,0,0,0,0,1,1,1,0,0,0,0,B
6342,0,0,0,0,1,1,1,0,0,0,0,B
6343,0,0,0,0,1,1,1,0,0,0,0,B
6344,0,0,0,0,1,1,1,0,0,0,0,B
6345,0,0,0,0,1,1,1,0,0,0,0,B
6346,0,0,0,0,1,1,1,0,0,0,0,B
6347,0,0,0,0,1,1,1,0,0,0,0,B
6348,0,0,0,0,1,1,1,0,0,0,0,B
6349,0,0,0,0,1,1,1,0,0,0,0,B
6350,0,0,0,0,1,1,1,0,0,0,0,B
6351,0,0,0,0,1,1,1,0,0,0,0,B
6352,0,0,0,0,1,1,1,0,0,0,0,B
6353,0,0,0,0,1,1,1,0,0,0,0,B
6354,0,0,0,0,1,1,1,0,0,0,0,B
6355,0,0,0,0,1,1,1,0,0,0,0,B
6356,0,0,0,0,1,1,0,0,0,0,0,B
6357,0,0,0,0,1,1,0,0,0,0,0,B
6358,0,0,0,0,1,1,0,0,0,0,0,B
6359,0,0,0,0,1,1,0,0,0,0,0,B
6360,0,0,0,0,1,1,0,0,0,0,0,B
6361,0,0,0,0,1,1,0,0,0,0,0,B
6362,0,0,0,0,1,1,0,0,0,0,0,B
6363,0,0,0,0,1,1,0,0,0,0,0,B
6364,0,0,0,0,1,1,0,0,0,0,0,B
6365,0,0,0,0,1,1,0,0,0,0,0,B
6366,0,0,0,0,1,1,0,0,0,0,0,B
6367,0,0,0,0,1,1,0,0,0,0,0,B
6368,0,0,0,0,1,1,0,0,0,0,0,B
6369,0,0,0,0,1,1,0,0,0,0,0,B
6370,0,0,0,0,1,1,0,0,0,0,0,B
6371,0,0,0,0,1,1,0,0,0,0,0,B
6372,0,0,0,0,1,1,0,0,0,0,0,B
6373,0,0,0,0,1,1,0,0,0,0,0,B
6374,0,0,0,0,1,1,0,0,0,0,0,B
6375,0,0,0,0,1,1,0,0,0,0,0,B
6376,0,0,0,0,1,1,0,0,0,0,0,B
6377,0,0,0,0,1,1,0,0,0,0,0,B
6378,0,0,0,0,1,1,0,0,0,0,0,B
6379,0,0,0,0,1,1,0,0,0,0,0,B
6380,0,0,0,0,1,1,0,0,0,0,0,B
6381,0,0,0,0,1,1,0,0,0,0,0,B
6382,0,0,0,0,1,1,0,0,0,0,0,B
6383,0,0,0,0,1,1,0,0,0,0,0,B
6384,0,0,0,0,1,1,0,0,0,0,0,B
6385,0,0,0,0,1,1,0,0,0,0,0,B
6386,0,0,0,0,1,1,0,0,0,0,0,B
6387,0,0,0,0,1,1,0,0,0,0,0,B
6388,0,0,0,0,1,1,0,0,0,0,0,B
6389,0,0,0,0,1,1,0,0,0,0,0,B
6390,0,0,0,0,1,1,0,0,0,0,0,B
6391,0,0,0,0,1,1,0,0,0,0,0,B
6392,0,0,0,0,1,1,0,0,0,0,0,B
6393,0,0,0,0,1,1,0,0,0,0,0,B
6394,0,0,0,0,1,1,0,0,0,0,0,B
6395,0,0,0,0,1,1,0,0,0,0,0,B
6396,0,0,0,0,1,1,0,0,0,0,0,B
6397,0,0,0,0,1,1,0,0,0,0,0,B
6398,0,0,0,0,1,1,0,0,0,0,0,B
6399,0,0,0,0,1,1,0,0,0,0,0,B
6400,0,0,0,0,1,1,0,0,0,0,0,B
6401,0,0,0,0,1,1,0,0,0,0,0,B
6402,0,0,0,0,1,1,0,0,0,0,0,B
6403,0,0,0,0,1,1,0,0,0,0,0,B
6404,0,0,0,0,1,1,0,0,0,0,0,B
6405,0,0,0,0,1,1,0,0,0,0,0,B
6406,0,0,0,0,1,1,0,0,0,0,0,B
6407,0,0,0,0,1,1,0,0,0,0,0,B
6408,0,0,0,0,1,1,0,0,0,0,0,B
6409,0,0,0,0,1,1,0,0,0,0,0,B
6410,0,0,0,0,1,1,0,0,0,0,0,B
6411,0,0,0,0,1,1,0,0,0,0,0,B
6412,0,0,0,0,1,1,0,0,0,0,0,B
6413,0,0,0,0,1,1,0,0,0,0,0,B
6414,0,0,0,0,1,1,0,0,0,0,0,B
6415,0,0,0,0,1,1,0,0,0,0,0,B
6416,0,0,0,0,1,1,0,0,0,0,0,B
6417,0,0,0,0,1,1,0,0,0,0,0,B
6418,0,0,0,0,1,1,0,0,0,0,0,B
6419,0,0,0,0,1,1,0,0,0,0,0,B
6420,0,0,0,0,1,1,0,0,0,0,0,B
6421,0,0,0,0,1,1,0,0,0,0,0,B
6422,0,0,0,0,1,1,0,0,0,0,0,B
6423,0,0,0,0,1,1,0,0,0,0,0,B
6424,0,0,0,0,1,1,0,0,0,0,0,B
6425,0,0,0,0,1,1,0,0,0,0,0,B
6426,0,0,0,0,1,1,0,0,0,0,0,B
6427,0,0,0,0,1,1,0,0,0,0,0,B
6428,0,0,0,0,1,1,0,0,0,0,0,B
6429,0,0,0,0,1,1,0,0,0,0,0,B
6430,0,0,0,0,1,1,0,0,0,0,0,B
6431,0,0,0,0,1,1,0,0,0,0,0,B
6432,0,0,0,0,1,1,0,0,0,0,0,B
6433,0,0,0,0,1,1,0,0,0,0,0,B
6434,0,0,0,0,1,1,0,0,0,0,0,B
6435,0,0,0,0,1,1,0,0,0,0,0,B
6436,0,0,0,0,1,1,0,0,0,0,0,B
6437,0,0,0,0,1,1,0,0,0,0,0,B
6438,0,0,0,0,1,1,0,0,0,0,0,B
6439,0,0,0,0,1,1,0,0,0,0,0,B
6440,0,0,0,0,1,1,0,0,0,0,0,B
6441,0,0,0,0,1,1,0,0,0,0,0,B
6442,0,0,0,0,1,1,0,0,0,0,0,B
6443,0,0,0,0,1,1,0,0,0,0,0,B
6444,0,0,0,0,1,1,0,0,0,0,0,B
6445,0,0,0,0,1,1,0,0,0,0,0,B
6446,0,0,0,0,1,1,0,0,0,0,0,B
6447,0,0,0,0,1,1,1,0,0,0,0,B
6448,0,0,0,0,1,1,1,0,0,0,0,B
6449,0,0,0,0,1,1,1,0,0,0,0,B
6450,0,0,0,0,1,1,1,0,0,0,0,B
6451,0,0,0,0,1,1,1,0,0,0,0,B
6452,0,0,0,0,1,1,1,0,0,0,0,B
6453,0,0,0,0,1,1,1,0,0,0,0,B
6454,0,0,0,0,1,1,1,0,0,0,0,B
6455,0,0,0,0,1,1,1,0,0,0,0,B
6456,0,0,0,0,1,1,1,0,0,0,0,B
6457,0,0,0,0,1,1,1,0,0,0,0,B
6458,0,0,0,0,1,1,1,0,0,0,0,B
6459,0,0,0,0,1,1,1,0,0,0,0,B
6460,0,0,0,0,1,1,1,0,0,0,0,B
6461,0,0,0,0,1,1,1,0,0,0,0,B
6462,0,0,0,0,1,1,1,0,0,0,0,B
6463,0,0,0,0,1,1,1,0,0,0,0,B
6464,0,0,0,0,1,1,1,0,0,0,0,B
6465,0,0,0,0,1,1,1,0,0,0,0,B
6466,0,0,0,0,1,1,1,0,0,0,0,B
6467,0,0,0,0,1,1,1,0,0,0,0,B
6468,0,0,0,0,1,1,1,0,0,0,0,B
6469,0,0,0,0,1,1,1,0,0,0,0,B
6470,0,0,0,0,1,1,1,0,0,0,0,B
6471,0,0,0,0,1,1,1,0,0,0,0,B
6472,0,0,0,0,1,1,1,0,0,0,0,B
6473,0,0,0,0,1,1,1,0,0,0,0,B
6474,0,0,0,0,1,1,1,0,0,0,0,B
6475,0,0,0,0,1,1,1,0,0,0,0,B
6476,0,0,0,0,1,1,1,0,0,0,0,B
6477,0,0,0,0,1,1,1,0,0,0,0,B
6478,0,0,0,0,1,1,1,0,0,0,0,B
6479,0,0,0,0,1,1,1,0,0,0,0,B
6480,0,0,0,0,1,1,1,0,0,0,0,B
6481,0,0,0,0,1,1,1,0,0,0,0,B
6482,0,0,0,0,1,1,1,0,0,0,0,B
6483,0,0,0,0,1,1,1,0,0,0,0,B
6484,0,0,0,0,1,1,1,0,0,0,0,B
6485,0,0,0,0,1,1,1,0,0,0,0,B
6486,0,0,0,0,1,1,1,0,0,0,0,B
6487,0,0,0,0,1,1,1,0,0,0,0,B
6488,0,0,0,0,1,1,1,0,0,0,0,B
6489,0,0,0,0,1,1,1,0,0,0,0,B
6490,0,0,0,0,1,1,1,0,0,0,0,B
6491,0,0,0,0,1,1,1,0,0,0,0,B
6492,0,0,0,0,1,1,1,0,0,0,0,B
6493,0,0,0,0,1,1,1,0,0,0,0,B
6494,0,0,0,0,1,1,1,0,0,0,0,B
6495,0,0,0,0,1,1,1,0,0,0,0,B
6496,0,0,0,0,1,1,1,0,0,0,0,B
6497,0,0,0,0,1,1,1,0,0,0,0,B
6498,0,0,0,0,1,1,1,0,0,0,0,B
6499,0,0,0,0,1,1,1,0,0,0,0,B
6500,0,0,0,0,1,1,1,0,0,0,0,B
6501,0,0,0,0,1,1,1,0,0,0,0,B
6502,0,0,0,0,1,1,1,0,0,0,0,B
6503,0,0,0,0,1,1,1,0,0,0,0,B
6504,0,0,0,0,1,1,1,0,0,0,0,B
6505,0,0,0,0,1,1,1,0,0,0,0,B
6506,0,0,0,0,1,1,1,0,0,0,0,B
6507,0,0,0,0,1,1,1,0,0,0,0,B
6508,0,0,0,0,1,1,1,0,0,0,0,B
6509,0,0,0,0,1,1,1,0,0,0,0,B
6510,0,0,0,0,1,1,1,0,0,0,0,B
6511,0,0,0,0,1,1,1,0,0,0,0,B
6512,0,0,0,0,1,1,1,0,0,0,0,B
6513,0,0,0,0,1,1,1,0,0,0,0,B
6514,0,0,0,0,1,1,1,0,0,0,0,B
6515,0,0,0,0,1,1,1,0,0,0,0,B
6516,0,0,0,0,1,1,1,0,0,0,0,B
6517,0,0,0,0,1,1,1,0,0,0,0,B
6518,0,0,0,0,1,1,1,0,0,0,0,B
6519,0,0,0,0,1,1,1,0,0,0,0,B
6520,0,0,0,0,1,1,1,0,0,0,0,B
6521,0,0,0,0,1,1,1,0,0,0,0,B
6522,0,0,0,0,1,1,1,0,0,0,0,B
6523,0,0,0,0,1,1,1,0,0,0,0,B
6524,0,0,0,0,1,1,1,0,0,0,0,B
6525,0,0,0,0,1,1,1,0,0,0,0,B
6526,0,0,0,0,1,1,1,0,0,0,0,B
6527,0,0,0,0,1,1,1,0,0,0,0,B
6528,0,0,0,0,1,1,1,0,0,0,0,B
6529,0,0,0,0,1,1,1,0,0,0,0,B
6530,0,0,0,0,1,1,1,0,0,0,0,B
6531,0,0,0,0,1,1,1,0,0,0,0,B
6532,0,0,0,0,1,1,1,0,0,0,0,B
6533,0,0,0,0,1,1,1,0,0,0,0,B
6534,0,0,0,0,1,1,1,0,0,0,0,B
6535,0,0,0,0,1,1,1,0,0,0,0,B
6536,0,0,0,0,1,1,1,0,0,0,0,B
6537,0,0,0,0,1,1,1,0,0,0,0,B
6538,0,0,0,0,1,1,1,0,0,0,0,B
6539,0,0,0,0,1,1,1,0,0,0,0,B
6540,0,0,0,0,1,1,1,0,0,0,0,B
6541,0,0,0,0,1,1,1,0,0,0,0,B
6542,0,0,0,0,1,1,1,0,0,0,0,B
6543,0,0,0,0,1,1,1,0,0,0,0,B
6544,0,0,0,0,1,1,1,0,0,0,0,B
6545,0,0,0,0,1,1,1,0,0,0,0,B
6546,0,0,0,0,1,1,1,0,0,0,0,B
6547,0,0,0,0,1,1,1,0,0,0,0,B
6548,0,0,0,0,1,1,1,0,0,0,0,B
6549,0,0,0,0,1,1,1,0,0,0,0,B
6550,0,0,0,0,1,1,1,0,0,0,0,B
6551,0,0,0,0,1,1,1,0,0,0,0,B
6552,0,0,0,0,1,1,1,0,0,0,0,B
6553,0,0,0,0,1,1,1,0,0,0,0,B
6554,0,0,0,0,1,1,1,0,0,0,0,B
6555,0,0,0,0,1,1,1,0,0,0,0,B
6556,0,0,0,0,1,1,1,0,0,0,0,B
6557,0,0,0,0,1,1,1,0,0,0,0,B
6558,0,0,0,0,1,1,1,0,0,0,0,B
6559,0,0,0,0,1,1,1,0,0,0,0,B
6560,0,0,0,0,1,1,1,0,0,0,0,B
6561,0,0,0,0,1,1,1,0,0,0,0,B
6562,0,0,0,0,1,1,1,0,0,0,0,B
6563,0,0,0,0,1,1,1,0,0,0,0,B
6564,0,0,0,0,1,1,1,0,0,0,0,B
6565,0,0,0,0,1,1,1,0,0,0,0,B
6566,0,0,0,0,1,1,1,0,0,0,0,B
6567,0,0,0,0,1,1,1,0,0,0,0,B
6568,0,0,0,0,1,1,1,0,0,0,0,B
6569,0,0,0,0,1,1,1,0,0,0,0,B
6570,0,0,0,0,1,1,1,0,0,0,0,B
6571,0,0,0,0,1,1,1,0,0,0,0,B
6572,0,0,0,0,1,1,1,0,0,0,0,B
6573,0,0,0,0,1,1,1,0,0,0,0,B
6574,0,0,0,0,1,1,1,0,0,0,0,B
6575,0,0,0,0,1,1,1,0,0,0,0,B
6576,0,0,0,0,1,1,1,0,0,0,0,B
6577,0,0,0,0,1,1,1,0,0,0,0,B
6578,0,0,0,0,1,1,1,0,0,0,0,B
6579,0,0,0,0,1,1,1,0,0,0,0,B
6580,0,0,0,0,1,1,1,0,0,0,0,B
6581,0,0,0,0,1,1,1,0,0,0,0,B
6582,0,0,0,0,1,1,1,0,0,0,0,B
6583,0,0,0,0,1,1,1,0,0,0,0,B
6584,0,0,0,0,1,1,1,0,0,0,0,B
6585,0,0,0,0,1,1,1,0,0,0,0,B
6586,0,0,0,0,1,1,1,0,0,0,0,B
6587,0,0,0,0,1,1,1,0,0,0,0,B
6588,0,0,0,0,1,1,1,0,0,0,0,B
6589,0,0,0,0,1,1,1,0,0,0,0,B
6590,0,0,0,0,1,1,1,0,0,0,0,B
6591,0,0,0,0,1,1,1,0,0,0,0,B
6592,0,0,0,0,1,1,1,0,0,0,0,B
6593,0,0,0,0,1,1,1,0,0,0,0,B
6594,0,0,0,0,1,1,1,0,0,0,0,B
6595,0,0,0,0,1,1,1,0,0,0,0,B
6596,0,0,0,0,1,1,1,0,0,0,0,B
6597,0,0,0,0,1,1,1,0,0,0,0,B
6598,0,0,0,0,1,1,1,0,0,0,0,B
6599,0,0,0,0,1,1,1,0,0,0,0,B
6600,0,0,0,0,1,1,1,0,0,0,0,B
6601,0,0,0,0,1,1,1,0,0,0,0,B
6602,0,0,0,0,1,1,1,0,0,0,0,B
6603,0,0,0,0,1,1,1,0,0,0,0,B
6604,0,0,0,0,1,1,1,0,0,0,0,B
6605,0,0,0,0,1,1,1,0,0,0,0,B
6606,0,0,0,0,1,1,1,0,0,0,0,B
6607,0,0,0,0,1,1,1,0,0,0,0,B
6608,0,0,0,0,1,1,1,0,0,0,0,B
6609,0,0,0,0,1,1,1,0,0,0,0,B
6610,0,0,0,0,1,1,1,0,0,0,0,B
6611,0,0,0,0,1,1,1,0,0,0,0,B
6612,0,0,0,0,1,1,1,0,0,0,0,B
6613,0,0,0,0,1,1,1,0,0,0,0,B
6614,0,0,0,0,1,1,1,0,0,0,0,B
6615,0,0,0,0,1,1,1,0,0,0,0,B
6616,0,0,0,0,1,1,1,0,0,0,0,B
6617,0,0,0,0,1,1,1,0,0,0,0,B
6618,0,0,0,0,1,1,1,0,0,0,0,B
6619,0,0,0,0,1,1,1,0,0,0,0,B
6620,0,0,0,0,1,1,1,0,0,0,0,B
6621,0,0,0,0,1,1,1,0,0,0,0,B
6622,0,0,0,0,1,1,1,0,0,0,0,B
6623,0,0,0,0,1,1,1,0,0,0,0,B
6624,0,0,0,0,1,1,1,0,0,0,0,B
6625,0,0,0,0,1,1,1,0,0,0,0,B
6626,0,0,0,0,1,1,1,0,0,0,0,B
6627,0,0,0,0,1,1,1,0,0,0,0,B
6628,0,0,0,0,1,1,1,0,0,0,0,B
6629,0,0,0,0,1,1,1,0,0,0,0,B
6630,0,0,0,0,1,1,1,0,0,0,0,B
6631,0,0,0,0,1,1,1,0,0,0,0,B
6632,0,0,0,0,1,1,1,0,0,0,0,B
6633,0,0,0,0,1,1,1,0,0,0,0,B
6634,0,0,0,0,1,1,1,0,0,0,0,B
6635,0,0,0,0,1,1,1,0,0,0,0,B
6636,0,0,0,0,1,1,1,0,0,0,0,B
6637,0,0,0,0,1,1,1,0,0,0,0,B
6638,0,0,0,0,1,1,1,0,0,0,0,B
6639,0,0,0,0,1,1,1,0,0,0,0,B
6640,0,0,0,0,1,1,1,0,0,0,0,B
6641,0,0,0,0,1,1,1,0,0,0,0,B
6642,0,0,0,0,1,1,1,0,0,0,0,B
6643,0,0,0,0,1,1,1,0,0,0,0,B
6644,0,0,0,0,1,1,1,0,0,0,0,B
6645,0,0,0,0,1,1,1,0,0,0,0,B
6646,0,0,0,0,1,1,1,0,0,0,0,B
6647,0,0,0,0,1,1,1,0,0,0,0,B
6648,0,0,0,0,1,1,1,0,0,0,0,B
6649,0,0,0,1,1,1,1,0,0,0,0,D
6650,0,0,0,0,1,1,1,0,0,0,0,D
6651,0,0,0,0,1,1,1,0,0,0,0,C
6652,0,0,0,0,1,1,1,0,0,0,0,B
6653,0,0,0,0,1,1,1,0,0,0,0,B
6654,0,0,0,0,1,1,1,0,0,0,0,B
6655,0,0,0,0,1,1,1,0,0,0,0,B
6656,0,0,0,0,1,1,1,0,0,0,0,B
6657,0,0,0,0,1,1,1,0,0,0,0,B
6658,0,0,0,0,1,1,0,0,0,0,0,B
6659,0,0,0,0,1,1,0,0,0,0,0,B
6660,0,0,0,0,1,1,0,0,0,0,0,B
6661,0,0,0,0,1,1,0,0,0,0,0,C
6662,0,0,0,0,1,1,0,0,0,0,0,C
6663,0,0,0,0,1,1,0,0,0,0,0,C
6664,0,0,0,0,1,1,0,0,0,0,0,C
6665,0,0,0,0,1,1,0,0,0,0,0,C
6666,0,0,0,0,1,1,0,0,0,0,0,C
6667,0,0,0,0,1,0,0,0,0,0,0,C
6668,0,0,0,0,1,0,0,0,0,0,0,C
6669,0,0,0,0,1,0,0,0,0,0,0,C
6670,0,0,0,0,1,0,0,0,0,0,0,C
6671,0,0,0,0,1,0,0,0,0,0,0,C
6672,0,0,0,0,1,0,0,0,0,0,0,C
6673,0,0,0,0,1,0,0,0,0,0,0,C
6674,0,0,0,0,1,0,0,0,0,0,0,C
6675,0,0,0,0,1,0,0,0,0,0,0,C
6676,0,0,0,0,1,0,0,0,0,0,0,C
6677,0,0,0,0,1,0,0,0,0,0,0,C
6678,0,0,0,0,1,0,0,0,0,0,0,C
6679,0,0,0,0,1,0,0,0,0,0,0,C
6680,0,0,0,0,1,0,0,0,0,0,0,C
6681,0,0,0,0,1,0,0,0,0,0,0,C
6682,0,0,0,0,1,0,0,0,0,0,0,C
6683,0,0,0,0,1,0,0,0,0,0,0,C
6684,0,0,0,0,1,0,0,0,0,0,0,C
6685,0,0,0,0,1,0,0,0,0,0,0,C
6686,0,0,0,0,1,0,0,0,0,0,0,C
6687,0,0,0,0,1,0,0,0,0,0,0,C
6688,0,0,0,0,1,0,0,0,0,0,0,C
6689,0,0,0,0,1,0,0,0,0,0,0,C
6690,0,0,0,0,1,0,0,0,0,0,0,C
6691,0,0,0,0,1,0,0,0,0,0,0,C
6692,0,0,0,0,1,0,0,0,0,0,0,C
6693,0,0,0,0,1,0,0,0,0,0,0,C
6694,0,0,0,0,1,0,0,0,0,0,0,C
6695,0,0,0,0,1,0,0,0,0,0,0,C
6696,0,0,0,0,1,0,0,0,0,0,0,C
6697,0,0,0,0,1,0,0,0,0,0,0,C
6698,0,0,0,0,1,0,0,0,0,0,0,C
6699,0,0,0,0,1,0,0,0,0,0,0,C
6700,0,0,0,0,1,0,0,0,0,0,0,C
6701,0,0,0,0,1,0,0,0,0,0,0,C
6702,0,0,0,0,1,0,0,0,0,0,0,C
6703,0,0,0,0,1,0,0,0,0,0,0,C
6704,0,0,0,0,1,0,0,0,0,0,0,C
6705,0,0,0,0,1,0,0,0,0,0,0,C
6706,0,0,0,0,1,0,0,0,0,0,0,C
6707,0,0,0,0,1,0,0,0,0,0,0,C
6708,0,0,0,0,1,0,0,0,0,0,0,C
6709,0,0,0,1,1,0,0,0,0,0,0,C
6710,0,0,0,1,1,0,0,0,0,0,0,C
6711,0,0,0,1,1,0,0,0,0,0,0,C
6712,0,0,0,1,1,0,0,0,0,0,0,C
6713,0,0,0,1,1,0,0,0,0,0,0,C
6714,0,0,0,1,1,0,0,0,0,0,0,C
6715,0,0,0,1,1,0,0,0,0,0,0,C
6716,0,0,0,1,1,0,0,0,0,0,0,C
6717,0,0,0,1,1,0,0,0,0,0,0,C
6718,0,0,0,1,1,0,0,0,0,0,0,C
6719,0,0,0,1,1,0,0,0,0,0,0,C
6720,0,0,0,1,1,0,0,0,0,0,0,C
6721,0,0,0,1,1,0,0,0,0,0,0,C
6722,0,0,0,1,1,0,0,0,0,0,0,C
6723,0,0,0,1,1,0,0,0,0,0,0,C
6724,0,0,0,1,1,0,0,0,0,0,0,C
6725,0,0,0,1,1,0,0,0,0,0,0,C
6726,0,0,0,1,1,0,0,0,0,0,0,C
6727,0,0,0,1,1,0,0,0,0,0,0,C
6728,0,0,0,1,1,0,0,0,0,0,0,C
6729,0,0,0,1,1,0,0,0,0,0,0,C
6730,0,0,0,1,1,0,0,0,0,0,0,C
6731,0,0,0,1,1,0,0,0,0,0,0,C
6732,0,0,0,1,1,0,0,0,0,0,0,C
6733,0,0,0,1,1,0,0,0,0,0,0,C
6734,0,0,0,1,1,0,0,0,0,0,0,C
6735,0,0,0,1,1,0,0,0,0,0,0,C
6736,0,0,0,1,1,0,0,0,0,0,0,C
6737,0,0,0,1,1,0,0,0,0,0,0,C
6738,0,0,0,1,1,0,0,0,0,0,0,C
6739,0,0,0,1,1,0,0,0,0,0,0,C
6740,0,0,0,1,1,0,0,0,0,0,0,C
6741,0,0,0,1,1,0,0,0,0,0,0,C
6742,0,0,0,1,1,0,0,0,0,0,0,C
6743,0,0,0,1,1,0,0,0,0,0,0,C
6744,0,0,0,1,1,0,0,0,0,0,0,C
6745,0,0,0,1,1,0,0,0,0,0,0,C
6746,0,0,0,1,1,0,0,0,0,0,0,C
6747,0,0,0,1,1,0,0,0,0,0,0,C
6748,0,0,0,1,1,0,0,0,0,0,0,C
6749,0,0,0,1,1,0,0,0,0,0,0,C
6750,0,0,0,1,1,0,0,0,0,0,0,C
6751,0,0,0,1,1,0,0,0,0,0,0,C
6752,0,0,0,1,1,0,0,0,0,0,0,C
6753,0,0,0,1,1,0,0,0,0,0,0,C
6754,0,0,0,1,1,0,0,0,0,0,0,C
6755,0,0,0,1,1,0,0,0,0,0,0,C
6756,0,0,0,1,1,0,0,0,0,0,0,C
6757,0,0,0,1,1,0,0,0,0,0,0,C
6758,0,0,0,1,1,0,0,0,0,0,0,C
6759,0,0,0,1,1,0,0,0,0,0,0,C
6760,0,0,0,1,1,0,0,0,0,0,0,C
6761,0,0,0,1,1,0,0,0,0,0,0,C
6762,0,0,0,1,1,0,0,0,0,0,0,C
6763,0,0,0,1,1,0,0,0,0,0,0,C
6764,0,0,0,1,1,0,0,0,0,0,0,C
6765,0,0,0,1,1,0,0,0,0,0,0,C
6766,0,0,0,1,1,0,0,0,0,0,0,C
6767,0,0,0,1,1,0,0,0,0,0,0,C
6768,0,0,0,1,1,0,0,0,0,0,0,C
6769,0,0,0,1,1,0,0,0,0,0,0,C
6770,0,0,0,1,1,0,0,0,0,0,0,C
6771,0,0,0,1,1,0,0,0,0,0,0,C
6772,0,0,0,1,1,0,0,0,0,0,0,C
6773,0,0,0,1,1,0,0,0,0,0,0,C
6774,0,0,0,1,1,0,0,0,0,0,0,C
6775,0,0,0,1,1,0,0,0,0,0,0,C
6776,0,0,0,1,1,0,0,0,0,0,0,C
6777,0,0,0,1,1,0,0,0,0,0,0,C
6778,0,0,0,1,1,0,0,0,0,0,0,C
6779,0,0,0,1,1,0,0,0,0,0,0,C
6780,0,0,0,1,1,0,0,0,0,0,0,C
6781,0,0,0,1,1,0,0,0,0,0,0,C
6782,0,0,0,1,1,0,0,0,0,0,0,C
6783,0,0,0,1,1,0,0,0,0,0,0,C
6784,0,0,0,1,1,0,0,0,0,0,0,C
6785,0,0,0,1,1,0,0,0,0,0,0,C
6786,0,0,0,1,1,0,0,0,0,0,0,C
6787,0,0,0,1,1,0,0,0,0,0,0,C
6788,0,0,0,1,1,0,0,0,0,0,0,C
6789,0,0,0,1,1,0,0,0,0,0,0,C
6790,0,0,0,1,1,0,0,0,0,0,0,C
6791,0,0,0,1,1,0,0,0,0,0,0,C
6792,0,0,0,1,1,0,0,0,0,0,0,C
6793,0,0,0,1,1,0,0,0,0,0,0,C
6794,0,0,0,1,1,0,0,0,0,0,0,C
6795,0,0,0,1,1,0,0,0,0,0,0,C
6796,0,0,0,1,1,0,0,0,0,0,0,C
6797,0,0,0,1,1,0,0,0,0,0,0,B
6798,0,0,0,1,1,0,0,0,0,0,0,B
6799,0,0,0,1,1,0,0,0,0,0,0,B
6800,0,0,0,1,1,0,0,0,0,0,0,B
6801,0,0,0,1,1,0,0,0,0,0,0,B
6802,0,0,0,1,1,0,0,0,0,0,0,C
6803,0,0,0,1,1,0,0,0,0,0,0,C
6804,0,0,0,1,1,0,0,0,0,0,0,C
6805,0,0,0,1,1,0,0,0,0,0,0,C
6806,0,0,0,1,0,0,0,0,0,0,0,C
6807,0,0,0,1,0,0,0,0,0,0,0,C
6808,0,0,0,1,0,0,0,0,0,0,0,C
6809,0,0,0,1,0,0,0,0,0,0,0,C
6810,0,0,0,1,0,0,0,0,0,0,0,C
6811,0,0,0,1,0,0,0,0,0,0,0,C
6812,0,0,0,1,0,0,0,0,0,0,0,C
6813,0,0,0,1,0,0,0,0,0,0,0,C
6814,0,0,0,1,0,0,0,0,0,0,0,C
6815,0,0,0,1,0,0,0,0,0,0,0,C
6816,0,0,0,1,0,0,0,0,0,0,0,C
6817,0,0,0,1,0,0,0,0,0,0,0,C
6818,0,0,0,1,0,0,0,0,0,0,0,C
6819,0,0,0,1,0,0,0,0,0,0,0,C
6820,0,0,0,1,0,0,0,0,0,0,0,C
6821,0,0,0,1,0,0,0,0,0,0,0,C
6822,0,0,0,1,0,0,0,0,0,0,0,C
6823,0,0,0,1,0,0,0,0,0,0,0,C
6824,0,0,0,1,0,0,0,0,0,0,0,C
6825,0,0,0,1,0,0,0,0,0,0,0,C
6826,0,0,0,1,0,0,0,0,0,0,0,C
6827,0,0,0,1,0,0,0,0,0,0,0,C
6828,0,0,0,1,0,0,0,0,0,0,0,C
6829,0,0,0,1,0,0,0,0,0,0,0,C
6830,0,0,0,1,0,0,0,0,0,0,0,C
6831,0,0,0,1,0,0,0,0,0,0,0,C
6832,0,0,0,1,0,0,0,0,0,0,0,C
6833,0,0,0,1,0,0,0,0,0,0,0,C
6834,0,0,0,1,0,0,0,0,0,0,0,C
6835,0,0,0,1,0,0,0,0,0,0,0,C
6836,0,0,0,1,0,0,0,0,0,0,0,C
6837,0,0,0,1,0,0,0,0,0,0,0,C
6838,0,0,0,1,0,0,0,0,0,0,0,C
6839,0,0,0,1,0,0,0,0,0,0,0,C
6840,0,0,0,1,0,0,0,0,0,0,0,C
6841,0,0,0,1,0,0,0,0,0,0,0,C
6842,0,0,0,1,0,0,0,0,0,0,0,C
6843,0,0,0,1,0,0,0,0,0,0,0,C
6844,0,0,0,1,0,0,0,0,0,0,0,C
6845,0,0,0,1,0,0,0,0,0,0,0,C
6846,0,0,0,1,0,0,0,0,0,0,0,C
6847,0,0,0,1,0,0,0,0,0,0,0,C
6848,0,0,0,1,0,0,0,0,0,0,0,C
6849,0,0,0,1,0,0,0,0,0,0,0,C
6850,0,0,0,1,0,0,0,0,0,0,0,C
6851,0,0,0,1,0,0,0,0,0,0,0,C
6852,0,0,0,1,0,0,0,0,0,0,0,C
6853,0,0,0,1,0,0,0,0,0,0,0,C
6854,0,0,0,1,0,0,0,0,0,0,0,C
6855,0,0,0,1,0,0,0,0,0,0,0,C
6856,0,0,0,1,0,0,0,0,0,0,0,C
6857,0,0,0,1,0,0,0,0,0,0,0,C
6858,0,0,0,1,0,0,0,0,0,0,0,C
6859,0,0,0,1,0,0,0,0,0,0,0,C
6860,0,0,0,1,0,0,0,0,0,0,0,C
6861,0,0,0,1,0,0,0,0,0,0,0,C
6862,0,0,0,1,0,0,0,0,0,0,0,C
6863,0,0,0,1,0,0,0,0,0,0,0,C
6864,0,0,0,1,0,0,0,0,0,0,0,C
6865,0,0,0,1,0,0,0,0,0,0,0,C
6866,0,0,0,1,0,0,0,0,0,0,0,C
6867,0,0,0,1,0,0,0,0,0,0,0,C
6868,0,0,0,1,0,0,0,0,0,0,0,C
6869,0,0,0,1,0,0,0,0,0,0,0,C
6870,0,0,0,1,0,0,0,0,0,0,0,C
6871,0,0,0,1,0,0,0,0,0,0,0,C
6872,0,0,0,1,0,0,0,0,0,0,0,C
6873,0,0,0,1,0,0,0,0,0,0,0,C
6874,0,0,0,1,0,0,0,0,0,0,0,C
6875,0,0,0,1,0,0,0,0,0,0,0,C
6876,0,0,0,1,0,0,0,0,0,0,0,C
6877,0,0,0,1,0,0,0,0,0,0,0,C
6878,0,0,0,1,0,0,0,0,0,0,0,C
6879,0,0,0,1,0,0,0,0,0,0,0,C
6880,0,0,0,1,0,0,0,0,0,0,0,C
6881,0,0,0,1,0,0,0,0,0,0,0,C
6882,0,0,0,1,0,0,0,0,0,0,0,C
6883,0,0,0,1,0,0,0,0,0,0,0,C
6884,0,0,0,1,0,0,0,0,0,0,0,C
6885,0,0,0,1,0,0,0,0,0,0,0,C
6886,0,0,0,1,0,0,0,0,0,0,0,C
6887,0,0,0,1,0,0,0,0,0,0,0,C
6888,0,0,0,1,0,0,0,0,0,0,0,C
6889,0,0,0,1,0,0,0,0,0,0,0,C
6890,0,0,0,1,0,0,0,0,0,0,0,C
6891,0,0,0,1,0,0,0,0,0,0,0,C
6892,0,0,0,1,0,0,0,0,0,0,0,C
6893,0,0,0,1,0,0,0,0,0,0,0,C
6894,0,0,0,1,0,0,0,0,0,0,0,C
6895,0,0,0,1,0,0,0,0,0,0,0,C
6896,0,0,0,1,0,0,0,0,0,0,0,C
6897,0,0,0,1,0,0,0,0,0,0,0,C
6898,0,0,0,1,0,0,0,0,0,0,0,C
6899,0,0,0,1,0,0,0,0,0,0,0,C
6900,0,0,0,1,0,0,0,0,0,0,0,C
6901,0,0,0,1,0,0,0,0,0,0,0,C
6902,0,0,0,1,0,0,0,0,0,0,0,C
6903,0,0,0,1,0,0,0,0,0,0,0,C
6904,0,0,0,1,0,0,0,0,0,0,0,C
6905,0,0,0,1,0,0,0,0,0,0,0,C
6906,0,0,0,1,0,0,0,0,0,0,0,C
6907,0,0,0,1,0,0,0,0,0,0,0,C
6908,0,0,0,1,0,0,0,0,0,0,0,C
6909,0,0,0,1,0,0,0,0,0,0,0,C
6910,0,0,0,1,0,0,0,0,0,0,0,C
6911,0,0,0,1,0,0,0,0,0,0,0,C
6912,0,0,0,1,0,0,0,0,0,0,0,C
6913,0,0,0,1,0,0,0,0,0,0,0,C
6914,0,0,0,1,0,0,0,0,0,0,0,C
6915,0,0,0,1,0,0,0,0,0,0,0,C
6916,0,0,0,1,0,0,0,0,0,0,0,C
6917,0,0,0,1,0,0,0,0,0,0,0,C
6918,0,0,0,1,0,0,0,0,0,0,0,C
6919,0,0,0,1,0,0,0,0,0,0,0,C
6920,0,0,0,1,0,0,0,0,0,0,0,C
6921,0,0,0,1,0,0,0,0,0,0,0,C
6922,0,0,0,1,0,0,0,0,0,0,0,C
6923,0,0,0,1,0,0,0,0,0,0,0,C
6924,0,0,0,1,0,0,0,0,0,0,0,C
6925,0,0,0,1,0,0,0,0,0,0,0,C
6926,0,0,0,1,0,0,0,0,0,0,0,C
6927,0,0,0,1,0,0,0,0,0,0,0,C
6928,0,0,0,1,0,0,0,0,0,0,0,C
6929,0,0,0,1,0,0,0,0,0,0,0,C
6930,0,0,0,1,0,0,0,0,0,0,0,C
6931,0,0,0,1,0,0,0,0,0,0,0,C
6932,0,0,0,1,0,0,0,0,0,0,0,C
6933,0,0,0,1,0,0,0,0,0,0,0,C
6934,0,0,0,1,0,0,0,0,0,0,0,C
6935,0,0,0,1,0,0,0,0,0,0,0,C
6936,0,0,0,1,0,0,0,0,0,0,0,C
6937,0,0,0,1,0,0,0,0,0,0,0,C
6938,0,0,0,1,0,0,0,0,0,0,0,C
6939,0,0,0,1,0,0,0,0,0,0,0,C
6940,0,0,0,1,0,0,0,0,0,0,0,C
6941,0,0,0,1,0,0,0,0,0,0,0,C
6942,0,0,0,1,0,0,0,0,0,0,0,C
6943,0,0,0,1,0,0,0,0,0,0,0,C
6944,0,0,0,1,0,0,0,0,0,0,0,C
6945,0,0,0,1,0,0,0,0,0,0,0,C
6946,0,0,0,1,0,0,0,0,0,0,0,C
6947,0,0,0,1,0,0,0,0,0,0,0,C
6948,0,0,0,1,0,0,0,0,0,0,0,C
6949,0,0,0,1,0,0,0,0,0,0,0,C
6950,0,0,0,1,0,0,0,0,0,0,0,C
6951,0,0,0,1,0,0,0,0,0,0,0,C
6952,0,0,0,1,0,0,0,0,0,0,0,C
6953,0,0,0,1,0,0,0,0,0,0,0,C
6954,0,0,0,1,0,0,0,0,0,0,0,C
6955,0,0,0,1,0,0,0,0,0,0,0,C
6956,0,0,0,1,0,0,0,0,0,0,0,C
6957,0,0,0,1,0,0,0,0,0,0,0,C
6958,0,0,0,1,0,0,0,0,0,0,0,C
6959,0,0,0,1,0,0,0,0,0,0,0,C
6960,0,0,0,1,0,0,0,0,0,0,0,C
6961,0,0,0,1,0,0,0,0,0,0,0,C
6962,0,0,0,1,0,0,0,0,0,0,0,C
6963,0,0,0,1,0,0,0,0,0,0,0,C
6964,0,0,0,1,0,0,0,0,0,0,0,C
6965,0,0,0,1,0,0,0,0,0,0,0,C
6966,0,0,0,1,0,0,0,0,0,0,0,C
6967,0,0,0,1,0,0,0,0,0,0,0,C
6968,0,0,0,1,0,0,0,0,0,0,0,C
6969,0,0,0,1,0,0,0,0,0,0,0,C
6970,0,0,0,1,0,0,0,0,0,0,0,C
6971,0,0,0,1,0,0,0,0,0,0,0,C
6972,0,0,0,1,0,0,0,0,0,0,0,C
6973,0,0,0,1,0,0,0,0,0,0,0,C
6974,0,0,0,1,0,0,0,0,0,0,0,C
6975,0,0,0,1,0,0,0,0,0,0,0,C
6976,0,0,0,1,0,0,0,0,0,0,0,C
6977,0,0,0,1,0,0,0,0,0,0,0,C
6978,0,0,0,1,0,0,0,0,0,0,0,C
6979,0,0,0,1,0,0,0,0,0,0,0,C
6980,0,0,0,1,0,0,0,0,0,0,0,C
6981,0,0,0,1,0,0,0,0,0,0,0,C
6982,0,0,0,1,0,0,0,0,0,0,0,C
6983,0,0,0,1,0,0,0,0,0,0,0,C
6984,0,0,0,1,0,0,0,0,0,0,0,C
6985,0,0,0,1,0,0,0,0,0,0,0,C
6986,0,0,0,1,0,0,0,0,0,0,0,C
6987,0,0,0,1,0,0,0,0,0,0,0,C
6988,0,0,0,1,0,0,0,0,0,0,0,C
6989,0,0,0,1,0,0,0,0,0,0,0,C
6990,0,0,0,1,0,0,0,0,0,0,0,C
6991,0,0,0,1,0,0,0,0,0,0,0,C
6992,0,0,0,1,0,0,0,0,0,0,0,C
6993,0,0,0,1,0,0,0,0,0,0,0,C
6994,0,0,0,1,0,0,0,0,0,0,0,C
6995,0,0,0,1,0,0,0,0,0,0,0,C
6996,0,0,0,1,0,0,0,0,0,0,0,C
6997,0,0,0,1,0,0,0,0,0,0,0,C
6998,0,0,0,1,0,0,0,0,0,0,0,C
6999,0,0,0,1,0,0,0,0,0,0,0,C
7000,0,0,0,1,0,0,0,0,0,0,0,C
7001,0,0,0,1,0,0,0,0,0,0,0,C
7002,0,0,0,1,0,0,0,0,0,0,0,C
7003,0,0,0,1,0,0,0,0,0,0,0,C
7004,0,0,0,1,0,0,0,0,0,0,0,C
7005,0,0,0,1,0,0,0,0,0,0,0,C
7006,0,0,0,1,0,0,0,0,0,0,0,C
7007,0,0,0,1,0,0,0,0,0,0,0,C
7008,0,0,0,1,0,0,0,0,0,0,0,C
7009,0,0,0,1,0,0,0,0,0,0,0,C
7010,0,0,0,1,0,0,0,0,0,0,0,C
7011,0,0,0,1,0,0,0,0,0,0,0,C
7012,0,0,0,1,0,0,0,0,0,0,0,C
7013,0,0,0,1,0,0,0,0,0,0,0,C
7014,0,0,0,1,0,0,0,0,0,0,0,C
7015,0,0,0,1,0,0,0,0,0,0,0,C
7016,0,0,0,1,0,0,0,0,0,0,0,C
7017,0,0,0,1,0,0,0,0,0,0,0,C
7018,0,0,0,1,0,0,0,0,0,0,0,C
7019,0,0,0,1,0,0,0,0,0,0,0,C
7020,0,0,0,1,0,0,0,0,0,0,0,C
7021,0,0,0,1,0,0,0,0,0,0,0,C
7022,0,0,0,1,0,0,0,0,0,0,0,C
7023,0,0,0,1,0,0,0,0,0,0,0,C
7024,0,0,0,1,0,0,0,0,0,0,0,C
7025,0,0,0,1,0,0,0,0,0,0,0,C
7026,0,0,0,1,0,0,0,0,0,0,0,C
7027,0,0,0,1,0,0,0,0,0,0,0,C
7028,0,0,0,1,0,0,0,0,0,0,0,C
7029,0,0,0,1,0,0,0,0,0,0,0,C
7030,0,0,0,1,0,0,0,0,0,0,0,C
7031,0,0,0,1,0,0,0,0,0,0,0,C
7032,0,0,0,1,0,0,0,0,0,0,0,C
7033,0,0,0,1,0,0,0,0,0,0,0,C
7034,0,0,0,1,0,0,0,0,0,0,0,C
7035,0,0,0,1,0,0,0,0,0,0,0,C
7036,0,0,0,1,0,0,0,0,0,0,0,C
7037,0,0,0,1,0,0,0,0,0,0,0,C
7038,0,0,0,1,0,0,0,0,0,0,0,C
7039,0,0,0,1,0,0,0,0,0,0,0,C
7040,0,0,0,1,0,0,0,0,0,0,0,C
7041,0,0,0,1,0,0,0,0,0,0,0,C
7042,0,0,0,1,0,0,0,0,0,0,0,C
7043,0,0,0,1,0,0,0,0,0,0,0,C
7044,0,0,0,1,0,0,0,0,0,0,0,C
7045,0,0,0,1,0,0,0,0,0,0,0,C
7046,0,0,0,1,0,0,0,0,0,0,0,C
7047,0,0,0,1,0,0,0,0,0,0,0,C
7048,0,0,0,1,0,0,0,0,0,0,0,C
7049,0,0,0,1,0,0,0,0,0,0,0,C
7050,0,0,0,1,0,0,0,0,0,0,0,C
7051,0,0,0,1,0,0,0,0,0,0,0,C
7052,0,0,0,1,0,0,0,0,0,0,0,C
7053,0,0,0,1,0,0,0,0,0,0,0,C
7054,0,0,0,1,0,0,0,0,0,0,0,C
7055,0,0,0,1,0,0,0,0,0,0,0,C
7056,0,0,0,1,0,0,0,0,0,0,0,C
7057,0,0,0,1,0,0,0,0,0,0,0,C
7058,0,0,0,1,0,0,0,0,0,0,0,C
7059,0,0,0,1,0,0,0,0,0,0,0,C
7060,0,0,0,1,0,0,0,0,0,0,0,C
7061,0,0,0,1,0,0,0,0,0,0,0,C
7062,0,0,0,1,0,0,0,0,0,0,0,C
7063,0,0,0,1,0,0,0,0,0,0,0,C
7064,0,0,0,1,0,0,0,0,0,0,0,C
7065,0,0,0,1,0,0,0,0,0,0,0,C
7066,0,0,0,1,0,0,0,0,0,0,0,C
7067,0,0,0,1,0,0,0,0,0,0,0,C
7068,0,0,0,1,0,0,0,0,0,0,0,C
7069,0,0,0,1,0,0,0,0,0,0,0,C
7070,0,0,0,1,0,0,0,0,0,0,0,C
7071,0,0,0,1,0,0,0,0,0,0,0,C
7072,0,0,0,1,0,0,0,0,0,0,0,C
7073,0,0,0,1,0,0,0,0,0,0,0,C
7074,0,0,0,1,0,0,0,0,0,0,0,C
7075,0,0,0,1,0,0,0,0,0,0,0,C
7076,0,0,0,1,0,0,0,0,0,0,0,C
7077,0,0,0,1,0,0,0,0,0,0,0,C
7078,0,0,0,1,0,0,0,0,0,0,0,C
7079,0,0,0,1,0,0,0,0,0,0,0,C
7080,0,0,0,1,0,0,0,0,0,0,0,C
7081,0,0,0,1,0,0,0,0,0,0,0,C
7082,0,0,0,1,0,0,0,0,0,0,0,C
7083,0,0,0,1,0,0,0,0,0,0,0,C
7084,0,0,0,1,0,0,0,0,0,0,0,C
7085,0,0,0,1,0,0,0,0,0,0,0,C
7086,0,0,0,1,0,0,0,0,0,0,0,C
7087,0,0,0,1,0,0,0,0,0,0,0,C
7088,0,0,0,1,0,0,0,0,0,0,0,C
7089,0,0,0,1,0,0,0,0,0,0,0,C
7090,0,0,0,1,0,0,0,0,0,0,0,C
7091,0,0,0,1,0,0,0,0,0,0,0,C
7092,0,0,0,1,0,0,0,0,0,0,0,C
7093,0,0,0,1,0,0,0,0,0,0,0,C
7094,0,0,0,1,0,0,0,0,0,0,0,C
7095,0,0,0,1,0,0,0,0,0,0,0,C
7096,0,0,0,1,0,0,0,0,0,0,0,C
7097,0,0,0,1,0,0,0,0,0,0,0,C
7098,0,0,0,1,0,0,0,0,0,0,0,C
7099,0,0,0,1,0,0,0,0,0,0,0,C
7100,0,0,0,1,0,0,0,0,0,0,0,C
7101,0,0,0,1,0,0,0,0,0,0,0,C
7102,0,0,0,1,0,0,0,0,0,0,0,C
7103,0,0,0,1,0,0,0,0,0,0,0,C
7104,0,0,0,1,0,0,0,0,0,0,0,C
7105,0,0,0,1,0,0,0,0,0,0,0,C
7106,0,0,0,1,0,0,0,0,0,0,0,C
7107,0,0,0,1,0,0,0,0,0,0,0,C
7108,0,0,0,1,0,0,0,0,0,0,0,C
7109,0,0,0,1,0,0,0,0,0,0,0,C
7110,0,0,0,1,0,0,0,0,0,0,0,C
7111,0,0,0,1,0,0,0,0,0,0,0,C
7112,0,0,0,1,0,0,0,0,0,0,0,C
7113,0,0,0,1,0,0,0,0,0,0,0,C
7114,0,0,0,1,0,0,0,0,0,0,0,C
7115,0,0,0,1,0,0,0,0,0,0,0,C
7116,0,0,0,1,0,0,0,0,0,0,0,C
7117,0,0,0,1,0,0,0,0,0,0,0,C
7118,0,0,0,1,0,0,0,0,0,0,0,C
7119,0,0,0,1,0,0,0,0,0,0,0,C
7120,0,0,0,1,0,0,0,0,0,0,0,C
7121,0,0,0,1,0,0,0,0,0,0,0,C
7122,0,0,0,1,0,0,0,0,0,0,0,C
7123,0,0,0,1,0,0,0,0,0,0,0,C
7124,0,0,0,1,0,0,0,0,0,0,0,C
7125,0,0,0,1,0,0,0,0,0,0,0,C
7126,0,0,0,1,0,0,0,0,0,0,0,C
7127,0,0,0,1,0,0,0,0,0,0,0,C
7128,0,0,0,1,0,0,0,0,0,0,0,C
7129,0,0,0,1,0,0,0,0,0,0,0,C
7130,0,0,0,1,0,0,0,0,0,0,0,C
7131,0,0,0,1,0,0,0,0,0,0,0,C
7132,0,0,0,1,0,0,0,0,0,0,0,C
7133,0,0,0,1,0,0,0,0,0,0,0,C
7134,0,0,0,1,0,0,0,0,0,0,0,C
7135,0,0,0,1,0,0,0,0,0,0,0,C
7136,0,0,0,1,0,0,0,0,0,0,0,C
7137,0,0,0,1,0,0,0,0,0,0,0,C
7138,0,0,0,1,0,0,0,0,0,0,0,C
7139,0,0,0,1,0,0,0,0,0,0,0,C
7140,0,0,0,1,0,0,0,0,0,0,0,C
7141,0,0,0,1,0,0,0,0,0,0,0,C
7142,0,0,0,1,0,0,0,0,0,0,0,C
7143,0,0,0,1,0,0,0,0,0,0,0,C
7144,0,0,0,1,0,0,0,0,0,0,0,C
7145,0,0,0,1,0,0,0,0,0,0,0,C
7146,0,0,0,1,0,0,0,0,0,0,0,C
7147,0,0,0,1,0,0,0,0,0,0,0,C
7148,0,0,0,1,0,0,0,0,0,0,0,C
7149,0,0,0,1,0,0,0,0,0,0,0,C
7150,0,0,0,1,0,0,0,0,0,0,0,C
7151,0,0,0,1,0,0,0,0,0,0,0,C
7152,0,0,0,1,0,0,0,0,0,0,0,C
7153,0,0,0,1,0,0,0,0,0,0,0,C
7154,0,0,0,1,0,0,0,0,0,0,0,C
7155,0,0,0,1,0,0,0,0,0,0,0,C
7156,0,0,0,1,0,0,0,0,0,0,0,C
7157,0,0,0,1,0,0,0,0,0,0,0,C
7158,0,0,0,1,0,0,0,0,0,0,0,C
7159,0,0,0,1,0,0,0,0,0,0,0,C
7160,0,0,0,1,0,0,0,0,0,0,0,C
7161,0,0,0,1,0,0,0,0,0,0,0,C
7162,0,0,0,1,0,0,0,0,0,0,0,C
7163,0,0,0,1,0,0,0,0,0,0,0,C
7164,0,0,0,1,0,0,0,0,0,0,0,C
7165,0,0,0,1,0,0,0,0,0,0,0,C
7166,0,0,0,1,0,0,0,0,0,0,0,C
7167,0,0,0,1,0,0,0,0,0,0,0,C
7168,0,0,0,1,0,0,0,0,0,0,0,C
7169,0,0,0,1,0,0,0,0,0,0,0,C
7170,0,0,0,1,0,0,0,0,0,0,0,C
7171,0,0,0,1,0,0,0,0,0,0,0,C
7172,0,0,0,1,0,0,0,0,0,0,0,C
7173,0,0,0,1,0,1,0,0,0,0,0,C
7174,0,0,0,1,0,1,0,0,0,0,0,C
7175,0,0,0,1,0,0,0,0,0,0,0,C
7176,0,0,0,1,0,0,0,0,0,0,0,C
7177,0,0,0,1,0,0,0,0,0,0,0,C
7178,0,0,0,1,0,0,0,0,0,0,0,C
7179,0,0,0,1,0,0,0,0,0,0,0,C
7180,0,0,0,1,0,0,0,0,0,0,0,C
7181,0,0,0,1,0,0,0,0,0,0,0,C
7182,0,0,0,1,0,0,0,0,0,0,0,C
7183,0,0,0,1,0,0,0,0,0,0,0,C
7184,0,0,0,1,0,0,0,0,0,0,0,C
7185,0,0,0,1,0,0,0,0,0,0,0,C
7186,0,0,0,1,0,0,0,0,0,0,0,C
7187,0,0,0,1,0,0,0,0,0,0,0,C
7188,0,0,0,1,0,0,0,0,0,0,0,C
7189,0,0,0,1,0,0,0,0,0,0,0,C
7190,0,0,0,1,0,0,0,0,0,0,0,C
7191,0,0,0,1,0,0,0,0,0,0,0,C
7192,0,0,0,1,0,0,0,0,0,0,0,C
7193,0,0,0,1,0,0,0,0,0,0,0,C
7194,0,0,0,1,0,0,0,0,0,0,0,C
7195,0,0,0,1,0,0,0,0,0,0,0,C
7196,0,0,0,1,0,0,0,0,0,0,0,C
7197,0,0,0,1,0,0,0,0,0,0,0,C
7198,0,0,0,1,0,0,0,0,0,0,0,C
7199,0,0,0,1,0,0,0,0,0,0,0,C
7200,0,0,0,1,0,0,0,0,0,0,0,C
7201,0,0,0,1,0,0,0,0,0,0,0,C
7202,0,0,0,1,0,0,0,0,0,0,0,C
7203,0,0,0,1,0,0,0,0,0,0,0,C
7204,0,0,0,1,0,0,0,0,0,0,0,C
7205,0,0,0,1,0,0,0,0,0,0,0,C
7206,0,0,0,1,0,0,0,0,0,0,0,C
7207,0,0,0,1,0,0,0,0,0,0,0,C
7208,0,0,0,1,0,0,0,0,0,0,0,C
7209,0,0,0,1,0,0,0,0,0,0,0,C
7210,0,0,0,1,0,0,0,0,0,0,0,C
7211,0,0,0,1,0,0,0,0,0,0,0,C
7212,0,0,0,1,0,0,0,0,0,0,0,C
7213,0,0,0,1,0,0,0,0,0,0,0,C
7214,0,0,0,1,0,0,0,0,0,0,0,C
7215,0,0,0,1,0,0,0,0,0,0,0,C
7216,0,0,0,1,0,0,0,0,0,0,0,C
7217,0,0,0,1,0,0,0,0,0,0,0,C
7218,0,0,0,1,0,0,0,0,0,0,0,C
7219,0,0,0,1,0,0,0,0,0,0,0,C
7220,0,0,0,1,0,0,0,0,0,0,0,C
7221,0,0,0,1,0,0,0,0,0,0,0,C
7222,0,0,0,1,0,0,0,0,0,0,0,C
7223,0,0,0,1,0,0,0,0,0,0,0,C
7224,0,0,0,1,0,0,0,0,0,0,0,C
7225,0,0,0,1,0,0,0,0,0,0,0,C
7226,0,0,0,1,0,0,0,0,0,0,0,C
7227,0,0,0,1,0,0,0,0,0,0,0,C
7228,0,0,0,1,0,0,0,0,0,0,0,C
7229,0,0,0,1,0,0,0,0,0,0,0,C
7230,0,0,0,1,0,0,0,0,0,0,0,C
7231,0,0,0,1,0,0,0,0,0,0,0,C
7232,0,0,0,1,0,0,0,0,0,0,0,C
7233,0,0,0,1,0,0,0,0,0,0,0,C
7234,0,0,0,1,0,0,0,0,0,0,0,C
7235,0,0,0,1,0,0,0,0,0,0,0,C
7236,0,0,0,1,0,0,0,0,0,0,0,C
7237,0,0,0,1,0,0,0,0,0,0,0,C
7238,0,0,0,1,0,0,0,0,0,0,0,C
7239,0,0,0,1,0,0,0,0,0,0,0,C
7240,0,0,0,1,0,0,0,0,0,0,0,C
7241,0,0,0,1,0,0,0,0,0,0,0,C
7242,0,0,0,1,0,0,0,0,0,0,0,C
7243,0,0,0,1,0,0,0,0,0,0,0,C
7244,0,0,0,1,0,0,0,0,0,0,0,C
7245,0,0,0,1,0,0,0,0,0,0,0,C
7246,0,0,0,1,0,0,0,0,0,0,0,C
7247,0,0,0,1,0,0,0,0,0,0,0,C
7248,0,0,0,1,0,0,0,0,0,0,0,C
7249,0,0,0,1,0,0,0,0,0,0,0,C
7250,0,0,0,1,0,0,0,0,0,0,0,C
7251,0,0,0,1,0,0,0,0,0,0,0,C
7252,0,0,0,1,0,0,0,0,0,0,0,C
7253,0,0,0,1,0,0,0,0,0,0,0,C
7254,0,0,0,1,0,0,0,0,0,0,0,C
7255,0,0,0,1,0,0,0,0,0,0,0,C
7256,0,0,0,1,0,0,0,0,0,0,0,C
7257,0,0,0,1,0,0,0,0,0,0,0,C
7258,0,0,0,1,0,0,0,0,0,0,0,C
7259,0,0,0,1,0,0,0,0,0,0,0,C
7260,0,0,0,1,0,0,0,0,0,0,0,C
7261,0,0,0,1,0,0,0,0,0,0,0,C
7262,0,0,0,1,0,0,0,0,0,0,0,C
7263,0,0,0,1,0,0,0,0,0,0,0,C
7264,0,0,0,1,0,0,0,0,0,0,0,C
7265,0,0,0,1,0,0,0,0,0,0,0,C
7266,0,0,0,1,0,0,0,0,0,0,0,C
7267,0,0,0,1,0,0,0,0,0,0,0,C
7268,0,0,0,1,0,0,0,0,0,0,0,C
7269,0,0,0,1,0,0,0,0,0,0,0,C
7270,0,0,0,1,0,0,0,0,0,0,0,C
7271,0,0,0,1,0,0,0,0,0,0,0,C
7272,0,0,0,1,0,0,0,0,0,0,0,C
7273,0,0,0,1,0,0,0,0,0,0,0,C
7274,0,0,0,1,0,0,0,0,0,0,0,C
7275,0,0,0,1,0,0,0,0,0,0,0,C
7276,0,0,0,1,0,0,0,0,0,0,0,C
7277,0,0,0,1,0,0,0,0,0,0,0,C
7278,0,0,0,1,0,0,0,0,0,0,0,C
7279,0,0,0,1,0,0,0,0,0,0,0,C
7280,0,0,0,1,0,0,0,0,0,0,0,C
7281,0,0,0,1,0,0,0,0,0,0,0,C
7282,0,0,0,1,0,0,0,0,0,0,0,C
7283,0,0,0,1,0,0,0,0,0,0,0,C
7284,0,0,0,1,0,0,0,0,0,0,0,C
7285,0,0,0,1,0,0,0,0,0,0,0,C
7286,0,0,0,1,0,0,0,0,0,0,0,C
7287,0,0,0,1,0,0,0,0,0,0,0,C
7288,0,0,0,1,0,0,0,0,0,0,0,C
7289,0,0,0,1,0,0,0,0,0,0,0,C
7290,0,0,0,1,0,0,0,0,0,0,0,C
7291,0,0,0,1,0,0,0,0,0,0,0,C
7292,0,0,0,1,0,0,0,0,0,0,0,C
7293,0,0,0,1,0,0,0,0,0,0,0,C
7294,0,0,0,1,0,0,0,0,0,0,0,C
7295,0,0,0,1,0,0,0,0,0,0,0,C
7296,0,0,0,1,0,0,0,0,0,0,0,C
7297,0,0,0,1,0,0,0,0,0,0,0,C
7298,0,0,0,1,0,0,0,0,0,0,0,C
7299,0,0,0,1,0,0,0,0,0,0,0,C
7300,0,0,0,1,0,0,0,0,0,0,0,C
7301,0,0,0,1,0,0,0,0,0,0,0,C
7302,0,0,0,1,0,0,0,0,0,0,0,C
7303,0,0,0,1,0,0,0,0,0,0,0,C
7304,0,0,0,1,0,0,0,0,0,0,0,C
7305,0,0,0,1,0,0,0,0,0,0,0,C
7306,0,0,0,1,0,0,0,0,0,0,0,C
7307,0,0,0,1,0,0,0,0,0,0,0,C
7308,0,0,0,1,0,0,0,0,0,0,0,C
7309,0,0,0,1,0,0,0,0,0,0,0,C
7310,0,0,0,1,0,0,0,0,0,0,0,C
7311,0,0,0,1,0,0,0,0,0,0,0,C
7312,0,0,0,1,0,0,0,0,0,0,0,C
7313,0,0,0,1,0,0,0,0,0,0,0,C
7314,0,0,0,1,0,0,0,0,0,0,0,C
7315,0,0,0,1,0,0,0,0,0,0,0,C
7316,0,0,0,1,0,0,0,0,0,0,0,C
7317,0,0,0,1,0,0,0,0,0,0,0,C
7318,0,0,0,1,0,0,0,0,0,0,0,C
7319,0,0,0,1,0,0,0,0,0,0,0,C
7320,0,0,0,1,0,0,0,0,0,0,0,C
7321,0,0,0,1,0,0,0,0,0,0,0,C
7322,0,0,0,1,0,0,0,0,0,0,0,C
7323,0,0,0,1,0,0,0,0,0,0,0,C
7324,0,0,0,1,0,0,0,0,0,0,0,C
7325,0,0,0,1,0,0,0,0,0,0,0,C
7326,0,0,0,1,0,0,0,0,0,0,0,C
7327,0,0,0,1,0,0,0,0,0,0,0,C
7328,0,0,0,1,0,0,0,0,0,0,0,C
7329,0,0,0,1,0,0,0,0,0,0,0,C
7330,0,0,0,1,0,0,0,0,0,0,0,C
7331,0,0,0,1,0,0,0,0,0,0,0,C
7332,0,0,0,1,0,0,0,0,0,0,0,C
7333,0,0,0,1,0,0,0,0,0,0,0,C
7334,0,0,0,1,0,0,0,0,0,0,0,C
7335,0,0,0,1,0,0,0,0,0,0,0,C
7336,0,0,0,1,0,0,0,0,0,0,0,C
7337,0,0,0,1,0,0,0,0,0,0,0,C
7338,0,0,0,1,0,0,0,0,0,0,0,C
7339,0,0,0,1,0,0,0,0,0,0,0,C
7340,0,0,0,1,0,0,0,0,0,0,0,C
7341,0,0,0,1,0,0,0,0,0,0,0,C
7342,0,0,0,1,0,0,0,0,0,0,0,C
7343,0,0,0,1,0,0,0,0,0,0,0,C
7344,0,0,0,1,0,0,0,0,0,0,0,C
7345,0,0,0,1,0,0,0,0,0,0,0,C
7346,0,0,0,1,0,0,0,0,0,0,0,C
7347,0,0,0,1,0,0,0,0,0,0,0,C
7348,0,0,0,1,0,0,0,0,0,0,0,C
7349,0,0,0,1,0,0,0,0,0,0,0,C
7350,0,0,0,1,0,0,0,0,0,0,0,C
7351,0,0,0,1,0,0,0,0,0,0,0,C
7352,0,0,0,1,0,0,0,0,0,0,0,C
7353,0,0,0,1,0,0,0,0,0,0,0,C
7354,0,0,0,1,0,0,0,0,0,0,0,C
7355,0,0,0,1,0,0,0,0,0,0,0,C
7356,0,0,0,1,0,0,0,0,0,0,0,C
7357,0,0,0,1,0,0,0,0,0,0,0,C
7358,0,0,0,1,0,0,0,0,0,0,0,C
7359,0,0,0,1,0,0,0,0,0,0,0,C
7360,0,0,0,1,0,0,0,0,0,0,0,C
7361,0,0,0,1,0,0,0,0,0,0,0,C
7362,0,0,0,1,0,0,0,0,0,0,0,C
7363,0,0,0,1,0,0,0,0,0,0,0,C
7364,0,0,0,1,0,0,0,0,0,0,0,C
7365,0,0,0,1,0,0,0,0,0,0,0,C
7366,0,0,0,1,0,0,0,0,0,0,0,C
7367,0,0,0,1,0,0,0,0,0,0,0,C
7368,0,0,0,1,0,0,0,0,0,0,0,C
7369,0,0,0,1,0,0,0,0,0,0,0,C
7370,0,0,0,1,0,0,0,0,0,0,0,C
7371,0,0,0,1,0,0,0,0,0,0,0,C
7372,0,0,0,1,0,0,0,0,0,0,0,C
7373,0,0,0,1,0,0,0,0,0,0,0,C
7374,0,0,0,1,0,0,0,0,0,0,0,C
7375,0,0,0,1,0,0,0,0,0,0,0,C
7376,0,0,0,1,0,0,0,0,0,0,0,C
7377,0,0,0,1,0,0,0,0,0,0,0,C
7378,0,0,0,1,0,0,0,0,0,0,0,C
7379,0,0,0,1,0,0,0,0,0,0,0,C
7380,0,0,0,1,0,0,0,0,0,0,0,C
7381,0,0,0,1,0,0,0,0,0,0,0,C
7382,0,0,0,1,0,0,0,0,0,0,0,C
7383,0,0,0,1,0,0,0,0,0,0,0,C
7384,0,0,0,1,0,0,0,0,0,0,0,C
7385,0,0,0,1,0,0,0,0,0,0,0,C
7386,0,0,0,1,0,0,0,0,0,0,0,C
7387,0,0,0,1,0,0,0,0,0,0,0,C
7388,0,0,0,1,0,0,0,0,0,0,0,C
7389,0,0,0,1,0,0,0,0,0,0,0,C
7390,0,0,0,1,0,0,0,0,0,0,0,C
7391,0,0,0,1,0,0,0,0,0,0,0,C
7392,0,0,0,1,0,0,0,0,0,0,0,C
7393,0,0,0,1,0,0,0,0,0,0,0,C
7394,0,0,0,1,0,0,0,0,0,0,0,C
7395,0,0,0,1,0,0,0,0,0,0,0,C
7396,0,0,0,1,0,0,0,0,0,0,0,C
7397,0,0,0,1,0,0,0,0,0,0,0,C
7398,0,0,0,1,0,0,0,0,0,0,0,C
7399,0,0,0,1,0,0,0,0,0,0,0,C
7400,0,0,0,1,0,0,0,0,0,0,0,C
7401,0,0,0,1,0,0,0,0,0,0,0,C
7402,0,0,0,1,0,0,0,0,0,0,0,C
7403,0,0,0,1,0,0,0,0,0,0,0,C
7404,0,0,0,1,0,0,0,0,0,0,0,C
7405,0,0,0,1,0,0,0,0,0,0,0,C
7406,0,0,0,1,0,0,0,0,0,0,0,C
7407,0,0,0,1,0,0,0,0,0,0,0,C
7408,0,0,0,1,0,0,0,0,0,0,0,C
7409,0,0,0,1,0,0,0,0,0,0,0,C
7410,0,0,0,1,0,0,0,0,0,0,0,C
7411,0,0,0,1,0,0,0,0,0,0,0,C
7412,0,0,0,1,0,0,0,0,0,0,0,C
7413,0,0,0,1,0,0,0,0,0,0,0,C
7414,0,0,0,1,0,0,0,0,0,0,0,C
7415,0,0,0,1,0,0,0,0,0,0,0,C
7416,0,0,0,1,0,0,0,0,0,0,0,C
7417,0,0,0,1,0,0,0,0,0,0,0,C
7418,0,0,0,1,0,0,0,0,0,0,0,C
7419,0,0,0,1,0,0,0,0,0,0,0,C
7420,0,0,0,1,0,0,0,0,0,0,0,C
7421,0,0,0,1,0,0,0,0,0,0,0,C
7422,0,0,0,1,0,0,0,0,0,0,0,C
7423,0,0,0,1,0,0,0,0,0,0,0,C
7424,0,0,0,1,0,0,0,0,0,0,0,C
7425,0,0,0,1,0,0,0,0,0,0,0,C
7426,0,0,0,1,0,0,0,0,0,0,0,C
7427,0,0,0,1,0,0,0,0,0,0,0,C
7428,0,0,0,1,0,0,0,0,0,0,0,C
7429,0,0,0,1,0,0,0,0,0,0,0,C
7430,0,0,0,1,0,0,0,0,0,0,0,C
7431,0,0,0,1,0,0,0,0,0,0,0,C
7432,0,0,0,1,0,0,0,0,0,0,0,C
7433,0,0,0,1,0,0,0,0,0,0,0,C
7434,0,0,0,1,0,0,0,0,0,0,0,C
7435,0,0,0,1,0,0,0,0,0,0,0,C
7436,0,0,0,1,0,0,0,0,0,0,0,C
7437,0,0,0,1,0,0,0,0,0,0,0,C
7438,0,0,0,1,0,0,0,0,0,0,0,C
7439,0,0,0,1,0,0,0,0,0,0,0,C
7440,0,0,0,1,0,0,0,0,0,0,0,C
7441,0,0,0,1,0,0,0,0,0,0,0,C
7442,0,0,0,1,0,0,0,0,0,0,0,C
7443,0,0,0,1,0,0,0,0,0,0,0,C
7444,0,0,0,1,0,0,0,0,0,0,0,C
7445,0,0,0,1,0,0,0,0,0,0,0,C
7446,0,0,0,1,0,0,0,0,0,0,0,C
7447,0,0,0,1,0,0,0,0,0,0,0,C
7448,0,0,0,1,0,0,0,0,0,0,0,C
7449,0,0,0,1,0,0,0,0,0,0,0,C
7450,0,0,0,1,0,0,0,0,0,0,0,C
7451,0,0,0,1,0,0,0,0,0,0,0,C
7452,0,0,0,1,0,0,0,0,0,0,0,C
7453,0,0,0,1,0,0,0,0,0,0,0,C
7454,0,0,0,1,0,0,0,0,0,0,0,C
7455,0,0,0,1,0,0,0,0,0,0,0,C
7456,0,0,0,1,0,0,0,0,0,0,0,C
7457,0,0,0,1,0,0,0,0,0,0,0,C
7458,0,0,0,1,0,0,0,0,0,0,0,C
7459,0,0,0,1,0,0,0,0,0,0,0,C
7460,0,0,0,1,0,0,0,0,0,0,0,C
7461,0,0,0,1,0,0,0,0,0,0,0,C
7462,0,0,0,1,0,0,0,0,0,0,0,C
7463,0,0,0,1,0,0,0,0,0,0,0,C
7464,0,0,0,1,0,0,0,0,0,0,0,C
7465,0,0,0,1,0,0,0,0,0,0,0,C
7466,0,0,0,1,0,0,0,0,0,0,0,C
7467,0,0,0,1,0,0,0,0,0,0,0,C
7468,0,0,0,1,0,0,0,0,0,0,0,C
7469,0,0,0,1,0,0,0,0,0,0,0,C
7470,0,0,0,1,0,0,0,0,0,0,0,C
7471,0,0,0,1,0,0,0,0,0,0,0,C
7472,0,0,0,1,0,0,0,0,0,0,0,C
7473,0,0,0,1,0,0,0,0,0,0,0,C
7474,0,0,0,1,0,0,0,0,0,0,0,C
7475,0,0,0,1,0,0,0,0,0,0,0,C
7476,0,0,0,1,0,0,0,0,0,0,0,C
7477,0,0,0,1,0,0,0,0,0,0,0,C
7478,0,0,0,1,0,0,0,0,0,0,0,C
7479,0,0,0,1,0,0,0,0,0,0,0,C
7480,0,0,0,1,0,0,0,0,0,0,0,C
7481,0,0,0,1,0,0,0,0,0,0,0,C
7482,0,0,0,1,0,0,0,0,0,0,0,C
7483,0,0,0,1,0,0,0,0,0,0,0,C
7484,0,0,0,1,0,0,0,0,0,0,0,C
7485,0,0,0,1,0,0,0,0,0,0,0,C
7486,0,0,0,1,0,0,0,0,0,0,0,C
7487,0,0,0,1,0,0,0,0,0,0,0,C
7488,0,0,0,1,0,0,0,0,0,0,0,C
7489,0,0,0,1,0,0,0,0,0,0,0,C
7490,0,0,0,1,0,0,0,0,0,0,0,C
7491,0,0,0,1,0,0,0,0,0,0,0,C
7492,0,0,0,1,0,0,0,0,0,0,0,C
7493,0,0,0,1,0,0,0,0,0,0,0,C
7494,0,0,0,1,0,0,0,0,0,0,0,C
7495,0,0,0,1,0,0,0,0,0,0,0,C
7496,0,0,0,1,0,0,0,0,0,0,0,C
7497,0,0,0,1,0,0,0,0,0,0,0,C
7498,0,0,0,1,0,0,0,0,0,0,0,C
7499,0,0,0,1,0,0,0,0,0,0,0,C
7500,0,0,0,1,0,0,0,0,0,0,0,C
7501,0,0,0,1,0,0,0,0,0,0,0,C
7502,0,0,0,1,0,0,0,0,0,0,0,C
7503,0,0,0,1,0,0,0,0,0,0,0,C
7504,0,0,0,1,0,0,0,0,0,0,0,C
7505,0,0,0,1,0,0,0,0,0,0,0,C
7506,0,0,0,1,0,0,0,0,0,0,0,C
7507,0,0,0,1,0,0,0,0,0,0,0,C
7508,0,0,0,1,0,0,0,0,0,0,0,C
7509,0,0,0,1,0,0,0,0,0,0,0,C
7510,0,0,0,1,0,0,0,0,0,0,0,C
7511,0,0,0,1,0,0,0,0,0,0,0,C
7512,0,0,0,1,0,0,0,0,0,0,0,C
7513,0,0,0,1,0,0,0,0,0,0,0,C
7514,0,0,0,1,0,0,0,0,0,0,0,C
7515,0,0,0,1,0,0,0,0,0,0,0,C
7516,0,0,0,1,0,0,0,0,0,0,0,C
7517,0,0,0,1,0,0,0,0,0,0,0,C
7518,0,0,0,1,0,0,0,0,0,0,0,C
7519,0,0,0,1,0,0,0,0,0,0,0,C
7520,0,0,0,1,0,0,0,0,0,0,0,C
7521,0,0,0,1,0,0,0,0,0,0,0,C
7522,0,0,0,1,0,0,0,0,0,0,0,C
7523,0,0,0,1,0,0,0,0,0,0,0,C
7524,0,0,0,1,0,0,0,0,0,0,0,I
7525,0,0,0,1,0,0,0,0,0,0,0,I
7526,0,0,0,1,0,0,0,0,0,0,0,I
7527,0,0,0,0,0,0,0,0,0,0,0,I
7528,0,0,0,0,0,0,0,0,0,0,0,I
7529,0,0,0,0,0,0,0,0,0,0,0,I
7530,0,0,0,0,0,0,0,0,0,0,0,I
7531,0,0,0,0,0,0,0,0,0,0,0,I
7532,0,0,0,0,0,0,0,0,0,0,0,I
7533,0,0,0,0,0,0,0,0,0,0,0,I
7534,0,0,0,0,0,0,0,0,0,0,0,I
7535,0,0,0,0,0,0,0,0,0,0,0,I
7536,0,0,0,0,0,0,0,0,0,0,0,I
7537,0,0,0,0,0,0,0,0,0,0,0,I
7538,0,0,0,0,0,0,0,0,0,0,0,I
7539,0,0,0,0,0,0,0,0,0,0,0,I
7540,0,0,0,0,0,0,0,0,0,0,0,I
7541,0,0,0,0,0,0,0,0,0,0,0,I
7542,0,0,0,0,0,0,0,0,0,0,0,I
7543,0,0,0,0,0,0,0,0,0,0,0,I
7544,0,0,0,0,0,0,0,0,0,0,0,I
7545,0,0,0,0,0,0,0,0,0,0,0,I
7546,0,0,0,0,0,0,0,0,0,0,0,I
7547,0,0,0,0,0,0,0,0,0,0,0,I
7548,0,0,0,0,0,0,0,0,0,0,0,I
7549,0,0,0,0,0,0,0,0,0,0,0,I
7550,0,0,0,0,0,0,0,0,0,0,0,I
7551,0,0,0,0,0,0,0,0,0,0,0,I
7552,0,0,0,0,0,0,0,0,0,0,0,I
7553,0,0,0,0,0,0,0,0,0,0,0,I
7554,0,0,0,0,0,0,0,0,0,0,0,I
7555,0,0,0,0,0,0,0,0,0,0,0,I
7556,0,0,0,0,0,0,0,0,0,0,0,I
7557,0,0,0,0,0,0,0,0,0,0,0,I
7558,0,0,0,0,0,0,0,0,0,0,0,I
7559,0,0,0,0,0,0,0,0,0,0,0,I
7560,0,0,0,0,0,0,0,0,0,0,0,I
7561,0,0,0,0,0,0,0,0,0,0,0,I
7562,0,0,0,0,0,0,0,0,0,0,0,I
7563,0,0,0,0,0,0,0,0,0,0,0,I
7564,0,0,0,0,0,0,0,0,0,0,0,I
7565,0,0,0,0,0,0,0,0,0,0,0,I
7566,0,0,0,0,0,0,0,0,0,0,0,I
7567,0,0,0,0,0,0,0,0,0,0,0,I
7568,0,0,0,0,0,0,0,0,0,0,0,I
7569,0,0,0,0,0,0,0,0,0,0,0,I
7570,0,0,0,0,0,0,0,0,0,0,0,I
7571,0,0,0,0,0,0,0,0,0,0,0,I
7572,0,0,0,0,0,0,0,0,0,0,0,I
7573,0,0,0,0,0,0,0,0,0,0,0,I
7574,0,0,0,0,0,0,0,0,0,0,0,I
7575,0,0,0,0,0,0,0,0,0,0,0,I
7576,0,0,0,0,0,0,0,0,0,0,0,I
7577,0,0,0,0,0,0,0,0,0,0,0,I
7578,0,0,0,0,0,0,0,0,0,0,0,I
7579,0,0,0,0,0,0,0,0,0,0,0,I
7580,0,0,0,0,0,0,0,0,0,0,0,I
7581,0,0,0,0,0,0,0,0,0,0,0,I
7582,0,0,0,0,0,0,0,0,0,0,0,I
7583,0,0,0,0,0,0,0,0,0,0,0,I
7584,0,0,0,0,0,0,0,0,0,0,0,I
7585,0,0,0,0,0,0,0,0,0,0,0,I
7586,0,0,0,0,0,0,0,0,0,0,0,I
7587,0,0,0,0,0,0,0,0,0,0,0,I
7588,0,0,0,0,0,0,0,0,0,0,0,I
7589,0,0,0,0,0,0,0,0,0,0,0,I
7590,0,0,0,0,0,0,0,0,0,0,0,I
7591,0,0,0,0,0,0,0,0,0,0,0,I
7592,0,0,0,0,0,0,0,0,0,0,0,I
7593,0,0,0,0,0,0,0,0,0,0,0,I
7594,0,0,0,0,0,0,0,0,0,0,0,I
7595,0,0,0,0,0,0,0,0,0,0,0,I
7596,0,0,0,0,0,0,0,0,0,0,0,I
7597,0,0,0,0,0,0,0,0,0,0,0,I
7598,0,0,0,0,0,0,0,0,0,0,0,I
7599,0,0,0,0,0,0,0,0,0,0,0,I
7600,0,0,0,0,0,0,0,0,0,0,0,I
7601,0,0,0,0,0,0,0,0,0,0,0,I
7602,0,0,0,0,0,0,0,0,0,0,0,I
7603,0,0,0,0,0,0,0,0,0,0,0,I
7604,0,0,0,0,0,0,0,0,0,0,0,I
7605,0,0,0,0,0,0,0,0,0,0,0,I
7606,0,0,0,0,0,0,0,0,0,0,0,I
7607,0,0,0,0,0,0,0,0,0,0,0,I
7608,0,0,0,0,0,0,0,0,0,0,0,I
7609,0,0,0,0,0,0,0,0,0,0,0,I
7610,0,0,0,0,0,0,0,0,0,0,0,I
7611,0,0,0,0,0,0,0,0,0,0,0,I
7612,0,0,0,0,0,0,0,0,0,0,0,I
7613,0,0,0,0,0,0,0,0,0,0,0,I
7614,0,0,0,0,0,0,0,0,0,0,0,I
7615,0,0,0,0,0,0,0,0,0,0,0,I
7616,0,0,0,0,0,0,0,0,0,0,0,I
7617,0,0,0,0,0,0,0,0,0,0,0,I
7618,0,0,0,0,0,0,0,0,0,0,0,I
7619,0,0,0,0,0,0,0,0,0,0,0,I
7620,0,0,0,0,0,0,0,0,0,0,0,I
7621,0,0,0,0,0,0,0,0,0,0,0,I
7622,0,0,0,0,0,0,0,0,0,0,0,I
7623,0,0,0,0,0,0,0,0,0,0,0,I
7624,0,0,0,0,0,0,0,0,0,0,0,I
7625,0,0,0,0,0,0,0,0,0,0,0,I
7626,0,0,0,0,0,0,0,0,0,0,0,I
7627,0,0,0,0,0,0,0,0,0,0,0,I
7628,0,0,0,0,0,0,0,0,0,0,0,I
7629,0,0,0,0,0,0,0,0,0,0,0,I
7630,0,0,0,0,0,0,0,0,0,0,0,I
7631,0,0,0,0,0,0,0,0,0,0,0,I
7632,0,0,0,0,0,0,0,0,0,0,0,I
7633,0,0,0,0,0,0,0,0,0,0,0,I
7634,0,0,0,0,0,0,0,0,0,0,0,I
7635,0,0,0,0,0,0,0,0,0,0,0,I
7636,0,0,0,0,0,0,0,0,0,0,0,I
7637,0,0,0,0,0,0,0,0,0,0,0,I
7638,0,0,0,0,0,0,0,0,0,0,0,I
7639,0,0,0,0,0,0,0,0,0,0,0,I
7640,0,0,0,0,0,0,0,0,0,0,0,I
7641,0,0,0,0,0,0,0,0,0,0,0,I
7642,0,0,0,0,0,0,0,0,0,0,0,I
7643,0,0,0,0,0,0,0,0,0,0,0,I
7644,0,0,0,0,0,0,0,0,0,0,0,I
7645,0,0,0,0,0,0,0,0,0,0,0,I
7646,0,0,0,0,0,0,0,0,0,0,0,I
7647,0,0,0,0,0,0,0,0,0,0,0,I
7648,0,0,0,0,0,0,0,0,0,0,0,I
7649,0,0,0,0,0,0,0,0,0,0,0,I
7650,0,0,0,0,0,0,0,0,0,0,0,I
7651,0,0,0,0,0,0,0,0,0,0,0,I
7652,0,0,0,0,0,0,0,0,0,0,0,I
7653,0,0,0,0,0,0,0,0,0,0,0,I
7654,0,0,0,0,0,0,0,0,0,0,0,I
7655,0,0,0,0,0,0,0,0,0,0,0,I
7656,0,0,0,0,0,0,0,0,0,0,0,I
7657,0,0,0,0,0,0,0,0,0,0,0,I
7658,0,0,0,0,0,0,0,0,0,0,0,I
7659,0,0,0,0,0,0,0,0,0,0,0,I
7660,0,0,0,0,0,0,0,0,0,0,0,I
7661,0,0,0,0,0,0,0,0,0,0,0,I
7662,0,0,0,0,0,0,0,0,0,0,0,I
7663,0,0,0,0,0,0,0,0,0,0,0,I
7664,0,0,0,0,0,0,0,0,0,0,0,I
7665,0,0,0,0,0,0,0,0,0,0,0,I
7666,0,0,0,0,0,0,0,0,0,0,0,I
7667,0,0,0,0,0,0,0,0,0,0,0,I
7668,0,0,0,0,0,0,0,0,0,0,0,I
7669,0,0,0,0,0,0,0,0,0,0,0,I
7670,0,0,0,0,0,0,0,0,0,0,0,I
7671,0,0,0,0,0,0,0,0,0,0,0,I
7672,0,0,0,0,0,0,0,0,0,0,0,I
7673,0,0,0,0,0,0,0,0,0,0,0,I
7674,0,0,0,0,0,0,0,0,0,0,0,I
7675,0,0,0,0,0,0,0,0,0,0,0,I
7676,0,0,0,0,0,0,0,0,0,0,0,I
7677,0,0,0,0,0,0,0,0,0,0,0,I
7678,0,0,0,0,0,0,0,0,0,0,0,I
7679,0,0,0,0,0,0,0,0,0,0,0,I
7680,0,0,0,0,0,0,0,0,0,0,0,I
7681,0,0,0,0,0,0,0,0,0,0,0,I
7682,0,0,0,0,0,0,0,0,0,0,0,I
7683,0,0,0,0,0,0,0,0,0,0,0,I
7684,0,0,0,0,0,0,0,0,0,0,0,I
7685,0,0,0,0,0,0,0,0,0,0,0,I
7686,0,0,0,0,0,0,0,0,0,0,0,I
7687,0,0,0,0,0,0,0,0,0,0,0,I
7688,0,0,0,0,0,0,0,0,0,0,0,I
7689,0,0,0,0,0,0,0,0,0,0,0,I
7690,0,0,0,0,0,0,0,0,0,0,0,I
7691,0,0,0,0,0,0,0,0,0,0,0,I
7692,0,0,0,0,0,0,0,0,0,0,0,I
7693,0,0,0,0,0,0,0,0,0,0,0,I
7694,0,0,0,0,0,0,0,0,0,0,0,I
7695,0,0,0,0,0,0,0,0,0,0,0,I
7696,0,0,0,0,0,0,0,0,0,0,0,I
7697,0,0,0,0,0,0,0,0,0,0,0,I
7698,0,0,0,0,0,0,0,0,0,0,0,I
7699,0,0,0,0,0,0,0,0,0,0,0,I
7700,0,0,0,0,0,0,0,0,0,0,0,I
7701,0,0,0,0,0,0,0,0,0,0,0,I
7702,0,0,0,0,0,0,0,0,0,0,0,I
7703,0,0,0,0,0,0,0,0,0,0,0,I
7704,0,0,0,0,0,0,0,0,0,0,0,I
7705,0,0,0,0,0,0,0,0,0,0,0,I
7706,0,0,0,0,0,0,0,0,0,0,0,I
7707,0,0,0,0,0,0,0,0,0,0,0,I
7708,0,0,0,0,0,0,0,0,0,0,0,I
7709,0,0,0,0,0,0,0,0,0,0,0,I
7710,0,0,0,0,0,0,0,0,0,0,0,I
7711,0,0,0,0,0,0,0,0,0,0,0,I
7712,0,0,0,0,0,0,0,0,0,0,0,I
7713,0,0,0,0,0,0,0,0,0,0,0,I
7714,0,0,0,0,0,0,0,0,0,0,0,I
7715,0,0,0,0,0,0,0,0,0,0,0,I
7716,0,0,0,0,0,0,0,0,0,0,0,I
7717,0,0,0,0,0,0,0,0,0,0,0,I
7718,0,0,0,0,0,0,0,0,0,0,0,I
7719,0,0,0,0,0,0,0,0,0,0,0,I
7720,0,0,0,0,0,0,0,0,0,0,0,I
7721,0,0,0,0,0,0,0,0,0,0,0,I
7722,0,0,0,0,0,0,0,0,0,0,0,I
7723,0,0,0,0,0,0,0,0,0,0,0,I
7724,0,0,0,0,0,0,0,0,0,0,0,I
7725,0,0,0,0,0,0,0,0,0,0,0,I
7726,0,0,0,0,0,0,0,0,0,0,0,I
7727,0,0,0,0,0,0,0,0,0,0,0,I
7728,0,0,0,0,0,0,0,0,0,0,0,I
7729,0,0,0,0,0,0,0,0,0,0,0,I
7730,0,0,0,0,0,0,0,0,0,0,0,I
7731,0,0,0,0,0,0,0,0,0,0,0,I
7732,0,0,0,0,0,0,0,0,0,0,0,I
7733,0,0,0,0,0,0,0,0,0,0,0,I
7734,0,0,0,0,0,0,0,0,0,0,0,I
7735,0,0,0,0,0,0,0,0,0,0,0,I
7736,0,0,0,0,0,0,0,0,0,0,0,I
7737,0,0,0,0,0,0,0,0,0,0,0,I
7738,0,0,0,0,0,0,0,0,0,0,0,I
7739,0,0,0,0,0,0,0,0,0,0,0,I
7740,0,0,0,0,0,0,0,0,0,0,0,I
7741,0,0,0,0,0,0,0,0,0,0,0,I
7742,0,0,0,0,0,0,0,0,0,0,0,I
7743,0,0,0,0,0,0,0,0,0,0,0,I
7744,0,0,0,0,0,0,0,0,0,0,0,I
7745,0,0,0,0,0,0,0,0,0,0,0,I
7746,0,0,0,0,0,0,0,0,0,0,0,I
7747,0,0,0,0,0,0,0,0,0,0,0,I
7748,0,0,0,0,0,0,0,0,0,0,0,I
7749,0,0,0,0,0,0,0,0,0,0,0,I
7750,0,0,0,0,0,0,0,0,0,0,0,I
7751,0,0,0,0,0,0,0,0,0,0,0,I
7752,0,0,0,0,0,0,0,0,0,0,0,I
7753,0,0,0,0,0,0,0,0,0,0,0,I
7754,0,0,0,0,0,0,0,0,0,0,0,I
7755,0,0,0,0,0,0,0,0,0,0,0,I
7756,0,0,0,0,0,0,0,0,0,0,0,I
7757,0,0,0,0,0,0,0,0,0,0,0,I
7758,0,0,0,0,0,0,0,0,0,0,0,I
7759,0,0,0,0,0,0,0,0,0,0,0,I
7760,0,0,0,0,0,0,0,0,0,0,0,I
7761,0,0,0,0,0,0,0,0,0,0,0,I
7762,0,0,0,0,0,0,0,0,0,0,0,I
7763,0,0,0,0,0,0,0,0,0,0,0,I
7764,0,0,0,0,0,0,0,0,0,0,0,I
7765,0,0,0,0,0,0,0,0,0,0,0,I
7766,0,0,0,0,0,0,0,0,0,0,0,I
7767,0,0,0,0,0,0,0,0,0,0,0,I
7768,0,0,0,0,0,0,0,0,0,0,0,I
7769,0,0,0,0,0,0,0,0,0,0,0,I
7770,0,0,0,0,0,0,0,0,0,0,0,I
7771,0,0,0,0,0,0,0,0,0,0,0,I
7772,0,0,0,0,0,0,0,0,0,0,0,I
7773,0,0,0,0,0,0,0,0,0,0,0,I
7774,0,0,0,0,0,0,0,0,0,0,0,I
7775,0,0,0,0,0,0,0,0,0,0,0,I
7776,0,0,0,0,0,0,0,0,0,0,0,I
7777,0,0,0,0,0,0,0,0,0,0,0,I
7778,0,0,0,0,0,0,0,0,0,0,0,I
7779,0,0,0,0,0,0,0,0,0,0,0,I
7780,0,0,0,0,0,0,0,0,0,0,0,I
7781,0,0,0,0,0,0,0,0,0,0,0,I
7782,0,0,0,0,0,0,0,0,0,0,0,I
7783,0,0,0,0,0,0,0,0,0,0,0,I
7784,0,0,0,0,0,0,0,0,0,0,0,I
7785,0,0,0,0,0,0,0,0,0,0,0,I
7786,0,0,0,0,0,0,0,0,0,0,0,I
7787,0,0,0,0,0,0,0,0,0,0,0,I
7788,0,0,0,0,0,0,0,0,0,0,0,I
7789,0,0,0,0,0,0,0,0,0,0,0,I
7790,0,0,0,0,0,0,0,0,0,0,0,I
7791,0,0,0,0,0,0,0,0,0,0,0,I
7792,0,0,0,0,0,0,0,0,0,0,0,I
7793,0,0,0,0,0,0,0,0,0,0,0,I
7794,0,0,0,0,0,0,0,0,0,0,0,I
7795,0,0,0,0,0,0,0,0,0,0,0,I
7796,0,0,0,0,0,0,0,0,0,0,0,I
7797,0,0,0,0,0,0,0,0,0,0,0,I
7798,0,0,0,0,0,0,0,0,0,0,0,I
7799,0,0,0,0,0,0,0,0,0,0,0,I
7800,0,0,0,0,0,0,0,0,0,0,0,I
7801,0,0,0,0,0,0,0,0,0,0,0,I
7802,0,0,0,0,0,0,0,0,0,0,0,I
7803,0,0,0,0,0,0,0,0,0,0,0,I
7804,0,0,0,0,0,0,0,0,0,0,0,I
7805,0,0,0,0,0,0,0,0,0,0,0,I
7806,0,0,0,0,0,0,0,0,0,0,0,I
7807,0,0,0,0,0,0,0,0,0,0,0,I
7808,0,0,0,0,0,0,0,0,0,0,0,I
7809,0,0,0,0,0,0,0,0,0,0,0,I
7810,0,0,0,0,0,0,0,0,0,0,0,I
7811,0,0,0,0,0,0,0,0,0,0,0,I
7812,0,0,0,0,0,0,0,0,0,0,0,I
7813,0,0,0,0,0,0,0,0,0,0,0,I
7814,0,0,0,0,0,0,0,0,0,0,0,I
7815,0,0,0,0,0,0,0,0,0,0,0,I
7816,0,0,0,0,0,0,0,0,0,0,0,I
7817,0,0,0,0,0,0,0,0,0,0,0,I
7818,0,0,0,0,0,0,0,0,0,0,0,I
7819,0,0,0,0,0,0,0,0,0,0,0,I
7820,0,0,0,0,0,0,0,0,0,0,0,I
7821,0,0,0,0,0,0,0,0,0,0,0,I
7822,0,0,0,0,0,0,0,0,0,0,0,I
7823,0,0,0,0,0,0,0,0,0,0,0,I
7824,0,0,0,0,0,0,0,0,0,0,0,I
7825,0,0,0,0,0,0,0,0,0,0,0,I
7826,0,0,0,0,0,0,0,0,0,0,0,I
7827,0,0,0,0,0,0,0,0,0,0,0,I
7828,0,0,0,0,0,0,0,0,0,0,0,I
7829,0,0,0,0,0,0,0,0,0,0,0,I
7830,0,0,0,0,0,0,0,0,0,0,0,I
7831,0,0,0,0,0,0,0,0,0,0,0,I
7832,0,0,0,0,0,0,0,0,0,0,0,I
7833,0,0,0,0,0,0,0,0,0,0,0,I
7834,0,0,0,0,0,0,0,0,0,0,0,I
7835,0,0,0,0,0,0,0,0,0,0,0,I
7836,0,0,0,0,0,0,0,0,0,0,0,I
7837,0,0,0,0,0,0,0,0,0,0,0,I
7838,0,0,0,0,0,0,0,0,0,0,0,I
7839,0,0,0,0,0,0,0,0,0,0,0,I
7840,0,0,0,0,0,0,0,0,0,0,0,I
7841,0,0,0,0,0,0,0,0,0,0,0,I
7842,0,0,0,0,0,0,0,0,0,0,0,I
7843,0,0,0,0,0,0,0,0,0,0,0,I
7844,0,0,0,0,0,0,0,0,0,0,0,I
7845,0,0,0,0,0,0,0,0,0,0,0,I
7846,0,0,0,0,0,0,0,0,0,0,0,I
7847,0,0,0,0,0,0,0,0,0,0,0,I
7848,0,0,0,0,0,0,0,0,0,0,0,I
7849,0,0,0,0,0,0,0,0,0,0,0,I
7850,0,0,0,0,0,0,0,0,0,0,0,I
7851,0,0,0,0,0,0,0,0,0,0,0,I
7852,0,0,0,0,0,0,0,0,0,0,0,I
7853,0,0,0,0,0,0,0,0,0,0,0,I
7854,0,0,0,0,0,0,0,0,0,0,0,I
7855,0,0,0,0,0,0,0,0,0,0,0,I
7856,0,0,0,0,0,0,0,0,0,0,0,I
7857,0,0,0,0,0,0,0,0,0,0,0,I
7858,0,0,0,0,0,0,0,0,0,0,0,I
7859,0,0,0,0,0,0,0,0,0,0,0,I
7860,0,0,0,0,0,0,0,0,0,0,0,I
7861,0,0,0,0,0,0,0,0,0,0,0,I
7862,0,0,0,0,0,0,0,0,0,0,0,I
7863,0,0,0,0,0,0,0,0,0,0,0,I
7864,0,0,0,0,0,0,0,0,0,0,0,I
7865,0,0,0,0,0,0,0,0,0,0,0,I
7866,0,0,0,0,0,0,0,0,0,0,0,I
7867,0,0,0,0,0,0,0,0,0,0,0,I
7868,0,0,0,0,0,0,0,0,0,0,0,I
7869,0,0,0,0,0,0,0,0,0,0,0,I
7870,0,0,0,0,0,0,0,0,0,0,0,I
7871,0,0,0,0,0,0,0,0,0,0,0,I
7872,0,0,0,0,0,0,0,0,0,0,0,I
7873,0,0,0,0,0,0,0,0,0,0,0,I
7874,0,0,0,0,0,0,0,0,0,0,0,I
7875,0,0,0,0,0,0,0,0,0,0,0,I
7876,0,0,0,0,0,0,0,0,0,0,0,I
7877,0,0,0,0,0,0,0,0,0,0,0,I
7878,0,0,0,0,0,0,0,0,0,0,0,I
7879,0,0,0,0,0,0,0,0,0,0,0,I
7880,0,0,0,0,0,0,0,0,0,0,0,I
7881,0,0,0,0,0,0,0,0,0,0,0,I
7882,0,0,0,0,0,0,0,0,0,0,0,I
7883,0,0,0,0,0,0,0,0,0,0,0,I
7884,0,0,0,0,0,0,0,0,0,0,0,I
7885,0,0,0,0,0,0,0,0,0,0,0,I
7886,0,0,0,0,0,0,0,0,0,0,0,I
7887,0,0,0,0,0,0,0,0,0,0,0,I
7888,0,0,0,0,0,0,0,0,0,0,0,I
7889,0,0,0,0,0,0,0,0,0,0,0,I
7890,0,0,0,0,0,0,0,0,0,0,0,I
7891,0,0,0,0,0,0,0,0,0,0,0,I
7892,0,0,0,0,0,0,0,0,0,0,0,I
7893,0,0,0,0,0,0,0,0,0,0,0,I
7894,0,0,0,0,0,0,0,0,0,0,0,I
7895,0,0,0,0,0,0,0,0,0,0,0,I
7896,0,0,0,0,0,0,0,0,0,0,0,I
7897,0,0,0,0,0,0,0,0,0,0,0,I
7898,0,0,0,0,0,0,0,0,0,0,0,I
7899,0,0,0,0,0,0,0,0,0,0,0,I
7900,0,0,0,0,0,0,0,0,0,0,0,I
7901,0,0,0,0,0,0,0,0,0,0,0,I
7902,0,0,0,0,0,0,0,0,0,0,0,I
7903,0,0,0,0,0,0,0,0,0,0,0,I
7904,0,0,0,0,0,0,0,0,0,0,0,I
7905,0,0,0,0,0,0,0,0,0,0,0,I
7906,0,0,0,0,0,0,0,0,0,0,0,I
7907,0,0,0,0,0,0,0,0,0,0,0,I
7908,0,0,0,0,0,0,0,0,0,0,0,I
7909,0,0,0,0,0,0,0,0,0,0,0,I
7910,0,0,0,0,0,0,0,0,0,0,0,I
7911,0,0,0,0,0,0,0,0,0,0,0,I
7912,0,0,0,0,0,0,0,0,0,0,0,I
7913,0,0,0,0,0,0,0,0,0,0,0,I
7914,0,0,0,0,0,0,0,0,0,0,0,I
7915,0,0,0,0,0,0,0,0,0,0,0,I
7916,0,0,0,0,0,0,0,0,0,0,0,I
7917,0,0,0,0,0,0,0,0,0,0,0,I
7918,0,0,0,0,0,0,0,0,0,0,0,I
7919,0,0,0,0,0,0,0,0,0,0,0,I
7920,0,0,0,0,0,0,0,0,0,0,0,I
7921,0,0,0,0,0,0,0,0,0,0,0,I
7922,0,0,0,0,0,0,0,0,0,0,0,I
7923,0,0,0,0,0,0,0,0,0,0,0,I
7924,0,0,0,0,0,0,0,0,0,0,0,I
7925,0,0,0,0,0,0,0,0,0,0,0,I
7926,0,0,0,0,0,0,0,0,0,0,0,I
7927,0,0,0,0,0,0,0,0,0,0,0,I
7928,0,0,0,0,0,0,0,0,0,0,0,I
7929,0,0,0,0,0,0,0,0,0,0,0,I
7930,0,0,0,0,0,0,0,0,0,0,0,I
7931,0,0,0,0,0,0,0,0,0,0,0,I
7932,0,0,0,0,0,0,0,0,0,0,0,I
7933,0,0,0,0,0,0,0,0,0,0,0,I
7934,0,0,0,0,0,0,0,0,0,0,0,I
7935,0,0,0,0,0,0,0,0,0,0,0,I
7936,0,0,0,0,0,0,0,0,0,0,0,I
7937,0,0,0,0,0,0,0,0,0,0,0,I
7938,0,0,0,0,0,0,0,0,0,0,0,I
7939,0,0,0,0,0,0,0,0,0,0,0,I
7940,0,0,0,0,0,0,0,0,0,0,0,I
7941,0,0,0,0,0,0,0,0,0,0,0,I
7942,0,0,0,0,0,0,0,0,0,0,0,I
7943,0,0,0,0,0,0,0,0,0,0,0,I
7944,0,0,0,0,0,0,0,0,0,0,0,I
7945,0,0,0,0,0,0,0,0,0,0,0,I
7946,0,0,0,0,0,0,0,0,0,0,0,I
7947,0,0,0,0,0,0,0,0,0,0,0,I
7948,0,0,0,0,0,0,0,0,0,0,0,I
7949,0,0,0,0,0,0,0,0,0,0,0,I
7950,0,0,0,0,0,0,0,0,0,0,0,I
7951,0,0,0,0,0,0,0,0,0,0,0,I
7952,0,0,0,0,0,0,0,0,0,0,0,I
7953,0,0,0,0,0,0,0,0,0,0,0,I
7954,0,0,0,0,0,0,0,0,0,0,0,I
7955,0,0,0,0,0,0,0,0,0,0,0,I
7956,0,0,0,0,0,0,0,0,0,0,0,I
7957,0,0,0,0,0,0,0,0,0,0,0,I
7958,0,0,0,0,0,0,0,0,0,0,0,I
7959,0,0,0,0,0,0,0,0,0,0,0,I
7960,0,0,0,0,0,0,0,0,0,0,0,I
7961,0,0,0,0,0,0,0,0,0,0,0,I
7962,0,0,0,0,0,0,0,0,0,0,0,I
7963,0,0,0,0,0,0,0,0,0,0,0,I
7964,0,0,0,0,0,0,0,0,0,0,0,I
7965,0,0,0,0,0,0,0,0,0,0,0,I
7966,0,0,0,0,0,0,0,0,0,0,0,I
7967,0,0,0,0,0,0,0,0,0,0,0,I
7968,0,0,0,0,0,0,0,0,0,0,0,I
7969,0,0,0,0,0,0,0,0,0,0,0,I
7970,0,0,0,0,0,0,0,0,0,0,0,I
7971,0,0,0,0,0,0,0,0,0,0,0,I
7972,0,0,0,0,0,0,0,0,0,0,0,I
7973,0,0,0,0,0,0,0,0,0,0,0,I
7974,0,0,0,0,0,0,0,0,0,0,0,I
7975,0,0,0,0,0,0,0,0,0,0,0,I
7976,0,0,0,0,0,0,0,0,0,0,0,I
7977,0,0,0,0,0,0,0,0,0,0,0,I
7978,0,0,0,0,0,0,0,0,0,0,0,I
7979,0,0,0,0,0,0,0,0,0,0,0,I
7980,0,0,0,0,0,0,0,0,0,0,0,I
7981,0,0,0,0,0,0,0,0,0,0,0,I
7982,0,0,0,0,0,0,0,0,0,0,0,I
7983,0,0,0,0,0,0,0,0,0,0,0,I
7984,0,0,0,0,0,0,0,0,0,0,0,I
7985,0,0,0,0,0,0,0,0,0,0,0,I
7986,0,0,0,0,0,0,0,0,0,0,0,I
7987,0,0,0,0,0,0,0,0,0,0,0,I
7988,0,0,0,0,0,0,0,0,0,0,0,I
7989,0,0,0,0,0,0,0,0,0,0,0,I
7990,0,0,0,0,0,0,0,0,0,0,0,I
7991,0,0,0,0,0,0,0,0,0,0,0,I
7992,0,0,0,0,0,0,0,0,0,0,0,I
7993,0,0,0,0,0,0,0,0,0,0,0,I
7994,0,0,0,0,0,0,0,0,0,0,0,I
7995,0,0,0,0,0,0,0,0,0,0,0,I
7996,0,0,0,0,0,0,0,0,0,0,0,I
7997,0,0,0,0,0,0,0,0,0,0,0,I
7998,0,0,0,0,0,0,0,0,0,0,0,I
7999,0,0,0,0,0,0,0,0,0,0,0,I
8000,0,0,0,0,0,0,0,0,0,0,0,I
8001,0,0,0,0,0,0,0,0,0,0,0,I
8002,0,0,0,0,0,0,0,0,0,0,0,I
8003,0,0,0,0,0,0,0,0,0,0,0,I
8004,0,0,0,0,0,0,0,0,0,0,0,I
8005,0,0,0,0,0,0,0,0,0,0,0,I
8006,0,0,0,0,0,0,0,0,0,0,0,I
8007,0,0,0,0,0,0,0,0,0,0,0,I
8008,0,0,0,0,0,0,0,0,0,0,0,I
8009,0,0,0,0,0,0,0,0,0,0,0,I
8010,0,0,0,0,0,0,0,0,0,0,0,I
8011,0,0,0,0,0,0,0,0,0,0,0,I
8012,0,0,0,0,0,0,0,0,0,0,0,I
8013,0,0,0,0,0,0,0,0,0,0,0,I
8014,0,0,0,0,0,0,0,0,0,0,0,I
8015,0,0,0,0,0,0,0,0,0,0,0,I
8016,0,0,0,0,0,0,0,0,0,0,0,I
8017,0,0,0,0,0,0,0,0,0,0,0,I
8018,0,0,0,0,0,0,0,0,0,0,0,I
8019,0,0,0,0,0,0,0,0,0,0,0,I
8020,0,0,0,0,0,0,0,0,0,0,0,I
8021,0,0,0,0,0,0,0,0,0,0,0,I
8022,0,0,0,0,0,0,0,0,0,0,0,I
8023,0,0,0,0,0,0,0,0,0,0,0,I
8024,0,0,0,0,0,0,0,0,0,0,0,I
8025,0,0,0,0,0,0,0,0,0,0,0,I
8026,0,0,0,0,0,0,0,0,0,0,0,I
8027,0,0,0,0,0,0,0,0,0,0,0,I
8028,0,0,0,0,0,0,0,0,0,0,0,I
8029,0,0,0,0,0,0,0,0,0,0,0,I
8030,0,0,0,0,0,0,0,0,0,0,0,I
8031,0,0,0,0,0,0,0,0,0,0,0,I
8032,0,0,0,0,0,0,0,0,0,0,0,I
8033,0,0,0,0,0,0,0,0,0,0,0,I
8034,0,0,0,0,0,0,0,0,0,0,0,I
8035,0,0,0,0,0,0,0,0,0,0,0,I
8036,0,0,0,0,0,0,0,0,0,0,0,I
8037,0,0,0,0,0,0,0,0,0,0,0,I
8038,0,0,0,0,0,0,0,0,0,0,0,I
8039,0,0,0,0,0,0,0,0,0,0,0,I
8040,0,0,0,0,0,0,0,0,0,0,0,I
8041,0,0,0,0,0,0,0,0,0,0,0,I
8042,0,0,0,0,0,0,0,0,0,0,0,I
8043,0,0,0,0,0,0,0,0,0,0,0,I
8044,0,0,0,0,0,0,0,0,0,0,0,I
8045,0,0,0,0,0,0,0,0,0,0,0,I
8046,0,0,0,0,0,0,0,0,0,0,0,I
8047,0,0,0,0,0,0,0,0,0,0,0,I
8048,0,0,0,0,0,0,0,0,0,0,0,I
8049,0,0,0,0,0,0,0,0,0,0,0,I
8050,0,0,0,0,0,0,0,0,0,0,0,I
8051,0,0,0,0,0,0,0,0,0,0,0,I
8052,0,0,0,0,0,0,0,0,0,0,0,I
8053,0,0,0,0,0,0,0,0,0,0,0,I
8054,0,0,0,0,0,0,0,0,0,0,0,I
8055,0,0,0,0,0,0,0,0,0,0,0,I
8056,0,0,0,0,0,0,0,0,0,0,0,I
8057,0,0,0,0,0,0,0,0,0,0,0,I
8058,0,0,0,0,0,0,0,0,0,0,0,C
8059,0,0,0,0,0,0,0,0,0,0,0,C
8060,0,0,0,0,0,0,0,0,0,0,0,C
8061,0,0,0,0,0,0,0,0,0,0,0,C
8062,0,0,0,0,0,0,0,0,0,0,0,C
8063,0,0,0,0,0,0,0,0,0,0,0,C
8064,0,0,0,0,0,0,0,0,0,0,0,C
8065,0,0,0,0,0,0,0,0,0,0,0,C
8066,0,0,0,0,0,0,0,0,0,0,0,C
8067,0,0,0,0,1,0,0,0,0,0,0,C
8068,0,0,0,0,1,0,0,0,0,0,0,C
8069,0,0,0,0,1,0,0,0,0,0,0,C
8070,0,0,0,0,1,0,0,0,0,0,0,C
8071,0,0,0,0,1,0,0,0,0,0,0,C
8072,0,0,0,0,1,0,0,0,0,0,0,C
8073,0,0,0,0,1,0,0,0,0,0,0,C
8074,0,0,0,0,1,0,0,0,0,0,0,C
8075,0,0,0,0,1,0,0,0,0,0,0,C
8076,0,0,0,0,1,0,0,0,0,0,0,C
8077,0,0,0,0,1,0,0,0,0,0,0,C
8078,0,0,0,0,1,0,0,0,0,0,0,C
8079,0,0,0,0,1,0,0,0,0,0,0,C
8080,0,0,0,0,1,0,0,0,0,0,0,C
8081,0,0,0,0,1,0,0,0,0,0,0,C
8082,0,0,0,0,1,0,0,0,0,0,0,C
8083,0,0,0,0,1,0,0,0,0,0,0,A
8084,0,0,0,0,1,0,0,0,0,0,0,C
8085,0,0,0,0,1,0,0,0,0,0,0,C
8086,0,0,0,0,1,0,0,0,0,0,0,I
8087,0,0,0,0,1,0,0,0,0,0,0,C
8088,0,0,0,0,1,0,0,0,0,0,0,I
8089,0,0,0,0,1,0,0,0,0,0,0,I
8090,0,0,0,0,0,0,0,0,0,0,0,I
8091,0,0,0,0,0,0,0,0,0,0,0,I
8092,0,0,0,0,0,0,0,0,0,0,0,I
8093,0,0,0,0,0,0,0,0,0,0,0,I
8094,0,0,0,0,0,0,0,0,0,0,0,I
8095,0,0,0,0,0,0,0,0,0,0,0,I
8096,0,0,0,0,0,0,0,0,0,0,0,I
8097,0,0,0,0,0,0,0,0,0,0,0,I
8098,0,0,0,0,0,0,0,0,0,0,0,I
8099,0,0,0,0,0,0,0,0,0,0,0,I
8100,0,0,0,0,0,0,0,0,0,0,0,I
8101,0,0,0,0,0,0,0,0,0,0,0,I
8102,0,0,0,0,0,0,0,0,0,0,0,I
8103,0,0,0,0,0,0,0,0,0,0,0,I
8104,0,0,0,0,0,0,0,0,0,0,0,I
8105,0,0,0,0,0,0,0,0,0,0,0,I
8106,0,0,0,0,0,0,0,0,0,0,0,I
8107,0,0,0,0,0,0,0,0,0,0,0,I
8108,0,0,0,0,0,0,0,0,0,0,0,I
8109,0,0,0,0,0,0,0,0,0,0,0,I
8110,0,0,0,0,0,0,0,0,0,0,0,I
8111,0,0,0,0,0,0,0,0,0,0,0,I
8112,0,0,0,0,0,0,0,0,0,0,0,I
8113,0,0,0,0,0,0,0,0,0,0,0,I
8114,0,0,0,0,0,0,0,0,0,0,0,I
8115,0,0,0,0,0,0,0,0,0,0,0,I
8116,0,0,0,0,0,0,0,0,0,0,0,I
8117,0,0,0,0,0,0,0,0,0,0,0,I
8118,0,0,0,0,0,0,0,0,0,0,0,I
8119,0,0,0,0,0,0,0,0,0,0,0,I
8120,0,0,0,0,0,0,0,0,0,0,0,I
8121,0,0,0,0,0,0,0,0,0,0,0,I
8122,0,0,0,0,0,0,0,0,0,0,0,I
8123,0,0,0,0,0,0,0,0,0,0,0,I
8124,0,0,0,0,0,0,0,0,0,0,0,I
8125,0,0,0,0,0,0,0,0,0,0,0,I
8126,0,0,0,0,0,0,0,0,0,0,0,I
8127,0,0,0,0,0,0,0,0,0,0,0,I
8128,0,0,0,0,0,0,0,0,0,0,0,I
8129,0,0,0,0,0,0,0,0,0,0,0,I
8130,0,0,0,0,0,0,0,0,0,0,0,C
8131,0,0,0,0,0,0,0,0,0,0,0,I
8132,0,0,0,0,0,0,0,0,0,0,0,I
8133,0,0,0,0,0,0,0,0,0,0,0,C
8134,0,0,0,0,0,0,0,0,0,0,0,C
8135,0,0,0,0,0,0,0,0,0,0,0,C
8136,0,0,0,0,0,0,0,0,0,0,0,C
8137,0,0,0,0,0,0,0,0,0,0,0,C
8138,0,0,0,0,1,0,0,0,0,0,0,I
8139,0,0,0,0,1,0,0,0,0,0,0,I
8140,0,0,0,0,1,0,0,0,0,0,0,C
8141,0,0,0,0,1,0,0,0,0,0,0,C
8142,0,0,0,0,1,0,0,0,0,0,0,C
8143,0,0,0,0,1,0,0,0,0,0,0,C
8144,0,0,0,0,1,0,0,0,0,0,0,C
8145,0,0,0,0,1,0,0,0,0,0,0,C
8146,0,0,0,0,1,0,0,0,0,0,0,C
8147,0,0,0,0,1,0,0,0,0,0,0,C
8148,0,0,0,0,1,0,0,0,0,0,0,C
8149,0,0,0,0,1,0,0,0,0,0,0,C
8150,0,0,0,0,1,0,0,0,0,0,0,C
8151,0,0,0,0,1,0,0,0,0,0,0,I
8152,0,0,0,0,1,0,0,0,0,0,0,C
8153,0,0,0,0,1,0,0,0,0,0,0,C
8154,0,0,0,0,1,0,0,0,0,0,0,C
8155,0,0,0,0,1,0,0,0,0,0,0,C
8156,0,0,0,0,1,0,0,0,0,0,0,C
8157,0,0,0,0,1,0,0,0,0,0,0,C
8158,0,0,0,0,1,0,0,0,0,0,0,C
8159,0,0,0,0,1,0,0,0,0,0,0,C
8160,0,0,0,0,1,0,0,0,0,0,0,C
8161,0,0,0,0,1,0,0,0,0,0,0,C
8162,0,0,0,0,1,0,0,0,0,0,0,C
8163,0,0,0,0,1,0,0,0,0,0,0,C
8164,0,0,0,0,1,0,0,0,0,0,0,C
8165,0,0,0,0,1,0,0,0,0,0,0,C
8166,0,0,0,0,1,0,0,0,0,0,0,C
8167,0,0,0,0,1,0,0,0,0,0,0,C
8168,0,0,0,0,1,0,0,0,0,0,0,C
8169,0,0,0,0,1,0,0,0,0,0,0,C
8170,0,0,0,0,1,0,0,0,0,0,0,C
8171,0,0,0,0,1,0,0,0,0,0,0,C
8172,0,0,0,0,1,0,0,0,0,0,0,C
8173,0,0,0,0,1,0,0,0,0,0,0,C
8174,0,0,0,0,1,0,0,0,0,0,0,C
8175,0,0,0,0,1,0,0,0,0,0,0,C
8176,0,0,0,0,1,0,0,0,0,0,0,A
8177,0,0,0,0,1,0,0,0,0,0,0,C
8178,0,0,0,0,1,0,0,0,0,0,0,C
8179,0,0,0,0,1,0,0,0,0,0,0,I
8180,0,0,0,0,1,0,0,0,0,0,0,C
8181,0,0,0,0,1,0,0,0,0,0,0,I
8182,0,0,0,0,1,0,0,0,0,0,0,I
8183,0,0,0,0,1,0,0,0,0,0,0,C
8184,0,0,0,0,1,0,0,0,0,0,0,C
8185,0,0,0,0,1,0,0,0,0,0,0,C
8186,0,0,0,0,1,0,0,0,0,0,0,C
8187,0,0,0,0,1,0,0,0,0,0,0,C
8188,0,0,0,0,1,0,0,0,0,0,0,C
8189,0,0,0,0,1,0,0,0,0,0,0,C
8190,0,0,0,0,1,0,0,0,0,0,0,C
8191,0,0,0,0,1,0,0,0,0,0,0,C
8192,0,0,0,0,1,0,0,0,0,0,0,I
8193,0,0,0,0,1,0,0,0,0,0,0,C
8194,0,0,0,0,1,0,0,0,0,0,0,C
8195,0,0,0,0,1,0,0,0,0,0,0,C
8196,0,0,0,0,1,0,0,0,0,0,0,C
8197,0,0,0,0,1,0,0,0,0,0,0,C
8198,0,0,0,0,1,0,0,0,0,0,0,C
8199,0,0,0,0,1,0,0,0,0,0,0,C
8200,0,0,0,0,1,0,0,0,0,0,0,C
8201,0,0,0,0,1,0,0,0,0,0,0,C
8202,0,0,0,0,1,0,0,0,0,0,0,C
8203,0,0,0,0,1,0,0,0,0,0,0,C
8204,0,0,0,0,1,0,0,0,0,0,0,C
8205,0,0,0,0,1,0,0,0,0,0,0,C
8206,0,0,0,0,1,0,0,0,0,0,0,C
8207,0,0,0,0,1,0,0,0,0,0,0,C
8208,0,0,0,0,1,0,0,0,0,0,0,C
8209,0,0,0,0,1,0,0,0,0,0,0,C
8210,0,0,0,0,1,0,0,0,0,0,0,C
8211,0,0,0,0,1,0,0,0,0,0,0,C
8212,0,0,0,0,1,0,0,0,0,0,0,C
8213,0,0,0,0,1,0,0,0,0,0,0,C
8214,0,0,0,0,1,0,0,0,0,0,0,C
8215,0,0,0,0,1,0,0,0,0,0,0,C
8216,0,0,0,0,1,0,0,0,0,0,0,C
8217,0,0,0,0,1,0,0,0,0,0,0,C
8218,0,0,0,0,1,0,0,0,0,0,0,C
8219,0,0,0,0,1,0,0,0,0,0,0,C
8220,0,0,0,0,1,0,0,0,0,0,0,C
8221,0,0,0,0,1,0,0,0,0,0,0,C
8222,0,0,0,0,1,0,0,0,0,0,0,C
8223,0,0,0,0,1,0,0,0,0,0,0,C
8224,0,0,0,0,1,0,0,0,0,0,0,C
8225,0,0,0,0,1,0,0,0,0,0,0,C
8226,0,0,0,0,1,0,0,0,0,0,0,C
8227,0,0,0,0,1,0,0,0,0,0,0,C
8228,0,0,0,0,1,0,0,0,0,0,0,C
8229,0,0,0,0,1,0,0,0,0,0,0,C
8230,0,0,0,0,1,0,0,0,0,0,0,C
8231,0,0,0,0,1,0,0,0,0,0,0,C
8232,0,0,0,0,1,0,0,0,0,0,0,C
8233,0,0,0,0,1,0,0,0,0,0,0,C
8234,0,0,0,0,1,0,0,0,0,0,0,C
8235,0,0,0,0,1,0,0,0,0,0,0,C
8236,0,0,0,0,1,0,0,0,0,0,0,C
8237,0,0,0,0,1,0,0,0,0,0,0,C
8238,0,0,0,0,1,0,0,0,0,0,0,C
8239,0,0,0,0,1,0,0,0,0,0,0,C
8240,0,0,0,0,1,0,0,0,0,0,0,C
8241,0,0,0,0,1,0,0,0,0,0,0,C
8242,0,0,0,0,1,0,0,0,0,0,0,C
8243,0,0,0,0,1,0,0,0,0,0,0,C
8244,0,0,0,0,1,0,0,0,0,0,0,C
8245,0,0,0,0,1,0,0,0,0,0,0,C
8246,0,0,0,0,1,0,0,0,0,0,0,C
8247,0,0,0,0,1,0,0,0,0,0,0,C
8248,0,0,0,0,1,0,0,0,0,0,0,C
8249,0,0,0,0,1,0,0,0,0,0,0,C
8250,0,0,0,0,1,0,0,0,0,0,0,C
8251,0,0,0,0,1,0,0,0,0,0,0,C
8252,0,0,0,0,1,0,0,0,0,0,0,C
8253,0,0,0,0,1,0,0,0,0,0,0,C
8254,0,0,0,0,1,0,0,0,0,0,0,C
8255,0,0,0,0,1,0,0,0,0,0,0,C
8256,0,0,0,0,1,0,0,0,0,0,0,C
8257,0,0,0,0,1,0,0,0,0,0,0,C
8258,0,0,0,0,1,0,0,0,0,0,0,C
8259,0,0,0,0,1,0,0,0,0,0,0,C
8260,0,0,0,0,1,0,0,0,0,0,0,C
8261,0,0,0,0,1,0,0,0,0,0,0,C
8262,0,0,0,0,1,0,0,0,0,0,0,C
8263,0,0,0,0,1,0,0,0,0,0,0,C
8264,0,0,0,0,1,0,0,0,0,0,0,C
8265,0,0,0,0,1,0,0,0,0,0,0,C
8266,0,0,0,0,1,0,0,0,0,0,0,C
8267,0,0,0,0,1,0,0,0,0,0,0,C
8268,0,0,0,0,1,0,0,0,0,0,0,C
8269,0,0,0,0,1,0,0,0,0,0,0,C
8270,0,0,0,0,1,0,0,0,0,0,0,C
8271,0,0,0,0,1,0,0,0,0,0,0,C
8272,0,0,0,0,1,0,0,0,0,0,0,C
8273,0,0,0,0,1,0,0,0,0,0,0,C
8274,0,0,0,0,1,0,0,0,0,0,0,C
8275,0,0,0,0,1,0,0,0,0,0,0,C
8276,0,0,0,0,1,0,0,0,0,0,0,C
8277,0,0,0,0,1,0,0,0,0,0,0,C
8278,0,0,0,0,1,0,0,0,0,0,0,C
8279,0,0,0,0,1,0,0,0,0,0,0,C
8280,0,0,0,0,1,0,0,0,0,0,0,C
8281,0,0,0,0,1,0,0,0,0,0,0,C
8282,0,0,0,0,1,0,0,0,0,0,0,C
8283,0,0,0,0,1,0,0,0,0,0,0,C
8284,0,0,0,0,1,0,0,0,0,0,0,C
8285,0,0,0,0,1,0,0,0,0,0,0,C
8286,0,0,0,0,1,0,0,0,0,0,0,C
8287,0,0,0,0,1,0,0,0,0,0,0,C
8288,0,0,0,0,1,0,0,0,0,0,0,C
8289,0,0,0,0,1,0,0,0,0,0,0,C
8290,0,0,0,0,1,0,0,0,0,0,0,C
8291,0,0,0,0,1,0,0,0,0,0,0,C
8292,0,0,0,0,1,0,0,0,0,0,0,C
8293,0,0,0,0,1,0,0,0,0,0,0,C
8294,0,0,0,0,1,0,0,0,0,0,0,C
8295,0,0,0,0,1,0,0,0,0,0,0,C
8296,0,0,0,0,1,0,0,0,0,0,0,C
8297,0,0,0,0,1,0,0,0,0,0,0,C
8298,0,0,0,0,1,0,0,0,0,0,0,C
8299,0,0,0,0,1,0,0,0,0,0,0,C
8300,0,0,0,0,1,0,0,0,0,0,0,C
8301,0,0,0,0,1,0,0,0,0,0,0,C
8302,0,0,0,0,1,0,0,0,0,0,0,C
8303,0,0,0,0,1,0,0,0,0,0,0,C
8304,0,0,0,0,1,0,0,0,0,0,0,C
8305,0,0,0,0,1,0,0,0,0,0,0,C
8306,0,0,0,0,1,0,0,0,0,0,0,C
8307,0,0,0,0,1,0,0,0,0,0,0,C
8308,0,0,0,0,1,0,0,0,0,0,0,C
8309,0,0,0,0,1,0,0,0,0,0,0,C
8310,0,0,0,0,1,0,0,0,0,0,0,C
8311,0,0,0,0,1,0,0,0,0,0,0,C
8312,0,0,0,0,1,0,0,0,0,0,0,C
8313,0,0,0,0,1,0,0,0,0,0,0,C
8314,0,0,0,0,1,0,0,0,0,0,0,C
8315,0,0,0,0,1,0,0,0,0,0,0,C
8316,0,0,0,0,1,0,0,0,0,0,0,C
8317,0,0,0,0,1,0,0,0,0,0,0,C
8318,0,0,0,0,1,0,0,0,0,0,0,C
8319,0,0,0,0,1,0,0,0,0,0,0,C
8320,0,0,0,0,1,0,0,0,0,0,0,C
8321,0,0,0,0,1,0,0,0,0,0,0,C
8322,0,0,0,0,1,0,0,0,0,0,0,C
8323,0,0,0,0,1,0,0,0,0,0,0,C
8324,0,0,0,0,1,0,0,0,0,0,0,C
8325,0,0,0,0,1,0,0,0,0,0,0,C
8326,0,0,0,0,1,0,0,0,0,0,0,C
8327,0,0,0,0,1,0,0,0,0,0,0,C
8328,0,0,0,0,1,0,0,0,0,0,0,C
8329,0,0,0,0,1,0,0,0,0,0,0,C
8330,0,0,0,0,1,0,0,0,0,0,0,C
8331,0,0,0,0,1,0,0,0,0,0,0,C
8332,0,0,0,0,1,0,0,0,0,0,0,C
8333,0,0,0,0,1,0,0,0,0,0,0,C
8334,0,0,0,0,1,0,0,0,0,0,0,C
8335,0,0,0,0,1,0,0,0,0,0,0,C
8336,0,0,0,0,1,0,0,0,0,0,0,C
8337,0,0,0,0,1,0,0,0,0,0,0,C
8338,0,0,0,0,1,0,0,0,0,0,0,C
8339,0,0,0,0,1,0,0,0,0,0,0,C
8340,0,0,0,0,1,0,0,0,0,0,0,C
8341,0,0,0,0,1,0,0,0,0,0,0,C
8342,0,0,0,0,1,0,0,0,0,0,0,C
8343,0,0,0,0,1,0,0,0,0,0,0,C
8344,0,0,0,0,1,0,0,0,0,0,0,C
8345,0,0,0,0,1,0,0,0,0,0,0,C
8346,0,0,0,0,1,0,0,0,0,0,0,C
8347,0,0,0,0,1,0,0,0,0,0,0,C
8348,0,0,0,0,1,0,0,0,0,0,0,C
8349,0,0,0,0,1,0,0,0,0,0,0,C
8350,0,0,0,0,1,0,0,0,0,0,0,C
8351,0,0,0,0,1,0,0,0,0,0,0,C
8352,0,0,0,0,1,0,0,0,0,0,0,C
8353,0,0,0,0,1,0,0,0,0,0,0,C
8354,0,0,0,0,1,0,0,0,0,0,0,C
8355,0,0,0,0,1,0,0,0,0,0,0,C
8356,0,0,0,0,1,0,0,0,0,0,0,C
8357,0,0,0,0,1,0,0,0,0,0,0,C
8358,0,0,0,0,1,0,0,0,0,0,0,C
8359,0,0,0,0,1,0,0,0,0,0,0,C
8360,0,0,0,0,1,0,0,0,0,0,0,C
8361,0,0,0,0,1,0,0,0,0,0,0,C
8362,0,0,0,0,1,0,0,0,0,0,0,C
8363,0,0,0,0,1,0,0,0,0,0,0,C
8364,0,0,0,0,1,0,0,0,0,0,0,C
8365,0,0,0,0,1,0,0,0,0,0,0,C
8366,0,0,0,0,1,0,0,0,0,0,0,C
8367,0,0,0,0,1,0,0,0,0,0,0,C
8368,0,0,0,0,1,0,0,0,0,0,0,C
8369,0,0,0,0,1,0,0,0,0,0,0,C
8370,0,0,0,0,1,0,0,0,0,0,0,C
8371,0,0,0,0,1,0,0,0,0,0,0,C
8372,0,0,0,0,1,0,0,0,0,0,0,C
8373,0,0,0,0,1,0,0,0,0,0,0,C
8374,0,0,0,0,1,0,0,0,0,0,0,C
8375,0,0,0,0,1,0,0,0,0,0,0,C
8376,0,0,0,0,1,0,0,0,0,0,0,C
8377,0,0,0,0,1,0,0,0,0,0,0,C
8378,0,0,0,0,1,0,0,0,0,0,0,C
8379,0,0,0,0,1,0,0,0,0,0,0,C
8380,0,0,0,0,1,0,0,0,0,0,0,C
8381,0,0,0,0,1,0,0,0,0,0,0,C
8382,0,0,0,0,1,0,0,0,0,0,0,C
8383,0,0,0,0,1,0,0,0,0,0,0,C
8384,0,0,0,0,1,0,0,0,0,0,0,C
8385,0,0,0,0,1,0,0,0,0,0,0,C
8386,0,0,0,0,1,0,0,0,0,0,0,C
8387,0,0,0,0,1,0,0,0,0,0,0,C
8388,0,0,0,0,1,0,0,0,0,0,0,C
8389,0,0,0,0,1,0,0,0,0,0,0,C
8390,0,0,0,0,1,0,0,0,0,0,0,C
8391,0,0,0,0,1,0,0,0,0,0,0,C
8392,0,0,0,0,1,0,0,0,0,0,0,C
8393,0,0,0,0,1,0,0,0,0,0,0,C
8394,0,0,0,0,1,0,0,0,0,0,0,C
8395,0,0,0,0,1,0,0,0,0,0,0,C
8396,0,0,0,0,1,0,0,0,0,0,0,C
8397,0,0,0,0,1,0,0,0,0,0,0,C
8398,0,0,0,0,1,0,0,0,0,0,0,C
8399,0,0,0,0,1,0,0,0,0,0,0,C
8400,0,0,0,0,1,0,0,0,0,0,0,C
8401,0,0,0,0,1,0,0,0,0,0,0,C
8402,0,0,0,0,1,0,0,0,0,0,0,C
8403,0,0,0,0,1,0,0,0,0,0,0,C
8404,0,0,0,0,1,0,0,0,0,0,0,C
8405,0,0,0,0,1,0,0,0,0,0,0,C
8406,0,0,0,0,1,0,0,0,0,0,0,C
8407,0,0,0,0,1,0,0,0,0,0,0,C
8408,0,0,0,0,1,0,0,0,0,0,0,C
8409,0,0,0,0,1,0,0,0,0,0,0,C
8410,0,0,0,0,1,0,0,0,0,0,0,C
8411,0,0,0,0,1,0,0,0,0,0,0,C
8412,0,0,0,0,1,0,0,0,0,0,0,C
8413,0,0,0,0,1,0,0,0,0,0,0,C
8414,0,0,0,0,1,0,0,0,0,0,0,C
8415,0,0,0,0,1,0,0,0,0,0,0,C
8416,0,0,0,0,1,0,0,0,0,0,0,C
8417,0,0,0,0,1,0,0,0,0,0,0,C
8418,0,0,0,0,1,0,0,0,0,0,0,C
8419,0,0,0,0,1,0,0,0,0,0,0,C
8420,0,0,0,0,1,0,0,0,0,0,0,C
8421,0,0,0,0,1,0,0,0,0,0,0,C
8422,0,0,0,0,1,0,0,0,0,0,0,C
8423,0,0,0,0,1,0,0,0,0,0,0,C
8424,0,0,0,0,1,0,0,0,0,0,0,C
8425,0,0,0,0,1,0,0,0,0,0,0,C
8426,0,0,0,0,1,0,0,0,0,0,0,C
8427,0,0,0,0,1,0,0,0,0,0,0,C
8428,0,0,0,0,1,0,0,0,0,0,0,C
8429,0,0,0,0,1,0,0,0,0,0,0,C
8430,0,0,0,0,1,0,0,0,0,0,0,C
8431,0,0,0,0,1,0,0,0,0,0,0,C
8432,0,0,0,0,1,0,0,0,0,0,0,C
8433,0,0,0,0,1,0,0,0,0,0,0,C
8434,0,0,0,0,1,0,0,0,0,0,0,C
8435,0,0,0,0,1,0,0,0,0,0,0,C
8436,0,0,0,0,1,0,0,0,0,0,0,B
8437,0,0,0,0,1,0,0,0,0,0,0,A
8438,0,0,0,0,1,0,0,0,0,0,0,C
8439,0,0,0,0,1,0,0,0,0,0,0,C
8440,0,0,0,0,1,0,0,0,0,0,0,I
8441,0,0,0,0,1,0,0,0,0,0,0,C
8442,0,0,0,0,1,0,0,0,0,0,0,I
8443,0,0,0,0,1,0,0,0,0,0,0,I
8444,0,0,0,0,1,0,0,0,0,0,0,C
8445,0,0,0,0,1,0,0,0,0,0,0,C
8446,0,0,0,0,1,0,0,0,0,0,0,C
8447,0,0,0,0,1,0,0,0,0,0,0,C
8448,0,0,0,0,1,0,0,0,0,0,0,C
8449,0,0,0,0,1,0,0,0,0,0,0,C
8450,0,0,0,0,1,0,0,0,0,0,0,C
8451,0,0,0,0,1,0,0,0,0,0,0,C
8452,0,0,0,0,1,0,0,0,0,0,0,B
8453,0,0,0,0,1,0,0,0,0,0,0,B
8454,0,0,0,0,1,0,0,0,0,0,0,C
8455,0,0,0,0,1,0,0,0,0,0,0,C
8456,0,0,0,0,1,0,0,0,0,0,0,C
8457,0,0,0,0,1,0,0,0,0,0,0,C
8458,0,0,0,0,1,0,0,0,0,0,0,I
8459,0,0,0,0,1,0,0,0,0,0,0,I
8460,0,0,0,0,0,0,0,0,0,0,0,I
8461,0,0,0,0,0,0,0,0,0,0,0,I
8462,0,0,0,0,0,0,0,0,0,0,0,I
8463,0,0,0,0,0,0,0,0,0,0,0,I
8464,0,0,0,0,0,0,0,0,0,0,0,I
8465,0,0,0,0,0,0,0,0,0,0,0,I
8466,0,0,0,0,0,0,0,0,0,0,0,I
8467,0,0,0,0,0,0,0,0,0,0,0,I
8468,0,0,0,0,0,0,0,0,0,0,0,I
8469,0,0,0,0,0,0,0,0,0,0,0,I
8470,0,0,0,0,0,0,0,0,0,0,0,I
8471,0,0,0,0,0,0,0,0,0,0,0,I
8472,0,0,0,0,0,0,0,0,0,0,0,I
8473,0,0,0,0,0,0,0,0,0,0,0,I
8474,0,0,0,0,0,0,0,0,0,0,0,I
8475,0,0,0,0,0,0,0,0,0,0,0,I
8476,0,0,0,0,0,0,0,0,0,0,0,I
8477,0,0,0,0,0,0,0,0,0,0,0,I
8478,0,0,0,0,0,0,0,0,0,0,0,I
8479,0,0,0,0,0,0,0,0,0,0,0,I
8480,0,0,0,0,0,0,0,0,0,0,0,I
8481,0,0,0,0,0,0,0,0,0,0,0,I
8482,0,0,0,0,0,0,0,0,0,0,0,I
8483,0,0,0,0,0,0,0,0,0,0,0,I
8484,0,0,0,0,0,0,0,0,0,0,0,I
8485,0,0,0,0,0,0,0,0,0,0,0,I
8486,0,0,0,0,0,0,0,0,0,0,0,I
8487,0,0,0,0,0,0,0,0,0,0,0,I
8488,0,0,0,0,0,0,0,0,0,0,0,I
8489,0,0,0,0,0,0,0,0,0,0,0,I
8490,0,0,0,0,0,0,0,0,0,0,0,I
8491,0,0,0,0,0,0,0,0,0,0,0,I
8492,0,0,0,0,0,0,0,0,0,0,0,I
8493,0,0,0,0,0,0,0,0,0,0,0,I
8494,0,0,0,0,0,0,0,0,0,0,0,I
8495,0,0,0,0,0,0,0,0,0,0,0,I
8496,0,0,0,0,0,0,0,0,0,0,0,I
8497,0,0,0,0,0,0,0,0,0,0,0,I
8498,0,0,0,0,0,0,0,0,0,0,0,I
8499,0,0,0,0,0,0,0,0,0,0,0,I
8500,0,0,0,0,0,0,0,0,0,0,0,I
8501,0,0,0,0,0,0,0,0,0,0,0,I
8502,0,0,0,0,0,0,0,0,0,0,0,I
8503,0,0,0,0,0,0,0,0,0,0,0,I
8504,0,0,0,0,0,0,0,0,0,0,0,I
8505,0,0,0,0,0,0,0,0,0,0,0,I
8506,0,0,0,0,0,0,0,0,0,0,0,I
8507,0,0,0,0,0,0,0,0,0,0,0,I
8508,0,0,0,0,0,0,0,0,0,0,0,I
8509,0,0,0,0,0,0,0,0,0,0,0,I
8510,0,0,0,0,0,0,0,0,0,0,0,I
8511,0,0,0,0,0,0,0,0,0,0,0,I
8512,0,0,0,0,0,0,0,0,0,0,0,I
8513,0,0,0,0,0,0,0,0,0,0,0,I
8514,0,0,0,0,0,0,0,0,0,0,0,I
8515,0,0,0,0,0,0,0,0,0,0,0,I
8516,0,0,0,0,0,0,0,0,0,0,0,I
8517,0,0,0,0,0,0,0,0,0,0,0,I
8518,0,0,0,0,0,0,0,0,0,0,0,I
8519,0,0,0,0,0,0,0,0,0,0,0,I
8520,0,0,0,0,0,0,0,0,0,0,0,I
8521,0,0,0,0,0,0,0,0,0,0,0,I
8522,0,0,0,0,0,0,0,0,0,0,0,I
8523,0,0,0,0,0,0,0,0,0,0,0,I
8524,0,0,0,0,0,0,0,0,0,0,0,I
8525,0,0,0,0,0,0,0,0,0,0,0,I
8526,0,0,0,0,0,0,0,0,0,0,0,I
8527,0,0,0,0,0,0,0,0,0,0,0,I
8528,0,0,0,0,0,0,0,0,0,0,0,I
8529,0,0,0,0,0,0,0,0,0,0,0,I
8530,0,0,0,0,0,0,0,0,0,0,0,I
8531,0,0,0,0,0,0,0,0,0,0,0,I
8532,0,0,0,0,0,0,0,0,0,0,0,I
8533,0,0,0,0,0,0,0,0,0,0,0,I
8534,0,0,0,0,0,0,0,0,0,0,0,I
8535,0,0,0,0,0,0,0,0,0,0,0,I
8536,0,0,0,0,0,0,0,0,0,0,0,I
8537,0,0,0,0,0,0,0,0,0,0,0,I
8538,0,0,0,0,0,0,0,0,0,0,0,I
8539,0,0,0,0,0,0,0,0,0,0,0,I
8540,0,0,0,0,0,0,0,0,0,0,0,I
8541,0,0,0,0,0,0,0,0,0,0,0,I
8542,0,0,0,0,0,0,0,0,0,0,0,I
8543,0,0,0,0,0,0,0,0,0,0,0,I
8544,0,0,0,0,0,0,0,0,0,0,0,I
8545,0,0,0,0,0,0,0,0,0,0,0,I
8546,0,0,0,0,0,0,0,0,0,0,0,I
8547,0,0,0,0,0,0,0,0,0,0,0,I
8548,0,0,0,0,0,0,0,0,0,0,0,I
8549,0,0,0,0,0,0,0,0,0,0,0,I
8550,0,0,0,0,0,0,0,0,0,0,0,I
8551,0,0,0,0,0,0,0,0,0,0,0,I
8552,0,0,0,0,0,0,0,0,0,0,0,I
8553,0,0,0,0,0,0,0,0,0,0,0,I
8554,0,0,0,0,0,0,0,0,0,0,0,I
8555,0,0,0,0,0,0,0,0,0,0,0,I
8556,0,0,0,0,0,0,0,0,0,0,0,I
8557,0,0,0,0,0,0,0,0,0,0,0,I
8558,0,0,0,0,0,0,0,0,0,0,0,I
8559,0,0,0,0,0,0,0,0,0,0,0,I
8560,0,0,0,0,0,0,0,0,0,0,0,I
8561,0,0,0,0,0,0,0,0,0,0,0,I
8562,0,0,0,0,0,0,0,0,0,0,0,I
8563,0,0,0,0,0,0,0,0,0,0,0,I
8564,0,0,0,0,0,0,0,0,0,0,0,I
8565,0,0,0,0,0,0,0,0,0,0,0,I
8566,0,0,0,0,0,0,0,0,0,0,0,I
8567,0,0,0,0,0,0,0,0,0,0,0,I
8568,0,0,0,0,0,0,0,0,0,0,0,I
8569,0,0,0,0,0,0,0,0,0,0,0,I
8570,0,0,0,0,0,0,0,0,0,0,0,I
8571,0,0,0,0,0,0,0,0,0,0,0,I
8572,0,0,0,0,0,0,0,0,0,0,0,I
8573,0,0,0,0,0,0,0,0,0,0,0,I
8574,0,0,0,0,0,0,0,0,0,0,0,I
8575,0,0,0,0,0,0,0,0,0,0,0,I
8576,0,0,0,0,0,0,0,0,0,0,0,I
8577,0,0,0,0,0,0,0,0,0,0,0,I
8578,0,0,0,0,0,0,0,0,0,0,0,I
8579,0,0,0,0,0,0,0,0,0,0,0,I
8580,0,0,0,0,0,0,0,0,0,0,0,I
8581,0,0,0,0,0,0,0,0,0,0,0,I
8582,0,0,0,0,0,0,0,0,0,0,0,I
8583,0,0,0,0,0,0,0,0,0,0,0,I
8584,0,0,0,0,0,0,0,0,0,0,0,I
8585,0,0,0,0,0,0,0,0,0,0,0,I
8586,0,0,0,0,0,0,0,0,0,0,0,I
8587,0,0,0,0,0,0,0,0,0,0,0,I
8588,0,0,0,0,0,0,0,0,0,0,0,I
8589,0,0,0,0,0,0,0,0,0,0,0,I
8590,0,0,0,0,0,0,0,0,0,0,0,I
8591,0,0,0,0,0,0,0,0,0,0,0,I
8592,0,0,0,0,0,0,0,0,0,0,0,I
8593,0,0,0,0,0,0,0,0,0,0,0,I
8594,0,0,0,0,0,0,0,0,0,0,0,I
8595,0,0,0,0,0,0,0,0,0,0,0,I
8596,0,0,0,0,0,0,0,0,0,0,0,I
8597,0,0,0,0,0,0,0,0,0,0,0,I
8598,0,0,0,0,0,0,0,0,0,0,0,I
8599,0,0,0,0,0,0,0,0,0,0,0,I
8600,0,0,0,0,0,0,0,0,0,0,0,I
8601,0,0,0,0,0,0,0,0,0,0,0,I
8602,0,0,0,0,0,0,0,0,0,0,0,I
8603,0,0,0,0,0,0,0,0,0,0,0,I
8604,0,0,0,0,0,0,0,0,0,0,0,I
8605,0,0,0,0,0,0,0,0,0,0,0,I
8606,0,0,0,0,0,0,0,0,0,0,0,I
8607,0,0,0,0,0,0,0,0,0,0,0,I
8608,0,0,0,0,0,0,0,0,0,0,0,I
8609,0,0,0,0,0,0,0,0,0,0,0,I
8610,0,0,0,0,0,0,0,0,0,0,0,I
8611,0,0,0,0,0,0,0,0,0,0,0,I
8612,0,0,0,0,0,0,0,0,0,0,0,I
8613,0,0,0,0,0,0,0,0,0,0,0,I
8614,0,0,0,0,0,0,0,0,0,0,0,I
8615,0,0,0,0,0,0,0,0,0,0,0,I
8616,0,0,0,0,0,0,0,0,0,0,0,I
8617,0,0,0,0,0,0,0,0,0,0,0,I
8618,0,0,0,0,0,0,0,0,0,0,0,I
8619,0,0,0,0,0,0,0,0,0,0,0,I
8620,0,0,0,0,0,0,0,0,0,0,0,I
8621,0,0,0,0,0,0,0,0,0,0,0,I
8622,0,0,0,0,0,0,0,0,0,0,0,I
8623,0,0,0,0,0,0,0,0,0,0,0,I
8624,0,0,0,0,0,0,0,0,0,0,0,I
8625,0,0,0,0,0,0,0,0,0,0,0,I
8626,0,0,0,0,0,0,0,0,0,0,0,I
8627,0,0,0,0,0,0,0,0,0,0,0,I
8628,0,0,0,0,0,0,0,0,0,0,0,I
8629,0,0,0,0,0,0,0,0,0,0,0,I
8630,0,0,0,0,0,0,0,0,0,0,0,I
8631,0,0,0,0,0,0,0,0,0,0,0,I
8632,0,0,0,0,0,0,0,0,0,0,0,I
8633,0,0,0,0,0,0,0,0,0,0,0,I
8634,0,0,0,0,0,0,0,0,0,0,0,I
8635,0,0,0,0,0,0,0,0,0,0,0,I
8636,0,0,0,0,0,0,0,0,0,0,0,I
8637,0,0,0,0,0,0,0,0,0,0,0,I
8638,0,0,0,0,0,0,0,0,0,0,0,I
8639,0,0,0,0,0,0,0,0,0,0,0,I
8640,0,0,0,0,0,0,0,0,0,0,0,I
8641,0,0,0,0,0,0,0,0,0,0,0,I
8642,0,0,0,0,0,0,0,0,0,0,0,I
8643,0,0,0,0,0,0,0,0,0,0,0,I
8644,0,0,0,0,0,0,0,0,0,0,0,I
8645,0,0,0,0,0,0,0,0,0,0,0,I
8646,0,0,0,0,0,0,0,0,0,0,0,I
8647,0,0,0,0,0,0,0,0,0,0,0,I
8648,0,0,0,0,0,0,0,0,0,0,0,I
8649,0,0,0,0,0,0,0,0,0,0,0,I
8650,0,0,0,0,0,0,0,0,0,0,0,I
8651,0,0,0,0,0,0,0,0,0,0,0,I
8652,0,0,0,0,0,0,0,0,0,0,0,I
8653,0,0,0,0,0,0,0,0,0,0,0,I
8654,0,0,0,0,0,0,0,0,0,0,0,I
8655,0,0,0,0,0,0,0,0,0,0,0,I
8656,0,0,0,0,0,0,0,0,0,0,0,I
8657,0,0,0,0,0,0,0,0,0,0,0,I
8658,0,0,0,0,0,0,0,0,0,0,0,I
8659,0,0,0,0,0,0,0,0,0,0,0,I
8660,0,0,0,0,0,0,0,0,0,0,0,I
8661,0,0,0,0,0,0,0,0,0,0,0,I
8662,0,0,0,0,0,0,0,0,0,0,0,I
8663,0,0,0,0,0,0,0,0,0,0,0,I
8664,0,0,0,0,0,0,0,0,0,0,0,I
8665,0,0,0,0,0,0,0,0,0,0,0,I
8666,0,0,0,0,0,0,0,0,0,0,0,I
8667,0,0,0,0,0,0,0,0,0,0,0,I
8668,0,0,0,0,0,0,0,0,0,0,0,I
8669,0,0,0,0,0,0,0,0,0,0,0,I
8670,0,0,0,0,0,0,0,0,0,0,0,I
8671,0,0,0,0,0,0,0,0,0,0,0,I
8672,0,0,0,0,0,0,0,0,0,0,0,I
8673,0,0,0,0,0,0,0,0,0,0,0,I
8674,0,0,0,0,0,0,0,0,0,0,0,I
8675,0,0,0,0,0,0,0,0,0,0,0,I
8676,0,0,0,0,0,0,0,0,0,0,0,I
8677,0,0,0,0,0,0,0,0,0,0,0,I
8678,0,0,0,0,0,0,0,0,0,0,0,I
8679,0,0,0,0,0,0,0,0,0,0,0,I
8680,0,0,0,0,0,0,0,0,0,0,0,I
8681,0,0,0,0,0,0,0,0,0,0,0,I
8682,0,0,0,0,0,0,0,0,0,0,0,I
8683,0,0,0,0,0,0,0,0,0,0,0,I
8684,0,0,0,0,0,0,0,0,0,0,0,I
8685,0,0,0,0,0,0,0,0,0,0,0,I
8686,0,0,0,0,0,0,0,0,0,0,0,I
8687,0,0,0,0,0,0,0,0,0,0,0,I
8688,0,0,0,0,0,0,0,0,0,0,0,I
8689,0,0,0,0,0,0,0,0,0,0,0,I
8690,0,0,0,0,0,0,0,0,0,0,0,I
8691,0,0,0,0,0,0,0,0,0,0,0,I
8692,0,0,0,0,0,0,0,0,0,0,0,I
8693,0,0,0,0,0,0,0,0,0,0,0,I
8694,0,0,0,0,0,0,0,0,0,0,0,I
8695,0,0,0,0,0,0,0,0,0,0,0,I
8696,0,0,0,0,0,0,0,0,0,0,0,I
8697,0,0,0,0,0,0,0,0,0,0,0,I
8698,0,0,0,0,0,0,0,0,0,0,0,I
8699,0,0,0,0,0,0,0,0,0,0,0,I
8700,0,0,0,0,0,0,0,0,0,0,0,I
8701,0,0,0,0,0,0,0,0,0,0,0,I
8702,0,0,0,0,0,0,0,0,0,0,0,I
8703,0,0,0,0,0,0,0,0,0,0,0,I
8704,0,0,0,0,0,0,0,0,0,0,0,I
8705,0,0,0,0,0,0,0,0,0,0,0,I
8706,0,0,0,0,0,0,0,0,0,0,0,I
8707,0,0,0,0,0,0,0,0,0,0,0,I
8708,0,0,0,0,0,0,0,0,0,0,0,I
8709,0,0,0,0,0,0,0,0,0,0,0,I
8710,0,0,0,0,0,0,0,0,0,0,0,I
8711,0,0,0,0,0,0,0,0,0,0,0,I
8712,0,0,0,0,0,0,0,0,0,0,0,I
8713,0,0,0,0,0,0,0,0,0,0,0,I
8714,0,0,0,0,0,0,0,0,0,0,0,I
8715,0,0,0,0,0,0,0,0,0,0,0,I
8716,0,0,0,0,0,0,0,0,0,0,0,I
8717,0,0,0,0,0,0,0,0,0,0,0,I
8718,0,0,0,0,0,0,0,0,0,0,0,I
8719,0,0,0,0,0,0,0,0,0,0,0,I
8720,0,0,0,0,0,0,0,0,0,0,0,I
8721,0,0,0,0,0,0,0,0,0,0,0,I
8722,0,0,0,0,0,0,0,0,0,0,0,I
8723,0,0,0,0,0,0,0,0,0,0,0,I
8724,0,0,0,0,0,0,0,0,0,0,0,I
8725,0,0,0,0,0,0,0,0,0,0,0,I
8726,0,0,0,0,0,0,0,0,0,0,0,I
8727,0,0,0,0,0,0,0,0,0,0,0,I
8728,0,0,0,0,0,0,0,0,0,0,0,I
8729,0,0,0,0,0,0,0,0,0,0,0,I
8730,0,0,0,0,0,0,0,0,0,0,0,I
8731,0,0,0,0,0,0,0,0,0,0,0,I
8732,0,0,0,0,0,0,0,0,0,0,0,I
8733,0,0,0,0,0,0,0,0,0,0,0,I
8734,0,0,0,0,0,0,0,0,0,0,0,I
8735,0,0,0,0,0,0,0,0,0,0,0,I
8736,0,0,0,0,0,0,0,0,0,0,0,I
8737,0,0,0,0,0,0,0,0,0,0,0,I
8738,0,0,0,0,0,0,0,0,0,0,0,I
8739,0,0,0,0,0,0,0,0,0,0,0,I
8740,0,0,0,0,0,0,0,0,0,0,0,I
8741,0,0,0,0,0,0,0,0,0,0,0,I
8742,0,0,0,0,0,0,0,0,0,0,0,I
8743,0,0,0,0,0,0,0,0,0,0,0,I
8744,0,0,0,0,0,0,0,0,0,0,0,I
8745,0,0,0,0,0,0,0,0,0,0,0,I
8746,0,0,0,0,0,0,0,0,0,0,0,I
8747,0,0,0,0,0,0,0,0,0,0,0,I
8748,0,0,0,0,0,0,0,0,0,0,0,I
8749,0,0,0,0,0,0,0,0,0,0,0,I
8750,0,0,0,0,0,0,0,0,0,0,0,I
8751,0,0,0,0,0,0,0,0,0,0,0,I
8752,0,0,0,0,0,0,0,0,0,0,0,I
8753,0,0,0,0,0,0,0,0,0,0,0,I
8754,0,0,0,0,0,0,0,0,0,0,0,I
8755,0,0,0,0,0,0,0,0,0,0,0,I
8756,0,0,0,0,0,0,0,0,0,0,0,I
8757,0,0,0,0,0,0,0,0,0,0,0,I
8758,0,0,0,0,0,0,0,0,0,0,0,I
8759,0,0,0,0,0,0,0,0,0,0,0,I
8760,0,0,0,0,0,0,0,0,0,0,0,I
8761,0,0,0,0,0,0,0,0,0,0,0,I
8762,0,0,0,0,0,0,0,0,0,0,0,I
8763,0,0,0,0,0,0,0,0,0,0,0,I
8764,0,0,0,0,0,0,0,0,0,0,0,I
8765,0,0,0,0,0,0,0,0,0,0,0,I
8766,0,0,0,0,0,0,0,0,0,0,0,I
8767,0,0,0,0,0,0,0,0,0,0,0,I
8768,0,0,0,0,0,0,0,0,0,0,0,I
8769,0,0,0,0,0,0,0,0,0,0,0,I
8770,0,0,0,0,0,0,0,0,0,0,0,I
8771,0,0,0,0,0,0,0,0,0,0,0,I
8772,0,0,0,0,0,0,0,0,0,0,0,I
8773,0,0,0,0,0,0,0,0,0,0,0,I
8774,0,0,0,0,0,0,0,0,0,0,0,I
8775,0,0,0,0,0,0,0,0,0,0,0,I
8776,0,0,0,0,0,0,0,0,0,0,0,I
8777,0,0,0,0,0,0,0,0,0,0,0,I
8778,0,0,0,0,0,0,0,0,0,0,0,I
8779,0,0,0,0,0,0,0,0,0,0,0,I
8780,0,0,0,0,0,0,0,0,0,0,0,I
8781,0,0,0,0,0,0,0,0,0,0,0,I
8782,0,0,0,0,0,0,0,0,0,0,0,I
8783,0,0,0,0,0,0,0,0,0,0,0,I
8784,0,0,0,0,0,0,0,0,0,0,0,I
8785,0,0,0,0,0,0,0,0,0,0,0,I
8786,0,0,0,0,0,0,0,0,0,0,0,I
8787,0,0,0,0,0,0,0,0,0,0,0,I
8788,0,0,0,0,0,0,0,0,0,0,0,I
8789,0,0,0,0,0,0,0,0,0,0,0,I
8790,0,0,0,0,0,0,0,0,0,0,0,I
8791,0,0,0,0,0,0,0,0,0,0,0,I
8792,0,0,0,0,0,0,0,0,0,0,0,I
8793,0,0,0,0,0,0,0,0,0,0,0,I
8794,0,0,0,0,0,0,0,0,0,0,0,I
8795,0,0,0,0,0,0,0,0,0,0,0,I
8796,0,0,0,0,0,0,0,0,0,0,0,I
8797,0,0,0,0,0,0,0,0,0,0,0,I
8798,0,0,0,0,0,0,0,0,0,0,0,I
8799,0,0,0,0,0,0,0,0,0,0,0,I
8800,0,0,0,0,0,0,0,0,0,0,0,I
8801,0,0,0,0,0,0,0,0,0,0,0,I
8802,0,0,0,0,0,0,0,0,0,0,0,I
8803,0,0,0,0,0,0,0,0,0,0,0,I
8804,0,0,0,0,0,0,0,0,0,0,0,I
8805,0,0,0,0,0,0,0,0,0,0,0,I
8806,0,0,0,0,0,0,0,0,0,0,0,I
8807,0,0,0,0,0,0,0,0,0,0,0,I
8808,0,0,0,0,0,0,0,0,0,0,0,I
8809,0,0,0,0,0,0,0,0,0,0,0,I
8810,0,0,0,0,0,0,0,0,0,0,0,I
8811,0,0,0,0,0,0,0,0,0,0,0,I
8812,0,0,0,0,0,0,0,0,0,0,0,I
8813,0,0,0,0,0,0,0,0,0,0,0,I
8814,0,0,0,0,0,0,0,0,0,0,0,I
8815,0,0,0,0,0,0,0,0,0,0,0,I
8816,0,0,0,0,0,0,0,0,0,0,0,I
8817,0,0,0,0,0,0,0,0,0,0,0,I
8818,0,0,0,0,0,0,0,0,0,0,0,I
8819,0,0,0,0,0,0,0,0,0,0,0,I
8820,0,0,0,0,0,0,0,0,0,0,0,I
8821,0,0,0,0,0,0,0,0,0,0,0,I
8822,0,0,0,0,0,0,0,0,0,0,0,I
8823,0,0,0,0,0,0,0,0,0,0,0,I
8824,0,0,0,0,0,0,0,0,0,0,0,I
8825,0,0,0,0,0,0,0,0,0,0,0,I
8826,0,0,0,0,0,0,0,0,0,0,0,I
8827,0,0,0,0,0,0,0,0,0,0,0,I
8828,0,0,0,0,0,0,0,0,0,0,0,I
8829,0,0,0,0,0,0,0,0,0,0,0,I
8830,0,0,0,0,0,0,0,0,0,0,0,I
8831,0,0,0,0,0,0,0,0,0,0,0,I
8832,0,0,0,0,0,0,0,0,0,0,0,I
8833,0,0,0,0,0,0,0,0,0,0,0,I
8834,0,0,0,0,0,0,0,0,0,0,0,I
8835,0,0,0,0,0,0,0,0,0,0,0,I
8836,0,0,0,0,0,0,0,0,0,0,0,I
8837,0,0,0,0,0,0,0,0,0,0,0,I
8838,0,0,0,0,0,0,0,0,0,0,0,I
8839,0,0,0,0,0,0,0,0,0,0,0,I
8840,0,0,0,0,0,0,0,0,0,0,0,I
8841,0,0,0,0,0,0,0,0,0,0,0,I
8842,0,0,0,0,0,0,0,0,0,0,0,I
8843,0,0,0,0,0,0,0,0,0,0,0,I
8844,0,0,0,0,0,0,0,0,0,0,0,I
8845,0,0,0,0,0,0,0,0,0,0,0,I
8846,0,0,0,0,0,0,0,0,0,0,0,I
8847,0,0,0,0,0,0,0,0,0,0,0,I
8848,0,0,0,0,0,0,0,0,0,0,0,I
8849,0,0,0,0,0,0,0,0,0,0,0,I
8850,0,0,0,0,0,0,0,0,0,0,0,I
8851,0,0,0,0,0,0,0,0,0,0,0,I
8852,0,0,0,0,0,0,0,0,0,0,0,I
8853,0,0,0,0,0,0,0,0,0,0,0,I
8854,0,0,0,0,0,0,0,0,0,0,0,I
8855,0,0,0,0,0,0,0,0,0,0,0,I
8856,0,0,0,0,0,0,0,0,0,0,0,I
8857,0,0,0,0,0,0,0,0,0,0,0,I
8858,0,0,0,0,0,0,0,0,0,0,0,I
8859,0,0,0,0,0,0,0,0,0,0,0,I
8860,0,0,0,0,0,0,0,0,0,0,0,I
8861,0,0,0,0,0,0,0,0,0,0,0,I
8862,0,0,0,0,0,0,0,0,0,0,0,I
8863,0,0,0,0,0,0,0,0,0,0,0,I
8864,0,0,0,0,0,0,0,0,0,0,0,I
8865,0,0,0,0,0,0,0,0,0,0,0,I
8866,0,0,0,0,0,0,0,0,0,0,0,I
8867,0,0,0,0,0,0,0,0,0,0,0,I
8868,0,0,0,0,0,0,0,0,0,0,0,I
8869,0,0,0,0,0,0,0,0,0,0,0,I
8870,0,0,0,0,0,0,0,0,0,0,0,I
8871,0,0,0,0,0,0,0,0,0,0,0,I
8872,0,0,0,0,0,0,0,0,0,0,0,I
8873,0,0,0,0,0,0,0,0,0,0,0,I
8874,0,0,0,0,0,0,0,0,0,0,0,I
8875,0,0,0,0,0,0,0,0,0,0,0,I
8876,0,0,0,0,0,0,0,0,0,0,0,I
8877,0,0,0,0,0,0,0,0,0,0,0,I
8878,0,0,0,0,0,0,0,0,0,0,0,I
8879,0,0,0,0,0,0,0,0,0,0,0,I
8880,0,0,0,0,0,0,0,0,0,0,0,I
8881,0,0,0,0,0,0,0,0,0,0,0,I
8882,0,0,0,0,0,0,0,0,0,0,0,I
8883,0,0,0,0,0,0,0,0,0,0,0,I
8884,0,0,0,0,0,0,0,0,0,0,0,I
8885,0,0,0,0,0,0,0,0,0,0,0,I
8886,0,0,0,0,0,0,0,0,0,0,0,I
8887,0,0,0,0,0,0,0,0,0,0,0,I
8888,0,0,0,0,0,0,0,0,0,0,0,I
8889,0,0,0,0,0,0,0,0,0,0,0,I
8890,0,0,0,0,0,0,0,0,0,0,0,I
8891,0,0,0,0,0,0,0,0,0,0,0,I
8892,0,0,0,0,0,0,0,0,0,0,0,I
8893,0,0,0,0,0,0,0,0,0,0,0,I
8894,0,0,0,0,0,0,0,0,0,0,0,I
8895,0,0,0,0,0,0,0,0,0,0,0,I
8896,0,0,0,0,0,0,0,0,0,0,0,I
8897,0,0,0,0,0,0,0,0,0,0,0,I
8898,0,0,0,0,0,0,0,0,0,0,0,I
8899,0,0,0,0,0,0,0,0,0,0,0,I
8900,0,0,0,0,0,0,0,0,0,0,0,I
8901,0,0,0,0,0,0,0,0,0,0,0,I
8902,0,0,0,0,0,0,0,0,0,0,0,I
8903,0,0,0,0,0,0,0,0,0,0,0,I
8904,0,0,0,0,0,0,0,0,0,0,0,I
8905,0,0,0,0,0,0,0,0,0,0,0,I
8906,0,0,0,0,0,0,0,0,0,0,0,I
8907,0,0,0,0,0,0,0,0,0,0,0,I
8908,0,0,0,0,0,0,0,0,0,0,0,I
8909,0,0,0,0,0,0,0,0,0,0,0,I
8910,0,0,0,0,0,0,0,0,0,0,0,I
8911,0,0,0,0,0,0,0,0,0,0,0,I
8912,0,0,0,0,0,0,0,0,0,0,0,I
8913,0,0,0,0,0,0,0,0,0,0,0,I
8914,0,0,0,0,0,0,0,0,0,0,0,I
8915,0,0,0,0,0,0,0,0,0,0,0,I
8916,0,0,0,0,0,0,0,0,0,0,0,I
8917,0,0,0,0,0,0,0,0,0,0,0,I
8918,0,0,0,0,0,0,0,0,0,0,0,I
8919,0,0,0,0,0,0,0,0,0,0,0,I
8920,0,0,0,0,0,0,0,0,0,0,0,I
8921,0,0,0,0,0,0,0,0,0,0,0,I
8922,0,0,0,0,0,0,0,0,0,0,0,I
8923,0,0,0,0,0,0,0,0,0,0,0,I
8924,0,0,0,0,0,0,0,0,0,0,0,I
8925,0,0,0,0,0,0,0,0,0,0,0,I
8926,0,0,0,0,0,0,0,0,0,0,0,I
8927,0,0,0,0,0,0,0,0,0,0,0,I
8928,0,0,0,0,0,0,0,0,0,0,0,I
8929,0,0,0,0,0,0,0,0,0,0,0,I
8930,0,0,0,0,0,0,0,0,0,0,0,I
8931,0,0,0,0,0,0,0,0,0,0,0,I
8932,0,0,0,0,0,0,0,0,0,0,0,I
8933,0,0,0,0,0,0,0,0,0,0,0,I
8934,0,0,0,0,0,0,0,0,0,0,0,I
8935,0,0,0,0,0,0,0,0,0,0,0,I
8936,0,0,0,0,0,0,0,0,0,0,0,I
8937,0,0,0,0,0,0,0,0,0,0,0,I
8938,0,0,0,0,0,0,0,0,0,0,0,I
8939,0,0,0,0,0,0,0,0,0,0,0,I
8940,0,0,0,0,0,0,0,0,0,0,0,I
8941,0,0,0,0,0,0,0,0,0,0,0,I
8942,0,0,0,0,0,0,0,0,0,0,0,I
8943,0,0,0,0,0,0,0,0,0,0,0,I
8944,0,0,0,0,0,0,0,0,0,0,0,I
8945,0,0,0,0,0,0,0,0,0,0,0,I
8946,0,0,0,0,0,0,0,0,0,0,0,I
8947,0,0,0,0,0,0,0,0,0,0,0,I
8948,0,0,0,0,0,0,0,0,0,0,0,I
8949,0,0,0,0,0,0,0,0,0,0,0,I
8950,0,0,0,0,0,0,0,0,0,0,0,I
8951,0,0,0,0,0,0,0,0,0,0,0,I
8952,0,0,0,0,0,0,0,0,0,0,0,I
8953,0,0,0,0,0,0,0,0,0,0,0,I
8954,0,0,0,0,0,0,0,0,0,0,0,I
8955,0,0,0,0,0,0,0,0,0,0,0,I
8956,0,0,0,0,0,0,0,0,0,0,0,I
8957,0,0,0,0,0,0,0,0,0,0,0,I
8958,0,0,0,0,0,0,0,0,0,0,0,I
8959,0,0,0,0,0,0,0,0,0,0,0,I
8960,0,0,0,0,0,0,0,0,0,0,0,I
8961,0,0,0,0,0,0,0,0,0,0,0,I
8962,0,0,0,0,0,0,0,0,0,0,0,I
8963,0,0,0,0,0,0,0,0,0,0,0,I
8964,0,0,0,0,0,0,0,0,0,0,0,I
8965,0,0,0,0,0,0,0,0,0,0,0,I
8966,0,0,0,0,0,0,0,0,0,0,0,I
8967,0,0,0,0,0,0,0,0,0,0,0,I
8968,0,0,0,0,0,0,0,0,0,0,0,I
8969,0,0,0,0,0,0,0,0,0,0,0,I
8970,0,0,0,0,0,0,0,0,0,0,0,I
8971,0,0,0,0,0,0,0,0,0,0,0,I
8972,0,0,0,0,0,0,0,0,0,0,0,I
8973,0,0,0,0,0,0,0,0,0,0,0,I
8974,0,0,0,0,0,0,0,0,0,0,0,I
8975,0,0,0,0,0,0,0,0,0,0,0,I
8976,0,0,0,0,0,0,0,0,0,0,0,I
8977,0,0,0,0,0,0,0,0,0,0,0,I
8978,0,0,0,0,0,0,0,0,0,0,0,I
8979,0,0,0,0,0,0,0,0,0,0,0,I
8980,0,0,0,0,0,0,0,0,0,0,0,I
8981,0,0,0,0,0,0,0,0,0,0,0,I
8982,0,0,0,0,0,0,0,0,0,0,0,I
8983,0,0,0,0,0,0,0,0,0,0,0,I
8984,0,0,0,0,0,0,0,0,0,0,0,I
8985,0,0,0,0,0,0,0,0,0,0,0,I
8986,0,0,0,0,0,0,0,0,0,0,0,I
8987,0,0,0,0,0,0,0,0,0,0,0,I
8988,0,0,0,0,0,0,0,0,0,0,0,I
8989,0,0,0,0,0,0,0,0,0,0,0,I
8990,0,0,0,0,0,0,0,0,0,0,0,I
8991,0,0,0,0,0,0,0,0,0,0,0,I
8992,0,0,0,0,0,0,0,0,0,0,0,I
8993,0,0,0,0,0,0,0,0,0,0,0,I
8994,0,0,0,0,0,0,0,0,0,0,0,I
8995,0,0,0,0,0,0,0,0,0,0,0,I
8996,0,0,0,0,0,0,0,0,0,0,0,I
8997,0,0,0,0,0,0,0,0,0,0,0,I
8998,0,0,0,0,0,0,0,0,0,0,0,I
8999,0,0,0,0,0,0,0,0,0,0,0,I
9000,0,0,0,0,0,0,0,0,0,0,0,I
9001,0,0,0,0,0,0,0,0,0,0,0,I
9002,0,0,0,0,0,0,0,0,0,0,0,I
9003,0,0,0,0,0,0,0,0,0,0,0,I
9004,0,0,0,0,0,0,0,0,0,0,0,I
9005,0,0,0,0,0,0,0,0,0,0,0,I
9006,0,0,0,0,0,0,0,0,0,0,0,I
9007,0,0,0,0,0,0,0,0,0,0,0,I
9008,0,0,0,0,0,0,0,0,0,0,0,I
9009,0,0,0,0,0,0,0,0,0,0,0,I
9010,0,0,0,0,0,0,0,0,0,0,0,I
9011,0,0,0,0,0,0,0,0,0,0,0,I
9012,0,0,0,0,0,0,0,0,0,0,0,I
9013,0,0,0,0,0,0,0,0,0,0,0,I
9014,0,0,0,0,0,0,0,0,0,0,0,I
9015,0,0,0,0,0,0,0,0,0,0,0,I
9016,0,0,0,0,0,0,0,0,0,0,0,I
9017,0,0,0,0,0,0,0,0,0,0,0,I
9018,0,0,0,0,0,0,0,0,0,0,0,I
9019,0,0,0,0,0,0,0,0,0,0,0,I
9020,0,0,0,0,0,0,0,0,0,0,0,I
9021,0,0,0,0,0,0,0,0,0,0,0,I
9022,0,0,0,0,0,0,0,0,0,0,0,I
9023,0,0,0,0,0,0,0,0,0,0,0,I
9024,0,0,0,0,0,0,0,0,0,0,0,I
9025,0,0,0,0,0,0,0,0,0,0,0,I
9026,0,0,0,0,0,0,0,0,0,0,0,I
9027,0,0,0,0,0,0,0,0,0,0,0,I
9028,0,0,0,0,0,0,0,0,0,0,0,I
9029,0,0,0,0,0,0,0,0,0,0,0,I
9030,0,0,0,0,0,0,0,0,0,0,0,I
9031,0,0,0,0,0,0,0,0,0,0,0,I
9032,0,0,0,0,0,0,0,0,0,0,0,I
9033,0,0,0,0,0,0,0,0,0,0,0,I
9034,0,0,0,0,0,0,0,0,0,0,0,I
9035,0,0,0,0,0,0,0,0,0,0,0,I
9036,0,0,0,0,0,0,0,0,0,0,0,I
9037,0,0,0,0,0,0,0,0,0,0,0,I
9038,0,0,0,0,0,0,0,0,0,0,0,I
9039,0,0,0,0,0,0,0,0,0,0,0,I
9040,0,0,0,0,0,0,0,0,0,0,0,I
9041,0,0,0,0,0,0,0,0,0,0,0,I
9042,0,0,0,0,0,0,0,0,0,0,0,I
9043,0,0,0,0,0,0,0,0,0,0,0,I
9044,0,0,0,0,0,0,0,0,0,0,0,I
9045,0,0,0,0,0,0,0,0,0,0,0,I
9046,0,0,0,0,0,0,0,0,0,0,0,I
9047,0,0,0,0,0,0,0,0,0,0,0,I
9048,0,0,0,0,0,0,0,0,0,0,0,I
9049,0,0,0,0,0,0,0,0,0,0,0,I
9050,0,0,0,0,0,0,0,0,0,0,0,I
9051,0,0,0,0,0,0,0,0,0,0,0,I
9052,0,0,0,0,0,0,0,0,0,0,0,I
9053,0,0,0,0,0,0,0,0,0,0,0,I
9054,0,0,0,0,0,0,0,0,0,0,0,I
9055,0,0,0,0,0,0,0,0,0,0,0,I
9056,0,0,0,0,0,0,0,0,0,0,0,I
9057,0,0,0,0,0,0,0,0,0,0,0,I
9058,0,0,0,0,0,0,0,0,0,0,0,I
9059,0,0,0,0,0,0,0,0,0,0,0,I
9060,0,0,0,0,0,0,0,0,0,0,0,I
9061,0,0,0,0,0,0,0,0,0,0,0,I
9062,0,0,0,0,0,0,0,0,0,0,0,I
9063,0,0,0,0,0,0,0,0,0,0,0,I
9064,0,0,0,0,0,0,0,0,0,0,0,I
9065,0,0,0,0,0,0,0,0,0,0,0,I
9066,0,0,0,0,0,0,0,0,0,0,0,I
9067,0,0,0,0,0,0,0,0,0,0,0,I
9068,0,0,0,0,0,0,0,0,0,0,0,I
9069,0,0,0,0,0,0,0,0,0,0,0,I
9070,0,0,0,0,0,0,0,0,0,0,0,I
9071,0,0,0,0,0,0,0,0,0,0,0,I
9072,0,0,0,0,0,0,0,0,0,0,0,I
9073,0,0,0,0,0,0,0,0,0,0,0,I
9074,0,0,0,0,0,0,0,0,0,0,0,I
9075,0,0,0,0,0,0,0,0,0,0,0,I
9076,0,0,0,0,0,0,0,0,0,0,0,I
9077,0,0,0,0,0,0,0,0,0,0,0,I
9078,0,0,0,0,0,0,0,0,0,0,0,I
9079,0,0,0,0,0,0,0,0,0,0,0,I
9080,0,0,0,0,0,0,0,0,0,0,0,I
9081,0,0,0,0,0,0,0,0,0,0,0,I
9082,0,0,0,0,0,0,0,0,0,0,0,I
9083,0,0,0,0,0,0,0,0,0,0,0,I
9084,0,0,0,0,0,0,0,0,0,0,0,I
9085,0,0,0,0,0,0,0,0,0,0,0,I
9086,0,0,0,0,0,0,0,0,0,0,0,I
9087,0,0,0,0,0,0,0,0,0,0,0,I
9088,0,0,0,0,0,0,0,0,0,0,0,I
9089,0,0,0,0,0,0,0,0,0,0,0,I
9090,0,0,0,0,0,0,0,0,0,0,0,I
9091,0,0,0,0,0,0,0,0,0,0,0,I
9092,0,0,0,0,0,0,0,0,0,0,0,I
9093,0,0,0,0,0,0,0,0,0,0,0,I
9094,0,0,0,0,0,0,0,0,0,0,0,I
9095,0,0,0,0,0,0,0,0,0,0,0,I
9096,0,0,0,0,0,0,0,0,0,0,0,I
9097,0,0,0,0,0,0,0,0,0,0,0,I
9098,0,0,0,0,0,0,0,0,0,0,0,I
9099,0,0,0,0,0,0,0,0,0,0,0,I
9100,0,0,0,0,0,0,0,0,0,0,0,I
9101,0,0,0,0,0,0,0,0,0,0,0,I
9102,0,0,0,0,0,0,0,0,0,0,0,I
9103,0,0,0,0,0,0,0,0,0,0,0,I
9104,0,0,0,0,0,0,0,0,0,0,0,I
9105,0,0,0,0,0,0,0,0,0,0,0,I
9106,0,0,0,0,0,0,0,0,0,0,0,I
9107,0,0,0,0,0,0,0,0,0,0,0,I
9108,0,0,0,0,0,0,0,0,0,0,0,I
9109,0,0,0,0,0,0,0,0,0,0,0,I
9110,0,0,0,0,0,0,0,0,0,0,0,I
9111,0,0,0,0,0,0,0,0,0,0,0,I
9112,0,0,0,0,0,0,0,0,0,0,0,I
9113,0,0,0,0,0,0,0,0,0,0,0,I
9114,0,0,0,0,0,0,0,0,0,0,0,I
9115,0,0,0,0,0,0,0,0,0,0,0,I
9116,0,0,0,0,0,0,0,0,0,0,0,I
9117,0,0,0,0,0,0,0,0,0,0,0,I
9118,0,0,0,0,0,0,0,0,0,0,0,I
9119,0,0,0,0,0,0,0,0,0,0,0,I
9120,0,0,0,0,0,0,0,0,0,0,0,I
9121,0,0,0,0,0,0,0,0,0,0,0,I
9122,0,0,0,0,0,0,0,0,0,0,0,I
9123,0,0,0,0,0,0,0,0,0,0,0,I
9124,0,0,0,0,0,0,0,0,0,0,0,I
9125,0,0,0,0,0,0,0,0,0,0,0,I
9126,0,0,0,0,0,0,0,0,0,0,0,I
9127,0,0,0,0,0,0,0,0,0,0,0,I
9128,0,0,0,0,0,0,0,0,0,0,0,I
9129,0,0,0,0,0,0,0,0,0,0,0,I
9130,0,0,0,0,0,0,0,0,0,0,0,I
9131,0,0,0,0,0,0,0,0,0,0,0,I
9132,0,0,0,0,0,0,0,0,0,0,0,I
9133,0,0,0,0,0,0,0,0,0,0,0,I
9134,0,0,0,0,0,0,0,0,0,0,0,I
9135,0,0,0,0,0,0,0,0,0,0,0,I
9136,0,0,0,0,0,0,0,0,0,0,0,I
9137,0,0,0,0,0,0,0,0,0,0,0,I
9138,0,0,0,0,0,0,0,0,0,0,0,I
9139,0,0,0,0,0,0,0,0,0,0,0,I
9140,0,0,0,0,0,0,0,0,0,0,0,I
9141,0,0,0,0,0,0,0,0,0,0,0,I
9142,0,0,0,0,0,0,0,0,0,0,0,I
9143,0,0,0,0,0,0,0,0,0,0,0,I
9144,0,0,0,0,0,0,0,0,0,0,0,I
9145,0,0,0,0,0,0,0,0,0,0,0,I
9146,0,0,0,0,0,0,0,0,0,0,0,I
9147,0,0,0,0,0,0,0,0,0,0,0,I
9148,0,0,0,0,0,0,0,0,0,0,0,I
9149,0,0,0,0,0,0,0,0,0,0,0,I
9150,0,0,0,0,0,0,0,0,0,0,0,I
9151,0,0,0,0,0,0,0,0,0,0,0,I
9152,0,0,0,0,0,0,0,0,0,0,0,I
9153,0,0,0,0,0,0,0,0,0,0,0,I
9154,0,0,0,0,0,0,0,0,0,0,0,I
9155,0,0,0,0,0,0,0,0,0,0,0,I
9156,0,0,0,0,0,0,0,0,0,0,0,I
9157,0,0,0,0,0,0,0,0,0,0,0,I
9158,0,0,0,0,0,0,0,0,0,0,0,I
9159,0,0,0,0,0,0,0,0,0,0,0,I
9160,0,0,0,0,0,0,0,0,0,0,0,I
9161,0,0,0,0,0,0,0,0,0,0,0,I
9162,0,0,0,0,0,0,0,0,0,0,0,I
9163,0,0,0,0,0,0,0,0,0,0,0,I
9164,0,0,0,0,0,0,0,0,0,0,0,I
9165,0,0,0,0,0,0,0,0,0,0,0,I
9166,0,0,0,0,0,0,0,0,0,0,0,I
9167,0,0,0,0,0,0,0,0,0,0,0,I
9168,0,0,0,0,0,0,0,0,0,0,0,I
9169,0,0,0,0,0,0,0,0,0,0,0,I
9170,0,0,0,0,0,0,0,0,0,0,0,I
9171,0,0,0,0,0,0,0,0,0,0,0,I
9172,0,0,0,0,0,0,0,0,0,0,0,I
9173,0,0,0,0,0,0,0,0,0,0,0,I
9174,0,0,0,0,0,0,0,0,0,0,0,I
9175,0,0,0,0,0,0,0,0,0,0,0,I
9176,0,0,0,0,0,0,0,0,0,0,0,I
9177,0,0,0,0,0,0,0,0,0,0,0,I
9178,0,0,0,0,0,0,0,0,0,0,0,I
9179,0,0,0,0,0,0,0,0,0,0,0,I
9180,0,0,0,0,0,0,0,0,0,0,0,I
9181,0,0,0,0,0,0,0,0,0,0,0,I
9182,0,0,0,0,0,0,0,0,0,0,0,I
9183,0,0,0,0,0,0,0,0,0,0,0,I
9184,0,0,0,0,0,0,0,0,0,0,0,I
9185,0,0,0,0,0,0,0,0,0,0,0,I
9186,0,0,0,0,0,0,0,0,0,0,0,I
9187,0,0,0,0,0,0,0,0,0,0,0,I
9188,0,0,0,0,0,0,0,0,0,0,0,I
9189,0,0,0,0,0,0,0,0,0,0,0,I
9190,0,0,0,0,0,0,0,0,0,0,0,I
9191,0,0,0,0,0,0,0,0,0,0,0,I
9192,0,0,0,0,0,0,0,0,0,0,0,I
9193,0,0,0,0,0,0,0,0,0,0,0,I
9194,0,0,0,0,0,0,0,0,0,0,0,I
9195,0,0,0,0,0,0,0,0,0,0,0,I
9196,0,0,0,0,0,0,0,0,0,0,0,I
9197,0,0,0,0,0,0,0,0,0,0,0,I
9198,0,0,0,0,0,0,0,0,0,0,0,I
9199,0,0,0,0,0,0,0,0,0,0,0,I
9200,0,0,0,0,0,0,0,0,0,0,0,I
9201,0,0,0,0,0,0,0,0,0,0,0,I
9202,0,0,0,0,0,0,0,0,0,0,0,I
9203,0,0,0,0,0,0,0,0,0,0,0,I
9204,0,0,0,0,0,0,0,0,0,0,0,I
9205,0,0,0,0,0,0,0,0,0,0,0,I
9206,0,0,0,0,0,0,0,0,0,0,0,I
9207,0,0,0,0,0,0,0,0,0,0,0,I
9208,0,0,0,0,0,0,0,0,0,0,0,I
9209,0,0,0,0,0,0,0,0,0,0,0,I
9210,0,0,0,0,0,0,0,0,0,0,0,I
9211,0,0,0,0,0,0,0,0,0,0,0,I
9212,0,0,0,0,0,0,0,0,0,0,0,I
9213,0,0,0,0,0,0,0,0,0,0,0,I
9214,0,0,0,0,0,0,0,0,0,0,0,I
9215,0,0,0,0,0,0,0,0,0,0,0,I
9216,0,0,0,0,0,0,0,0,0,0,0,I
9217,0,0,0,0,0,0,0,0,0,0,0,I
9218,0,0,0,0,0,0,0,0,0,0,0,I
9219,0,0,0,0,0,0,0,0,0,0,0,I
9220,0,0,0,0,0,0,0,0,0,0,0,I
9221,0,0,0,0,0,0,0,0,0,0,0,I
9222,0,0,0,0,0,0,0,0,0,0,0,I
9223,0,0,0,0,0,0,0,0,0,0,0,I
9224,0,0,0,0,0,0,0,0,0,0,0,I
9225,0,0,0,0,0,0,0,0,0,0,0,I
9226,0,0,0,0,0,0,0,0,0,0,0,I
9227,0,0,0,0,0,0,0,0,0,0,0,I
9228,0,0,0,0,0,0,0,0,0,0,0,I
9229,0,0,0,0,0,0,0,0,0,0,0,I
9230,0,0,0,0,0,0,0,0,0,0,0,I
9231,0,0,0,0,0,0,0,0,0,0,0,I
9232,0,0,0,0,0,0,0,0,0,0,0,I
9233,0,0,0,0,0,0,0,0,0,0,0,I
9234,0,0,0,0,0,0,0,0,0,0,0,I
9235,0,0,0,0,0,0,0,0,0,0,0,I
9236,0,0,0,0,0,0,0,0,0,0,0,I
9237,0,0,0,0,0,0,0,0,0,0,0,I
9238,0,0,0,0,0,0,0,0,0,0,0,I
9239,0,0,0,0,0,0,0,0,0,0,0,I
9240,0,0,0,0,0,0,0,0,0,0,0,I
9241,0,0,0,0,0,0,0,0,0,0,0,I
9242,0,0,0,0,0,0,0,0,0,0,0,I
9243,0,0,0,0,0,0,0,0,0,0,0,I
9244,0,0,0,0,0,0,0,0,0,0,0,I
9245,0,0,0,0,0,0,0,0,0,0,0,I
9246,0,0,0,0,0,0,0,0,0,0,0,I
9247,0,0,0,0,0,0,0,0,0,0,0,I
9248,0,0,0,0,0,0,0,0,0,0,0,I
9249,0,0,0,0,0,0,0,0,0,0,0,I
9250,0,0,0,0,0,0,0,0,0,0,0,I
9251,0,0,0,0,0,0,0,0,0,0,0,I
9252,0,0,0,0,0,0,0,0,0,0,0,I
9253,0,0,0,0,0,0,0,0,0,0,0,I
9254,0,0,0,0,0,0,0,0,0,0,0,I
9255,0,0,0,0,0,0,0,0,0,0,0,I
9256,0,0,0,0,0,0,0,0,0,0,0,I
9257,0,0,0,0,0,0,0,0,0,0,0,I
9258,0,0,0,0,0,0,0,0,0,0,0,I
9259,0,0,0,0,0,0,0,0,0,0,0,I
9260,0,0,0,0,0,0,0,0,0,0,0,I
9261,0,0,0,0,0,0,0,0,0,0,0,I
9262,0,0,0,0,0,0,0,0,0,0,0,I
9263,0,0,0,0,0,0,0,0,0,0,0,I
9264,0,0,0,0,0,0,0,0,0,0,0,I
9265,0,0,0,0,0,0,0,0,0,0,0,I
9266,0,0,0,0,0,0,0,0,0,0,0,I
9267,0,0,0,0,0,0,0,0,0,0,0,I
9268,0,0,0,0,0,0,0,0,0,0,0,I
9269,0,0,0,0,0,0,0,0,0,0,0,I
9270,0,0,0,0,0,0,0,0,0,0,0,I
9271,0,0,0,0,0,0,0,0,0,0,0,I
9272,0,0,0,0,0,0,0,0,0,0,0,I
9273,0,0,0,0,0,0,0,0,0,0,0,I
9274,0,0,0,0,0,0,0,0,0,0,0,I
9275,0,0,0,0,0,0,0,0,0,0,0,I
9276,0,0,0,0,0,0,0,0,0,0,0,I
9277,0,0,0,0,0,0,0,0,0,0,0,I
9278,0,0,0,0,0,0,0,0,0,0,0,I
9279,0,0,0,0,0,0,0,0,0,0,0,I
9280,0,0,0,0,0,0,0,0,0,0,0,I
9281,0,0,0,0,0,0,0,0,0,0,0,I
9282,0,0,0,0,0,0,0,0,0,0,0,I
9283,0,0,0,0,0,0,0,0,0,0,0,I
9284,0,0,0,0,0,0,0,0,0,0,0,I
9285,0,0,0,0,0,0,0,0,0,0,0,I
9286,0,0,0,0,0,0,0,0,0,0,0,I
9287,0,0,0,0,0,0,0,0,0,0,0,I
9288,0,0,0,0,0,0,0,0,0,0,0,I
9289,0,0,0,0,0,0,0,0,0,0,0,I
9290,0,0,0,0,0,0,0,0,0,0,0,I
9291,0,0,0,0,0,0,0,0,0,0,0,I
9292,0,0,0,0,0,0,0,0,0,0,0,I
9293,0,0,0,0,0,0,0,0,0,0,0,I
9294,0,0,0,0,0,0,0,0,0,0,0,I
9295,0,0,0,0,0,0,0,0,0,0,0,I
9296,0,0,0,0,0,0,0,0,0,0,0,I
9297,0,0,0,0,0,0,0,0,0,0,0,I
9298,0,0,0,0,0,0,0,0,0,0,0,I
9299,0,0,0,0,0,0,0,0,0,0,0,I
9300,0,0,0,0,0,0,0,0,0,0,0,I
9301,0,0,0,0,0,0,0,0,0,0,0,I
9302,0,0,0,0,0,0,0,0,0,0,0,I
9303,0,0,0,0,0,0,0,0,0,0,0,I
9304,0,0,0,0,0,0,0,0,0,0,0,I
9305,0,0,0,0,0,0,0,0,0,0,0,I
9306,0,0,0,0,0,0,0,0,0,0,0,I
9307,0,0,0,0,0,0,0,0,0,0,0,I
9308,0,0,0,0,0,0,0,0,0,0,0,I
9309,0,0,0,0,0,0,0,0,0,0,0,I
9310,0,0,0,0,0,0,0,0,0,0,0,I
9311,0,0,0,0,0,0,0,0,0,0,0,I
9312,0,0,0,0,0,0,0,0,0,0,0,I
9313,0,0,0,0,0,0,0,0,0,0,0,I
9314,0,0,0,0,0,0,0,0,0,0,0,I
9315,0,0,0,0,0,0,0,0,0,0,0,I
9316,0,0,0,0,0,0,0,0,0,0,0,I
9317,0,0,0,0,0,0,0,0,0,0,0,I
9318,0,0,0,0,0,0,0,0,0,0,0,I
9319,0,0,0,0,0,0,0,0,0,0,0,I
9320,0,0,0,0,0,0,0,0,0,0,0,I
9321,0,0,0,0,0,0,0,0,0,0,0,I
9322,0,0,0,0,0,0,0,0,0,0,0,I
9323,0,0,0,0,0,0,0,0,0,0,0,I
9324,0,0,0,0,0,0,0,0,0,0,0,I
9325,0,0,0,0,0,0,0,0,0,0,0,I
9326,0,0,0,0,0,0,0,0,0,0,0,I
9327,0,0,0,0,0,0,0,0,0,0,0,I
9328,0,0,0,0,0,0,0,0,0,0,0,I
9329,0,0,0,0,0,0,0,0,0,0,0,I
9330,0,0,0,0,0,0,0,0,0,0,0,I
9331,0,0,0,0,0,0,0,0,0,0,0,I
9332,0,0,0,0,0,0,0,0,0,0,0,I
9333,0,0,0,0,0,0,0,0,0,0,0,I
9334,0,0,0,0,0,0,0,0,0,0,0,I
9335,0,0,0,0,0,0,0,0,0,0,0,I
9336,0,0,0,0,0,0,0,0,0,0,0,I
9337,0,0,0,0,0,0,0,0,0,0,0,I
9338,0,0,0,0,0,0,0,0,0,0,0,I
9339,0,0,0,0,0,0,0,0,0,0,0,I
9340,0,0,0,0,0,0,0,0,0,0,0,I
9341,0,0,0,0,0,0,0,0,0,0,0,I
9342,0,0,0,0,0,0,0,0,0,0,0,I
9343,0,0,0,0,0,0,0,0,0,0,0,I
9344,0,0,0,0,0,0,0,0,0,0,0,I
9345,0,0,0,0,0,0,0,0,0,0,0,I
9346,0,0,0,0,0,0,0,0,0,0,0,I
9347,0,0,0,0,0,0,0,0,0,0,0,I
9348,0,0,0,0,0,0,0,0,0,0,0,I
9349,0,0,0,0,0,0,0,0,0,0,0,I
9350,0,0,0,0,0,0,0,0,0,0,0,I
9351,0,0,0,0,0,0,0,0,0,0,0,I
9352,0,0,0,0,0,0,0,0,0,0,0,I
9353,0,0,0,0,0,0,0,0,0,0,0,I
9354,0,0,0,0,0,0,0,0,0,0,0,I
9355,0,0,0,0,0,0,0,0,0,0,0,I
9356,0,0,0,0,0,0,0,0,0,0,0,I
9357,0,0,0,0,0,0,0,0,0,0,0,I
9358,0,0,0,0,0,0,0,0,0,0,0,I
9359,0,0,0,0,0,0,0,0,0,0,0,I
9360,0,0,0,0,0,0,0,0,0,0,0,I
9361,0,0,0,0,0,0,0,0,0,0,0,I
9362,0,0,0,0,0,0,0,0,0,0,0,I
9363,0,0,0,0,0,0,0,0,0,0,0,I
9364,0,0,0,0,0,0,0,0,0,0,0,I
9365,0,0,0,0,0,0,0,0,0,0,0,I
9366,0,0,0,0,0,0,0,0,0,0,0,I
9367,0,0,0,0,0,0,0,0,0,0,0,I
9368,0,0,0,0,0,0,0,0,0,0,0,I
9369,0,0,0,0,0,0,0,0,0,0,0,I
9370,0,0,0,0,0,0,0,0,0,0,0,I
9371,0,0,0,0,0,0,0,0,0,0,0,I
9372,0,0,0,0,0,0,0,0,0,0,0,I
9373,0,0,0,0,0,0,0,0,0,0,0,I
9374,0,0,0,0,0,0,0,0,0,0,0,I
9375,0,0,0,0,0,0,0,0,0,0,0,I
9376,0,0,0,0,0,0,0,0,0,0,0,I
9377,0,0,0,0,0,0,0,0,0,0,0,I
9378,0,0,0,0,0,0,0,0,0,0,0,I
9379,0,0,0,0,0,0,0,0,0,0,0,I
9380,0,0,0,0,0,0,0,0,0,0,0,I
9381,0,0,0,0,0,0,0,0,0,0,0,I
9382,0,0,0,0,0,0,0,0,0,0,0,I
9383,0,0,0,0,0,0,0,0,0,0,0,I
9384,0,0,0,0,0,0,0,0,0,0,0,I
9385,0,0,0,0,0,0,0,0,0,0,0,I
9386,0,0,0,0,0,0,0,0,0,0,0,I
9387,0,0,0,0,0,0,0,0,0,0,0,I
9388,0,0,0,0,0,0,0,0,0,0,0,I
9389,0,0,0,0,0,0,0,0,0,0,0,I
9390,0,0,0,0,0,0,0,0,0,0,0,I
9391,0,0,0,0,0,0,0,0,0,0,0,I
9392,0,0,0,0,0,0,0,0,0,0,0,I
9393,0,0,0,0,0,0,0,0,0,0,0,I
9394,0,0,0,0,0,0,0,0,0,0,0,I
9395,0,0,0,0,0,0,0,0,0,0,0,I
9396,0,0,0,0,0,0,0,0,0,0,0,I
9397,0,0,0,0,0,0,0,0,0,0,0,I
9398,0,0,0,0,0,0,0,0,0,0,0,I
9399,0,0,0,0,0,0,0,0,0,0,0,I
9400,0,0,0,0,0,0,0,0,0,0,0,I
9401,0,0,0,0,0,0,0,0,0,0,0,I
9402,0,0,0,0,0,0,0,0,0,0,0,I
9403,0,0,0,0,0,0,0,0,0,0,0,I
9404,0,0,0,0,0,0,0,0,0,0,0,I
9405,0,0,0,0,0,0,0,0,0,0,0,I
9406,0,0,0,0,0,0,0,0,0,0,0,I
9407,0,0,0,0,0,0,0,0,0,0,0,I
9408,0,0,0,0,0,0,0,0,0,0,0,C
9409,0,0,0,0,0,0,0,0,0,0,0,C
9410,0,0,0,0,0,0,0,0,0,0,0,C
9411,0,0,0,0,0,0,0,0,0,0,0,C
9412,0,0,0,0,0,0,0,0,0,0,0,C
9413,0,0,0,0,0,0,0,0,0,0,0,C
9414,0,0,0,0,0,0,0,0,0,0,0,C
9415,0,0,0,0,0,0,0,0,0,0,0,C
9416,0,0,0,0,1,0,0,0,0,0,0,C
9417,0,0,0,0,1,0,0,0,0,0,0,C
9418,0,0,0,0,1,0,0,0,0,0,0,C
9419,0,0,0,0,1,0,0,0,0,0,0,C
9420,0,0,0,0,1,0,0,0,0,0,0,C
9421,0,0,0,0,1,0,0,0,0,0,0,C
9422,0,0,0,0,1,0,0,0,0,0,0,C
9423,0,0,0,0,1,0,0,0,0,0,0,C
9424,0,0,0,0,1,0,0,0,0,0,0,C
9425,0,0,0,0,1,0,0,0,0,0,0,C
9426,0,0,0,0,1,0,0,0,0,0,0,C
9427,0,0,0,0,1,0,0,0,0,0,0,C
9428,0,0,0,0,1,0,0,0,0,0,0,C
9429,0,0,0,0,1,0,0,0,0,0,0,C
9430,0,0,0,0,1,0,0,0,0,0,0,C
9431,0,0,0,0,1,0,0,0,0,0,0,C
9432,0,0,0,0,1,0,0,0,0,0,0,C
9433,0,0,0,0,1,0,0,0,0,0,0,C
9434,0,0,0,0,1,0,0,0,0,0,0,C
9435,0,0,0,0,1,0,0,0,0,0,0,C
9436,0,0,0,0,1,0,0,0,0,0,0,C
9437,0,0,0,0,1,0,0,0,0,0,0,C
9438,0,0,0,0,1,0,0,0,0,0,0,A
9439,0,0,0,0,1,0,0,0,0,0,0,C
9440,0,0,0,0,1,0,0,0,0,0,0,C
9441,0,0,0,0,1,0,0,0,0,0,0,I
9442,0,0,0,0,1,0,0,0,0,0,0,C
9443,0,0,0,0,1,0,0,0,0,0,0,I
9444,0,0,0,0,1,0,0,0,0,0,0,I
9445,0,0,0,0,1,0,0,0,0,0,0,I
9446,0,0,0,0,1,0,0,0,0,0,0,C
9447,0,0,0,0,1,0,0,0,0,0,0,C
9448,0,0,0,0,1,0,0,0,0,0,0,C
9449,0,0,0,0,1,0,0,0,0,0,0,C
9450,0,0,0,0,1,0,0,0,0,0,0,C
9451,0,0,0,0,1,0,0,0,0,0,0,C
9452,0,0,0,0,1,0,0,0,0,0,0,C
9453,0,0,0,0,1,0,0,0,0,0,0,C
9454,0,0,0,0,1,0,0,0,0,0,0,I
9455,0,0,0,0,1,0,0,0,0,0,0,C
9456,0,0,0,0,1,0,0,0,0,0,0,C
9457,0,0,0,0,1,0,0,0,0,0,0,C
9458,0,0,0,0,1,0,0,0,0,0,0,C
9459,0,0,0,0,1,0,0,0,0,0,0,C
9460,0,0,0,0,1,0,0,0,0,0,0,C
9461,0,0,0,0,1,0,0,0,0,0,0,C
9462,0,0,0,0,1,0,0,0,0,0,0,C
9463,0,0,0,0,1,0,0,0,0,0,0,C
9464,0,0,0,0,1,0,0,0,0,0,0,C
9465,0,0,0,0,1,0,0,0,0,0,0,C
9466,0,0,0,0,1,0,0,0,0,0,0,C
9467,0,0,0,0,1,0,0,0,0,0,0,C
9468,0,0,0,0,1,0,0,0,0,0,0,C
9469,0,0,0,0,1,0,0,0,0,0,0,C
9470,0,0,0,0,1,0,0,0,0,0,0,C
9471,0,0,0,0,1,0,0,0,0,0,0,C
9472,0,0,0,0,1,0,0,0,0,0,0,C
9473,0,0,0,0,1,0,0,0,0,0,0,C
9474,0,0,0,0,1,0,0,0,0,0,0,C
9475,0,0,0,0,1,0,0,0,0,0,0,C
9476,0,0,0,0,1,0,0,0,0,0,0,C
9477,0,0,0,0,1,0,0,0,0,0,0,C
9478,0,0,0,0,1,0,0,0,0,0,0,C
9479,0,0,0,0,1,0,0,0,0,0,0,C
9480,0,0,0,0,1,0,0,0,0,0,0,C
9481,0,0,0,0,1,0,0,0,0,0,0,C
9482,0,0,0,0,1,0,0,0,0,0,0,C
9483,0,0,0,0,1,0,0,0,0,0,0,C
9484,0,0,0,0,1,0,0,0,0,0,0,C
9485,0,0,0,0,1,0,0,0,0,0,0,C
9486,0,0,0,0,1,0,0,0,0,0,0,C
9487,0,0,0,0,1,0,0,0,0,0,0,C
9488,0,0,0,0,1,0,0,0,0,0,0,C
9489,0,0,0,0,1,0,0,0,0,0,0,C
9490,0,0,0,0,1,0,0,0,0,0,0,C
9491,0,0,0,0,1,0,0,0,0,0,0,C
9492,0,0,0,0,1,0,0,0,0,0,0,C
9493,0,0,0,0,1,0,0,0,0,0,0,C
9494,0,0,0,0,1,0,0,0,0,0,0,C
9495,0,0,0,0,1,0,0,0,0,0,0,C
9496,0,0,0,0,1,0,0,0,0,0,0,C
9497,0,0,0,0,1,0,0,0,0,0,0,C
9498,0,0,0,0,1,0,0,0,0,0,0,C
9499,0,0,0,0,1,0,0,0,0,0,0,C
9500,0,0,0,0,1,0,0,0,0,0,0,C
9501,0,0,0,0,1,0,0,0,0,0,0,C
9502,0,0,0,0,1,0,0,0,0,0,0,C
9503,0,0,0,0,1,0,0,0,0,0,0,C
9504,0,0,0,0,1,0,0,0,0,0,0,C
9505,0,0,0,0,1,0,0,0,0,0,0,C
9506,0,0,0,0,1,0,0,0,0,0,0,C
9507,0,0,0,0,1,0,0,0,0,0,0,C
9508,0,0,0,0,1,0,0,0,0,0,0,C
9509,0,0,0,0,1,0,0,0,0,0,0,C
9510,0,0,0,0,1,0,0,0,0,0,0,C
9511,0,0,0,0,1,0,0,0,0,0,0,C
9512,0,0,0,0,1,0,0,0,0,0,0,C
9513,0,0,0,0,1,0,0,0,0,0,0,C
9514,0,0,0,0,1,0,0,0,0,0,0,C
9515,0,0,0,0,1,0,0,0,0,0,0,C
9516,0,0,0,0,1,0,0,0,0,0,0,C
9517,0,0,0,0,1,0,0,0,0,0,0,C
9518,0,0,0,0,1,0,0,0,0,0,0,C
9519,0,0,0,0,1,0,0,0,0,0,0,C
9520,0,0,0,0,1,0,0,0,0,0,0,C
9521,0,0,0,0,1,0,0,0,0,0,0,C
9522,0,0,0,0,1,0,0,0,0,0,0,C
9523,0,0,0,0,1,0,0,0,0,0,0,C
9524,0,0,0,0,1,0,0,0,0,0,0,C
9525,0,0,0,0,1,0,0,0,0,0,0,C
9526,0,0,0,0,1,0,0,0,0,0,0,C
9527,0,0,0,0,1,0,0,0,0,0,0,C
9528,0,0,0,0,1,0,0,0,0,0,0,C
9529,0,0,0,0,1,0,0,0,0,0,0,C
9530,0,0,0,0,1,0,0,0,0,0,0,C
9531,0,0,0,0,1,0,0,0,0,0,0,C
9532,0,0,0,0,1,0,0,0,0,0,0,C
9533,0,0,0,0,1,0,0,0,0,0,0,C
9534,0,0,0,0,1,0,0,0,0,0,0,C
9535,0,0,0,0,1,0,0,0,0,0,0,C
9536,0,0,0,0,1,0,0,0,0,0,0,C
9537,0,0,0,0,1,0,0,0,0,0,0,C
9538,0,0,0,0,1,0,0,0,0,0,0,C
9539,0,0,0,0,1,0,0,0,0,0,0,C
9540,0,0,0,0,1,0,0,0,0,0,0,C
9541,0,0,0,0,1,0,0,0,0,0,0,C
9542,0,0,0,0,1,0,0,0,0,0,0,C
9543,0,0,0,0,1,0,0,0,0,0,0,C
9544,0,0,0,0,1,0,0,0,0,0,0,C
9545,0,0,0,0,1,0,0,0,0,0,0,C
9546,0,0,0,0,1,0,0,0,0,0,0,C
9547,0,0,0,0,1,0,0,0,0,0,0,C
9548,0,0,0,0,1,0,0,0,0,0,0,C
9549,0,0,0,0,1,0,0,0,0,0,0,C
9550,0,0,0,0,1,0,0,0,0,0,0,C
9551,0,0,0,0,1,0,0,0,0,0,0,C
9552,0,0,0,0,1,0,0,0,0,0,0,C
9553,0,0,0,0,1,0,0,0,0,0,0,C
9554,0,0,0,0,1,0,0,0,0,0,0,C
9555,0,0,0,0,1,0,0,0,0,0,0,C
9556,0,0,0,0,1,0,0,0,0,0,0,C
9557,0,0,0,0,1,0,0,0,0,0,0,C
9558,0,0,0,0,1,0,0,0,0,0,0,C
9559,0,0,0,0,1,0,0,0,0,0,0,C
9560,0,0,0,0,1,0,0,0,0,0,0,C
9561,0,0,0,0,1,0,0,0,0,0,0,C
9562,0,0,0,0,1,0,0,0,0,0,0,C
9563,0,0,0,0,1,0,0,0,0,0,0,C
9564,0,0,0,0,1,0,0,0,0,0,0,C
9565,0,0,0,0,1,0,0,0,0,0,0,C
9566,0,0,0,0,1,0,0,0,0,0,0,C
9567,0,0,0,0,1,0,0,0,0,0,0,C
9568,0,0,0,0,1,0,0,0,0,0,0,C
9569,0,0,0,0,1,0,0,0,0,0,0,C
9570,0,0,0,0,1,0,0,0,0,0,0,C
9571,0,0,0,0,1,0,0,0,0,0,0,C
9572,0,0,0,0,1,0,0,0,0,0,0,C
9573,0,0,0,0,1,0,0,0,0,0,0,C
9574,0,0,0,0,1,0,0,0,0,0,0,C
9575,0,0,0,0,1,0,0,0,0,0,0,C
9576,0,0,0,0,1,0,0,0,0,0,0,C
9577,0,0,0,0,1,0,0,0,0,0,0,C
9578,0,0,0,0,1,0,0,0,0,0,0,C
9579,0,0,0,0,1,0,0,0,0,0,0,C
9580,0,0,0,0,1,0,0,0,0,0,0,C
9581,0,0,0,0,1,0,0,0,0,0,0,C
9582,0,0,0,0,1,0,0,0,0,0,0,C
9583,0,0,0,0,1,0,0,0,0,0,0,C
9584,0,0,0,0,1,0,0,0,0,0,0,C
9585,0,0,0,0,1,0,0,0,0,0,0,C
9586,0,0,0,0,1,0,0,0,0,0,0,C
9587,0,0,0,0,1,0,0,0,0,0,0,C
9588,0,0,0,0,1,0,0,0,0,0,0,C
9589,0,0,0,0,1,0,0,0,0,0,0,C
9590,0,0,0,0,1,0,0,0,0,0,0,C
9591,0,0,0,0,1,0,0,0,0,0,0,C
9592,0,0,0,0,1,0,0,0,0,0,0,C
9593,0,0,0,0,1,0,0,0,0,0,0,C
9594,0,0,0,0,1,0,0,0,0,0,0,C
9595,0,0,0,0,1,0,0,0,0,0,0,C
9596,0,0,0,0,1,0,0,0,0,0,0,C
9597,0,0,0,0,1,0,0,0,0,0,0,C
9598,0,0,0,0,1,0,0,0,0,0,0,C
9599,0,0,0,0,1,0,0,0,0,0,0,C
9600,0,0,0,0,1,0,0,0,0,0,0,C
9601,0,0,0,0,1,0,0,0,0,0,0,C
9602,0,0,0,0,1,0,0,0,0,0,0,C
9603,0,0,0,0,1,0,0,0,0,0,0,C
9604,0,0,0,0,1,0,0,0,0,0,0,C
9605,0,0,0,0,1,0,0,0,0,0,0,C
9606,0,0,0,0,1,0,0,0,0,0,0,C
9607,0,0,0,0,1,0,0,0,0,0,0,C
9608,0,0,0,0,1,0,0,0,0,0,0,C
9609,0,0,0,0,1,0,0,0,0,0,0,C
9610,0,0,0,0,1,0,0,0,0,0,0,C
9611,0,0,0,0,1,0,0,0,0,0,0,C
9612,0,0,0,0,1,0,0,0,0,0,0,C
9613,0,0,0,0,1,0,0,0,0,0,0,C
9614,0,0,0,0,1,0,0,0,0,0,0,C
9615,0,0,0,0,1,0,0,0,0,0,0,C
9616,0,0,0,0,1,0,0,0,0,0,0,C
9617,0,0,0,0,1,0,0,0,0,0,0,C
9618,0,0,0,0,1,0,0,0,0,0,0,C
9619,0,0,0,0,1,0,0,0,0,0,0,C
9620,0,0,0,0,1,0,0,0,0,0,0,C
9621,0,0,0,0,1,0,0,0,0,0,0,C
9622,0,0,0,0,1,0,0,0,0,0,0,C
9623,0,0,0,0,1,0,0,0,0,0,0,C
9624,0,0,0,0,1,0,0,0,0,0,0,C
9625,0,0,0,0,1,0,0,0,0,0,0,C
9626,0,0,0,0,1,0,0,0,0,0,0,C
9627,0,0,0,0,1,0,0,0,0,0,0,C
9628,0,0,0,0,1,0,0,0,0,0,0,C
9629,0,0,0,0,1,0,0,0,0,0,0,C
9630,0,0,0,0,1,0,0,0,0,0,0,C
9631,0,0,0,0,1,0,0,0,0,0,0,C
9632,0,0,0,0,1,0,0,0,0,0,0,C
9633,0,0,0,0,1,0,0,0,0,0,0,C
9634,0,0,0,0,1,0,0,0,0,0,0,C
9635,0,0,0,0,1,0,0,0,0,0,0,C
9636,0,0,0,0,1,0,0,0,0,0,0,C
9637,0,0,0,0,1,0,0,0,0,0,0,C
9638,0,0,0,0,1,0,0,0,0,0,0,C
9639,0,0,0,0,1,0,0,0,0,0,0,C
9640,0,0,0,0,1,0,0,0,0,0,0,C
9641,0,0,0,0,1,0,0,0,0,0,0,C
9642,0,0,0,0,1,0,0,0,0,0,0,C
9643,0,0,0,0,1,0,0,0,0,0,0,C
9644,0,0,0,0,1,0,0,0,0,0,0,C
9645,0,0,0,0,1,0,0,0,0,0,0,C
9646,0,0,0,0,1,0,0,0,0,0,0,C
9647,0,0,0,0,1,0,0,0,0,0,0,C
9648,0,0,0,0,1,0,0,0,0,0,0,C
9649,0,0,0,0,1,0,0,0,0,0,0,C
9650,0,0,0,0,1,0,0,0,0,0,0,C
9651,0,0,0,0,1,0,0,0,0,0,0,C
9652,0,0,0,0,1,0,0,0,0,0,0,C
9653,0,0,0,0,1,0,0,0,0,0,0,C
9654,0,0,0,0,1,0,0,0,0,0,0,C
9655,0,0,0,0,1,0,0,0,0,0,0,C
9656,0,0,0,0,1,0,0,0,0,0,0,C
9657,0,0,0,0,1,0,0,0,0,0,0,C
9658,0,0,0,0,1,0,0,0,0,0,0,C
9659,0,0,0,0,1,0,0,0,0,0,0,C
9660,0,0,0,0,1,0,0,0,0,0,0,C
9661,0,0,0,0,1,0,0,0,0,0,0,C
9662,0,0,0,0,1,0,0,0,0,0,0,C
9663,0,0,0,0,1,0,0,0,0,0,0,C
9664,0,0,0,0,1,0,0,0,0,0,0,C
9665,0,0,0,0,1,0,0,0,0,0,0,C
9666,0,0,0,0,1,0,0,0,0,0,0,C
9667,0,0,0,0,1,0,0,0,0,0,0,C
9668,0,0,0,0,1,0,0,0,0,0,0,C
9669,0,0,0,0,1,0,0,0,0,0,0,C
9670,0,0,0,0,1,0,0,0,0,0,0,C
9671,0,0,0,0,1,0,0,0,0,0,0,C
9672,0,0,0,0,1,0,0,0,0,0,0,C
9673,0,0,0,0,1,0,0,0,0,0,0,C
9674,0,0,0,0,1,0,0,0,0,0,0,C
9675,0,0,0,0,1,0,0,0,0,0,0,C
9676,0,0,0,0,1,0,0,0,0,0,0,C
9677,0,0,0,0,1,0,0,0,0,0,0,I
9678,0,0,0,0,1,0,0,0,0,0,0,C
9679,0,0,0,0,1,0,0,0,0,0,0,C
9680,0,0,0,0,1,0,0,0,0,0,0,C
9681,0,0,0,0,1,0,0,0,0,0,0,C
9682,0,0,0,0,1,0,0,0,0,0,0,I
9683,0,0,0,0,1,0,0,0,0,0,0,C
9684,0,0,0,0,1,0,0,0,0,0,0,C
9685,0,0,0,0,1,0,0,0,0,0,0,C
9686,0,0,0,0,1,0,0,0,0,0,0,C
9687,0,0,0,0,1,0,0,0,0,0,0,C
9688,0,0,0,0,1,0,0,0,0,0,0,C
9689,0,0,0,0,1,0,0,0,0,0,0,C
9690,0,0,0,0,1,0,0,0,0,0,0,I
9691,0,0,0,0,1,0,0,0,0,0,0,C
9692,0,0,0,0,1,0,0,0,0,0,0,I
9693,0,0,0,0,1,0,0,0,0,0,0,C
9694,0,0,0,0,1,0,0,0,0,0,0,C
9695,0,0,0,0,1,0,0,0,0,0,0,A
9696,0,0,0,0,1,0,0,0,0,0,0,C
9697,0,0,0,0,1,0,0,0,0,0,0,C
9698,0,0,0,0,1,0,0,0,0,0,0,C
9699,0,0,0,0,1,0,0,0,0,0,0,C
9700,0,0,0,0,1,0,0,0,0,0,0,C
9701,0,0,0,0,1,0,0,0,0,0,0,C
9702,0,0,0,0,1,0,0,0,0,0,0,C
9703,0,0,0,0,1,0,0,0,0,0,0,C
9704,0,0,0,0,1,0,0,0,0,0,0,C
9705,0,0,0,0,1,0,0,0,0,0,0,C
9706,0,0,0,0,1,0,0,0,0,0,0,C
9707,0,0,0,0,1,0,0,0,0,0,0,C
9708,0,0,0,0,1,0,0,0,0,0,0,C
9709,0,0,0,0,1,0,0,0,0,0,0,C
9710,0,0,0,0,1,0,0,0,0,0,0,C
9711,0,0,0,0,1,0,0,0,0,0,0,C
9712,0,0,0,0,1,0,0,0,0,0,0,C
9713,0,0,0,0,1,0,0,0,0,0,0,C
9714,0,0,0,0,1,0,0,0,0,0,0,C
9715,0,0,0,0,1,0,0,0,0,0,0,C
9716,0,0,0,0,1,0,0,0,0,0,0,C
9717,0,0,0,0,1,0,0,0,0,0,0,C
9718,0,0,0,0,1,0,0,0,0,0,0,C
9719,0,0,0,0,1,0,0,0,0,0,0,I
9720,0,0,0,0,1,0,0,0,0,0,0,C
9721,0,0,0,0,1,0,0,0,0,0,0,C
9722,0,0,0,0,1,0,0,0,0,0,0,C
9723,0,0,0,0,1,0,0,0,0,0,0,I
9724,0,0,0,0,1,0,0,0,0,0,0,C
9725,0,0,0,0,1,0,0,0,0,0,0,C
9726,0,0,0,0,1,0,0,0,0,0,0,C
9727,0,0,0,0,1,0,0,0,0,0,0,C
9728,0,0,0,0,1,0,0,0,0,0,0,C
9729,0,0,0,0,1,0,0,0,0,0,0,C
9730,0,0,0,0,1,0,0,0,0,0,0,C
9731,0,0,0,0,1,0,0,0,0,0,0,C
9732,0,0,0,0,1,0,0,0,0,0,0,C
9733,0,0,0,0,1,0,0,0,0,0,0,C
9734,0,0,0,0,1,0,0,0,0,0,0,C
9735,0,0,0,0,1,0,0,0,0,0,0,C
9736,0,0,0,0,1,0,0,0,0,0,0,C
9737,0,0,0,0,1,0,0,0,0,0,0,C
9738,0,0,0,0,1,0,0,0,0,0,0,C
9739,0,0,0,0,1,0,0,0,0,0,0,C
9740,0,0,0,0,1,0,0,0,0,0,0,C
9741,0,0,0,0,1,0,0,0,0,0,0,A
9742,0,0,0,0,1,0,0,0,0,0,0,C
9743,0,0,0,0,1,0,0,0,0,0,0,C
9744,0,0,0,0,1,0,0,0,0,0,0,I
9745,0,0,0,0,1,0,0,0,0,0,0,C
9746,0,0,0,0,1,0,0,0,0,0,0,I
9747,0,0,0,0,1,0,0,0,0,0,0,I
9748,0,0,0,0,1,0,0,0,0,0,0,I
9749,0,0,0,0,1,0,0,0,0,0,0,I
9750,0,0,0,0,1,0,0,0,0,0,0,I
9751,0,0,0,0,1,0,0,0,0,0,0,I
9752,0,0,0,0,1,0,0,0,0,0,0,I
9753,0,0,0,0,1,0,0,0,0,0,0,I
9754,0,0,0,0,1,0,0,0,0,0,0,I
9755,0,0,0,0,1,0,0,0,0,0,0,I
9756,0,0,0,0,1,0,0,0,0,0,0,C
9757,0,0,0,0,1,0,0,0,0,0,0,I
9758,0,0,0,0,1,0,0,0,0,0,0,I
9759,0,0,0,0,1,0,0,0,0,0,0,I
9760,0,0,0,0,1,0,0,0,0,0,0,I
9761,0,0,0,0,1,0,0,0,0,0,0,I
9762,0,0,0,0,1,0,0,0,0,0,0,C
9763,0,0,0,0,1,0,0,0,0,0,0,I
9764,0,0,0,0,1,0,0,0,0,0,0,I
9765,0,0,0,0,1,0,0,0,0,0,0,I
9766,0,0,0,0,1,0,0,0,0,0,0,I
9767,0,0,0,0,1,0,0,0,0,0,0,I
9768,0,0,0,0,1,0,0,0,0,0,0,I
9769,0,0,0,0,1,0,0,0,0,0,0,I
9770,0,0,0,0,1,0,0,0,0,0,0,I
9771,0,0,0,0,1,0,0,0,0,0,0,I
9772,0,0,0,0,1,0,0,0,0,0,0,C
9773,0,0,0,0,1,0,0,0,0,0,0,C
9774,0,0,0,0,1,0,0,0,0,0,0,I
9775,0,0,0,0,1,0,0,0,0,0,0,I
9776,0,0,0,0,1,0,0,0,0,0,0,I
9777,0,0,0,0,1,0,0,0,0,0,0,I
9778,0,0,0,0,1,0,0,0,0,0,0,I
9779,0,0,0,0,1,0,0,0,0,0,0,C
9780,0,0,0,0,1,0,0,0,0,0,0,I
9781,0,0,0,0,1,0,0,0,0,0,0,I
9782,0,0,0,0,1,0,0,0,0,0,0,I
9783,0,0,0,0,1,0,0,0,0,0,0,I
9784,0,0,0,0,1,0,0,0,0,0,0,I
9785,0,0,0,0,1,0,0,0,0,0,0,I
9786,0,0,0,0,1,0,0,0,0,0,0,I
9787,0,0,0,0,1,0,0,0,0,0,0,C
9788,0,0,0,0,1,0,0,0,0,0,0,C
9789,0,0,0,0,1,0,0,0,0,0,0,C
9790,0,0,0,0,1,0,0,0,0,0,0,C
9791,0,0,0,0,1,0,0,0,0,0,0,C
9792,0,0,0,0,1,0,0,0,0,0,0,C
9793,0,0,0,0,1,0,0,0,0,0,0,C
9794,0,0,0,0,1,0,0,0,0,0,0,C
9795,0,0,0,0,1,0,0,0,0,0,0,C
9796,0,0,0,0,1,0,0,0,0,0,0,I
9797,0,0,0,0,1,0,0,0,0,0,0,C
9798,0,0,0,0,1,0,0,0,0,0,0,I
9799,0,0,0,0,1,0,0,0,0,0,0,I
9800,0,0,0,0,1,0,0,0,0,0,0,I
9801,0,0,0,0,1,0,0,0,0,0,0,I
9802,0,0,0,0,1,0,0,0,0,0,0,I
9803,0,0,0,0,1,0,0,0,0,0,0,I
9804,0,0,0,0,1,0,0,0,0,0,0,I
9805,0,0,0,0,1,0,0,0,0,0,0,I
9806,0,0,0,0,1,0,0,0,0,0,0,I
9807,0,0,0,0,1,0,0,0,0,0,0,I
9808,0,0,0,0,1,0,0,0,0,0,0,I
9809,0,0,0,0,1,0,0,0,0,0,0,C
9810,0,0,0,0,1,0,0,0,0,0,0,C
9811,0,0,0,0,1,0,0,0,0,0,0,I
9812,0,0,0,0,1,0,0,0,0,0,0,I
9813,0,0,0,0,1,0,0,0,0,0,0,I
9814,0,0,0,0,1,0,0,0,0,0,0,I
9815,0,0,0,0,1,0,0,0,0,0,0,I
9816,0,0,0,0,1,0,0,0,0,0,0,C
9817,0,0,0,0,1,0,0,0,0,0,0,C
9818,0,0,0,0,1,0,0,0,0,0,0,C
9819,0,0,0,0,1,0,0,0,0,0,0,C
9820,0,0,0,0,1,0,0,0,0,0,0,C
9821,0,0,0,0,1,0,0,0,0,0,0,C
9822,0,0,0,0,1,0,0,0,0,0,0,C
9823,0,0,0,0,1,0,0,0,0,0,0,C
9824,0,0,0,0,1,0,0,0,0,0,0,C
9825,0,0,0,0,1,0,0,0,0,0,0,C
9826,0,0,0,0,1,0,0,0,0,0,0,C
9827,0,0,0,0,1,0,0,0,0,0,0,C
9828,0,0,0,0,1,0,0,0,0,0,0,C
9829,0,0,0,0,1,0,0,0,0,0,0,C
9830,0,0,0,0,1,0,0,0,0,0,0,C
9831,0,0,0,0,1,0,0,0,0,0,0,C
9832,0,0,0,0,1,0,0,0,0,0,0,C
9833,0,0,0,0,1,0,0,0,0,0,0,C
9834,0,0,0,0,1,0,0,0,0,0,0,C
9835,0,0,0,0,1,0,0,0,0,0,0,C
9836,0,0,0,0,1,0,0,0,0,0,0,C
9837,0,0,0,0,1,0,0,0,0,0,0,C
9838,0,0,0,0,1,0,0,0,0,0,0,C
9839,0,0,0,0,1,0,0,0,0,0,0,C
9840,0,0,0,0,1,0,0,0,0,0,0,C
9841,0,0,0,0,1,0,0,0,0,0,0,C
9842,0,0,0,0,1,0,0,0,0,0,0,C
9843,0,0,0,0,1,0,0,0,0,0,0,C
9844,0,0,0,0,1,0,0,0,0,0,0,C
9845,0,0,0,0,1,0,0,0,0,0,0,C
9846,0,0,0,0,1,0,0,0,0,0,0,C
9847,0,0,0,0,1,0,0,0,0,0,0,C
9848,0,0,0,0,1,0,0,0,0,0,0,C
9849,0,0,0,0,1,0,0,0,0,0,0,C
9850,0,0,0,0,1,0,0,0,0,0,0,C
9851,0,0,0,0,1,0,0,0,0,0,0,C
9852,0,0,0,0,1,0,0,0,0,0,0,C
9853,0,0,0,0,1,0,0,0,0,0,0,C
9854,0,0,0,0,1,0,0,0,0,0,0,C
9855,0,0,0,0,1,0,0,0,0,0,0,C
9856,0,0,0,0,1,0,0,0,0,0,0,C
9857,0,0,0,0,1,0,0,0,0,0,0,C
9858,0,0,0,0,1,0,0,0,0,0,0,C
9859,0,0,0,0,1,0,0,0,0,0,0,C
9860,0,0,0,0,1,0,0,0,0,0,0,C
9861,0,0,0,0,1,0,0,0,0,0,0,C
9862,0,0,0,0,1,0,0,0,0,0,0,C
9863,0,0,0,0,1,0,0,0,0,0,0,C
9864,0,0,0,0,1,0,0,0,0,0,0,C
9865,0,0,0,0,1,0,0,0,0,0,0,C
9866,0,0,0,0,1,0,0,0,0,0,0,C
9867,0,0,0,0,1,0,0,0,0,0,0,C
9868,0,0,0,0,1,0,0,0,0,0,0,C
9869,0,0,0,0,1,0,0,0,0,0,0,C
9870,0,0,0,0,1,0,0,0,0,0,0,C
9871,0,0,0,0,1,0,0,0,0,0,0,C
9872,0,0,0,0,1,0,0,0,0,0,0,C
9873,0,0,0,0,1,0,0,0,0,0,0,C
9874,0,0,0,0,1,0,0,0,0,0,0,C
9875,0,0,0,0,1,0,0,0,0,0,0,C
9876,0,0,0,0,1,0,0,0,0,0,0,C
9877,0,0,0,0,1,0,0,0,0,0,0,C
9878,0,0,0,0,1,0,0,0,0,0,0,C
9879,0,0,0,0,1,0,0,0,0,0,0,C
9880,0,0,0,0,1,0,0,0,0,0,0,C
9881,0,0,0,0,1,0,0,0,0,0,0,C
9882,0,0,0,0,1,0,0,0,0,0,0,C
9883,0,0,0,0,1,0,0,0,0,0,0,C
9884,0,0,0,0,1,0,0,0,0,0,0,C
9885,0,0,0,0,1,0,0,0,0,0,0,C
9886,0,0,0,0,1,0,0,0,0,0,0,C
9887,0,0,0,0,1,0,0,0,0,0,0,C
9888,0,0,0,0,1,0,0,0,0,0,0,C
9889,0,0,0,0,1,0,0,0,0,0,0,C
9890,0,0,0,0,1,0,0,0,0,0,0,C
9891,0,0,0,0,1,0,0,0,0,0,0,C
9892,0,0,0,0,1,0,0,0,0,0,0,C
9893,0,0,0,0,1,0,0,0,0,0,0,C
9894,0,0,0,0,1,0,0,0,0,0,0,C
9895,0,0,0,0,1,0,0,0,0,0,0,C
9896,0,0,0,0,1,0,0,0,0,0,0,C
9897,0,0,0,0,1,0,0,0,0,0,0,C
9898,0,0,0,0,1,0,0,0,0,0,0,C
9899,0,0,0,0,1,0,0,0,0,0,0,C
9900,0,0,0,0,1,0,0,0,0,0,0,C
9901,0,0,0,0,1,0,0,0,0,0,0,C
9902,0,0,0,0,1,0,0,0,0,0,0,C
9903,0,0,0,0,1,0,0,0,0,0,0,C
9904,0,0,0,0,1,0,0,0,0,0,0,C
9905,0,0,0,0,1,0,0,0,0,0,0,C
9906,0,0,0,0,1,0,0,0,0,0,0,C
9907,0,0,0,0,1,0,0,0,0,0,0,C
9908,0,0,0,0,1,0,0,0,0,0,0,C
9909,0,0,0,0,1,0,0,0,0,0,0,C
9910,0,0,0,0,1,0,0,0,0,0,0,C
9911,0,0,0,0,1,0,0,0,0,0,0,C
9912,0,0,0,0,1,0,0,0,0,0,0,C
9913,0,0,0,0,1,0,0,0,0,0,0,C
9914,0,0,0,0,1,0,0,0,0,0,0,C
9915,0,0,0,0,1,0,0,0,0,0,0,C
9916,0,0,0,0,1,0,0,0,0,0,0,C
9917,0,0,0,0,1,0,0,0,0,0,0,C
9918,0,0,0,0,1,0,0,0,0,0,0,C
9919,0,0,0,0,1,0,0,0,0,0,0,C
9920,0,0,0,0,1,0,0,0,0,0,0,C
9921,0,0,0,0,1,0,0,0,0,0,0,C
9922,0,0,0,0,1,0,0,0,0,0,0,C
9923,0,0,0,0,1,0,0,0,0,0,0,C
9924,0,0,0,0,1,0,0,0,0,0,0,C
9925,0,0,0,0,1,0,0,0,0,0,0,C
9926,0,0,0,0,1,0,0,0,0,0,0,C
9927,0,0,0,0,1,0,0,0,0,0,0,C
9928,0,0,0,0,1,0,0,0,0,0,0,C
9929,0,0,0,0,1,0,0,0,0,0,0,C
9930,0,0,0,0,1,0,0,0,0,0,0,C
9931,0,0,0,0,1,0,0,0,0,0,0,C
9932,0,0,0,0,1,0,0,0,0,0,0,C
9933,0,0,0,0,1,0,0,0,0,0,0,C
9934,0,0,0,0,1,0,0,0,0,0,0,C
9935,0,0,0,0,1,0,0,0,0,0,0,C
9936,0,0,0,0,1,0,0,0,0,0,0,C
9937,0,0,0,0,1,0,0,0,0,0,0,C
9938,0,0,0,0,1,0,0,0,0,0,0,C
9939,0,0,0,0,1,0,0,0,0,0,0,C
9940,0,0,0,0,1,0,0,0,0,0,0,C
9941,0,0,0,0,1,0,0,0,0,0,0,C
9942,0,0,0,0,1,0,0,0,0,0,0,C
9943,0,0,0,0,1,0,0,0,0,0,0,C
9944,0,0,0,0,1,0,0,0,0,0,0,C
9945,0,0,0,0,1,0,0,0,0,0,0,C
9946,0,0,0,0,1,0,0,0,0,0,0,C
9947,0,0,0,0,1,0,0,0,0,0,0,C
9948,0,0,0,0,1,0,0,0,0,0,0,C
9949,0,0,0,0,1,0,0,0,0,0,0,C
9950,0,0,0,0,1,0,0,0,0,0,0,C
9951,0,0,0,0,1,0,0,0,0,0,0,C
9952,0,0,0,0,1,0,0,0,0,0,0,C
9953,0,0,0,0,1,0,0,0,0,0,0,C
9954,0,0,0,0,1,0,0,0,0,0,0,C
9955,0,0,0,0,1,0,0,0,0,0,0,C
9956,0,0,0,0,1,0,0,0,0,0,0,C
9957,0,0,0,0,1,0,0,0,0,0,0,C
9958,0,0,0,0,1,0,0,0,0,0,0,C
9959,0,0,0,0,1,0,0,0,0,0,0,C
9960,0,0,0,0,1,0,0,0,0,0,0,C
9961,0,0,0,0,1,0,0,0,0,0,0,C
9962,0,0,0,0,1,0,0,0,0,0,0,C
9963,0,0,0,0,1,0,0,0,0,0,0,C
9964,0,0,0,0,1,0,0,0,0,0,0,C
9965,0,0,0,0,1,0,0,0,0,0,0,C
9966,0,0,0,0,1,0,0,0,0,0,0,C
9967,0,0,0,0,1,0,0,0,0,0,0,C
9968,0,0,0,0,1,0,0,0,0,0,0,C
9969,0,0,0,0,1,0,0,0,0,0,0,C
9970,0,0,0,0,1,0,0,0,0,0,0,C
9971,0,0,0,0,1,0,0,0,0,0,0,C
9972,0,0,0,0,1,0,0,0,0,0,0,C
9973,0,0,0,0,1,0,0,0,0,0,0,C
9974,0,0,0,0,1,0,0,0,0,0,0,C
9975,0,0,0,0,1,0,0,0,0,0,0,C
9976,0,0,0,0,1,0,0,0,0,0,0,C
9977,0,0,0,0,1,0,0,0,0,0,0,C
9978,0,0,0,0,1,0,0,0,0,0,0,C
9979,0,0,0,0,1,0,0,0,0,0,0,C
9980,0,0,0,0,1,0,0,0,0,0,0,C
9981,0,0,0,0,1,0,0,0,0,0,0,C
9982,0,0,0,0,1,0,0,0,0,0,0,C
9983,0,0,0,0,1,0,0,0,0,0,0,C
9984,0,0,0,0,1,0,0,0,0,0,0,C
9985,0,0,0,0,1,0,0,0,0,0,0,C
9986,0,0,0,0,1,0,0,0,0,0,0,C
9987,0,0,0,0,1,0,0,0,0,0,0,C
9988,0,0,0,0,1,0,0,0,0,0,0,C
9989,0,0,0,0,1,0,0,0,0,0,0,C
9990,0,0,0,0,1,0,0,0,0,0,0,C
9991,0,0,0,0,1,0,0,0,0,0,0,C
9992,0,0,0,0,1,0,0,0,0,0,0,C
9993,0,0,0,0,1,0,0,0,0,0,0,C
9994,0,0,0,0,1,0,0,0,0,0,0,C
9995,0,0,0,0,1,0,0,0,0,0,0,C
9996,0,0,0,0,1,0,0,0,0,0,0,C
9997,0,0,0,0,1,0,0,0,0,0,0,C
9998,0,0,0,0,1,0,0,0,0,0,0,C
9999,0,0,0,0,1,0,0,0,0,0,0,C
10000,0,0,0,0,1,0,0,0,0,0,0,C
10001,0,0,0,0,1,0,0,0,0,0,0,C
10002,0,0,0,0,1,0,0,0,0,0,0,C
10003,0,0,0,0,1,0,0,0,0,0,0,C
10004,0,0,0,0,1,0,0,0,0,0,0,C
10005,0,0,0,0,1,0,0,0,0,0,0,C
10006,0,0,0,0,1,0,0,0,0,0,0,C
10007,0,0,0,0,1,0,0,0,0,0,0,C
10008,0,0,0,0,1,0,0,0,0,0,0,C
10009,0,0,0,0,1,0,0,0,0,0,0,C
10010,0,0,0,0,1,0,0,0,0,0,0,C
10011,0,0,0,0,1,0,0,0,0,0,0,C
10012,0,0,0,0,1,0,0,0,0,0,0,C
10013,0,0,0,0,1,0,0,0,0,0,0,C
10014,0,0,0,0,1,0,0,0,0,0,0,C
10015,0,0,0,0,1,0,0,0,0,0,0,C
10016,0,0,0,0,1,0,0,0,0,0,0,C
10017,0,0,0,0,1,0,0,0,0,0,0,C
10018,0,0,0,0,1,0,0,0,0,0,0,C
10019,0,0,0,0,1,0,0,0,0,0,0,C
10020,0,0,0,0,1,0,0,0,0,0,0,C
10021,0,0,0,0,1,0,0,0,0,0,0,C
10022,0,0,0,0,1,0,0,0,0,0,0,C
10023,0,0,0,0,1,0,0,0,0,0,0,C
10024,0,0,0,0,1,0,0,0,0,0,0,C
10025,0,0,0,0,1,0,0,0,0,0,0,C
10026,0,0,0,0,1,0,0,0,0,0,0,C
10027,0,0,0,0,1,0,0,0,0,0,0,C
10028,0,0,0,0,1,0,0,0,0,0,0,C
10029,0,0,0,0,1,0,0,0,0,0,0,C
10030,0,0,0,0,1,0,0,0,0,0,0,C
10031,0,0,0,0,1,0,0,0,0,0,0,C
10032,0,0,0,0,1,0,0,0,0,0,0,C
10033,0,0,0,0,1,0,0,0,0,0,0,C
10034,0,0,0,0,1,0,0,0,0,0,0,C
10035,0,0,0,0,1,0,0,0,0,0,0,C
10036,0,0,0,0,1,0,0,0,0,0,0,C
10037,0,0,0,0,1,0,0,0,0,0,0,C
10038,0,0,0,0,1,0,0,0,0,0,0,C
10039,0,0,0,0,1,0,0,0,0,0,0,C
10040,0,0,0,0,1,0,0,0,0,0,0,C
10041,0,0,0,0,1,0,0,0,0,0,0,C
10042,0,0,0,0,1,0,0,0,0,0,0,C
10043,0,0,0,0,1,0,0,0,0,0,0,C
10044,0,0,0,0,1,0,0,0,0,0,0,C
10045,0,0,0,0,1,0,0,0,0,0,0,C
10046,0,0,0,0,1,0,0,0,0,0,0,C
10047,0,0,0,0,1,0,0,0,0,0,0,C
10048,0,0,0,0,1,0,0,0,0,0,0,C
10049,0,0,0,0,1,0,0,0,0,0,0,C
10050,0,0,0,0,1,0,0,0,0,0,0,C
10051,0,0,0,0,1,0,0,0,0,0,0,C
10052,0,0,0,0,1,0,0,0,0,0,0,C
10053,0,0,0,0,1,0,0,0,0,0,0,C
10054,0,0,0,0,1,0,0,0,0,0,0,C
10055,0,0,0,0,1,0,0,0,0,0,0,C
10056,0,0,0,0,1,0,0,0,0,0,0,C
10057,0,0,0,0,1,0,0,0,0,0,0,C
10058,0,0,0,0,1,0,0,0,0,0,0,C
10059,0,0,0,0,1,0,0,0,0,0,0,C
10060,0,0,0,0,1,0,0,0,0,0,0,C
10061,0,0,0,0,1,0,0,0,0,0,0,C
10062,0,0,0,0,1,0,0,0,0,0,0,C
10063,0,0,0,0,1,0,0,0,0,0,0,C
10064,0,0,0,0,1,0,0,0,0,0,0,C
10065,0,0,0,0,1,0,0,0,0,0,0,C
10066,0,0,0,0,1,0,0,0,0,0,0,C
10067,0,0,0,0,1,0,0,0,0,0,0,C
10068,0,0,0,0,1,0,0,0,0,0,0,C
10069,0,0,0,0,1,0,0,0,0,0,0,C
10070,0,0,0,0,1,0,0,0,0,0,0,C
10071,0,0,0,0,1,0,0,0,0,0,0,C
10072,0,0,0,0,1,0,0,0,0,0,0,C
10073,0,0,0,0,1,0,0,0,0,0,0,C
10074,0,0,0,0,1,0,0,0,0,0,0,C
10075,0,0,0,0,1,0,0,0,0,0,0,C
10076,0,0,0,0,1,0,0,0,0,0,0,C
10077,0,0,0,0,1,0,0,0,0,0,0,C
10078,0,0,0,0,1,0,0,0,0,0,0,C
10079,0,0,0,0,1,0,0,0,0,0,0,C
10080,0,0,0,0,1,0,0,0,0,0,0,C
10081,0,0,0,0,1,0,0,0,0,0,0,C
10082,0,0,0,0,1,0,0,0,0,0,0,C
10083,0,0,0,0,1,0,0,0,0,0,0,C
10084,0,0,0,0,1,0,0,0,0,0,0,C
10085,0,0,0,0,1,0,0,0,0,0,0,C
10086,0,0,0,0,1,0,0,0,0,0,0,C
10087,0,0,0,0,1,0,0,0,0,0,0,C
10088,0,0,0,0,1,0,0,0,0,0,0,C
10089,0,0,0,0,1,0,0,0,0,0,0,C
10090,0,0,0,0,1,0,0,0,0,0,0,C
10091,0,0,0,0,1,0,0,0,0,0,0,C
10092,0,0,0,0,1,0,0,0,0,0,0,C
10093,0,0,0,0,1,0,0,0,0,0,0,C
10094,0,0,0,0,1,0,0,0,0,0,0,C
10095,0,0,0,0,1,0,0,0,0,0,0,C
10096,0,0,0,0,1,0,0,0,0,0,0,C
10097,0,0,0,0,1,0,0,0,0,0,0,C
10098,0,0,0,0,1,0,0,0,0,0,0,C
10099,0,0,0,0,1,0,0,0,0,0,0,C
10100,0,0,0,0,1,0,0,0,0,0,0,C
10101,0,0,0,0,1,0,0,0,0,0,0,C
10102,0,0,0,0,1,0,0,0,0,0,0,C
10103,0,0,0,0,1,0,0,0,0,0,0,C
10104,0,0,0,0,1,0,0,0,0,0,0,C
10105,0,0,0,0,1,0,0,0,0,0,0,C
10106,0,0,0,0,1,0,0,0,0,0,0,C
10107,0,0,0,0,1,0,0,0,0,0,0,C
10108,0,0,0,0,1,0,0,0,0,0,0,C
10109,0,0,0,0,1,0,0,0,0,0,0,C
10110,0,0,0,0,1,0,0,0,0,0,0,C
10111,0,0,0,0,1,0,0,0,0,0,0,C
10112,0,0,0,0,1,0,0,0,0,0,0,C
10113,0,0,0,0,1,0,0,0,0,0,0,C
10114,0,0,0,0,1,0,0,0,0,0,0,C
10115,0,0,0,0,1,0,0,0,0,0,0,C
10116,0,0,0,0,1,0,0,0,0,0,0,C
10117,0,0,0,0,1,0,0,0,0,0,0,C
10118,0,0,0,0,1,0,0,0,0,0,0,C
10119,0,0,0,0,1,0,0,0,0,0,0,C
10120,0,0,0,0,1,0,0,0,0,0,0,C
10121,0,0,0,0,1,0,0,0,0,0,0,C
10122,0,0,0,0,1,0,0,0,0,0,0,C
10123,0,0,0,0,1,0,0,0,0,0,0,C
10124,0,0,0,0,1,0,0,0,0,0,0,C
10125,0,0,0,0,1,0,0,0,0,0,0,C
10126,0,0,0,0,1,0,0,0,0,0,0,C
10127,0,0,0,0,1,0,0,0,0,0,0,C
10128,0,0,0,0,1,0,0,0,0,0,0,C
10129,0,0,0,0,1,0,0,0,0,0,0,C
10130,0,0,0,0,1,0,0,0,0,0,0,C
10131,0,0,0,0,1,0,0,0,0,0,0,C
10132,0,0,0,0,1,0,0,0,0,0,0,C
10133,0,0,0,0,1,0,0,0,0,0,0,C
10134,0,0,0,0,1,0,0,0,0,0,0,C
10135,0,0,0,0,1,0,0,0,0,0,0,C
10136,0,0,0,0,1,0,0,0,0,0,0,C
10137,0,0,0,0,1,0,0,0,0,0,0,C
10138,0,0,0,0,1,0,0,0,0,0,0,C
10139,0,0,0,0,1,0,0,0,0,0,0,C
10140,0,0,0,0,1,0,0,0,0,0,0,C
10141,0,0,0,0,1,0,0,0,0,0,0,C
10142,0,0,0,0,1,0,0,0,0,0,0,C
10143,0,0,0,0,1,0,0,0,0,0,0,C
10144,0,0,0,0,1,0,0,0,0,0,0,C
10145,0,0,0,0,1,0,0,0,0,0,0,C
10146,0,0,0,0,1,0,0,0,0,0,0,C
10147,0,0,0,0,1,0,0,0,0,0,0,C
10148,0,0,0,0,1,0,0,0,0,0,0,C
10149,0,0,0,0,1,0,0,0,0,0,0,C
10150,0,0,0,0,1,0,0,0,0,0,0,C
10151,0,0,0,0,1,0,0,0,0,0,0,C
10152,0,0,0,0,1,0,0,0,0,0,0,C
10153,0,0,0,0,1,0,0,0,0,0,0,C
10154,0,0,0,0,1,0,0,0,0,0,0,C
10155,0,0,0,0,1,0,0,0,0,0,0,C
10156,0,0,0,0,1,0,0,0,0,0,0,C
10157,0,0,0,0,1,0,0,0,0,0,0,C
10158,0,0,0,0,1,0,0,0,0,0,0,C
10159,0,0,0,0,1,0,0,0,0,0,0,C
10160,0,0,0,0,1,0,0,0,0,0,0,C
10161,0,0,0,0,1,0,0,0,0,0,0,C
10162,0,0,0,0,1,0,0,0,0,0,0,C
10163,0,0,0,0,1,0,0,0,0,0,0,C
10164,0,0,0,0,1,0,0,0,0,0,0,C
10165,0,0,0,0,1,0,0,0,0,0,0,C
10166,0,0,0,0,1,0,0,0,0,0,0,C
10167,0,0,0,0,1,0,0,0,0,0,0,C
10168,0,0,0,0,1,0,0,0,0,0,0,C
10169,0,0,0,0,1,0,0,0,0,0,0,C
10170,0,0,0,0,1,0,0,0,0,0,0,C
10171,0,0,0,0,1,0,0,0,0,0,0,C
10172,0,0,0,0,1,0,0,0,0,0,0,C
10173,0,0,0,0,1,0,0,0,0,0,0,C
10174,0,0,0,0,1,0,0,0,0,0,0,C
10175,0,0,0,0,1,0,0,0,0,0,0,C
10176,0,0,0,0,1,0,0,0,0,0,0,C
10177,0,0,0,0,1,0,0,0,0,0,0,C
10178,0,0,0,0,1,0,0,0,0,0,0,C
10179,0,0,0,0,1,0,0,0,0,0,0,C
10180,0,0,0,0,1,0,0,0,0,0,0,C
10181,0,0,0,0,1,0,0,0,0,0,0,C
10182,0,0,0,0,1,0,0,0,0,0,0,C
10183,0,0,0,0,1,0,0,0,0,0,0,C
10184,0,0,0,0,1,0,0,0,0,0,0,C
10185,0,0,0,0,1,0,0,0,0,0,0,C
10186,0,0,0,0,1,0,0,0,0,0,0,C
10187,0,0,0,0,1,0,0,0,0,0,0,C
10188,0,0,0,0,1,0,0,0,0,0,0,C
10189,0,0,0,0,1,0,0,0,0,0,0,C
10190,0,0,0,0,1,0,0,0,0,0,0,C
10191,0,0,0,0,1,0,0,0,0,0,0,C
10192,0,0,0,0,1,0,0,0,0,0,0,C
10193,0,0,0,0,1,0,0,0,0,0,0,C
10194,0,0,0,0,1,0,0,0,0,0,0,C
10195,0,0,0,0,1,0,0,0,0,0,0,C
10196,0,0,0,0,1,0,0,0,0,0,0,C
10197,0,0,0,0,1,0,0,0,0,0,0,C
10198,0,0,0,0,1,0,0,0,0,0,0,C
10199,0,0,0,0,1,0,0,0,0,0,0,C
10200,0,0,0,0,1,0,0,0,0,0,0,C
10201,0,0,0,0,1,0,0,0,0,0,0,C
10202,0,0,0,0,1,0,0,0,0,0,0,C
10203,0,0,0,0,1,0,0,0,0,0,0,C
10204,0,0,0,0,1,0,0,0,0,0,0,C
10205,0,0,0,0,1,0,0,0,0,0,0,C
10206,0,0,0,0,1,0,0,0,0,0,0,C
10207,0,0,0,0,1,0,0,0,0,0,0,C
10208,0,0,0,0,1,0,0,0,0,0,0,C
10209,0,0,0,0,1,0,0,0,0,0,0,C
10210,0,0,0,0,1,0,0,0,0,0,0,C
10211,0,0,0,0,1,0,0,0,0,0,0,C
10212,0,0,0,0,1,0,0,0,0,0,0,C
10213,0,0,0,0,1,0,0,0,0,0,0,C
10214,0,0,0,0,1,0,0,0,0,0,0,C
10215,0,0,0,0,1,0,0,0,0,0,0,C
10216,0,0,0,0,1,0,0,0,0,0,0,C
10217,0,0,0,0,1,0,0,0,0,0,0,C
10218,0,0,0,0,1,0,0,0,0,0,0,C
10219,0,0,0,0,1,0,0,0,0,0,0,C
10220,0,0,0,0,1,0,0,0,0,0,0,C
10221,0,0,0,0,1,0,0,0,0,0,0,C
10222,0,0,0,0,1,0,0,0,0,0,0,C
10223,0,0,0,0,1,0,0,0,0,0,0,C
10224,0,0,0,0,1,0,0,0,0,0,0,C
10225,0,0,0,0,1,0,0,0,0,0,0,C
10226,0,0,0,0,1,0,0,0,0,0,0,C
10227,0,0,0,0,1,0,0,0,0,0,0,C
10228,0,0,0,0,1,0,0,0,0,0,0,C
10229,0,0,0,0,1,0,0,0,0,0,0,C
10230,0,0,0,0,1,0,0,0,0,0,0,C
10231,0,0,0,0,1,0,0,0,0,0,0,C
10232,0,0,0,0,1,0,0,0,0,0,0,C
10233,0,0,0,0,1,0,0,0,0,0,0,C
10234,0,0,0,0,1,0,0,0,0,0,0,C
10235,0,0,0,0,1,0,0,0,0,0,0,C
10236,0,0,0,0,1,0,0,0,0,0,0,C
10237,0,0,0,0,1,0,0,0,0,0,0,C
10238,0,0,0,0,1,0,0,0,0,0,0,C
10239,0,0,0,0,1,0,0,0,0,0,0,C
10240,0,0,0,0,1,0,0,0,0,0,0,C
10241,0,0,0,0,1,0,0,0,0,0,0,C
10242,0,0,0,0,1,0,0,0,0,0,0,C
10243,0,0,0,0,1,0,0,0,0,0,0,C
10244,0,0,0,0,1,0,0,0,0,0,0,C
10245,0,0,0,0,1,0,0,0,0,0,0,C
10246,0,0,0,0,1,0,0,0,0,0,0,C
10247,0,0,0,0,1,0,0,0,0,0,0,C
10248,0,0,0,0,1,0,0,0,0,0,0,C
10249,0,0,0,0,1,0,0,0,0,0,0,C
10250,0,0,0,0,1,0,0,0,0,0,0,C
10251,0,0,0,0,1,0,0,0,0,0,0,C
10252,0,0,0,0,1,0,0,0,0,0,0,C
10253,0,0,0,0,1,0,0,0,0,0,0,C
10254,0,0,0,0,1,0,0,0,0,0,0,C
10255,0,0,0,0,1,0,0,0,0,0,0,C
10256,0,0,0,0,1,0,0,0,0,0,0,C
10257,0,0,0,0,1,0,0,0,0,0,0,C
10258,0,0,0,0,1,0,0,0,0,0,0,C
10259,0,0,0,0,1,0,0,0,0,0,0,C
10260,0,0,0,0,1,0,0,0,0,0,0,C
10261,0,0,0,0,1,0,0,0,0,0,0,C
10262,0,0,0,0,1,0,0,0,0,0,0,C
10263,0,0,0,0,1,0,0,0,0,0,0,C
10264,0,0,0,0,1,0,0,0,0,0,0,C
10265,0,0,0,0,1,0,0,0,0,0,0,C
10266,0,0,0,0,1,0,0,0,0,0,0,C
10267,0,0,0,0,1,0,0,0,0,0,0,C
10268,0,0,0,0,1,0,0,0,0,0,0,C
10269,0,0,0,0,1,0,0,0,0,0,0,C
10270,0,0,0,0,1,0,0,0,0,0,0,C
10271,0,0,0,0,1,0,0,0,0,0,0,C
10272,0,0,0,0,1,0,0,0,0,0,0,C
10273,0,0,0,0,1,0,0,0,0,0,0,C
10274,0,0,0,0,1,0,0,0,0,0,0,C
10275,0,0,0,0,1,0,0,0,0,0,0,C
10276,0,0,0,0,1,0,0,0,0,0,0,C
10277,0,0,0,0,1,0,0,0,0,0,0,C
10278,0,0,0,0,1,0,0,0,0,0,0,C
10279,0,0,0,0,1,0,0,0,0,0,0,C
10280,0,0,0,0,1,0,0,0,0,0,0,C
10281,0,0,0,0,1,0,0,0,0,0,0,C
10282,0,0,0,0,1,0,0,0,0,0,0,C
10283,0,0,0,0,1,0,0,0,0,0,0,C
10284,0,0,0,0,1,0,0,0,0,0,0,C
10285,0,0,0,0,1,0,0,0,0,0,0,C
10286,0,0,0,0,1,0,0,0,0,0,0,C
10287,0,0,0,0,1,0,0,0,0,0,0,C
10288,0,0,0,0,1,0,0,0,0,0,0,C
10289,0,0,0,0,1,0,0,0,0,0,0,C
10290,0,0,0,0,1,0,0,0,0,0,0,C
10291,0,0,0,0,1,0,0,0,0,0,0,C
10292,0,0,0,0,1,0,0,0,0,0,0,C
10293,0,0,0,0,1,0,0,0,0,0,0,C
10294,0,0,0,0,1,0,0,0,0,0,0,C
10295,0,0,0,0,1,0,0,0,0,0,0,C
10296,0,0,0,0,1,0,0,0,0,0,0,C
10297,0,0,0,0,1,0,0,0,0,0,0,C
10298,0,0,0,0,1,0,0,0,0,0,0,C
10299,0,0,0,0,1,0,0,0,0,0,0,C
10300,0,0,0,0,1,0,0,0,0,0,0,C
10301,0,0,0,0,1,0,0,0,0,0,0,C
10302,0,0,0,0,1,0,0,0,0,0,0,C
10303,0,0,0,0,1,0,0,0,0,0,0,C
10304,0,0,0,0,1,0,0,0,0,0,0,C
10305,0,0,0,0,1,0,0,0,0,0,0,C
10306,0,0,0,0,1,0,0,0,0,0,0,C
10307,0,0,0,0,1,0,0,0,0,0,0,C
10308,0,0,0,0,1,0,0,0,0,0,0,C
10309,0,0,0,0,1,0,0,0,0,0,0,C
10310,0,0,0,0,1,0,0,0,0,0,0,C
10311,0,0,0,0,1,0,0,0,0,0,0,C
10312,0,0,0,0,1,0,0,0,0,0,0,C
10313,0,0,0,0,1,0,0,0,0,0,0,C
10314,0,0,0,0,1,0,0,0,0,0,0,C
10315,0,0,0,0,1,0,0,0,0,0,0,C
10316,0,0,0,0,1,0,0,0,0,0,0,C
10317,0,0,0,0,1,0,0,0,0,0,0,C
10318,0,0,0,0,1,0,0,0,0,0,0,C
10319,0,0,0,0,1,0,0,0,0,0,0,C
10320,0,0,0,0,1,0,0,0,0,0,0,C
10321,0,0,0,0,1,0,0,0,0,0,0,C
10322,0,0,0,0,1,0,0,0,0,0,0,C
10323,0,0,0,0,1,0,0,0,0,0,0,C
10324,0,0,0,0,1,0,0,0,0,0,0,C
10325,0,0,0,0,1,0,0,0,0,0,0,C
10326,0,0,0,0,1,0,0,0,0,0,0,C
10327,0,0,0,0,1,0,0,0,0,0,0,C
10328,0,0,0,0,1,0,0,0,0,0,0,C
10329,0,0,0,0,1,0,0,0,0,0,0,C
10330,0,0,0,0,1,0,0,0,0,0,0,C
10331,0,0,0,0,1,0,0,0,0,0,0,C
10332,0,0,0,0,1,0,0,0,0,0,0,C
10333,0,0,0,0,1,0,0,0,0,0,0,C
10334,0,0,0,0,1,0,0,0,0,0,0,C
10335,0,0,0,0,1,0,0,0,0,0,0,C
10336,0,0,0,0,1,0,0,0,0,0,0,C
10337,0,0,0,0,1,0,0,0,0,0,0,C
10338,0,0,0,0,1,0,0,0,0,0,0,C
10339,0,0,0,0,1,0,0,0,0,0,0,C
10340,0,0,0,0,1,0,0,0,0,0,0,C
10341,0,0,0,0,1,0,0,0,0,0,0,C
10342,0,0,0,0,1,0,0,0,0,0,0,C
10343,0,0,0,0,1,0,0,0,0,0,0,C
10344,0,0,0,0,1,0,0,0,0,0,0,C
10345,0,0,0,0,1,0,0,0,0,0,0,C
10346,0,0,0,0,1,0,0,0,0,0,0,C
10347,0,0,0,0,1,0,0,0,0,0,0,C
10348,0,0,0,0,1,0,0,0,0,0,0,C
10349,0,0,0,0,1,0,0,0,0,0,0,C
10350,0,0,0,0,1,0,0,0,0,0,0,C
10351,0,0,0,0,1,0,0,0,0,0,0,C
10352,0,0,0,0,1,0,0,0,0,0,0,C
10353,0,0,0,0,1,0,0,0,0,0,0,C
10354,0,0,0,0,1,0,0,0,0,0,0,C
10355,0,0,0,0,1,0,0,0,0,0,0,C
10356,0,0,0,0,1,0,0,0,0,0,0,C
10357,0,0,0,0,1,0,0,0,0,0,0,C
10358,0,0,0,0,1,0,0,0,0,0,0,C
10359,0,0,0,0,1,0,0,0,0,0,0,C
10360,0,0,0,0,1,0,0,0,0,0,0,C
10361,0,0,0,0,1,0,0,0,0,0,0,C
10362,0,0,0,0,1,0,0,0,0,0,0,C
10363,0,0,0,0,1,0,0,0,0,0,0,C
10364,0,0,0,0,1,0,0,0,0,0,0,C
10365,0,0,0,0,1,0,0,0,0,0,0,C
10366,0,0,0,0,1,0,0,0,0,0,0,C
10367,0,0,0,0,1,0,0,0,0,0,0,C
10368,0,0,0,0,1,0,0,0,0,0,0,C
10369,0,0,0,0,1,0,0,0,0,0,0,C
10370,0,0,0,0,1,0,0,0,0,0,0,C
10371,0,0,0,0,1,0,0,0,0,0,0,C
10372,0,0,0,0,1,0,0,0,0,0,0,C
10373,0,0,0,0,1,0,0,0,0,0,0,C
10374,0,0,0,0,1,0,0,0,0,0,0,C
10375,0,0,0,0,1,0,0,0,0,0,0,C
10376,0,0,0,0,1,0,0,0,0,0,0,C
10377,0,0,0,0,1,0,0,0,0,0,0,C
10378,0,0,0,0,1,0,0,0,0,0,0,C
10379,0,0,0,0,1,0,0,0,0,0,0,C
10380,0,0,0,0,1,0,0,0,0,0,0,C
10381,0,0,0,0,1,0,0,0,0,0,0,C
10382,0,0,0,0,1,0,0,0,0,0,0,C
10383,0,0,0,0,1,0,0,0,0,0,0,C
10384,0,0,0,0,1,0,0,0,0,0,0,C
10385,0,0,0,0,1,0,0,0,0,0,0,C
10386,0,0,0,0,1,0,0,0,0,0,0,C
10387,0,0,0,0,1,0,0,0,0,0,0,C
10388,0,0,0,0,1,0,0,0,0,0,0,C
10389,0,0,0,0,1,0,0,0,0,0,0,C
10390,0,0,0,0,1,0,0,0,0,0,0,C
10391,0,0,0,0,1,0,0,0,0,0,0,C
10392,0,0,0,0,1,0,0,0,0,0,0,C
10393,0,0,0,0,1,0,0,0,0,0,0,C
10394,0,0,0,0,1,0,0,0,0,0,0,C
10395,0,0,0,0,1,0,0,0,0,0,0,C
10396,0,0,0,0,1,0,0,0,0,0,0,C
10397,0,0,0,0,1,0,0,0,0,0,0,C
10398,0,0,0,0,1,0,0,0,0,0,0,C
10399,0,0,0,0,1,0,0,0,0,0,0,C
10400,0,0,0,0,1,0,0,0,0,0,0,C
10401,0,0,0,0,1,0,0,0,0,0,0,C
10402,0,0,0,0,1,0,0,0,0,0,0,C
10403,0,0,0,0,1,0,0,0,0,0,0,C
10404,0,0,0,0,1,0,0,0,0,0,0,C
10405,0,0,0,0,1,0,0,0,0,0,0,C
10406,0,0,0,0,1,0,0,0,0,0,0,C
10407,0,0,0,0,1,0,0,0,0,0,0,C
10408,0,0,0,0,1,0,0,0,0,0,0,C
10409,0,0,0,0,1,0,0,0,0,0,0,C
10410,0,0,0,0,1,0,0,0,0,0,0,C
10411,0,0,0,0,1,0,0,0,0,0,0,C
10412,0,0,0,0,1,0,0,0,0,0,0,C
10413,0,0,0,0,1,0,0,0,0,0,0,C
10414,0,0,0,0,1,0,0,0,0,0,0,C
10415,0,0,0,0,1,0,0,0,0,0,0,C
10416,0,0,0,0,1,0,0,0,0,0,0,C
10417,0,0,0,0,1,0,0,0,0,0,0,C
10418,0,0,0,0,1,0,0,0,0,0,0,C
10419,0,0,0,0,1,0,0,0,0,0,0,C
10420,0,0,0,0,1,0,0,0,0,0,0,C
10421,0,0,0,0,1,0,0,0,0,0,0,C
10422,0,0,0,0,1,0,0,0,0,0,0,C
10423,0,0,0,0,1,0,0,0,0,0,0,C
10424,0,0,0,0,1,0,0,0,0,0,0,C
10425,0,0,0,0,1,0,0,0,0,0,0,C
10426,0,0,0,0,1,0,0,0,0,0,0,C
10427,0,0,0,0,1,0,0,0,0,0,0,C
10428,0,0,0,0,1,0,0,0,0,0,0,C
10429,0,0,0,0,1,0,0,0,0,0,0,C
10430,0,0,0,0,1,0,0,0,0,0,0,C
10431,0,0,0,0,1,0,0,0,0,0,0,C
10432,0,0,0,0,1,0,0,0,0,0,0,C
10433,0,0,0,0,1,0,0,0,0,0,0,C
10434,0,0,0,0,1,0,0,0,0,0,0,C
10435,0,0,0,0,1,0,0,0,0,0,0,C
10436,0,0,0,0,1,0,0,0,0,0,0,C
10437,0,0,0,0,1,0,0,0,0,0,0,C
10438,0,0,0,0,1,0,0,0,0,0,0,C
10439,0,0,0,0,1,0,0,0,0,0,0,C
10440,0,0,0,0,1,0,0,0,0,0,0,C
10441,0,0,0,0,1,0,0,0,0,0,0,C
10442,0,0,0,0,1,0,0,0,0,0,0,C
10443,0,0,0,0,1,0,0,0,0,0,0,C
10444,0,0,0,0,1,0,0,0,0,0,0,C
10445,0,0,0,0,1,0,0,0,0,0,0,C
10446,0,0,0,0,1,0,0,0,0,0,0,C
10447,0,0,0,0,1,0,0,0,0,0,0,C
10448,0,0,0,0,1,0,0,0,0,0,0,C
10449,0,0,0,0,1,0,0,0,0,0,0,C
10450,0,0,0,0,1,0,0,0,0,0,0,C
10451,0,0,0,0,1,0,0,0,0,0,0,C
10452,0,0,0,0,1,0,0,0,0,0,0,C
10453,0,0,0,0,1,0,0,0,0,0,0,C
10454,0,0,0,0,1,0,0,0,0,0,0,C
10455,0,0,0,0,1,0,0,0,0,0,0,C
10456,0,0,0,0,1,0,0,0,0,0,0,C
10457,0,0,0,0,1,0,0,0,0,0,0,C
10458,0,0,0,0,1,0,0,0,0,0,0,C
10459,0,0,0,0,1,0,0,0,0,0,0,C
10460,0,0,0,0,1,0,0,0,0,0,0,C
10461,0,0,0,0,1,0,0,0,0,0,0,C
10462,0,0,0,0,1,0,0,0,0,0,0,C
10463,0,0,0,0,1,0,0,0,0,0,0,C
10464,0,0,0,0,1,0,0,0,0,0,0,C
10465,0,0,0,0,1,0,0,0,0,0,0,C
10466,0,0,0,0,1,0,0,0,0,0,0,C
10467,0,0,0,0,1,0,0,0,0,0,0,C
10468,0,0,0,0,1,0,0,0,0,0,0,C
10469,0,0,0,0,1,0,0,0,0,0,0,C
10470,0,0,0,0,1,0,0,0,0,0,0,C
10471,0,0,0,0,1,0,0,0,0,0,0,C
10472,0,0,0,0,1,0,0,0,0,0,0,C
10473,0,0,0,0,1,0,0,0,0,0,0,C
10474,0,0,0,0,1,0,0,0,0,0,0,C
10475,0,0,0,0,1,0,0,0,0,0,0,C
10476,0,0,0,0,1,0,0,0,0,0,0,C
10477,0,0,0,0,1,0,0,0,0,0,0,C
10478,0,0,0,0,1,0,0,0,0,0,0,C
10479,0,0,0,0,1,0,0,0,0,0,0,C
10480,0,0,0,0,1,0,0,0,0,0,0,C
10481,0,0,0,0,1,0,0,0,0,0,0,C
10482,0,0,0,0,1,0,0,0,0,0,0,C
10483,0,0,0,0,1,0,0,0,0,0,0,C
10484,0,0,0,0,1,0,0,0,0,0,0,C
10485,0,0,0,0,1,0,0,0,0,0,0,C
10486,0,0,0,0,1,0,0,0,0,0,0,C
10487,0,0,0,0,1,0,0,0,0,0,0,C
10488,0,0,0,0,1,0,0,0,0,0,0,C
10489,0,0,0,0,1,0,0,0,0,0,0,C
10490,0,0,0,0,1,0,0,0,0,0,0,C
10491,0,0,0,0,1,0,0,0,0,0,0,C
10492,0,0,0,0,1,0,0,0,0,0,0,C
10493,0,0,0,0,1,0,0,0,0,0,0,C
10494,0,0,0,0,1,0,0,0,0,0,0,C
10495,0,0,0,0,1,0,0,0,0,0,0,C
10496,0,0,0,0,1,0,0,0,0,0,0,C
10497,0,0,0,0,1,0,0,0,0,0,0,C
10498,0,0,0,0,1,0,0,0,0,0,0,C
10499,0,0,0,0,1,0,0,0,0,0,0,C
10500,0,0,0,0,1,0,0,0,0,0,0,C
10501,0,0,0,0,1,0,0,0,0,0,0,C
10502,0,0,0,0,1,0,0,0,0,0,0,C
10503,0,0,0,0,1,0,0,0,0,0,0,C
10504,0,0,0,0,1,0,0,0,0,0,0,C
10505,0,0,0,0,1,0,0,0,0,0,0,C
10506,0,0,0,0,1,0,0,0,0,0,0,C
10507,0,0,0,0,1,0,0,0,0,0,0,C
10508,0,0,0,0,1,0,0,0,0,0,0,C
10509,0,0,0,0,1,0,0,0,0,0,0,C
10510,0,0,0,0,1,0,0,0,0,0,0,C
10511,0,0,0,0,1,0,0,0,0,0,0,C
10512,0,0,0,0,1,0,0,0,0,0,0,C
10513,0,0,0,0,1,0,0,0,0,0,0,C
10514,0,0,0,0,1,0,0,0,0,0,0,C
10515,0,0,0,0,1,0,0,0,0,0,0,C
10516,0,0,0,0,1,0,0,0,0,0,0,C
10517,0,0,0,0,1,0,0,0,0,0,0,C
10518,0,0,0,0,1,0,0,0,0,0,0,C
10519,0,0,0,0,1,0,0,0,0,0,0,C
10520,0,0,0,0,1,0,0,0,0,0,0,C
10521,0,0,0,0,1,0,0,0,0,0,0,C
10522,0,0,0,0,1,0,0,0,0,0,0,C
10523,0,0,0,0,1,0,0,0,0,0,0,C
10524,0,0,0,0,1,0,0,0,0,0,0,C
10525,0,0,0,0,1,0,0,0,0,0,0,C
10526,0,0,0,0,1,0,0,0,0,0,0,C
10527,0,0,0,0,1,0,0,0,0,0,0,C
10528,0,0,0,0,1,0,0,0,0,0,0,C
10529,0,0,0,0,1,0,0,0,0,0,0,C
10530,0,0,0,0,1,0,0,0,0,0,0,C
10531,0,0,0,0,1,0,0,0,0,0,0,C
10532,0,0,0,0,1,0,0,0,0,0,0,C
10533,0,0,0,0,1,0,0,0,0,0,0,C
10534,0,0,0,0,1,0,0,0,0,0,0,C
10535,0,0,0,0,1,0,0,0,0,0,0,C
10536,0,0,0,0,1,0,0,0,0,0,0,C
10537,0,0,0,0,1,0,0,0,0,0,0,C
10538,0,0,0,0,1,0,0,0,0,0,0,C
10539,0,0,0,0,1,0,0,0,0,0,0,C
10540,0,0,0,0,1,0,0,0,0,0,0,C
10541,0,0,0,0,1,0,0,0,0,0,0,C
10542,0,0,0,0,1,0,0,0,0,0,0,C
10543,0,0,0,0,1,0,0,0,0,0,0,C
10544,0,0,0,0,1,0,0,0,0,0,0,C
10545,0,0,0,0,1,0,0,0,0,0,0,C
10546,0,0,0,0,1,0,0,0,0,0,0,C
10547,0,0,0,0,1,0,0,0,0,0,0,C
10548,0,0,0,0,1,0,0,0,0,0,0,C
10549,0,0,0,0,1,0,0,0,0,0,0,C
10550,0,0,0,0,1,0,0,0,0,0,0,C
10551,0,0,0,0,1,0,0,0,0,0,0,C
10552,0,0,0,0,1,0,0,0,0,0,0,C
10553,0,0,0,0,1,0,0,0,0,0,0,C
10554,0,0,0,0,1,0,0,0,0,0,0,C
10555,0,0,0,0,1,0,0,0,0,0,0,C
10556,0,0,0,0,1,0,0,0,0,0,0,C
10557,0,0,0,0,1,0,0,0,0,0,0,C
10558,0,0,0,0,1,0,0,0,0,0,0,C
10559,0,0,0,0,1,0,0,0,0,0,0,C
10560,0,0,0,0,1,0,0,0,0,0,0,C
10561,0,0,0,0,1,0,0,0,0,0,0,C
10562,0,0,0,0,1,0,0,0,0,0,0,C
10563,0,0,0,0,1,0,0,0,0,0,0,C
10564,0,0,0,0,1,0,0,0,0,0,0,C
10565,0,0,0,0,1,0,0,0,0,0,0,C
10566,0,0,0,0,1,0,0,0,0,0,0,C
10567,0,0,0,0,1,0,0,0,0,0,0,C
10568,0,0,0,0,1,0,0,0,0,0,0,C
10569,0,0,0,0,1,0,0,0,0,0,0,C
10570,0,0,0,0,1,0,0,0,0,0,0,C
10571,0,0,0,0,1,0,0,0,0,0,0,C
10572,0,0,0,0,1,0,0,0,0,0,0,C
10573,0,0,0,0,1,0,0,0,0,0,0,C
10574,0,0,0,0,1,0,0,0,0,0,0,C
10575,0,0,0,0,1,0,0,0,0,0,0,C
10576,0,0,0,0,1,0,0,0,0,0,0,C
10577,0,0,0,0,1,0,0,0,0,0,0,C
10578,0,0,0,0,1,0,0,0,0,0,0,C
10579,0,0,0,0,1,0,0,0,0,0,0,C
10580,0,0,0,0,1,0,0,0,0,0,0,C
10581,0,0,0,0,1,0,0,0,0,0,0,C
10582,0,0,0,0,1,0,0,0,0,0,0,C
10583,0,0,0,0,1,0,0,0,0,0,0,C
10584,0,0,0,0,1,0,0,0,0,0,0,C
10585,0,0,0,0,1,0,0,0,0,0,0,C
10586,0,0,0,0,1,0,0,0,0,0,0,C
10587,0,0,0,0,1,0,0,0,0,0,0,C
10588,0,0,0,0,1,0,0,0,0,0,0,C
10589,0,0,0,0,1,0,0,0,0,0,0,C
10590,0,0,0,0,1,0,0,0,0,0,0,C
10591,0,0,0,0,1,0,0,0,0,0,0,C
10592,0,0,0,0,1,0,0,0,0,0,0,C
10593,0,0,0,0,1,0,0,0,0,0,0,C
10594,0,0,0,0,1,0,0,0,0,0,0,C
10595,0,0,0,0,1,0,0,0,0,0,0,C
10596,0,0,0,0,1,0,0,0,0,0,0,C
10597,0,0,0,0,1,0,0,0,0,0,0,C
10598,0,0,0,0,1,0,0,0,0,0,0,C
10599,0,0,0,0,1,0,0,0,0,0,0,C
10600,0,0,0,0,1,0,0,0,0,0,0,C
10601,0,0,0,0,1,0,0,0,0,0,0,C
10602,0,0,0,0,1,0,0,0,0,0,0,C
10603,0,0,0,0,1,0,0,0,0,0,0,C
10604,0,0,0,0,1,0,0,0,0,0,0,C
10605,0,0,0,0,1,0,0,0,0,0,0,C
10606,0,0,0,0,1,0,0,0,0,0,0,C
10607,0,0,0,0,1,0,0,0,0,0,0,C
10608,0,0,0,0,1,0,0,0,0,0,0,C
10609,0,0,0,0,1,0,0,0,0,0,0,C
10610,0,0,0,0,1,0,0,0,0,0,0,C
10611,0,0,0,0,1,0,0,0,0,0,0,C
10612,0,0,0,0,1,0,0,0,0,0,0,C
10613,0,0,0,0,1,0,0,0,0,0,0,C
10614,0,0,0,0,1,0,0,0,0,0,0,C
10615,0,0,0,0,1,0,0,0,0,0,0,C
10616,0,0,0,0,1,0,0,0,0,0,0,C
10617,0,0,0,0,1,0,0,0,0,0,0,C
10618,0,0,0,0,1,0,0,0,0,0,0,C
10619,0,0,0,0,1,0,0,0,0,0,0,C
10620,0,0,0,0,1,0,0,0,0,0,0,C
10621,0,0,0,0,1,0,0,0,0,0,0,C
10622,0,0,0,0,1,0,0,0,0,0,0,C
10623,0,0,0,0,1,0,0,0,0,0,0,C
10624,0,0,0,0,1,0,0,0,0,0,0,C
10625,0,0,0,0,1,0,0,0,0,0,0,C
10626,0,0,0,0,1,0,0,0,0,0,0,C
10627,0,0,0,0,1,0,0,0,0,0,0,C
10628,0,0,0,0,1,0,0,0,0,0,0,C
10629,0,0,0,0,1,0,0,0,0,0,0,C
10630,0,0,0,0,1,0,0,0,0,0,0,C
10631,0,0,0,0,1,0,0,0,0,0,0,C
10632,0,0,0,0,1,0,0,0,0,0,0,C
10633,0,0,0,0,1,0,0,0,0,0,0,C
10634,0,0,0,0,1,0,0,0,0,0,0,C
10635,0,0,0,0,1,0,0,0,0,0,0,C
10636,0,0,0,0,1,0,0,0,0,0,0,C
10637,0,0,0,0,1,0,0,0,0,0,0,C
10638,0,0,0,0,1,0,0,0,0,0,0,C
10639,0,0,0,0,1,0,0,0,0,0,0,C
10640,0,0,0,0,1,0,0,0,0,0,0,C
10641,0,0,0,0,1,0,0,0,0,0,0,C
10642,0,0,0,0,1,0,0,0,0,0,0,C
10643,0,0,0,0,1,0,0,0,0,0,0,C
10644,0,0,0,0,1,0,0,0,0,0,0,C
10645,0,0,0,0,1,0,0,0,0,0,0,C
10646,0,0,0,0,1,0,0,0,0,0,0,C
10647,0,0,0,0,1,0,0,0,0,0,0,C
10648,0,0,0,0,1,0,0,0,0,0,0,C
10649,0,0,0,0,1,0,0,0,0,0,0,C
10650,0,0,0,0,1,0,0,0,0,0,0,C
10651,0,0,0,0,1,0,0,0,0,0,0,C
10652,0,0,0,0,1,0,0,0,0,0,0,C
10653,0,0,0,0,1,0,0,0,0,0,0,C
10654,0,0,0,0,1,0,0,0,0,0,0,C
10655,0,0,0,0,1,0,0,0,0,0,0,C
10656,0,0,0,0,1,0,0,0,0,0,0,C
10657,0,0,0,0,1,0,0,0,0,0,0,C
10658,0,0,0,0,1,0,0,0,0,0,0,C
10659,0,0,0,0,1,0,0,0,0,0,0,C
10660,0,0,0,0,1,0,0,0,0,0,0,C
10661,0,0,0,0,1,0,0,0,0,0,0,C
10662,0,0,0,0,1,0,0,0,0,0,0,C
10663,0,0,0,0,1,0,0,0,0,0,0,C
10664,0,0,0,0,1,0,0,0,0,0,0,C
10665,0,0,0,0,1,0,0,0,0,0,0,C
10666,0,0,0,0,1,0,0,0,0,0,0,C
10667,0,0,0,0,1,0,0,0,0,0,0,C
10668,0,0,0,0,1,0,0,0,0,0,0,C
10669,0,0,0,0,1,0,0,0,0,0,0,C
10670,0,0,0,0,1,0,0,0,0,0,0,C
10671,0,0,0,0,1,0,0,0,0,0,0,C
10672,0,0,0,0,1,0,0,0,0,0,0,C
10673,0,0,0,0,1,0,0,0,0,0,0,C
10674,0,0,0,0,1,0,0,0,0,0,0,C
10675,0,0,0,0,1,0,0,0,0,0,0,C
10676,0,0,0,0,1,0,0,0,0,0,0,C
10677,0,0,0,0,1,0,0,0,0,0,0,C
10678,0,0,0,0,1,0,0,0,0,0,0,C
10679,0,0,0,0,1,0,0,0,0,0,0,C
10680,0,0,0,0,1,0,0,0,0,0,0,C
10681,0,0,0,0,1,0,0,0,0,0,0,C
10682,0,0,0,0,1,0,0,0,0,0,0,C
10683,0,0,0,0,1,0,0,0,0,0,0,C
10684,0,0,0,0,1,0,0,0,0,0,0,C
10685,0,0,0,0,1,0,0,0,0,0,0,C
10686,0,0,0,0,1,0,0,0,0,0,0,C
10687,0,0,0,0,1,0,0,0,0,0,0,C
10688,0,0,0,0,1,0,0,0,0,0,0,C
10689,0,0,0,0,1,0,0,0,0,0,0,C
10690,0,0,0,0,1,0,0,0,0,0,0,C
10691,0,0,0,0,1,0,0,0,0,0,0,C
10692,0,0,0,0,1,0,0,0,0,0,0,C
10693,0,0,0,0,1,0,0,0,0,0,0,C
10694,0,0,0,0,1,0,0,0,0,0,0,C
10695,0,0,0,0,1,0,0,0,0,0,0,C
10696,0,0,0,0,1,0,0,0,0,0,0,C
10697,0,0,0,0,1,0,0,0,0,0,0,C
10698,0,0,0,0,1,0,0,0,0,0,0,C
10699,0,0,0,0,1,0,0,0,0,0,0,C
10700,0,0,0,0,1,0,0,0,0,0,0,C
10701,0,0,0,0,1,0,0,0,0,0,0,C
10702,0,0,0,0,1,0,0,0,0,0,0,C
10703,0,0,0,0,1,0,0,0,0,0,0,C
10704,0,0,0,0,1,0,0,0,0,0,0,C
10705,0,0,0,0,1,0,0,0,0,0,0,C
10706,0,0,0,0,1,0,0,0,0,0,0,C
10707,0,0,0,0,1,0,0,0,0,0,0,C
10708,0,0,0,0,1,0,0,0,0,0,0,C
10709,0,0,0,0,1,0,0,0,0,0,0,C
10710,0,0,0,0,1,0,0,0,0,0,0,C
10711,0,0,0,0,1,0,0,0,0,0,0,C
10712,0,0,0,0,1,0,0,0,0,0,0,C
10713,0,0,0,0,1,0,0,0,0,0,0,B
10714,0,0,0,0,1,0,0,0,0,0,0,A
10715,0,0,0,0,1,0,0,0,0,0,0,C
10716,0,0,0,0,1,0,0,0,0,0,0,C
10717,0,0,0,0,1,0,0,0,0,0,0,C
10718,0,0,0,0,1,0,0,0,0,0,0,C
10719,0,0,0,0,1,0,0,0,0,0,0,I
10720,0,0,0,0,1,0,0,0,0,0,0,I
10721,0,0,0,0,0,0,0,0,0,0,0,I
10722,0,0,0,0,0,0,0,0,0,0,0,I
10723,0,0,0,0,0,0,0,0,0,0,0,I
10724,0,0,0,0,0,0,0,0,0,0,0,I
10725,0,0,0,0,0,0,0,0,0,0,0,I
10726,0,0,0,0,0,0,0,0,0,0,0,I
10727,0,0,0,0,0,0,0,0,0,0,0,I
10728,0,0,0,0,0,0,0,0,0,0,0,I
10729,0,0,0,0,0,0,0,0,0,0,0,I
10730,0,0,0,0,0,0,0,0,0,0,0,I
10731,0,0,0,0,0,0,0,0,0,0,0,I
10732,0,0,0,0,0,0,0,0,0,0,0,I
10733,0,0,0,0,0,0,0,0,0,0,0,I
10734,0,0,0,0,0,0,0,0,0,0,0,I
10735,0,0,0,0,0,0,0,0,0,0,0,I
10736,0,0,0,0,0,0,0,0,0,0,0,I
10737,0,0,0,0,0,0,0,0,0,0,0,I
10738,0,0,0,0,0,0,0,0,0,0,0,I
10739,0,0,0,0,0,0,0,0,0,0,0,I
10740,0,0,0,0,0,0,0,0,0,0,0,I
10741,0,0,0,0,0,0,0,0,0,0,0,I
10742,0,0,0,0,0,0,0,0,0,0,0,I
10743,0,0,0,0,0,0,0,0,0,0,0,I
10744,0,0,0,0,0,0,0,0,0,0,0,I
10745,0,0,0,0,0,0,0,0,0,0,0,I
10746,0,0,0,0,0,0,0,0,0,0,0,I
10747,0,0,0,0,0,0,0,0,0,0,0,I
10748,0,0,0,0,0,0,0,0,0,0,0,I
10749,0,0,0,0,0,0,0,0,0,0,0,I
10750,0,0,0,0,0,0,0,0,0,0,0,I
10751,0,0,0,0,0,0,0,0,0,0,0,I
10752,0,0,0,0,0,0,0,0,0,0,0,I
10753,0,0,0,0,0,0,0,0,0,0,0,I
10754,0,0,0,0,0,0,0,0,0,0,0,I
10755,0,0,0,0,0,0,0,0,0,0,0,I
10756,0,0,0,0,0,0,0,0,0,0,0,I
10757,0,0,0,0,0,0,0,0,0,0,0,I
10758,0,0,0,0,0,0,0,0,0,0,0,I
10759,0,0,0,0,0,0,0,0,0,0,0,I
10760,0,0,0,0,0,0,0,0,0,0,0,I
10761,0,0,0,0,0,0,0,0,0,0,0,I
10762,0,0,0,0,0,0,0,0,0,0,0,I
10763,0,0,0,0,0,0,0,0,0,0,0,I
10764,0,0,0,0,0,0,0,0,0,0,0,I
10765,0,0,0,0,0,0,0,0,0,0,0,I
10766,0,0,0,0,0,0,0,0,0,0,0,I
10767,0,0,0,0,0,0,0,0,0,0,0,I
10768,0,0,0,0,0,0,0,0,0,0,0,I
10769,0,0,0,0,0,0,0,0,0,0,0,I
10770,0,0,0,0,0,0,0,0,0,0,0,I
10771,0,0,0,0,0,0,0,0,0,0,0,I
10772,0,0,0,0,0,0,0,0,0,0,0,I
10773,0,0,0,0,0,0,0,0,0,0,0,I
10774,0,0,0,0,0,0,0,0,0,0,0,I
10775,0,0,0,0,0,0,0,0,0,0,0,I
10776,0,0,0,0,0,0,0,0,0,0,0,I
10777,0,0,0,0,0,0,0,0,0,0,0,I
10778,0,0,0,0,0,0,0,0,0,0,0,I
10779,0,0,0,0,0,0,0,0,0,0,0,I
10780,0,0,0,0,0,0,0,0,0,0,0,I
10781,0,0,0,0,0,0,0,0,0,0,0,I
10782,0,0,0,0,0,0,0,0,0,0,0,I
10783,0,0,0,0,0,0,0,0,0,0,0,I
10784,0,0,0,0,0,0,0,0,0,0,0,I
10785,0,0,0,0,0,0,0,0,0,0,0,I
10786,0,0,0,0,0,0,0,0,0,0,0,I
10787,0,0,0,0,0,0,0,0,0,0,0,I
10788,0,0,0,0,0,0,0,0,0,0,0,I
10789,0,0,0,0,0,0,0,0,0,0,0,I
10790,0,0,0,0,0,0,0,0,0,0,0,I
10791,0,0,0,0,0,0,0,0,0,0,0,I
10792,0,0,0,0,0,0,0,0,0,0,0,I
10793,0,0,0,0,0,0,0,0,0,0,0,I
10794,0,0,0,0,0,0,0,0,0,0,0,I
10795,0,0,0,0,0,0,0,0,0,0,0,I
10796,0,0,0,0,0,0,0,0,0,0,0,I
10797,0,0,0,0,0,0,0,0,0,0,0,I
10798,0,0,0,0,0,0,0,0,0,0,0,I
10799,0,0,0,0,0,0,0,0,0,0,0,I
10800,0,0,0,0,0,0,0,0,0,0,0,I
10801,0,0,0,0,0,0,0,0,0,0,0,I
10802,0,0,0,0,0,0,0,0,0,0,0,I
10803,0,0,0,0,0,0,0,0,0,0,0,I
10804,0,0,0,0,0,0,0,0,0,0,0,I
10805,0,0,0,0,0,0,0,0,0,0,0,I
10806,0,0,0,0,0,0,0,0,0,0,0,I
10807,0,0,0,0,0,0,0,0,0,0,0,I
10808,0,0,0,0,0,0,0,0,0,0,0,I
10809,0,0,0,0,0,0,0,0,0,0,0,I
10810,0,0,0,0,0,0,0,0,0,0,0,I
10811,0,0,0,0,0,0,0,0,0,0,0,I
10812,0,0,0,0,0,0,0,0,0,0,0,I
10813,0,0,0,0,0,0,0,0,0,0,0,I
10814,0,0,0,0,0,0,0,0,0,0,0,I
10815,0,0,0,0,0,0,0,0,0,0,0,I
10816,0,0,0,0,0,0,0,0,0,0,0,I
10817,0,0,0,0,0,0,0,0,0,0,0,I
10818,0,0,0,0,0,0,0,0,0,0,0,I
10819,0,0,0,0,0,0,0,0,0,0,0,I
10820,0,0,0,0,0,0,0,0,0,0,0,I
10821,0,0,0,0,0,0,0,0,0,0,0,I
10822,0,0,0,0,0,0,0,0,0,0,0,I
10823,0,0,0,0,0,0,0,0,0,0,0,I
10824,0,0,0,0,0,0,0,0,0,0,0,I
10825,0,0,0,0,0,0,0,0,0,0,0,I
10826,0,0,0,0,0,0,0,0,0,0,0,I
10827,0,0,0,0,0,0,0,0,0,0,0,I
10828,0,0,0,0,0,0,0,0,0,0,0,I
10829,0,0,0,0,0,0,0,0,0,0,0,I
10830,0,0,0,0,0,0,0,0,0,0,0,I
10831,0,0,0,0,0,0,0,0,0,0,0,I
10832,0,0,0,0,0,0,0,0,0,0,0,I
10833,0,0,0,0,0,0,0,0,0,0,0,I
10834,0,0,0,0,0,0,0,0,0,0,0,I
10835,0,0,0,0,0,0,0,0,0,0,0,I
10836,0,0,0,0,0,0,0,0,0,0,0,I
10837,0,0,0,0,0,0,0,0,0,0,0,I
10838,0,0,0,0,0,0,0,0,0,0,0,I
10839,0,0,0,0,0,0,0,0,0,0,0,I
10840,0,0,0,0,0,0,0,0,0,0,0,I
10841,0,0,0,0,0,0,0,0,0,0,0,I
10842,0,0,0,0,0,0,0,0,0,0,0,I
10843,0,0,0,0,0,0,0,0,0,0,0,I
10844,0,0,0,0,0,0,0,0,0,0,0,I
10845,0,0,0,0,0,0,0,0,0,0,0,I
10846,0,0,0,0,0,0,0,0,0,0,0,I
10847,0,0,0,0,0,0,0,0,0,0,0,I
10848,0,0,0,0,0,0,0,0,0,0,0,I
10849,0,0,0,0,0,0,0,0,0,0,0,I
10850,0,0,0,0,0,0,0,0,0,0,0,I
10851,0,0,0,0,0,0,0,0,0,0,0,I
10852,0,0,0,0,0,0,0,0,0,0,0,I
10853,0,0,0,0,0,0,0,0,0,0,0,I
10854,0,0,0,0,0,0,0,0,0,0,0,I
10855,0,0,0,0,0,0,0,0,0,0,0,I
10856,0,0,0,0,0,0,0,0,0,0,0,I
10857,0,0,0,0,0,0,0,0,0,0,0,I
10858,0,0,0,0,0,0,0,0,0,0,0,I
10859,0,0,0,0,0,0,0,0,0,0,0,I
10860,0,0,0,0,0,0,0,0,0,0,0,I
10861,0,0,0,0,0,0,0,0,0,0,0,I
10862,0,0,0,0,0,0,0,0,0,0,0,I
10863,0,0,0,0,0,0,0,0,0,0,0,I
10864,0,0,0,0,0,0,0,0,0,0,0,I
10865,0,0,0,0,0,0,0,0,0,0,0,I
10866,0,0,0,0,0,0,0,0,0,0,0,I
10867,0,0,0,0,0,0,0,0,0,0,0,I
10868,0,0,0,0,0,0,0,0,0,0,0,I
10869,0,0,0,0,0,0,0,0,0,0,0,I
10870,0,0,0,0,0,0,0,0,0,0,0,I
10871,0,0,0,0,0,0,0,0,0,0,0,I
10872,0,0,0,0,0,0,0,0,0,0,0,I
10873,0,0,0,0,0,0,0,0,0,0,0,I
10874,0,0,0,0,0,0,0,0,0,0,0,I
10875,0,0,0,0,0,0,0,0,0,0,0,I
10876,0,0,0,0,0,0,0,0,0,0,0,I
10877,0,0,0,0,0,0,0,0,0,0,0,I
10878,0,0,0,0,0,0,0,0,0,0,0,I
10879,0,0,0,0,0,0,0,0,0,0,0,I
10880,0,0,0,0,0,0,0,0,0,0,0,I
10881,0,0,0,0,0,0,0,0,0,0,0,I
10882,0,0,0,0,0,0,0,0,0,0,0,I
10883,0,0,0,0,0,0,0,0,0,0,0,I
10884,0,0,0,0,0,0,0,0,0,0,0,I
10885,0,0,0,0,0,0,0,0,0,0,0,I
10886,0,0,0,0,0,0,0,0,0,0,0,I
10887,0,0,0,0,0,0,0,0,0,0,0,I
10888,0,0,0,0,0,0,0,0,0,0,0,I
10889,0,0,0,0,0,0,0,0,0,0,0,I
10890,0,0,0,0,0,0,0,0,0,0,0,I
10891,0,0,0,0,0,0,0,0,0,0,0,I
10892,0,0,0,0,0,0,0,0,0,0,0,I
10893,0,0,0,0,0,0,0,0,0,0,0,I
10894,0,0,0,0,0,0,0,0,0,0,0,I
10895,0,0,0,0,0,0,0,0,0,0,0,I
10896,0,0,0,0,0,0,0,0,0,0,0,I
10897,0,0,0,0,0,0,0,0,0,0,0,I
10898,0,0,0,0,0,0,0,0,0,0,0,I
10899,0,0,0,0,0,0,0,0,0,0,0,I
10900,0,0,0,0,0,0,0,0,0,0,0,I
10901,0,0,0,0,0,0,0,0,0,0,0,I
10902,0,0,0,0,0,0,0,0,0,0,0,I
10903,0,0,0,0,0,0,0,0,0,0,0,I
10904,0,0,0,0,0,0,0,0,0,0,0,I
10905,0,0,0,0,0,0,0,0,0,0,0,I
10906,0,0,0,0,0,0,0,0,0,0,0,I
10907,0,0,0,0,0,0,0,0,0,0,0,I
10908,0,0,0,0,0,0,0,0,0,0,0,I
10909,0,0,0,0,0,0,0,0,0,0,0,I
10910,0,0,0,0,0,0,0,0,0,0,0,I
10911,0,0,0,0,0,0,0,0,0,0,0,I
10912,0,0,0,0,0,0,0,0,0,0,0,I
10913,0,0,0,0,0,0,0,0,0,0,0,I
10914,0,0,0,0,0,0,0,0,0,0,0,I
10915,0,0,0,0,0,0,0,0,0,0,0,I
10916,0,0,0,0,0,0,0,0,0,0,0,I
10917,0,0,0,0,0,0,0,0,0,0,0,I
10918,0,0,0,0,0,0,0,0,0,0,0,I
10919,0,0,0,0,0,0,0,0,0,0,0,I
10920,0,0,0,0,0,0,0,0,0,0,0,I
10921,0,0,0,0,0,0,0,0,0,0,0,I
10922,0,0,0,0,0,0,0,0,0,0,0,I
10923,0,0,0,0,0,0,0,0,0,0,0,I
10924,0,0,0,0,0,0,0,0,0,0,0,I
10925,0,0,0,0,0,0,0,0,0,0,0,I
10926,0,0,0,0,0,0,0,0,0,0,0,I
10927,0,0,0,0,0,0,0,0,0,0,0,I
10928,0,0,0,0,0,0,0,0,0,0,0,I
10929,0,0,0,0,0,0,0,0,0,0,0,I
10930,0,0,0,0,0,0,0,0,0,0,0,I
10931,0,0,0,0,0,0,0,0,0,0,0,I
10932,0,0,0,0,0,0,0,0,0,0,0,I
10933,0,0,0,0,0,0,0,0,0,0,0,I
10934,0,0,0,0,0,0,0,0,0,0,0,I
10935,0,0,0,0,0,0,0,0,0,0,0,I
10936,0,0,0,0,0,0,0,0,0,0,0,I
10937,0,0,0,0,0,0,0,0,0,0,0,I
10938,0,0,0,0,0,0,0,0,0,0,0,I
10939,0,0,0,0,0,0,0,0,0,0,0,I
10940,0,0,0,0,0,0,0,0,0,0,0,I
10941,0,0,0,0,0,0,0,0,0,0,0,I
10942,0,0,0,0,0,0,0,0,0,0,0,I
10943,0,0,0,0,0,0,0,0,0,0,0,I
10944,0,0,0,0,0,0,0,0,0,0,0,I
10945,0,0,0,0,0,0,0,0,0,0,0,I
10946,0,0,0,0,0,0,0,0,0,0,0,I
10947,0,0,0,0,0,0,0,0,0,0,0,I
10948,0,0,0,0,0,0,0,0,0,0,0,I
10949,0,0,0,0,0,0,0,0,0,0,0,I
10950,0,0,0,0,0,0,0,0,0,0,0,I
10951,0,0,0,0,0,0,0,0,0,0,0,I
10952,0,0,0,0,0,0,0,0,0,0,0,I
10953,0,0,0,0,0,0,0,0,0,0,0,I
10954,0,0,0,0,0,0,0,0,0,0,0,I
10955,0,0,0,0,0,0,0,0,0,0,0,I
10956,0,0,0,0,0,0,0,0,0,0,0,I
10957,0,0,0,0,0,0,0,0,0,0,0,I
10958,0,0,0,0,0,0,0,0,0,0,0,I
10959,0,0,0,0,0,0,0,0,0,0,0,I
10960,0,0,0,0,0,0,0,0,0,0,0,I
10961,0,0,0,0,0,0,0,0,0,0,0,I
10962,0,0,0,0,0,0,0,0,0,0,0,I
10963,0,0,0,0,0,0,0,0,0,0,0,I
10964,0,0,0,0,0,0,0,0,0,0,0,I
10965,0,0,0,0,0,0,0,0,0,0,0,I
10966,0,0,0,0,0,0,0,0,0,0,0,I
10967,0,0,0,0,0,0,0,0,0,0,0,I
10968,0,0,0,0,0,0,0,0,0,0,0,I
10969,0,0,0,0,0,0,0,0,0,0,0,I
10970,0,0,0,0,0,0,0,0,0,0,0,I
10971,0,0,0,0,0,0,0,0,0,0,0,I
10972,0,0,0,0,0,0,0,0,0,0,0,I
10973,0,0,0,0,0,0,0,0,0,0,0,I
10974,0,0,0,0,0,0,0,0,0,0,0,I
10975,0,0,0,0,0,0,0,0,0,0,0,I
10976,0,0,0,0,0,0,0,0,0,0,0,I
10977,0,0,0,0,0,0,0,0,0,0,0,I
10978,0,0,0,0,0,0,0,0,0,0,0,I
10979,0,0,0,0,0,0,0,0,0,0,0,I
10980,0,0,0,0,0,0,0,0,0,0,0,I
10981,0,0,0,0,0,0,0,0,0,0,0,I
10982,0,0,0,0,0,0,0,0,0,0,0,I
10983,0,0,0,0,0,0,0,0,0,0,0,I
10984,0,0,0,0,0,0,0,0,0,0,0,I
10985,0,0,0,0,0,0,0,0,0,0,0,I
10986,0,0,0,0,0,0,0,0,0,0,0,I
10987,0,0,0,0,0,0,0,0,0,0,0,I
10988,0,0,0,0,0,0,0,0,0,0,0,I
10989,0,0,0,0,0,0,0,0,0,0,0,I
10990,0,0,0,0,0,0,0,0,0,0,0,I
10991,0,0,0,0,0,0,0,0,0,0,0,I
10992,0,0,0,0,0,0,0,0,0,0,0,I
10993,0,0,0,0,0,0,0,0,0,0,0,I
10994,0,0,0,0,0,0,0,0,0,0,0,I
10995,0,0,0,0,0,0,0,0,0,0,0,I
10996,0,0,0,0,0,0,0,0,0,0,0,I
10997,0,0,0,0,0,0,0,0,0,0,0,I
10998,0,0,0,0,0,0,0,0,0,0,0,I
10999,0,0,0,0,0,0,0,0,0,0,0,I
11000,0,0,0,0,0,0,0,0,0,0,0,I
11001,0,0,0,0,0,0,0,0,0,0,0,I
11002,0,0,0,0,0,0,0,0,0,0,0,I
11003,0,0,0,0,0,0,0,0,0,0,0,I
11004,0,0,0,0,0,0,0,0,0,0,0,I
11005,0,0,0,0,0,0,0,0,0,0,0,I
11006,0,0,0,0,0,0,0,0,0,0,0,I
11007,0,0,0,0,0,0,0,0,0,0,0,I
11008,0,0,0,0,0,0,0,0,0,0,0,I
11009,0,0,0,0,0,0,0,0,0,0,0,I
11010,0,0,0,0,0,0,0,0,0,0,0,I
11011,0,0,0,0,0,0,0,0,0,0,0,I
11012,0,0,0,0,0,0,0,0,0,0,0,I
11013,0,0,0,0,0,0,0,0,0,0,0,I
11014,0,0,0,0,0,0,0,0,0,0,0,I
11015,0,0,0,0,0,0,0,0,0,0,0,I
11016,0,0,0,0,0,0,0,0,0,0,0,I
11017,0,0,0,0,0,0,0,0,0,0,0,I
11018,0,0,0,0,0,0,0,0,0,0,0,I
11019,0,0,0,0,0,0,0,0,0,0,0,I
11020,0,0,0,0,0,0,0,0,0,0,0,I
11021,0,0,0,0,0,0,0,0,0,0,0,I
11022,0,0,0,0,0,0,0,0,0,0,0,I
11023,0,0,0,0,0,0,0,0,0,0,0,I
11024,0,0,0,0,0,0,0,0,0,0,0,I
11025,0,0,0,0,0,0,0,0,0,0,0,I
11026,0,0,0,0,0,0,0,0,0,0,0,I
11027,0,0,0,0,0,0,0,0,0,0,0,I
11028,0,0,0,0,0,0,0,0,0,0,0,I
11029,0,0,0,0,0,0,0,0,0,0,0,I
11030,0,0,0,0,0,0,0,0,0,0,0,I
11031,0,0,0,0,0,0,0,0,0,0,0,I
11032,0,0,0,0,0,0,0,0,0,0,0,I
11033,0,0,0,0,0,0,0,0,0,0,0,I
11034,0,0,0,0,0,0,0,0,0,0,0,I
11035,0,0,0,0,0,0,0,0,0,0,0,I
11036,0,0,0,0,0,0,0,0,0,0,0,I
11037,0,0,0,0,0,0,0,0,0,0,0,I
11038,0,0,0,0,0,0,0,0,0,0,0,I
11039,0,0,0,0,0,0,0,0,0,0,0,I
11040,0,0,0,0,0,0,0,0,0,0,0,I
11041,0,0,0,0,0,0,0,0,0,0,0,I
11042,0,0,0,0,0,0,0,0,0,0,0,I
11043,0,0,0,0,0,0,0,0,0,0,0,I
11044,0,0,0,0,0,0,0,0,0,0,0,I
11045,0,0,0,0,0,0,0,0,0,0,0,I
11046,0,0,0,0,0,0,0,0,0,0,0,I
11047,0,0,0,0,0,0,0,0,0,0,0,I
11048,0,0,0,0,0,0,0,0,0,0,0,I
11049,0,0,0,0,0,0,0,0,0,0,0,I
11050,0,0,0,0,0,0,0,0,0,0,0,I
11051,0,0,0,0,0,0,0,0,0,0,0,I
11052,0,0,0,0,0,0,0,0,0,0,0,I
11053,0,0,0,0,0,0,0,0,0,0,0,I
11054,0,0,0,0,0,0,0,0,0,0,0,I
11055,0,0,0,0,0,0,0,0,0,0,0,I
11056,0,0,0,0,0,0,0,0,0,0,0,I
11057,0,0,0,0,0,0,0,0,0,0,0,I
11058,0,0,0,0,0,0,0,0,0,0,0,I
11059,0,0,0,0,0,0,0,0,0,0,0,I
11060,0,0,0,0,0,0,0,0,0,0,0,I
11061,0,0,0,0,0,0,0,0,0,0,0,I
11062,0,0,0,0,0,0,0,0,0,0,0,I
11063,0,0,0,0,0,0,0,0,0,0,0,I
11064,0,0,0,0,0,0,0,0,0,0,0,I
11065,0,0,0,0,0,0,0,0,0,0,0,I
11066,0,0,0,0,0,0,0,0,0,0,0,I
11067,0,0,0,0,0,0,0,0,0,0,0,I
11068,0,0,0,0,0,0,0,0,0,0,0,I
11069,0,0,0,0,0,0,0,0,0,0,0,I
11070,0,0,0,0,0,0,0,0,0,0,0,I
11071,0,0,0,0,0,0,0,0,0,0,0,I
11072,0,0,0,0,0,0,0,0,0,0,0,I
11073,0,0,0,0,0,0,0,0,0,0,0,I
11074,0,0,0,0,0,0,0,0,0,0,0,I
11075,0,0,0,0,0,0,0,0,0,0,0,I
11076,0,0,0,0,0,0,0,0,0,0,0,I
11077,0,0,0,0,0,0,0,0,0,0,0,I
11078,0,0,0,0,0,0,0,0,0,0,0,I
11079,0,0,0,0,0,0,0,0,0,0,0,I
11080,0,0,0,0,0,0,0,0,0,0,0,I
11081,0,0,0,0,0,0,0,0,0,0,0,I
11082,0,0,0,0,0,0,0,0,0,0,0,I
11083,0,0,0,0,0,0,0,0,0,0,0,I
11084,0,0,0,0,0,0,0,0,0,0,0,I
11085,0,0,0,0,0,0,0,0,0,0,0,I
11086,0,0,0,0,0,0,0,0,0,0,0,I
11087,0,0,0,0,0,0,0,0,0,0,0,I
11088,0,0,0,0,0,0,0,0,0,0,0,I
11089,0,0,0,0,0,0,0,0,0,0,0,I
11090,0,0,0,0,0,0,0,0,0,0,0,I
11091,0,0,0,0,0,0,0,0,0,0,0,I
11092,0,0,0,0,0,0,0,0,0,0,0,I
11093,0,0,0,0,0,0,0,0,0,0,0,I
11094,0,0,0,0,0,0,0,0,0,0,0,I
11095,0,0,0,0,0,0,0,0,0,0,0,I
11096,0,0,0,0,0,0,0,0,0,0,0,I
11097,0,0,0,0,0,0,0,0,0,0,0,I
11098,0,0,0,0,0,0,0,0,0,0,0,I
11099,0,0,0,0,0,0,0,0,0,0,0,I
11100,0,0,0,0,0,0,0,0,0,0,0,I
11101,0,0,0,0,0,0,0,0,0,0,0,I
11102,0,0,0,0,0,0,0,0,0,0,0,I
11103,0,0,0,0,0,0,0,0,0,0,0,I
11104,0,0,0,0,0,0,0,0,0,0,0,I
11105,0,0,0,0,0,0,0,0,0,0,0,I
11106,0,0,0,0,0,0,0,0,0,0,0,I
11107,0,0,0,0,0,0,0,0,0,0,0,I
11108,0,0,0,0,0,0,0,0,0,0,0,I
11109,0,0,0,0,0,0,0,0,0,0,0,I
11110,0,0,0,0,0,0,0,0,0,0,0,I
11111,0,0,0,0,0,0,0,0,0,0,0,I
11112,0,0,0,0,0,0,0,0,0,0,0,I
11113,0,0,0,0,0,0,0,0,0,0,0,I
11114,0,0,0,0,0,0,0,0,0,0,0,I
11115,0,0,0,0,0,0,0,0,0,0,0,I
11116,0,0,0,0,0,0,0,0,0,0,0,I
11117,0,0,0,0,0,0,0,0,0,0,0,I
11118,0,0,0,0,0,0,0,0,0,0,0,I
11119,0,0,0,0,0,0,0,0,0,0,0,I
11120,0,0,0,0,0,0,0,0,0,0,0,I
11121,0,0,0,0,0,0,0,0,0,0,0,I
11122,0,0,0,0,0,0,0,0,0,0,0,I
11123,0,0,0,0,0,0,0,0,0,0,0,I
11124,0,0,0,0,0,0,0,0,0,0,0,I
11125,0,0,0,0,0,0,0,0,0,0,0,I
11126,0,0,0,0,0,0,0,0,0,0,0,I
11127,0,0,0,0,0,0,0,0,0,0,0,I
11128,0,0,0,0,0,0,0,0,0,0,0,I
11129,0,0,0,0,0,0,0,0,0,0,0,I
11130,0,0,0,0,0,0,0,0,0,0,0,I
11131,0,0,0,0,0,0,0,0,0,0,0,I
11132,0,0,0,0,0,0,0,0,0,0,0,I
11133,0,0,0,0,0,0,0,0,0,0,0,I
11134,0,0,0,0,0,0,0,0,0,0,0,I
11135,0,0,0,0,0,0,0,0,0,0,0,I
11136,0,0,0,0,0,0,0,0,0,0,0,I
11137,0,0,0,0,0,0,0,0,0,0,0,I
11138,0,0,0,0,0,0,0,0,0,0,0,I
11139,0,0,0,0,0,0,0,0,0,0,0,I
11140,0,0,0,0,0,0,0,0,0,0,0,I
11141,0,0,0,0,0,0,0,0,0,0,0,I
11142,0,0,0,0,0,0,0,0,0,0,0,I
11143,0,0,0,0,0,0,0,0,0,0,0,I
11144,0,0,0,0,0,0,0,0,0,0,0,I
11145,0,0,0,0,0,0,0,0,0,0,0,I
11146,0,0,0,0,0,0,0,0,0,0,0,I
11147,0,0,0,0,0,0,0,0,0,0,0,I
11148,0,0,0,0,0,0,0,0,0,0,0,I
11149,0,0,0,0,0,0,0,0,0,0,0,I
11150,0,0,0,0,0,0,0,0,0,0,0,I
11151,0,0,0,0,0,0,0,0,0,0,0,I
11152,0,0,0,0,0,0,0,0,0,0,0,I
11153,0,0,0,0,0,0,0,0,0,0,0,I
11154,0,0,0,0,0,0,0,0,0,0,0,I
11155,0,0,0,0,0,0,0,0,0,0,0,I
11156,0,0,0,0,0,0,0,0,0,0,0,I
11157,0,0,0,0,0,0,0,0,0,0,0,I
11158,0,0,0,0,0,0,0,0,0,0,0,I
11159,0,0,0,0,0,0,0,0,0,0,0,I
11160,0,0,0,0,0,0,0,0,0,0,0,I
11161,0,0,0,0,0,0,0,0,0,0,0,I
11162,0,0,0,0,0,0,0,0,0,0,0,I
11163,0,0,0,0,0,0,0,0,0,0,0,I
11164,0,0,0,0,0,0,0,0,0,0,0,I
11165,0,0,0,0,0,0,0,0,0,0,0,I
11166,0,0,0,0,0,0,0,0,0,0,0,I
11167,0,0,0,0,0,0,0,0,0,0,0,I
11168,0,0,0,0,0,0,0,0,0,0,0,I
11169,0,0,0,0,0,0,0,0,0,0,0,I
11170,0,0,0,0,0,0,0,0,0,0,0,I
11171,0,0,0,0,0,0,0,0,0,0,0,I
11172,0,0,0,0,0,0,0,0,0,0,0,I
11173,0,0,0,0,0,0,0,0,0,0,0,I
11174,0,0,0,0,0,0,0,0,0,0,0,I
11175,0,0,0,0,0,0,0,0,0,0,0,I
11176,0,0,0,0,0,0,0,0,0,0,0,I
11177,0,0,0,0,0,0,0,0,0,0,0,I
11178,0,0,0,0,0,0,0,0,0,0,0,I
11179,0,0,0,0,0,0,0,0,0,0,0,I
11180,0,0,0,0,0,0,0,0,0,0,0,I
11181,0,0,0,0,0,0,0,0,0,0,0,I
11182,0,0,0,0,0,0,0,0,0,0,0,I
11183,0,0,0,0,0,0,0,0,0,0,0,I
11184,0,0,0,0,0,0,0,0,0,0,0,I
11185,0,0,0,0,0,0,0,0,0,0,0,I
11186,0,0,0,0,0,0,0,0,0,0,0,I
11187,0,0,0,0,0,0,0,0,0,0,0,I
11188,0,0,0,0,0,0,0,0,0,0,0,I
11189,0,0,0,0,0,0,0,0,0,0,0,I
11190,0,0,0,0,0,0,0,0,0,0,0,I
11191,0,0,0,0,0,0,0,0,0,0,0,I
11192,0,0,0,0,0,0,0,0,0,0,0,I
11193,0,0,0,0,0,0,0,0,0,0,0,I
11194,0,0,0,0,0,0,0,0,0,0,0,I
11195,0,0,0,0,0,0,0,0,0,0,0,I
11196,0,0,0,0,0,0,0,0,0,0,0,I
11197,0,0,0,0,0,0,0,0,0,0,0,I
11198,0,0,0,0,0,0,0,0,0,0,0,I
11199,0,0,0,0,0,0,0,0,0,0,0,I
11200,0,0,0,0,0,0,0,0,0,0,0,I
11201,0,0,0,0,0,0,0,0,0,0,0,I
11202,0,0,0,0,0,0,0,0,0,0,0,I
11203,0,0,0,0,0,0,0,0,0,0,0,I
11204,0,0,0,0,0,0,0,0,0,0,0,I
11205,0,0,0,0,0,0,0,0,0,0,0,I
11206,0,0,0,0,0,0,0,0,0,0,0,I
11207,0,0,0,0,0,0,0,0,0,0,0,I
11208,0,0,0,0,0,0,0,0,0,0,0,I
11209,0,0,0,0,0,0,0,0,0,0,0,I
11210,0,0,0,0,0,0,0,0,0,0,0,I
11211,0,0,0,0,0,0,0,0,0,0,0,I
11212,0,0,0,0,0,0,0,0,0,0,0,I
11213,0,0,0,0,0,0,0,0,0,0,0,I
11214,0,0,0,0,0,0,0,0,0,0,0,I
11215,0,0,0,0,0,0,0,0,0,0,0,I
11216,0,0,0,0,0,0,0,0,0,0,0,I
11217,0,0,0,0,0,0,0,0,0,0,0,I
11218,0,0,0,0,0,0,0,0,0,0,0,I
11219,0,0,0,0,0,0,0,0,0,0,0,I
11220,0,0,0,0,0,0,0,0,0,0,0,I
11221,0,0,0,0,0,0,0,0,0,0,0,I
11222,0,0,0,0,0,0,0,0,0,0,0,I
11223,0,0,0,0,0,0,0,0,0,0,0,I
11224,0,0,0,0,0,0,0,0,0,0,0,I
11225,0,0,0,0,0,0,0,0,0,0,0,I
11226,0,0,0,0,0,0,0,0,0,0,0,I
11227,0,0,0,0,0,0,0,0,0,0,0,I
11228,0,0,0,0,0,0,0,0,0,0,0,I
11229,0,0,0,0,0,0,0,0,0,0,0,I
11230,0,0,0,0,0,0,0,0,0,0,0,I
11231,0,0,0,0,0,0,0,0,0,0,0,I
11232,0,0,0,0,0,0,0,0,0,0,0,I
11233,0,0,0,0,0,0,0,0,0,0,0,I
11234,0,0,0,0,0,0,0,0,0,0,0,I
11235,0,0,0,0,0,0,0,0,0,0,0,I
11236,0,0,0,0,0,0,0,0,0,0,0,I
11237,0,0,0,0,0,0,0,0,0,0,0,I
11238,0,0,0,0,0,0,0,0,0,0,0,I
11239,0,0,0,0,0,0,0,0,0,0,0,I
11240,0,0,0,0,0,0,0,0,0,0,0,I
11241,0,0,0,0,0,0,0,0,0,0,0,I
11242,0,0,0,0,0,0,0,0,0,0,0,I
11243,0,0,0,0,0,0,0,0,0,0,0,I
11244,0,0,0,0,0,0,0,0,0,0,0,I
11245,0,0,0,0,0,0,0,0,0,0,0,I
11246,0,0,0,0,0,0,0,0,0,0,0,I
11247,0,0,0,0,0,0,0,0,0,0,0,I
11248,0,0,0,0,0,0,0,0,0,0,0,I
11249,0,0,0,0,0,0,0,0,0,0,0,I
11250,0,0,0,0,0,0,0,0,0,0,0,I
11251,0,0,0,0,0,0,0,0,0,0,0,I
11252,0,0,0,0,0,0,0,0,0,0,0,I
11253,0,0,0,0,0,0,0,0,0,0,0,I
11254,0,0,0,0,0,0,0,0,0,0,0,I
11255,0,0,0,0,0,0,0,0,0,0,0,I
11256,0,0,0,0,0,0,0,0,0,0,0,I
11257,0,0,0,0,0,0,0,0,0,0,0,I
11258,0,0,0,0,0,0,0,0,0,0,0,I
11259,0,0,0,0,0,0,0,0,0,0,0,I
11260,0,0,0,0,0,0,0,0,0,0,0,I
11261,0,0,0,0,0,0,0,0,0,0,0,I
11262,0,0,0,0,0,0,0,0,0,0,0,I
11263,0,0,0,0,0,0,0,0,0,0,0,I
11264,0,0,0,0,0,0,0,0,0,0,0,I
11265,0,0,0,0,0,0,0,0,0,0,0,I
11266,0,0,0,0,0,0,0,0,0,0,0,I
11267,0,0,0,0,0,0,0,0,0,0,0,I
11268,0,0,0,0,0,0,0,0,0,0,0,I
11269,0,0,0,0,0,0,0,0,0,0,0,I
11270,0,0,0,0,0,0,0,0,0,0,0,I
11271,0,0,0,0,0,0,0,0,0,0,0,I
11272,0,0,0,0,0,0,0,0,0,0,0,I
11273,0,0,0,0,0,0,0,0,0,0,0,I
11274,0,0,0,0,0,0,0,0,0,0,0,I
11275,0,0,0,0,0,0,0,0,0,0,0,I
11276,0,0,0,0,0,0,0,0,0,0,0,I
11277,0,0,0,0,0,0,0,0,0,0,0,I
11278,0,0,0,0,0,0,0,0,0,0,0,I
11279,0,0,0,0,0,0,0,0,0,0,0,I
11280,0,0,0,0,0,0,0,0,0,0,0,I
11281,0,0,0,0,0,0,0,0,0,0,0,I
11282,0,0,0,0,0,0,0,0,0,0,0,I
11283,0,0,0,0,0,0,0,0,0,0,0,I
11284,0,0,0,0,0,0,0,0,0,0,0,I
11285,0,0,0,0,0,0,0,0,0,0,0,I
11286,0,0,0,0,0,0,0,0,0,0,0,I
11287,0,0,0,0,0,0,0,0,0,0,0,I
11288,0,0,0,0,0,0,0,0,0,0,0,I
11289,0,0,0,0,0,0,0,0,0,0,0,I
11290,0,0,0,0,0,0,0,0,0,0,0,I
11291,0,0,0,0,0,0,0,0,0,0,0,I
11292,0,0,0,0,0,0,0,0,0,0,0,I
11293,0,0,0,0,0,0,0,0,0,0,0,I
11294,0,0,0,0,0,0,0,0,0,0,0,I
11295,0,0,0,0,0,0,0,0,0,0,0,I
11296,0,0,0,0,0,0,0,0,0,0,0,I
11297,0,0,0,0,0,0,0,0,0,0,0,I
11298,0,0,0,0,0,0,0,0,0,0,0,I
11299,0,0,0,0,0,0,0,0,0,0,0,I
11300,0,0,0,0,0,0,0,0,0,0,0,I
11301,0,0,0,0,0,0,0,0,0,0,0,I
11302,0,0,0,0,0,0,0,0,0,0,0,I
11303,0,0,0,0,0,0,0,0,0,0,0,I
11304,0,0,0,0,0,0,0,0,0,0,0,I
11305,0,0,0,0,0,0,0,0,0,0,0,I
11306,0,0,0,0,0,0,0,0,0,0,0,I
11307,0,0,0,0,0,0,0,0,0,0,0,I
11308,0,0,0,0,0,0,0,0,0,0,0,I
11309,0,0,0,0,0,0,0,0,0,0,0,I
11310,0,0,0,0,0,0,0,0,0,0,0,I
11311,0,0,0,0,0,0,0,0,0,0,0,I
11312,0,0,0,0,0,0,0,0,0,0,0,I
11313,0,0,0,0,0,0,0,0,0,0,0,I
11314,0,0,0,0,0,0,0,0,0,0,0,I
11315,0,0,0,0,0,0,0,0,0,0,0,I
11316,0,0,0,0,0,0,0,0,0,0,0,I
11317,0,0,0,0,0,0,0,0,0,0,0,I
11318,0,0,0,0,0,0,0,0,0,0,0,I
11319,0,0,0,0,0,0,0,0,0,0,0,I
11320,0,0,0,0,0,0,0,0,0,0,0,I
11321,0,0,0,0,0,0,0,0,0,0,0,I
11322,0,0,0,0,0,0,0,0,0,0,0,I
11323,0,0,0,0,0,0,0,0,0,0,0,I
11324,0,0,0,0,0,0,0,0,0,0,0,I
11325,0,0,0,0,0,0,0,0,0,0,0,I
11326,0,0,0,0,0,0,0,0,0,0,0,I
11327,0,0,0,0,0,0,0,0,0,0,0,I
11328,0,0,0,0,0,0,0,0,0,0,0,I
11329,0,0,0,0,0,0,0,0,0,0,0,I
11330,0,0,0,0,0,0,0,0,0,0,0,I
11331,0,0,0,0,0,0,0,0,0,0,0,I
11332,0,0,0,0,0,0,0,0,0,0,0,I
11333,0,0,0,0,0,0,0,0,0,0,0,I
11334,0,0,0,0,0,0,0,0,0,0,0,I
11335,0,0,0,0,0,0,0,0,0,0,0,I
11336,0,0,0,0,0,0,0,0,0,0,0,I
11337,0,0,0,0,0,0,0,0,0,0,0,I
11338,0,0,0,0,0,0,0,0,0,0,0,I
11339,0,0,0,0,0,0,0,0,0,0,0,I
11340,0,0,0,0,0,0,0,0,0,0,0,I
11341,0,0,0,0,0,0,0,0,0,0,0,I
11342,0,0,0,0,0,0,0,0,0,0,0,I
11343,0,0,0,0,0,0,0,0,0,0,0,I
11344,0,0,0,0,0,0,0,0,0,0,0,I
11345,0,0,0,0,0,0,0,0,0,0,0,I
11346,0,0,0,0,0,0,0,0,0,0,0,I
11347,0,0,0,0,0,0,0,0,0,0,0,I
11348,0,0,0,0,0,0,0,0,0,0,0,I
11349,0,0,0,0,0,0,0,0,0,0,0,I
11350,0,0,0,0,0,0,0,0,0,0,0,I
11351,0,0,0,0,0,0,0,0,0,0,0,I
11352,0,0,0,0,0,0,0,0,0,0,0,I
11353,0,0,0,0,0,0,0,0,0,0,0,I
11354,0,0,0,0,0,0,0,0,0,0,0,I
11355,0,0,0,0,0,0,0,0,0,0,0,I
11356,0,0,0,0,0,0,0,0,0,0,0,I
11357,0,0,0,0,0,0,0,0,0,0,0,I
11358,0,0,0,0,0,0,0,0,0,0,0,I
11359,0,0,0,0,0,0,0,0,0,0,0,I
11360,0,0,0,0,0,0,0,0,0,0,0,I
11361,0,0,0,0,0,0,0,0,0,0,0,I
11362,0,0,0,0,0,0,0,0,0,0,0,I
11363,0,0,0,0,0,0,0,0,0,0,0,I
11364,0,0,0,0,0,0,0,0,0,0,0,I
11365,0,0,0,0,0,0,0,0,0,0,0,I
11366,0,0,0,0,0,0,0,0,0,0,0,I
11367,0,0,0,0,0,0,0,0,0,0,0,I
11368,0,0,0,0,0,0,0,0,0,0,0,I
11369,0,0,0,0,0,0,0,0,0,0,0,I
11370,0,0,0,0,0,0,0,0,0,0,0,I
11371,0,0,0,0,0,0,0,0,0,0,0,I
11372,0,0,0,0,0,0,0,0,0,0,0,I
11373,0,0,0,0,0,0,0,0,0,0,0,I
11374,0,0,0,0,0,0,0,0,0,0,0,I
11375,0,0,0,0,0,0,0,0,0,0,0,I
11376,0,0,0,0,0,0,0,0,0,0,0,I
11377,0,0,0,0,0,0,0,0,0,0,0,I
11378,0,0,0,0,0,0,0,0,0,0,0,I
11379,0,0,0,0,0,0,0,0,0,0,0,I
11380,0,0,0,0,0,0,0,0,0,0,0,I
11381,0,0,0,0,0,0,0,0,0,0,0,I
11382,0,0,0,0,0,0,0,0,0,0,0,I
11383,0,0,0,0,0,0,0,0,0,0,0,I
11384,0,0,0,0,0,0,0,0,0,0,0,I
11385,0,0,0,0,0,0,0,0,0,0,0,I
11386,0,0,0,0,0,0,0,0,0,0,0,I
11387,0,0,0,0,0,0,0,0,0,0,0,I
11388,0,0,0,0,0,0,0,0,0,0,0,I
11389,0,0,0,0,0,0,0,0,0,0,0,I
11390,0,0,0,0,0,0,0,0,0,0,0,I
11391,0,0,0,0,0,0,0,0,0,0,0,I
11392,0,0,0,0,0,0,0,0,0,0,0,I
11393,0,0,0,0,0,0,0,0,0,0,0,I
11394,0,0,0,0,0,0,0,0,0,0,0,I
11395,0,0,0,0,0,0,0,0,0,0,0,I
11396,0,0,0,0,0,0,0,0,0,0,0,I
11397,0,0,0,0,0,0,0,0,0,0,0,I
11398,0,0,0,0,0,0,0,0,0,0,0,I
11399,0,0,0,0,0,0,0,0,0,0,0,I
11400,0,0,0,0,0,0,0,0,0,0,0,I
11401,0,0,0,0,0,0,0,0,0,0,0,I
11402,0,0,0,0,0,0,0,0,0,0,0,I
11403,0,0,0,0,0,0,0,0,0,0,0,I
11404,0,0,0,0,0,0,0,0,0,0,0,I
11405,0,0,0,0,0,0,0,0,0,0,0,I
11406,0,0,0,0,0,0,0,0,0,0,0,I
11407,0,0,0,0,0,0,0,0,0,0,0,I
11408,0,0,0,0,0,0,0,0,0,0,0,I
11409,0,0,0,0,0,0,0,0,0,0,0,I
11410,0,0,0,0,0,0,0,0,0,0,0,I
11411,0,0,0,0,0,0,0,0,0,0,0,I
11412,0,0,0,0,0,0,0,0,0,0,0,I
11413,0,0,0,0,0,0,0,0,0,0,0,I
11414,0,0,0,0,0,0,0,0,0,0,0,I
11415,0,0,0,0,0,0,0,0,0,0,0,I
11416,0,0,0,0,0,0,0,0,0,0,0,I
11417,0,0,0,0,0,0,0,0,0,0,0,I
11418,0,0,0,0,0,0,0,0,0,0,0,I
11419,0,0,0,0,0,0,0,0,0,0,0,I
11420,0,0,0,0,0,0,0,0,0,0,0,I
11421,0,0,0,0,0,0,0,0,0,0,0,I
11422,0,0,0,0,0,0,0,0,0,0,0,I
11423,0,0,0,0,0,0,0,0,0,0,0,I
11424,0,0,0,0,0,0,0,0,0,0,0,I
11425,0,0,0,0,0,0,0,0,0,0,0,I
11426,0,0,0,0,0,0,0,0,0,0,0,I
11427,0,0,0,0,0,0,0,0,0,0,0,I
11428,0,0,0,0,0,0,0,0,0,0,0,I
11429,0,0,0,0,0,0,0,0,0,0,0,I
11430,0,0,0,0,0,0,0,0,0,0,0,I
11431,0,0,0,0,0,0,0,0,0,0,0,I
11432,0,0,0,0,0,0,0,0,0,0,0,I
11433,0,0,0,0,0,0,0,0,0,0,0,I
11434,0,0,0,0,0,0,0,0,0,0,0,I
11435,0,0,0,0,0,0,0,0,0,0,0,I
11436,0,0,0,0,0,0,0,0,0,0,0,I
11437,0,0,0,0,0,0,0,0,0,0,0,I
11438,0,0,0,0,0,0,0,0,0,0,0,I
11439,0,0,0,0,0,0,0,0,0,0,0,I
11440,0,0,0,0,0,0,0,0,0,0,0,I
11441,0,0,0,0,0,0,0,0,0,0,0,I
11442,0,0,0,0,0,0,0,0,0,0,0,I
11443,0,0,0,0,0,0,0,0,0,0,0,I
11444,0,0,0,0,0,0,0,0,0,0,0,I
11445,0,0,0,0,0,0,0,0,0,0,0,I
11446,0,0,0,0,0,0,0,0,0,0,0,I
11447,0,0,0,0,0,0,0,0,0,0,0,I
11448,0,0,0,0,0,0,0,0,0,0,0,I
11449,0,0,0,0,0,0,0,0,0,0,0,I
11450,0,0,0,0,0,0,0,0,0,0,0,I
11451,0,0,0,0,0,0,0,0,0,0,0,I
11452,0,0,0,0,0,0,0,0,0,0,0,I
11453,0,0,0,0,0,0,0,0,0,0,0,I
11454,0,0,0,0,0,0,0,0,0,0,0,I
11455,0,0,0,0,0,0,0,0,0,0,0,I
11456,0,0,0,0,0,0,0,0,0,0,0,I
11457,0,0,0,0,0,0,0,0,0,0,0,I
11458,0,0,0,0,0,0,0,0,0,0,0,I
11459,0,0,0,0,0,0,0,0,0,0,0,I
11460,0,0,0,0,0,0,0,0,0,0,0,I
11461,0,0,0,0,0,0,0,0,0,0,0,I
11462,0,0,0,0,0,0,0,0,0,0,0,I
11463,0,0,0,0,0,0,0,0,0,0,0,I
11464,0,0,0,0,0,0,0,0,0,0,0,I
11465,0,0,0,0,0,0,0,0,0,0,0,I
11466,0,0,0,0,0,0,0,0,0,0,0,I
11467,0,0,0,0,0,0,0,0,0,0,0,I
11468,0,0,0,0,0,0,0,0,0,0,0,I
11469,0,0,0,0,0,0,0,0,0,0,0,I
11470,0,0,0,0,0,0,0,0,0,0,0,I
11471,0,0,0,0,0,0,0,0,0,0,0,I
11472,0,0,0,0,0,0,0,0,0,0,0,I
11473,0,0,0,0,0,0,0,0,0,0,0,I
11474,0,0,0,0,0,0,0,0,0,0,0,I
11475,0,0,0,0,0,0,0,0,0,0,0,I
11476,0,0,0,0,0,0,0,0,0,0,0,I
11477,0,0,0,0,0,0,0,0,0,0,0,I
11478,0,0,0,0,0,0,0,0,0,0,0,I
11479,0,0,0,0,0,0,0,0,0,0,0,I
11480,0,0,0,0,0,0,0,0,0,0,0,I
11481,0,0,0,0,0,0,0,0,0,0,0,I
11482,0,0,0,0,0,0,0,0,0,0,0,I
11483,0,0,0,0,0,0,0,0,0,0,0,I
11484,0,0,0,0,0,0,0,0,0,0,0,I
11485,0,0,0,0,0,0,0,0,0,0,0,I
11486,0,0,0,0,0,0,0,0,0,0,0,I
11487,0,0,0,0,0,0,0,0,0,0,0,I
11488,0,0,0,0,0,0,0,0,0,0,0,I
11489,0,0,0,0,0,0,0,0,0,0,0,I
11490,0,0,0,0,0,0,0,0,0,0,0,I
11491,0,0,0,0,0,0,0,0,0,0,0,I
11492,0,0,0,0,0,0,0,0,0,0,0,I
11493,0,0,0,0,0,0,0,0,0,0,0,I
11494,0,0,0,0,0,0,0,0,0,0,0,I
11495,0,0,0,0,0,0,0,0,0,0,0,I
11496,0,0,0,0,0,0,0,0,0,0,0,I
11497,0,0,0,0,0,0,0,0,0,0,0,I
11498,0,0,0,0,0,0,0,0,0,0,0,I
11499,0,0,0,0,0,0,0,0,0,0,0,I
11500,0,0,0,0,0,0,0,0,0,0,0,I
11501,0,0,0,0,0,0,0,0,0,0,0,I
11502,0,0,0,0,0,0,0,0,0,0,0,I
11503,0,0,0,0,0,0,0,0,0,0,0,I
11504,0,0,0,0,0,0,0,0,0,0,0,I
11505,0,0,0,0,0,0,0,0,0,0,0,I
11506,0,0,0,0,0,0,0,0,0,0,0,I
11507,0,0,0,0,0,0,0,0,0,0,0,I
11508,0,0,0,0,0,0,0,0,0,0,0,I
11509,0,0,0,0,0,0,0,0,0,0,0,I
11510,0,0,0,0,0,0,0,0,0,0,0,I
11511,0,0,0,0,0,0,0,0,0,0,0,I
11512,0,0,0,0,0,0,0,0,0,0,0,I
11513,0,0,0,0,0,0,0,0,0,0,0,C
11514,0,0,0,0,0,0,0,0,0,0,0,C
11515,0,0,0,0,0,0,0,0,0,0,0,I
11516,0,0,0,0,0,0,0,0,0,0,0,I
11517,0,0,0,0,0,0,0,0,0,0,0,I
11518,0,0,0,0,0,0,0,0,0,0,0,I
11519,0,0,0,0,0,0,0,0,0,0,0,I
11520,0,0,0,0,0,0,0,0,0,0,0,C
11521,0,0,0,0,1,0,0,0,0,0,0,I
11522,0,0,0,0,1,0,0,0,0,0,0,I
11523,0,0,0,0,1,0,0,0,0,0,0,I
11524,0,0,0,0,1,0,0,0,0,0,0,I
11525,0,0,0,0,1,0,0,0,0,0,0,I
11526,0,0,0,0,1,0,0,0,0,0,0,I
11527,0,0,0,0,1,0,0,0,0,0,0,I
11528,0,0,0,0,1,0,0,0,0,0,0,I
11529,0,0,0,0,1,0,0,0,0,0,0,I
11530,0,0,0,0,1,0,0,0,0,0,0,I
11531,0,0,0,0,1,0,0,0,0,0,0,C
11532,0,0,0,0,1,0,0,0,0,0,0,I
11533,0,0,0,0,1,0,0,0,0,0,0,I
11534,0,0,0,0,1,0,0,0,0,0,0,I
11535,0,0,0,0,1,0,0,0,0,0,0,I
11536,0,0,0,0,1,0,0,0,0,0,0,I
11537,0,0,0,0,1,0,0,0,0,0,0,C
11538,0,0,0,0,1,0,0,0,0,0,0,I
11539,0,0,0,0,1,0,0,0,0,0,0,I
11540,0,0,0,0,1,0,0,0,0,0,0,I
11541,0,0,0,0,1,0,0,0,0,0,0,I
11542,0,0,0,0,1,0,0,0,0,0,0,I
11543,0,0,0,0,1,0,0,0,0,0,0,I
11544,0,0,0,0,1,0,0,0,0,0,0,I
11545,0,0,0,0,1,0,0,0,0,0,0,I
11546,0,0,0,0,1,0,0,0,0,0,0,I
11547,0,0,0,0,1,0,0,0,0,0,0,I
11548,0,0,0,0,1,0,0,0,0,0,0,C
11549,0,0,0,0,1,0,0,0,0,0,0,I
11550,0,0,0,0,1,0,0,0,0,0,0,I
11551,0,0,0,0,1,0,0,0,0,0,0,I
11552,0,0,0,0,1,0,0,0,0,0,0,I
11553,0,0,0,0,1,0,0,0,0,0,0,I
11554,0,0,0,0,1,0,0,0,0,0,0,C
11555,0,0,0,0,1,0,0,0,0,0,0,I
11556,0,0,0,0,1,0,0,0,0,0,0,I
11557,0,0,0,0,1,0,0,0,0,0,0,C
11558,0,0,0,0,1,0,0,0,0,0,0,C
11559,0,0,0,0,1,0,0,0,0,0,0,C
11560,0,0,0,0,1,0,0,0,0,0,0,C
11561,0,0,0,0,1,0,0,0,0,0,0,C
11562,0,0,0,0,1,0,0,0,0,0,0,C
11563,0,0,0,0,1,0,0,0,0,0,0,C
11564,0,0,0,0,1,0,0,0,0,0,0,C
11565,0,0,0,0,1,0,0,0,0,0,0,C
11566,0,0,0,0,1,0,0,0,0,0,0,C
11567,0,0,0,0,1,0,0,0,0,0,0,C
11568,0,0,0,0,1,0,0,0,0,0,0,C
11569,0,0,0,0,1,0,0,0,0,0,0,C
11570,0,0,0,0,1,0,0,0,0,0,0,C
11571,0,0,0,0,1,0,0,0,0,0,0,C
11572,0,0,0,0,1,0,0,0,0,0,0,C
11573,0,0,0,0,1,0,0,0,0,0,0,C
11574,0,0,0,0,1,0,0,0,0,0,0,C
11575,0,0,0,0,1,0,0,0,0,0,0,C
11576,0,0,0,0,1,0,0,0,0,0,0,C
11577,0,0,0,0,1,0,0,0,0,0,0,C
11578,0,0,0,0,1,0,0,0,0,0,0,C
11579,0,0,0,0,1,0,0,0,0,0,0,C
11580,0,0,0,0,1,0,0,0,0,0,0,A
11581,0,0,0,0,1,0,0,0,0,0,0,I
11582,0,0,0,0,1,0,0,0,0,0,0,C
11583,0,0,0,0,1,0,0,0,0,0,0,I
11584,0,0,0,0,1,0,0,0,0,0,0,C
11585,0,0,0,0,1,0,0,0,0,0,0,I
11586,0,0,0,0,1,0,0,0,0,0,0,I
11587,0,0,0,0,1,0,0,0,0,0,0,I
11588,0,0,0,0,1,0,0,0,0,0,0,I
11589,0,0,0,0,1,0,0,0,0,0,0,I
11590,0,0,0,0,1,0,0,0,0,0,0,I
11591,0,0,0,0,1,0,0,0,0,0,0,I
11592,0,0,0,0,1,0,0,0,0,0,0,C
11593,0,0,0,0,1,0,0,0,0,0,0,C
11594,0,0,0,0,1,0,0,0,0,0,0,C
11595,0,0,0,0,1,0,0,0,0,0,0,C
11596,0,0,0,0,1,0,0,0,0,0,0,C
11597,0,0,0,0,1,0,0,0,0,0,0,C
11598,0,0,0,0,1,0,0,0,0,0,0,C
11599,0,0,0,0,1,0,0,0,0,0,0,C
11600,0,0,0,0,1,0,0,0,0,0,0,C
11601,0,0,0,0,1,0,0,0,0,0,0,C
11602,0,0,0,0,1,0,0,0,0,0,0,C
11603,0,0,0,0,1,0,0,0,0,0,0,C
11604,0,0,0,0,1,0,0,0,0,0,0,C
11605,0,0,0,0,1,0,0,0,0,0,0,C
11606,0,0,0,0,1,0,0,0,0,0,0,C
11607,0,0,0,0,1,0,0,0,0,0,0,C
11608,0,0,0,0,1,0,0,0,0,0,0,C
11609,0,0,0,0,1,0,0,0,0,0,0,C
11610,0,0,0,0,1,0,0,0,0,0,0,C
11611,0,0,0,0,1,0,0,0,0,0,0,C
11612,0,0,0,0,1,0,0,0,0,0,0,C
11613,0,0,0,0,1,0,0,0,0,0,0,C
11614,0,0,0,0,1,0,0,0,0,0,0,C
11615,0,0,0,0,1,0,0,0,0,0,0,C
11616,0,0,0,0,1,0,0,0,0,0,0,C
11617,0,0,0,0,1,0,0,0,0,0,0,C
11618,0,0,0,0,1,0,0,0,0,0,0,C
11619,0,0,0,0,1,0,0,0,0,0,0,C
11620,0,0,0,0,1,0,0,0,0,0,0,C
11621,0,0,0,0,1,0,0,0,0,0,0,C
11622,0,0,0,0,1,0,0,0,0,0,0,C
11623,0,0,0,0,1,0,0,0,0,0,0,C
11624,0,0,0,0,1,0,0,0,0,0,0,C
11625,0,0,0,0,1,0,0,0,0,0,0,C
11626,0,0,0,0,1,0,0,0,0,0,0,C
11627,0,0,0,0,1,0,0,0,0,0,0,C
11628,0,0,0,0,1,0,0,0,0,0,0,C
11629,0,0,0,0,1,0,0,0,0,0,0,C
11630,0,0,0,0,1,0,0,0,0,0,0,C
11631,0,0,0,0,1,0,0,0,0,0,0,C
11632,0,0,0,0,1,0,0,0,0,0,0,C
11633,0,0,0,0,1,0,0,0,0,0,0,C
11634,0,0,0,0,1,0,0,0,0,0,0,C
11635,0,0,0,0,1,0,0,0,0,0,0,C
11636,0,0,0,0,1,0,0,0,0,0,0,C
11637,0,0,0,0,1,0,0,0,0,0,0,C
11638,0,0,0,0,1,0,0,0,0,0,0,C
11639,0,0,0,0,1,0,0,0,0,0,0,C
11640,0,0,0,0,1,0,0,0,0,0,0,C
11641,0,0,0,0,1,0,0,0,0,0,0,C
11642,0,0,0,0,1,0,0,0,0,0,0,C
11643,0,0,0,0,1,0,0,0,0,0,0,C
11644,0,0,0,0,1,0,0,0,0,0,0,C
11645,0,0,0,0,1,0,0,0,0,0,0,C
11646,0,0,0,0,1,0,0,0,0,0,0,C
11647,0,0,0,0,1,0,0,0,0,0,0,C
11648,0,0,0,0,1,0,0,0,0,0,0,C
11649,0,0,0,0,1,0,0,0,0,0,0,C
11650,0,0,0,0,1,0,0,0,0,0,0,C
11651,0,0,0,0,1,0,0,0,0,0,0,C
11652,0,0,0,0,1,0,0,0,0,0,0,C
11653,0,0,0,0,1,0,0,0,0,0,0,C
11654,0,0,0,0,1,0,0,0,0,0,0,C
11655,0,0,0,0,1,0,0,0,0,0,0,C
11656,0,0,0,0,1,0,0,0,0,0,0,C
11657,0,0,0,0,1,0,0,0,0,0,0,C
11658,0,0,0,0,1,0,0,0,0,0,0,C
11659,0,0,0,0,1,0,0,0,0,0,0,C
11660,0,0,0,0,1,0,0,0,0,0,0,C
11661,0,0,0,0,1,0,0,0,0,0,0,C
11662,0,0,0,0,1,0,0,0,0,0,0,C
11663,0,0,0,0,1,0,0,0,0,0,0,C
11664,0,0,0,0,1,0,0,0,0,0,0,C
11665,0,0,0,0,1,0,0,0,0,0,0,C
11666,0,0,0,0,1,0,0,0,0,0,0,C
11667,0,0,0,0,1,0,0,0,0,0,0,C
11668,0,0,0,0,1,0,0,0,0,0,0,C
11669,0,0,0,0,1,0,0,0,0,0,0,C
11670,0,0,0,0,1,0,0,0,0,0,0,C
11671,0,0,0,0,1,0,0,0,0,0,0,C
11672,0,0,0,0,1,0,0,0,0,0,0,C
11673,0,0,0,0,1,0,0,0,0,0,0,C
11674,0,0,0,0,1,0,0,0,0,0,0,C
11675,0,0,0,0,1,0,0,0,0,0,0,C
11676,0,0,0,0,1,0,0,0,0,0,0,C
11677,0,0,0,0,1,0,0,0,0,0,0,C
11678,0,0,0,0,1,0,0,0,0,0,0,C
11679,0,0,0,0,1,0,0,0,0,0,0,C
11680,0,0,0,0,1,0,0,0,0,0,0,C
11681,0,0,0,0,1,0,0,0,0,0,0,C
11682,0,0,0,0,1,0,0,0,0,0,0,C
11683,0,0,0,0,1,0,0,0,0,0,0,C
11684,0,0,0,0,1,0,0,0,0,0,0,C
11685,0,0,0,0,1,0,0,0,0,0,0,C
11686,0,0,0,0,1,0,0,0,0,0,0,C
11687,0,0,0,0,1,0,0,0,0,0,0,C
11688,0,0,0,0,1,0,0,0,0,0,0,C
11689,0,0,0,0,1,0,0,0,0,0,0,C
11690,0,0,0,0,1,0,0,0,0,0,0,C
11691,0,0,0,0,1,0,0,0,0,0,0,C
11692,0,0,0,0,1,0,0,0,0,0,0,C
11693,0,0,0,0,1,0,0,0,0,0,0,C
11694,0,0,0,0,1,0,0,0,0,0,0,C
11695,0,0,0,0,1,0,0,0,0,0,0,C
11696,0,0,0,0,1,0,0,0,0,0,0,C
11697,0,0,0,0,1,0,0,0,0,0,0,C
11698,0,0,0,0,1,0,0,0,0,0,0,C
11699,0,0,0,0,1,0,0,0,0,0,0,C
11700,0,0,0,0,1,0,0,0,0,0,0,C
11701,0,0,0,0,1,0,0,0,0,0,0,I
11702,0,0,0,0,1,0,0,0,0,0,0,C
11703,0,0,0,0,1,0,0,0,0,0,0,I
11704,0,0,0,0,1,0,0,0,0,0,0,I
11705,0,0,0,0,1,0,0,0,0,0,0,C
11706,0,0,0,0,1,0,0,0,0,0,0,I
11707,0,0,0,0,1,0,0,0,0,0,0,I
11708,0,0,0,0,1,0,0,0,0,0,0,I
11709,0,0,0,0,1,0,0,0,0,0,0,I
11710,0,0,0,0,1,0,0,0,0,0,0,I
11711,0,0,0,0,1,0,0,0,0,0,0,C
11712,0,0,0,0,1,0,0,0,0,0,0,I
11713,0,0,0,0,1,0,0,0,0,0,0,I
11714,0,0,0,0,1,0,0,0,0,0,0,I
11715,0,0,0,0,1,0,0,0,0,0,0,I
11716,0,0,0,0,1,0,0,0,0,0,0,I
11717,0,0,0,0,1,0,0,0,0,0,0,I
11718,0,0,0,0,1,0,0,0,0,0,0,I
11719,0,0,0,0,1,0,0,0,0,0,0,C
11720,0,0,0,0,1,0,0,0,0,0,0,I
11721,0,0,0,0,1,0,0,0,0,0,0,I
11722,0,0,0,0,1,0,0,0,0,0,0,I
11723,0,0,0,0,1,0,0,0,0,0,0,I
11724,0,0,0,0,1,0,0,0,0,0,0,I
11725,0,0,0,0,1,0,0,0,0,0,0,C
11726,0,0,0,0,1,0,0,0,0,0,0,I
11727,0,0,0,0,1,0,0,0,0,0,0,I
11728,0,0,0,0,0,0,0,0,0,0,0,I
11729,0,0,0,0,0,0,0,0,0,0,0,I
11730,0,0,0,0,0,0,0,0,0,0,0,I
11731,0,0,0,0,0,0,0,0,0,0,0,I
11732,0,0,0,0,0,0,0,0,0,0,0,I
11733,0,0,0,0,0,0,0,0,0,0,0,I
11734,0,0,0,0,0,0,0,0,0,0,0,I
11735,0,0,0,0,0,0,0,0,0,0,0,I
11736,0,0,0,0,0,0,0,0,0,0,0,I
11737,0,0,0,0,0,0,0,0,0,0,0,I
11738,0,0,0,0,0,0,0,0,0,0,0,I
11739,0,0,0,0,0,0,0,0,0,0,0,I
11740,0,0,0,0,0,0,0,0,0,0,0,I
11741,0,0,0,0,0,0,0,0,0,0,0,I
11742,0,0,0,0,0,0,0,0,0,0,0,I
11743,0,0,0,0,0,0,0,0,0,0,0,I
11744,0,0,0,0,0,0,0,0,0,0,0,I
11745,0,0,0,0,0,0,0,0,0,0,0,I
11746,0,0,0,0,0,0,0,0,0,0,0,I
11747,0,0,0,0,0,0,0,0,0,0,0,I
11748,0,0,0,0,0,0,0,0,0,0,0,I
11749,0,0,0,0,0,0,0,0,0,0,0,I
11750,0,0,0,0,0,0,0,0,0,0,0,I
11751,0,0,0,0,0,0,0,0,0,0,0,I
11752,0,0,0,0,0,0,0,0,0,0,0,I
11753,0,0,0,0,0,0,0,0,0,0,0,I
11754,0,0,0,0,0,0,0,0,0,0,0,I
11755,0,0,0,0,0,0,0,0,0,0,0,I
11756,0,0,0,0,0,0,0,0,0,0,0,I
11757,0,0,0,0,0,0,0,0,0,0,0,I
11758,0,0,0,0,0,0,0,0,0,0,0,I
11759,0,0,0,0,0,0,0,0,0,0,0,I
11760,0,0,0,0,0,0,0,0,0,0,0,I
11761,0,0,0,0,0,0,0,0,0,0,0,I
11762,0,0,0,0,0,0,0,0,0,0,0,I
11763,0,0,0,0,0,0,0,0,0,0,0,I
11764,0,0,0,0,0,0,0,0,0,0,0,I
11765,0,0,0,0,0,0,0,0,0,0,0,I
11766,0,0,0,0,0,0,0,0,0,0,0,I
11767,0,0,0,0,0,0,0,0,0,0,0,I
11768,0,0,0,0,0,0,0,0,0,0,0,I
11769,0,0,0,0,0,0,0,0,0,0,0,I
11770,0,0,0,0,0,0,0,0,0,0,0,I
11771,0,0,0,0,0,0,0,0,0,0,0,I
11772,0,0,0,0,0,0,0,0,0,0,0,I
11773,0,0,0,0,0,0,0,0,0,0,0,I
11774,0,0,0,0,0,0,0,0,0,0,0,I
11775,0,0,0,0,0,0,0,0,0,0,0,I
11776,0,0,0,0,0,0,0,0,0,0,0,I
11777,0,0,0,0,0,0,0,0,0,0,0,I
11778,0,0,0,0,0,0,0,0,0,0,0,I
11779,0,0,0,0,0,0,0,0,0,0,0,I
11780,0,0,0,0,0,0,0,0,0,0,0,I
11781,0,0,0,0,0,0,0,0,0,0,0,I
11782,0,0,0,0,0,0,0,0,0,0,0,I
11783,0,0,0,0,0,0,0,0,0,0,0,I
11784,0,0,0,0,0,0,0,0,0,0,0,I
11785,0,0,0,0,0,0,0,0,0,0,0,I
11786,0,0,0,0,0,0,0,0,0,0,0,I
11787,0,0,0,0,0,0,0,0,0,0,0,I
11788,0,0,0,0,0,0,0,0,0,0,0,I
11789,0,0,0,0,0,0,0,0,0,0,0,I
11790,0,0,0,0,0,0,0,0,0,0,0,I
11791,0,0,0,0,0,0,0,0,0,0,0,I
11792,0,0,0,0,0,0,0,0,0,0,0,I
11793,0,0,0,0,0,0,0,0,0,0,0,I
11794,0,0,0,0,0,0,0,0,0,0,0,I
11795,0,0,0,0,0,0,0,0,0,0,0,I
11796,0,0,0,0,0,0,0,0,0,0,0,I
11797,0,0,0,0,0,0,0,0,0,0,0,I
11798,0,0,0,0,0,0,0,0,0,0,0,I
11799,0,0,0,0,0,0,0,0,0,0,0,I
11800,0,0,0,0,0,0,0,0,0,0,0,I
11801,0,0,0,0,0,0,0,0,0,0,0,I
11802,0,0,0,0,0,0,0,0,0,0,0,I
11803,0,0,0,0,0,0,0,0,0,0,0,I
11804,0,0,0,0,0,0,0,0,0,0,0,I
11805,0,0,0,0,0,0,0,0,0,0,0,C
11806,0,0,0,0,0,0,0,0,0,0,0,I
11807,0,0,0,0,0,0,0,0,0,0,0,I
11808,0,0,0,0,0,0,0,0,0,0,0,I
11809,0,0,0,0,0,0,0,0,0,0,0,I
11810,0,0,0,0,0,0,0,0,0,0,0,I
11811,0,0,0,0,0,0,0,0,0,0,0,C
11812,0,0,0,0,0,0,0,0,0,0,0,I
11813,0,0,0,0,1,0,0,0,0,0,0,I
11814,0,0,0,0,1,0,0,0,0,0,0,I
11815,0,0,0,0,1,0,0,0,0,0,0,I
11816,0,0,0,0,1,0,0,0,0,0,0,I
11817,0,0,0,0,1,0,0,0,0,0,0,I
11818,0,0,0,0,1,0,0,0,0,0,0,I
11819,0,0,0,0,1,0,0,0,0,0,0,I
11820,0,0,0,0,1,0,0,0,0,0,0,I
11821,0,0,0,0,1,0,0,0,0,0,0,I
11822,0,0,0,0,1,0,0,0,0,0,0,I
11823,0,0,0,0,1,0,0,0,0,0,0,C
11824,0,0,0,0,1,0,0,0,0,0,0,C
11825,0,0,0,0,1,0,0,0,0,0,0,C
11826,0,0,0,0,1,0,0,0,0,0,0,C
11827,0,0,0,0,1,0,0,0,0,0,0,C
11828,0,0,0,0,1,0,0,0,0,0,0,I
11829,0,0,0,0,1,0,0,0,0,0,0,I
11830,0,0,0,0,1,0,0,0,0,0,0,C
11831,0,0,0,0,1,0,0,0,0,0,0,I
11832,0,0,0,0,1,0,0,0,0,0,0,C
11833,0,0,0,0,1,0,0,0,0,0,0,I
11834,0,0,0,0,1,0,0,0,0,0,0,I
11835,0,0,0,0,1,0,0,0,0,0,0,C
11836,0,0,0,0,1,0,0,0,0,0,0,C
11837,0,0,0,0,1,0,0,0,0,0,0,C
11838,0,0,0,0,1,0,0,0,0,0,0,C
11839,0,0,0,0,1,0,0,0,0,0,0,C
11840,0,0,0,0,1,0,0,0,0,0,0,C
11841,0,0,0,0,1,0,0,0,0,0,0,C
11842,0,0,0,0,1,0,0,0,0,0,0,C
11843,0,0,0,0,1,0,0,0,0,0,0,C
11844,0,0,0,0,1,0,0,0,0,0,0,C
11845,0,0,0,0,1,0,0,0,0,0,0,C
11846,0,0,0,0,1,0,0,0,0,0,0,C
11847,0,0,0,0,1,0,0,0,0,0,0,I
11848,0,0,0,0,1,0,0,0,0,0,0,C
11849,0,0,0,0,1,0,0,0,0,0,0,A
11850,0,0,0,0,1,0,0,0,0,0,0,C
11851,0,0,0,0,1,0,0,0,0,0,0,C
11852,0,0,0,0,1,0,0,0,0,0,0,C
11853,0,0,0,0,1,0,0,0,0,0,0,C
11854,0,0,0,0,1,0,0,0,0,0,0,C
11855,0,0,0,0,1,0,0,0,0,0,0,I
11856,0,0,0,0,1,0,0,0,0,0,0,I
11857,0,0,0,0,1,0,0,0,0,0,0,I
11858,0,0,0,0,1,0,0,0,0,0,0,I
11859,0,0,0,0,1,0,0,0,0,0,0,C
11860,0,0,0,0,1,0,0,0,0,0,0,I
11861,0,0,0,0,1,0,0,0,0,0,0,I
11862,0,0,0,0,1,0,0,0,0,0,0,I
11863,0,0,0,0,1,0,0,0,0,0,0,I
11864,0,0,0,0,1,0,0,0,0,0,0,I
11865,0,0,0,0,1,0,0,0,0,0,0,I
11866,0,0,0,0,1,0,0,0,0,0,0,I
11867,0,0,0,0,1,0,0,0,0,0,0,I
11868,0,0,0,0,1,0,0,0,0,0,0,I
11869,0,0,0,0,1,0,0,0,0,0,0,I
11870,0,0,0,0,1,0,0,0,0,0,0,I
11871,0,0,0,0,1,0,0,0,0,0,0,I
11872,0,0,0,0,1,0,0,0,0,0,0,C
11873,0,0,0,0,1,0,0,0,0,0,0,C
11874,0,0,0,0,1,0,0,0,0,0,0,I
11875,0,0,0,0,1,0,0,0,0,0,0,I
11876,0,0,0,0,1,0,0,0,0,0,0,C
11877,0,0,0,0,1,0,0,0,0,0,0,C
11878,0,0,0,0,1,0,0,0,0,0,0,C
11879,0,0,0,0,1,0,0,0,0,0,0,C
11880,0,0,0,0,1,0,0,0,0,0,0,C
11881,0,0,0,0,1,0,0,0,0,0,0,C
11882,0,0,0,0,1,0,0,0,0,0,0,C
11883,0,0,0,0,1,0,0,0,0,0,0,C
11884,0,0,0,0,1,0,0,0,0,0,0,C
11885,0,0,0,0,1,0,0,0,0,0,0,C
11886,0,0,0,0,1,0,0,0,0,0,0,C
11887,0,0,0,0,1,0,0,0,0,0,0,I
11888,0,0,0,0,1,0,0,0,0,0,0,C
11889,0,0,0,0,1,0,0,0,0,0,0,I
11890,0,0,0,0,1,0,0,0,0,0,0,I
11891,0,0,0,0,1,0,0,0,0,0,0,I
11892,0,0,0,0,1,0,0,0,0,0,0,I
11893,0,0,0,0,1,0,0,0,0,0,0,I
11894,0,0,0,0,1,0,0,0,0,0,0,I
11895,0,0,0,0,1,0,0,0,0,0,0,I
11896,0,0,0,0,1,0,0,0,0,0,0,I
11897,0,0,0,0,1,0,0,0,0,0,0,I
11898,0,0,0,0,1,0,0,0,0,0,0,I
11899,0,0,0,0,1,0,0,0,0,0,0,I
11900,0,0,0,0,1,0,0,0,0,0,0,C
11901,0,0,0,0,1,0,0,0,0,0,0,I
11902,0,0,0,0,1,0,0,0,0,0,0,I
11903,0,0,0,0,1,0,0,0,0,0,0,I
11904,0,0,0,0,1,0,0,0,0,0,0,I
11905,0,0,0,0,1,0,0,0,0,0,0,C
11906,0,0,0,0,1,0,0,0,0,0,0,C
11907,0,0,0,0,1,0,0,0,0,0,0,I
11908,0,0,0,0,1,0,0,0,0,0,0,I
11909,0,0,0,0,1,0,0,0,0,0,0,I
11910,0,0,0,0,1,0,0,0,0,0,0,I
11911,0,0,0,0,1,0,0,0,0,0,0,C
11912,0,0,0,0,1,0,0,0,0,0,0,I
11913,0,0,0,0,1,0,0,0,0,0,0,I
11914,0,0,0,0,1,0,0,0,0,0,0,C
11915,0,0,0,0,1,0,0,0,0,0,0,C
11916,0,0,0,0,1,0,0,0,0,0,0,I
11917,0,0,0,0,1,0,0,0,0,0,0,I
11918,0,0,0,0,1,0,0,0,0,0,0,I
11919,0,0,0,0,1,0,0,0,0,0,0,I
11920,0,0,0,0,1,0,0,0,0,0,0,I
11921,0,0,0,0,1,0,0,0,0,0,0,C
11922,0,0,0,0,1,0,0,0,0,0,0,C
11923,0,0,0,0,1,0,0,0,0,0,0,C
11924,0,0,0,0,1,0,0,0,0,0,0,I
11925,0,0,0,0,1,0,0,0,0,0,0,C
11926,0,0,0,0,1,0,0,0,0,0,0,C
11927,0,0,0,0,1,0,0,0,0,0,0,C
11928,0,0,0,0,1,0,0,0,0,0,0,C
11929,0,0,0,0,1,0,0,0,0,0,0,C
11930,0,0,0,0,1,0,0,0,0,0,0,C
11931,0,0,0,0,1,0,0,0,0,0,0,C
11932,0,0,0,0,1,0,0,0,0,0,0,C
11933,0,0,0,0,1,0,0,0,0,0,0,C
11934,0,0,0,0,1,0,0,0,0,0,0,A
11935,0,0,0,0,1,0,0,0,0,0,0,C
11936,0,0,0,0,1,0,0,0,0,0,0,C
11937,0,0,0,0,1,0,0,0,0,0,0,C
11938,0,0,0,0,1,0,0,0,0,0,0,C
11939,0,0,0,0,1,0,0,0,0,0,0,C
11940,0,0,0,0,1,0,0,0,0,0,0,C
11941,0,0,0,0,1,0,0,0,0,0,0,C
11942,0,0,0,0,1,0,0,0,0,0,0,C
11943,0,0,0,0,1,0,0,0,0,0,0,C
11944,0,0,0,0,1,0,0,0,0,0,0,I
11945,0,0,0,0,1,0,0,0,0,0,0,C
11946,0,0,0,0,1,0,0,0,0,0,0,C
11947,0,0,0,0,1,0,0,0,0,0,0,C
11948,0,0,0,0,1,0,0,0,0,0,0,C
11949,0,0,0,0,1,0,0,0,0,0,0,C
11950,0,0,0,0,1,0,0,0,0,0,0,I
11951,0,0,0,0,1,0,0,0,0,0,0,I
11952,0,0,0,0,1,0,0,0,0,0,0,I
11953,0,0,0,0,1,0,0,0,0,0,0,C
11954,0,0,0,0,1,0,0,0,0,0,0,C
11955,0,0,0,0,1,0,0,0,0,0,0,C
11956,0,0,0,0,1,0,0,0,0,0,0,C
11957,0,0,0,0,1,0,0,0,0,0,0,C
11958,0,0,0,0,1,0,0,0,0,0,0,C
11959,0,0,0,0,1,0,0,0,0,0,0,C
11960,0,0,0,0,1,0,0,0,0,0,0,C
11961,0,0,0,0,1,0,0,0,0,0,0,C
11962,0,0,0,0,1,0,0,0,0,0,0,C
11963,0,0,0,0,1,0,0,0,0,0,0,C
11964,0,0,0,0,1,0,0,0,0,0,0,C
11965,0,0,0,0,1,0,0,0,0,0,0,C
11966,0,0,0,0,1,0,0,0,0,0,0,A
11967,0,0,0,0,1,0,0,0,0,0,0,C
11968,0,0,0,0,1,0,0,0,0,0,0,C
11969,0,0,0,0,1,0,0,0,0,0,0,C
11970,0,0,0,0,1,0,0,0,0,0,0,C
11971,0,0,0,0,1,0,0,0,0,0,0,C
11972,0,0,0,0,1,0,0,0,0,0,0,C
11973,0,0,0,0,1,0,0,0,0,0,0,C
11974,0,0,0,0,1,0,0,0,0,0,0,C
11975,0,0,0,0,1,0,0,0,0,0,0,C
11976,0,0,0,0,1,0,0,0,0,0,0,C
11977,0,0,0,0,1,0,0,0,0,0,0,C
11978,0,0,0,0,1,0,0,0,0,0,0,C
11979,0,0,0,0,1,0,0,0,0,0,0,C
11980,0,0,0,0,1,0,0,0,0,0,0,C
11981,0,0,0,0,1,0,0,0,0,0,0,C
11982,0,0,0,0,1,0,0,0,0,0,0,C
11983,0,0,0,0,1,0,0,0,0,0,0,C
11984,0,0,0,0,1,0,0,0,0,0,0,C
11985,0,0,0,0,1,0,0,0,0,0,0,C
11986,0,0,0,0,1,0,0,0,0,0,0,C
11987,0,0,0,0,1,0,0,0,0,0,0,C
11988,0,0,0,0,1,0,0,0,0,0,0,C
11989,0,0,0,0,1,0,0,0,0,0,0,C
11990,0,0,0,0,1,0,0,0,0,0,0,C
11991,0,0,0,0,1,0,0,0,0,0,0,C
11992,0,0,0,0,1,0,0,0,0,0,0,C
11993,0,0,0,0,1,0,0,0,0,0,0,C
11994,0,0,0,0,1,0,0,0,0,0,0,C
11995,0,0,0,0,1,0,0,0,0,0,0,I
11996,0,0,0,0,1,0,0,0,0,0,0,I
11997,0,0,0,0,1,0,0,0,0,0,0,I
11998,0,0,0,0,1,0,0,0,0,0,0,C
11999,0,0,0,0,1,0,0,0,0,0,0,I
12000,0,0,0,0,1,0,0,0,0,0,0,I
12001,0,0,0,0,1,0,0,0,0,0,0,I
12002,0,0,0,0,1,0,0,0,0,0,0,C
12003,0,0,0,0,1,0,0,0,0,0,0,C
12004,0,0,0,0,1,0,0,0,0,0,0,I
12005,0,0,0,0,1,0,0,0,0,0,0,C
12006,0,0,0,0,1,0,0,0,0,0,0,C
12007,0,0,0,0,1,0,0,0,0,0,0,I
12008,0,0,0,0,1,0,0,0,0,0,0,C
12009,0,0,0,0,1,0,0,0,0,0,0,C
12010,0,0,0,0,1,0,0,0,0,0,0,I
12011,0,0,0,0,1,0,0,0,0,0,0,I
12012,0,0,0,0,1,0,0,0,0,0,0,C
12013,0,0,0,0,1,0,0,0,0,0,0,I
12014,0,0,0,0,1,0,0,0,0,0,0,I
12015,0,0,0,0,1,0,0,0,0,0,0,I
12016,0,0,0,0,1,0,0,0,0,0,0,I
12017,0,0,0,0,1,0,0,0,0,0,0,I
12018,0,0,0,0,1,0,0,0,0,0,0,C
12019,0,0,0,0,1,0,0,0,0,0,0,I
12020,0,0,0,0,1,0,0,0,0,0,0,I
12021,0,0,0,0,1,0,0,0,0,0,0,I
12022,0,0,0,0,1,0,0,0,0,0,0,I
12023,0,0,0,0,1,0,0,0,0,0,0,I
12024,0,0,0,0,1,0,0,0,0,0,0,C
12025,0,0,0,0,1,0,0,0,0,0,0,C
12026,0,0,0,0,1,0,0,0,0,0,0,C
12027,0,0,0,0,1,0,0,0,0,0,0,C
12028,0,0,0,0,1,0,0,0,0,0,0,C
12029,0,0,0,0,1,0,0,0,0,0,0,I
12030,0,0,0,0,1,0,0,0,0,0,0,I
12031,0,0,0,0,1,0,0,0,0,0,0,I
12032,0,0,0,0,1,0,0,0,0,0,0,I
12033,0,0,0,0,1,0,0,0,0,0,0,C
12034,0,0,0,0,1,0,0,0,0,0,0,C
12035,0,0,0,0,1,0,0,0,0,0,0,I
12036,0,0,0,0,1,0,0,0,0,0,0,I
12037,0,0,0,0,1,0,0,0,0,0,0,C
12038,0,0,0,0,1,0,0,0,0,0,0,C
12039,0,0,0,0,1,0,0,0,0,0,0,C
12040,0,0,0,0,1,0,0,0,0,0,0,C
12041,0,0,0,0,1,0,0,0,0,0,0,C
12042,0,0,0,0,1,0,0,0,0,0,0,C
12043,0,0,0,0,1,0,0,0,0,0,0,C
12044,0,0,0,0,1,0,0,0,0,0,0,C
12045,0,0,0,0,1,0,0,0,0,0,0,C
12046,0,0,0,0,1,0,0,0,0,0,0,C
12047,0,0,0,0,1,0,0,0,0,0,0,C
12048,0,0,0,0,1,0,0,0,0,0,0,C
12049,0,0,0,0,1,0,0,0,0,0,0,C
12050,0,0,0,0,1,0,0,0,0,0,0,C
12051,0,0,0,0,1,0,0,0,0,0,0,C
12052,0,0,0,0,1,0,0,0,0,0,0,C
12053,0,0,0,0,1,0,0,0,0,0,0,C
12054,0,0,0,0,1,0,0,0,0,0,0,C
12055,0,0,0,0,1,0,0,0,0,0,0,C
12056,0,0,0,0,1,0,0,0,0,0,0,C
12057,0,0,0,0,1,0,0,0,0,0,0,C
12058,0,0,0,0,1,0,0,0,0,0,0,C
12059,0,0,0,0,1,0,0,0,0,0,0,C
12060,0,0,0,0,1,0,0,0,0,0,0,C
12061,0,0,0,0,1,0,0,0,0,0,0,C
12062,0,0,0,0,1,0,0,0,0,0,0,C
12063,0,0,0,0,1,0,0,0,0,0,0,C
12064,0,0,0,0,1,0,0,0,0,0,0,C
12065,0,0,0,0,1,0,0,0,0,0,0,C
12066,0,0,0,0,1,0,0,0,0,0,0,I
12067,0,0,0,0,1,0,0,0,0,0,0,C
12068,0,0,0,0,1,0,0,0,0,0,0,C
12069,0,0,0,0,1,0,0,0,0,0,0,C
12070,0,0,0,0,1,0,0,0,0,0,0,C
12071,0,0,0,0,1,0,0,0,0,0,0,C
12072,0,0,0,0,1,0,0,0,0,0,0,C
12073,0,0,0,0,1,0,0,0,0,0,0,C
12074,0,0,0,0,1,0,0,0,0,0,0,C
12075,0,0,0,0,1,0,0,0,0,0,0,C
12076,0,0,0,0,1,0,0,0,0,0,0,C
12077,0,0,0,0,1,0,0,0,0,0,0,C
12078,0,0,0,0,1,0,0,0,0,0,0,C
12079,0,0,0,0,1,0,0,0,0,0,0,C
12080,0,0,0,0,1,0,0,0,0,0,0,C
12081,0,0,0,0,1,0,0,0,0,0,0,C
12082,0,0,0,0,1,0,0,0,0,0,0,C
12083,0,0,0,0,1,0,0,0,0,0,0,C
12084,0,0,0,0,1,0,0,0,0,0,0,C
12085,0,0,0,0,1,0,0,0,0,0,0,C
12086,0,0,0,0,1,0,0,0,0,0,0,C
12087,0,0,0,0,1,0,0,0,0,0,0,C
12088,0,0,0,0,1,0,0,0,0,0,0,C
12089,0,0,0,0,1,0,0,0,0,0,0,C
12090,0,0,0,0,1,0,0,0,0,0,0,C
12091,0,0,0,0,1,0,0,0,0,0,0,C
12092,0,0,0,0,1,0,0,0,0,0,0,C
12093,0,0,0,0,1,0,0,0,0,0,0,C
12094,0,0,0,0,1,0,0,0,0,0,0,C
12095,0,0,0,0,1,0,0,0,0,0,0,C
12096,0,0,0,0,1,0,0,0,0,0,0,C
12097,0,0,0,0,1,0,0,0,0,0,0,C
12098,0,0,0,0,1,0,0,0,0,0,0,C
12099,0,0,0,0,1,0,0,0,0,0,0,C
12100,0,0,0,0,1,0,0,0,0,0,0,C
12101,0,0,0,0,1,0,0,0,0,0,0,C
12102,0,0,0,0,1,0,0,0,0,0,0,C
12103,0,0,0,0,1,0,0,0,0,0,0,C
12104,0,0,0,0,1,0,0,0,0,0,0,C
12105,0,0,0,0,1,0,0,0,0,0,0,C
12106,0,0,0,0,1,0,0,0,0,0,0,C
12107,0,0,0,0,1,0,0,0,0,0,0,C
12108,0,0,0,0,1,0,0,0,0,0,0,C
12109,0,0,0,0,1,0,0,0,0,0,0,C
12110,0,0,0,0,1,0,0,0,0,0,0,C
12111,0,0,0,0,1,0,0,0,0,0,0,C
12112,0,0,0,0,1,0,0,0,0,0,0,C
12113,0,0,0,0,1,0,0,0,0,0,0,C
12114,0,0,0,0,1,0,0,0,0,0,0,I
12115,0,0,0,0,1,0,0,0,0,0,0,C
12116,0,0,0,0,1,0,0,0,0,0,0,C
12117,0,0,0,0,1,0,0,0,0,0,0,A
12118,0,0,0,0,1,0,0,0,0,0,0,C
12119,0,0,0,0,1,0,0,0,0,0,0,C
12120,0,0,0,0,1,0,0,0,0,0,0,I
12121,0,0,0,0,1,0,0,0,0,0,0,I
12122,0,0,0,0,1,0,0,0,0,0,0,I
12123,0,0,0,0,1,0,0,0,0,0,0,I
12124,0,0,0,0,1,0,0,0,0,0,0,I
12125,0,0,0,0,1,0,0,0,0,0,0,C
12126,0,0,0,0,1,0,0,0,0,0,0,I
12127,0,0,0,0,1,0,0,0,0,0,0,I
12128,0,0,0,0,1,0,0,0,0,0,0,C
12129,0,0,0,0,1,0,0,0,0,0,0,I
12130,0,0,0,0,1,0,0,0,0,0,0,I
12131,0,0,0,0,1,0,0,0,0,0,0,I
12132,0,0,0,0,1,0,0,0,0,0,0,I
12133,0,0,0,0,1,0,0,0,0,0,0,I
12134,0,0,0,0,1,0,0,0,0,0,0,C
12135,0,0,0,0,1,0,0,0,0,0,0,I
12136,0,0,0,0,1,0,0,0,0,0,0,I
12137,0,0,0,0,0,0,0,0,0,0,0,I
12138,0,0,0,0,0,0,0,0,0,0,0,I
12139,0,0,0,0,0,0,0,0,0,0,0,I
12140,0,0,0,0,0,0,0,0,0,0,0,I
12141,0,0,0,0,0,0,0,0,0,0,0,I
12142,0,0,0,0,0,0,0,0,0,0,0,I
12143,0,0,0,0,0,0,0,0,0,0,0,I
12144,0,0,0,0,0,0,0,0,0,0,0,I
12145,0,0,0,0,0,0,0,0,0,0,0,I
12146,0,0,0,0,0,0,0,0,0,0,0,I
12147,0,0,0,0,0,0,0,0,0,0,0,I
12148,0,0,0,0,0,0,0,0,0,0,0,I
12149,0,0,0,0,0,0,0,0,0,0,0,I
12150,0,0,0,0,0,0,0,0,0,0,0,I
12151,0,0,0,0,0,0,0,0,0,0,0,I
12152,0,0,0,0,0,0,0,0,0,0,0,I
12153,0,0,0,0,0,0,0,0,0,0,0,I
12154,0,0,0,0,0,0,0,0,0,0,0,I
12155,0,0,0,0,0,0,0,0,0,0,0,I
12156,0,0,0,0,0,0,0,0,0,0,0,I
12157,0,0,0,0,0,0,0,0,0,0,0,I
12158,0,0,0,0,0,0,0,0,0,0,0,I
12159,0,0,0,0,0,0,0,0,0,0,0,I
12160,0,0,0,0,0,0,0,0,0,0,0,I
12161,0,0,0,0,0,0,0,0,0,0,0,I
12162,0,0,0,0,0,0,0,0,0,0,0,I
12163,0,0,0,0,0,0,0,0,0,0,0,I
12164,0,0,0,0,0,0,0,0,0,0,0,I
12165,0,0,0,0,0,0,0,0,0,0,0,I
12166,0,0,0,0,0,0,0,0,0,0,0,I
12167,0,0,0,0,0,0,0,0,0,0,0,I
12168,0,0,0,0,0,0,0,0,0,0,0,I
12169,0,0,0,0,0,0,0,0,0,0,0,I
12170,0,0,0,0,0,0,0,0,0,0,0,C
12171,0,0,0,0,0,0,0,0,0,0,0,I
12172,0,0,0,0,0,0,0,0,0,0,0,I
12173,0,0,0,0,0,0,0,0,0,0,0,I
12174,0,0,0,0,0,0,0,0,0,0,0,I
12175,0,0,0,0,0,0,0,0,0,0,0,I
12176,0,0,0,0,0,0,0,0,0,0,0,C
12177,0,0,0,0,0,0,0,0,0,0,0,I
12178,0,0,0,0,1,0,0,0,0,0,0,I
12179,0,0,0,0,1,0,0,0,0,0,0,I
12180,0,0,0,0,1,0,0,0,0,0,0,I
12181,0,0,0,0,1,0,0,0,0,0,0,I
12182,0,0,0,0,1,0,0,0,0,0,0,I
12183,0,0,0,0,1,0,0,0,0,0,0,I
12184,0,0,0,0,1,0,0,0,0,0,0,I
12185,0,0,0,0,1,0,0,0,0,0,0,C
12186,0,0,0,0,1,0,0,0,0,0,0,I
12187,0,0,0,0,1,0,0,0,0,0,0,I
12188,0,0,0,0,1,0,0,0,0,0,0,I
12189,0,0,0,0,1,0,0,0,0,0,0,I
12190,0,0,0,0,1,0,0,0,0,0,0,I
12191,0,0,0,0,1,0,0,0,0,0,0,C
12192,0,0,0,0,1,0,0,0,0,0,0,I
12193,0,0,0,0,1,0,0,0,0,0,0,I
12194,0,0,0,0,0,0,0,0,0,0,0,I
12195,0,0,0,0,0,0,0,0,0,0,0,I
12196,0,0,0,0,0,0,0,0,0,0,0,I
12197,0,0,0,0,0,0,0,0,0,0,0,I
12198,0,0,0,0,0,0,0,0,0,0,0,I
12199,0,0,0,0,0,0,0,0,0,0,0,I
12200,0,0,0,0,0,0,0,0,0,0,0,I
12201,0,0,0,0,0,0,0,0,0,0,0,I
12202,0,0,0,0,0,0,0,0,0,0,0,I
12203,0,0,0,0,0,0,0,0,0,0,0,I
12204,0,0,0,0,0,0,0,0,0,0,0,I
12205,0,0,0,0,0,0,0,0,0,0,0,I
12206,0,0,0,0,0,0,0,0,0,0,0,I
12207,0,0,0,0,0,0,0,0,0,0,0,I
12208,0,0,0,0,0,0,0,0,0,0,0,I
12209,0,0,0,0,0,0,0,0,0,0,0,I
12210,0,0,0,0,0,0,0,0,0,0,0,I
12211,0,0,0,0,0,0,0,0,0,0,0,I
12212,0,0,0,0,0,0,0,0,0,0,0,I
12213,0,0,0,0,0,0,0,0,0,0,0,I
12214,0,0,0,0,0,0,0,0,0,0,0,I
12215,0,0,0,0,0,0,0,0,0,0,0,I
12216,0,0,0,0,0,0,0,0,0,0,0,I
12217,0,0,0,0,0,0,0,0,0,0,0,I
12218,0,0,0,0,0,0,0,0,0,0,0,I
12219,0,0,0,0,0,0,0,0,0,0,0,C
12220,0,0,0,0,0,0,0,0,0,0,0,I
12221,0,0,0,0,0,0,0,0,0,0,0,I
12222,0,0,0,0,0,0,0,0,0,0,0,C
12223,0,0,0,0,0,0,0,0,0,0,0,C
12224,0,0,0,0,0,0,0,0,0,0,0,I
12225,0,0,0,0,0,0,0,0,0,0,0,C
12226,0,0,0,0,0,0,0,0,0,0,0,C
12227,0,0,0,0,1,0,0,0,0,0,0,C
12228,0,0,0,0,1,0,0,0,0,0,0,C
12229,0,0,0,0,1,0,0,0,0,0,0,C
12230,0,0,0,0,1,0,0,0,0,0,0,C
12231,0,0,0,0,1,0,0,0,0,0,0,C
12232,0,0,0,0,1,0,0,0,0,0,0,C
12233,0,0,0,0,1,0,0,0,0,0,0,C
12234,0,0,0,0,1,0,0,0,0,0,0,C
12235,0,0,0,0,1,0,0,0,0,0,0,C
12236,0,0,0,0,1,0,0,0,0,0,0,C
12237,0,0,0,0,1,0,0,0,0,0,0,C
12238,0,0,0,0,1,0,0,0,0,0,0,C
12239,0,0,0,0,1,0,0,0,0,0,0,C
12240,0,0,0,0,1,0,0,0,0,0,0,C
12241,0,0,0,0,1,0,0,0,0,0,0,C
12242,0,0,0,0,1,0,0,0,0,0,0,C
12243,0,0,0,0,1,0,0,0,0,0,0,C
12244,0,0,0,0,1,0,0,0,0,0,0,C
12245,0,0,0,0,1,0,0,0,0,0,0,C
12246,0,0,0,0,1,0,0,0,0,0,0,C
12247,0,0,0,0,1,0,0,0,0,0,0,C
12248,0,0,0,0,1,0,0,0,0,0,0,C
12249,0,0,0,0,1,0,0,0,0,0,0,C
12250,0,0,0,0,1,0,0,0,0,0,0,C
12251,0,0,0,0,1,0,0,0,0,0,0,C
12252,0,0,0,0,1,0,0,0,0,0,0,C
12253,0,0,0,0,1,0,0,0,0,0,0,C
12254,0,0,0,0,1,0,0,0,0,0,0,C
12255,0,0,0,0,1,0,0,0,0,0,0,C
12256,0,0,0,0,1,0,0,0,0,0,0,C
12257,0,0,0,0,1,0,0,0,0,0,0,C
12258,0,0,0,0,1,0,0,0,0,0,0,C
12259,0,0,0,0,1,0,0,0,0,0,0,C
12260,0,0,0,0,1,0,0,0,0,0,0,C
12261,0,0,0,0,1,0,0,0,0,0,0,C
12262,0,0,0,0,1,0,0,0,0,0,0,C
12263,0,0,0,0,1,0,0,0,0,0,0,C
12264,0,0,0,0,1,0,0,0,0,0,0,C
12265,0,0,0,0,1,0,0,0,0,0,0,C
12266,0,0,0,0,1,0,0,0,0,0,0,C
12267,0,0,0,0,1,0,0,0,0,0,0,C
12268,0,0,0,0,1,0,0,0,0,0,0,C
12269,0,0,0,0,1,0,0,0,0,0,0,C
12270,0,0,0,0,1,0,0,0,0,0,0,C
12271,0,0,0,0,1,0,0,0,0,0,0,C
12272,0,0,0,0,1,0,0,0,0,0,0,C
12273,0,0,0,0,1,0,0,0,0,0,0,C
12274,0,0,0,0,1,0,0,0,0,0,0,C
12275,0,0,0,0,1,0,0,0,0,0,0,C
12276,0,0,0,0,1,0,0,0,0,0,0,C
12277,0,0,0,0,1,0,0,0,0,0,0,C
12278,0,0,0,0,1,0,0,0,0,0,0,C
12279,0,0,0,0,1,0,0,0,0,0,0,C
12280,0,0,0,0,1,0,0,0,0,0,0,C
12281,0,0,0,0,1,0,0,0,0,0,0,C
12282,0,0,0,0,1,0,0,0,0,0,0,C
12283,0,0,0,0,1,0,0,0,0,0,0,C
12284,0,0,0,0,1,0,0,0,0,0,0,C
12285,0,0,0,0,1,0,0,0,0,0,0,C
12286,0,0,0,0,1,0,0,0,0,0,0,C
12287,0,0,0,0,1,0,0,0,0,0,0,C
12288,0,0,0,0,1,0,0,0,0,0,0,C
12289,0,0,0,0,1,0,0,0,0,0,0,C
12290,0,0,0,0,1,0,0,0,0,0,0,C
12291,0,0,0,0,1,0,0,0,0,0,0,C
12292,0,0,0,0,1,0,0,0,0,0,0,C
12293,0,0,0,0,1,0,0,0,0,0,0,C
12294,0,0,0,0,1,0,0,0,0,0,0,C
12295,0,0,0,0,1,0,0,0,0,0,0,C
12296,0,0,0,0,1,0,0,0,0,0,0,C
12297,0,0,0,0,1,0,0,0,0,0,0,C
12298,0,0,0,0,1,0,0,0,0,0,0,C
12299,0,0,0,0,1,0,0,0,0,0,0,C
12300,0,0,0,0,1,0,0,0,0,0,0,C
12301,0,0,0,0,1,0,0,0,0,0,0,C
12302,0,0,0,0,1,0,0,0,0,0,0,C
12303,0,0,0,0,1,0,0,0,0,0,0,C
12304,0,0,0,0,1,0,0,0,0,0,0,C
12305,0,0,0,0,1,0,0,0,0,0,0,C
12306,0,0,0,0,1,0,0,0,0,0,0,C
12307,0,0,0,0,1,0,0,0,0,0,0,C
12308,0,0,0,0,1,0,0,0,0,0,0,C
12309,0,0,0,0,1,0,0,0,0,0,0,C
12310,0,0,0,0,1,0,0,0,0,0,0,C
12311,0,0,0,0,1,0,0,0,0,0,0,C
12312,0,0,0,0,1,0,0,0,0,0,0,C
12313,0,0,0,0,1,0,0,0,0,0,0,C
12314,0,0,0,0,1,0,0,0,0,0,0,C
12315,0,0,0,0,1,0,0,0,0,0,0,C
12316,0,0,0,0,1,0,0,0,0,0,0,C
12317,0,0,0,0,1,0,0,0,0,0,0,C
12318,0,0,0,0,1,0,0,0,0,0,0,C
12319,0,0,0,0,1,0,0,0,0,0,0,C
12320,0,0,0,0,1,0,0,0,0,0,0,C
12321,0,0,0,0,1,0,0,0,0,0,0,C
12322,0,0,0,0,1,0,0,0,0,0,0,C
12323,0,0,0,0,1,0,0,0,0,0,0,C
12324,0,0,0,0,1,0,0,0,0,0,0,C
12325,0,0,0,0,1,0,0,0,0,0,0,C
12326,0,0,0,0,1,0,0,0,0,0,0,C
12327,0,0,0,0,1,0,0,0,0,0,0,C
12328,0,0,0,0,1,0,0,0,0,0,0,C
12329,0,0,0,0,1,0,0,0,0,0,0,C
12330,0,0,0,0,1,0,0,0,0,0,0,C
12331,0,0,0,0,1,0,0,0,0,0,0,C
12332,0,0,0,0,1,0,0,0,0,0,0,C
12333,0,0,0,0,1,0,0,0,0,0,0,C
12334,0,0,0,0,1,0,0,0,0,0,0,C
12335,0,0,0,0,1,0,0,0,0,0,0,C
12336,0,0,0,0,1,0,0,0,0,0,0,C
12337,0,0,0,0,1,0,0,0,0,0,0,C
12338,0,0,0,0,1,0,0,0,0,0,0,C
12339,0,0,0,0,1,0,0,0,0,0,0,C
12340,0,0,0,0,1,0,0,0,0,0,0,C
12341,0,0,0,0,1,0,0,0,0,0,0,C
12342,0,0,0,0,1,0,0,0,0,0,0,C
12343,0,0,0,0,1,0,0,0,0,0,0,C
12344,0,0,0,0,1,0,0,0,0,0,0,C
12345,0,0,0,0,1,0,0,0,0,0,0,C
12346,0,0,0,0,1,0,0,0,0,0,0,C
12347,0,0,0,0,1,0,0,0,0,0,0,C
12348,0,0,0,0,1,0,0,0,0,0,0,C
12349,0,0,0,0,1,0,0,0,0,0,0,C
12350,0,0,0,0,1,0,0,0,0,0,0,C
12351,0,0,0,0,1,0,0,0,0,0,0,C
12352,0,0,0,0,1,0,0,0,0,0,0,C
12353,0,0,0,0,1,0,0,0,0,0,0,C
12354,0,0,0,0,1,0,0,0,0,0,0,C
12355,0,0,0,0,1,0,0,0,0,0,0,C
12356,0,0,0,0,1,0,0,0,0,0,0,C
12357,0,0,0,0,1,0,0,0,0,0,0,C
12358,0,0,0,0,1,0,0,0,0,0,0,C
12359,0,0,0,0,1,0,0,0,0,0,0,C
12360,0,0,0,0,1,0,0,0,0,0,0,C
12361,0,0,0,0,1,0,0,0,0,0,0,C
12362,0,0,0,0,1,0,0,0,0,0,0,C
12363,0,0,0,0,1,0,0,0,0,0,0,C
12364,0,0,0,0,1,0,0,0,0,0,0,C
12365,0,0,0,0,1,0,0,0,0,0,0,C
12366,0,0,0,0,1,0,0,0,0,0,0,C
12367,0,0,0,0,1,0,0,0,0,0,0,C
12368,0,0,0,0,1,0,0,0,0,0,0,C
12369,0,0,0,0,1,0,0,0,0,0,0,C
12370,0,0,0,0,1,0,0,0,0,0,0,C
12371,0,0,0,0,1,0,0,0,0,0,0,C
12372,0,0,0,0,1,0,0,0,0,0,0,C
12373,0,0,0,0,1,0,0,0,0,0,0,C
12374,0,0,0,0,1,0,0,0,0,0,0,C
12375,0,0,0,0,1,0,0,0,0,0,0,C
12376,0,0,0,0,1,0,0,0,0,0,0,C
12377,0,0,0,0,1,0,0,0,0,0,0,C
12378,0,0,0,0,1,0,0,0,0,0,0,C
12379,0,0,0,0,1,0,0,0,0,0,0,A
12380,0,0,0,0,1,0,0,0,0,0,0,C
12381,0,0,0,0,1,0,0,0,0,0,0,C
12382,0,0,0,0,1,0,0,0,0,0,0,A
12383,0,0,0,0,1,0,0,0,0,0,0,C
12384,0,0,0,0,1,0,0,0,0,0,0,C
12385,0,0,0,0,1,0,0,0,0,0,0,C
12386,0,0,0,0,1,0,0,0,0,0,0,C
12387,0,0,0,0,1,0,0,0,0,0,0,C
12388,0,0,0,0,1,0,0,0,0,0,0,I
12389,0,0,0,0,1,0,0,0,0,0,0,I
12390,0,0,0,0,1,0,0,0,0,0,0,I
12391,0,0,0,0,1,0,0,0,0,0,0,I
12392,0,0,0,0,1,0,0,0,0,0,0,C
12393,0,0,0,0,1,0,0,0,0,0,0,I
12394,0,0,0,0,1,0,0,0,0,0,0,I
12395,0,0,0,0,1,0,0,0,0,0,0,I
12396,0,0,0,0,1,0,0,0,0,0,0,I
12397,0,0,0,0,1,0,0,0,0,0,0,I
12398,0,0,0,0,1,0,0,0,0,0,0,I
12399,0,0,0,0,1,0,0,0,0,0,0,I
12400,0,0,0,0,1,0,0,0,0,0,0,I
12401,0,0,0,0,1,0,0,0,0,0,0,I
12402,0,0,0,0,1,0,0,0,0,0,0,C
12403,0,0,0,0,1,0,0,0,0,0,0,C
12404,0,0,0,0,1,0,0,0,0,0,0,C
12405,0,0,0,0,1,0,0,0,0,0,0,C
12406,0,0,0,0,1,0,0,0,0,0,0,C
12407,0,0,0,0,1,0,0,0,0,0,0,C
12408,0,0,0,0,1,0,0,0,0,0,0,C
12409,0,0,0,0,1,0,0,0,0,0,0,C
12410,0,0,0,0,1,0,0,0,0,0,0,C
12411,0,0,0,0,1,0,0,0,0,0,0,C
12412,0,0,0,0,1,0,0,0,0,0,0,C
12413,0,0,0,0,1,0,0,0,0,0,0,C
12414,0,0,0,0,1,0,0,0,0,0,0,C
12415,0,0,0,0,1,0,0,0,0,0,0,C
12416,0,0,0,0,1,0,0,0,0,0,0,C
12417,0,0,0,0,1,0,0,0,0,0,0,C
12418,0,0,0,0,1,0,0,0,0,0,0,C
12419,0,0,0,0,1,0,0,0,0,0,0,C
12420,0,0,0,0,1,0,0,0,0,0,0,C
12421,0,0,0,0,1,0,0,0,0,0,0,C
12422,0,0,0,0,1,0,0,0,0,0,0,C
12423,0,0,0,0,1,0,0,0,0,0,0,C
12424,0,0,0,0,1,0,0,0,0,0,0,C
12425,0,0,0,0,1,0,0,0,0,0,0,C
12426,0,0,0,0,1,0,0,0,0,0,0,C
12427,0,0,0,0,1,0,0,0,0,0,0,C
12428,0,0,0,0,1,0,0,0,0,0,0,C
12429,0,0,0,0,1,0,0,0,0,0,0,C
12430,0,0,0,0,1,0,0,0,0,0,0,C
12431,0,0,0,0,1,0,0,0,0,0,0,C
12432,0,0,0,0,1,0,0,0,0,0,0,C
12433,0,0,0,0,1,0,0,0,0,0,0,C
12434,0,0,0,0,1,0,0,0,0,0,0,C
12435,0,0,0,0,1,0,0,0,0,0,0,C
12436,0,0,0,0,1,0,0,0,0,0,0,C
12437,0,0,0,0,1,0,0,0,0,0,0,C
12438,0,0,0,0,1,0,0,0,0,0,0,C
12439,0,0,0,0,1,0,0,0,0,0,0,C
12440,0,0,0,0,1,0,0,0,0,0,0,C
12441,0,0,0,0,1,0,0,0,0,0,0,C
12442,0,0,0,0,1,0,0,0,0,0,0,C
12443,0,0,0,0,1,0,0,0,0,0,0,C
12444,0,0,0,0,1,0,0,0,0,0,0,C
12445,0,0,0,0,1,0,0,0,0,0,0,C
12446,0,0,0,0,1,0,0,0,0,0,0,C
12447,0,0,0,0,1,0,0,0,0,0,0,C
12448,0,0,0,0,1,0,0,0,0,0,0,C
12449,0,0,0,0,1,0,0,0,0,0,0,C
12450,0,0,0,0,1,0,0,0,0,0,0,C
12451,0,0,0,0,1,0,0,0,0,0,0,C
12452,0,0,0,0,1,0,0,0,0,0,0,C
12453,0,0,0,0,1,0,0,0,0,0,0,C
12454,0,0,0,0,1,0,0,0,0,0,0,C
12455,0,0,0,0,1,0,0,0,0,0,0,C
12456,0,0,0,0,1,0,0,0,0,0,0,I
12457,0,0,0,0,1,0,0,0,0,0,0,I
12458,0,0,0,0,1,0,0,0,0,0,0,C
12459,0,0,0,0,1,0,0,0,0,0,0,I
12460,0,0,0,0,1,0,0,0,0,0,0,I
12461,0,0,0,0,1,0,0,0,0,0,0,I
12462,0,0,0,0,1,0,0,0,0,0,0,I
12463,0,0,0,0,1,0,0,0,0,0,0,I
12464,0,0,0,0,1,0,0,0,0,0,0,I
12465,0,0,0,0,1,0,0,0,0,0,0,I
12466,0,0,0,0,1,0,0,0,0,0,0,I
12467,0,0,0,0,1,0,0,0,0,0,0,I
12468,0,0,0,0,1,0,0,0,0,0,0,C
12469,0,0,0,0,1,0,0,0,0,0,0,C
12470,0,0,0,0,1,0,0,0,0,0,0,C
12471,0,0,0,0,1,0,0,0,0,0,0,C
12472,0,0,0,0,1,0,0,0,0,0,0,C
12473,0,0,0,0,1,0,0,0,0,0,0,C
12474,0,0,0,0,1,0,0,0,0,0,0,C
12475,0,0,0,0,1,0,0,0,0,0,0,C
12476,0,0,0,0,1,0,0,0,0,0,0,C
12477,0,0,0,0,1,0,0,0,0,0,0,C
12478,0,0,0,0,1,0,0,0,0,0,0,C
12479,0,0,0,0,1,0,0,0,0,0,0,C
12480,0,0,0,0,1,0,0,0,0,0,0,C
12481,0,0,0,0,1,0,0,0,0,0,0,B
12482,0,0,0,0,1,0,0,0,0,0,0,A
12483,0,0,0,0,1,0,0,0,0,0,0,C
12484,0,0,0,0,1,0,0,0,0,0,0,C
12485,0,0,0,0,1,0,0,0,0,0,0,C
12486,0,0,0,0,1,0,0,0,0,0,0,C
12487,0,0,0,0,1,0,0,0,0,0,0,I
12488,0,0,0,0,1,0,0,0,0,0,0,I
12489,0,0,0,0,0,0,0,0,0,0,0,I
12490,0,0,0,0,0,0,0,0,0,0,0,I
12491,0,0,0,0,0,0,0,0,0,0,0,I
12492,0,0,0,0,0,0,0,0,0,0,0,I
12493,0,0,0,0,0,0,0,0,0,0,0,I
12494,0,0,0,0,0,0,0,0,0,0,0,I
12495,0,0,0,0,0,0,0,0,0,0,0,I
12496,0,0,0,0,0,0,0,0,0,0,0,I
12497,0,0,0,0,0,0,0,0,0,0,0,I
12498,0,0,0,0,0,0,0,0,0,0,0,I
12499,0,0,0,0,0,0,0,0,0,0,0,I
12500,0,0,0,0,0,0,0,0,0,0,0,I
12501,0,0,0,0,0,0,0,0,0,0,0,I
12502,0,0,0,0,0,0,0,0,0,0,0,I
12503,0,0,0,0,0,0,0,0,0,0,0,I
12504,0,0,0,0,0,0,0,0,0,0,0,I
12505,0,0,0,0,0,0,0,0,0,0,0,I
12506,0,0,0,0,0,0,0,0,0,0,0,I
12507,0,0,0,0,0,0,0,0,0,0,0,I
12508,0,0,0,0,0,0,0,0,0,0,0,I
12509,0,0,0,0,0,0,0,0,0,0,0,I
12510,0,0,0,0,0,0,0,0,0,0,0,I
12511,0,0,0,0,0,0,0,0,0,0,0,I
12512,0,0,0,0,0,0,0,0,0,0,0,I
12513,0,0,0,0,0,0,0,0,0,0,0,I
12514,0,0,0,0,0,0,0,0,0,0,0,I
12515,0,0,0,0,0,0,0,0,0,0,0,I
12516,0,0,0,0,0,0,0,0,0,0,0,I
12517,0,0,0,0,0,0,0,0,0,0,0,I
12518,0,0,0,0,0,0,0,0,0,0,0,I
12519,0,0,0,0,0,0,0,0,0,0,0,I
12520,0,0,0,0,0,0,0,0,0,0,0,I
12521,0,0,0,0,0,0,0,0,0,0,0,I
12522,0,0,0,0,0,0,0,0,0,0,0,I
12523,0,0,0,0,0,0,0,0,0,0,0,I
12524,0,0,0,0,0,0,0,0,0,0,0,I
12525,0,0,0,0,0,0,0,0,0,0,0,I
12526,0,0,0,0,0,0,0,0,0,0,0,I
12527,0,0,0,0,0,0,0,0,0,0,0,I
12528,0,0,0,0,0,0,0,0,0,0,0,I
12529,0,0,0,0,0,0,0,0,0,0,0,I
12530,0,0,0,0,0,0,0,0,0,0,0,I
12531,0,0,0,0,0,0,0,0,0,0,0,I
12532,0,0,0,0,0,0,0,0,0,0,0,I
12533,0,0,0,0,0,0,0,0,0,0,0,I
12534,0,0,0,0,0,0,0,0,0,0,0,I
12535,0,0,0,0,0,0,0,0,0,0,0,I
12536,0,0,0,0,0,0,0,0,0,0,0,I
12537,0,0,0,0,0,0,0,0,0,0,0,I
12538,0,0,0,0,0,0,0,0,0,0,0,I
12539,0,0,0,0,0,0,0,0,0,0,0,I
12540,0,0,0,0,0,0,0,0,0,0,0,I
12541,0,0,0,0,0,0,0,0,0,0,0,I
12542,0,0,0,0,0,0,0,0,0,0,0,I
12543,0,0,0,0,0,0,0,0,0,0,0,I
12544,0,0,0,0,0,0,0,0,0,0,0,I
12545,0,0,0,0,0,0,0,0,0,0,0,I
12546,0,0,0,0,0,0,0,0,0,0,0,I
12547,0,0,0,0,0,0,0,0,0,0,0,I
12548,0,0,0,0,0,0,0,0,0,0,0,I
12549,0,0,0,0,0,0,0,0,0,0,0,I
12550,0,0,0,0,0,0,0,0,0,0,0,I
12551,0,0,0,0,0,0,0,0,0,0,0,I
12552,0,0,0,0,0,0,0,0,0,0,0,I
12553,0,0,0,0,0,0,0,0,0,0,0,I
12554,0,0,0,0,0,0,0,0,0,0,0,I
12555,0,0,0,0,0,0,0,0,0,0,0,I
12556,0,0,0,0,0,0,0,0,0,0,0,I
12557,0,0,0,0,0,0,0,0,0,0,0,I
12558,0,0,0,0,0,0,0,0,0,0,0,I
12559,0,0,0,0,0,0,0,0,0,0,0,I
12560,0,0,0,0,0,0,0,0,0,0,0,I
12561,0,0,0,0,0,0,0,0,0,0,0,I
12562,0,0,0,0,0,0,0,0,0,0,0,I
12563,0,0,0,0,0,0,0,0,0,0,0,I
12564,0,0,0,0,0,0,0,0,0,0,0,I
12565,0,0,0,0,0,0,0,0,0,0,0,I
12566,0,0,0,0,0,0,0,0,0,0,0,I
12567,0,0,0,0,0,0,0,0,0,0,0,I
12568,0,0,0,0,0,0,0,0,0,0,0,I
12569,0,0,0,0,0,0,0,0,0,0,0,I
12570,0,0,0,0,0,0,0,0,0,0,0,I
12571,0,0,0,0,0,0,0,0,0,0,0,I
12572,0,0,0,0,0,0,0,0,0,0,0,I
12573,0,0,0,0,0,0,0,0,0,0,0,I
12574,0,0,0,0,0,0,0,0,0,0,0,I
12575,0,0,0,0,0,0,0,0,0,0,0,I
12576,0,0,0,0,0,0,0,0,0,0,0,I
12577,0,0,0,0,0,0,0,0,0,0,0,I
12578,0,0,0,0,0,0,0,0,0,0,0,I
12579,0,0,0,0,0,0,0,0,0,0,0,I
12580,0,0,0,0,0,0,0,0,0,0,0,I
12581,0,0,0,0,0,0,0,0,0,0,0,I
12582,0,0,0,0,0,0,0,0,0,0,0,I
12583,0,0,0,0,0,0,0,0,0,0,0,I
12584,0,0,0,0,0,0,0,0,0,0,0,I
12585,0,0,0,0,0,0,0,0,0,0,0,I
12586,0,0,0,0,0,0,0,0,0,0,0,I
12587,0,0,0,0,0,0,0,0,0,0,0,I
12588,0,0,0,0,0,0,0,0,0,0,0,I
12589,0,0,0,0,0,0,0,0,0,0,0,I
12590,0,0,0,0,0,0,0,0,0,0,0,I
12591,0,0,0,0,0,0,0,0,0,0,0,I
12592,0,0,0,0,0,0,0,0,0,0,0,I
12593,0,0,0,0,0,0,0,0,0,0,0,I
12594,0,0,0,0,0,0,0,0,0,0,0,I
12595,0,0,0,0,0,0,0,0,0,0,0,I
12596,0,0,0,0,0,0,0,0,0,0,0,I
12597,0,0,0,0,0,0,0,0,0,0,0,I
12598,0,0,0,0,0,0,0,0,0,0,0,I
12599,0,0,0,0,0,0,0,0,0,0,0,I
12600,0,0,0,0,0,0,0,0,0,0,0,I
12601,0,0,0,0,0,0,0,0,0,0,0,I
12602,0,0,0,0,0,0,0,0,0,0,0,I
12603,0,0,0,0,0,0,0,0,0,0,0,I
12604,0,0,0,0,0,0,0,0,0,0,0,I
12605,0,0,0,0,0,0,0,0,0,0,0,I
12606,0,0,0,0,0,0,0,0,0,0,0,I
12607,0,0,0,0,0,0,0,0,0,0,0,I
12608,0,0,0,0,0,0,0,0,0,0,0,I
12609,0,0,0,0,0,0,0,0,0,0,0,I
12610,0,0,0,0,0,0,0,0,0,0,0,I
12611,0,0,0,0,0,0,0,0,0,0,0,I
12612,0,0,0,0,0,0,0,0,0,0,0,I
12613,0,0,0,0,0,0,0,0,0,0,0,I
12614,0,0,0,0,0,0,0,0,0,0,0,I
12615,0,0,0,0,0,0,0,0,0,0,0,I
12616,0,0,0,0,0,0,0,0,0,0,0,I
12617,0,0,0,0,0,0,0,0,0,0,0,I
12618,0,0,0,0,0,0,0,0,0,0,0,I
12619,0,0,0,0,0,0,0,0,0,0,0,I
12620,0,0,0,0,0,0,0,0,0,0,0,I
12621,0,0,0,0,0,0,0,0,0,0,0,I
12622,0,0,0,0,0,0,0,0,0,0,0,I
12623,0,0,0,0,0,0,0,0,0,0,0,I
12624,0,0,0,0,0,0,0,0,0,0,0,I
12625,0,0,0,0,0,0,0,0,0,0,0,I
12626,0,0,0,0,0,0,0,0,0,0,0,I
12627,0,0,0,0,0,0,0,0,0,0,0,I
12628,0,0,0,0,0,0,0,0,0,0,0,I
12629,0,0,0,0,0,0,0,0,0,0,0,I
12630,0,0,0,0,0,0,0,0,0,0,0,I
12631,0,0,0,0,0,0,0,0,0,0,0,I
12632,0,0,0,0,0,0,0,0,0,0,0,I
12633,0,0,0,0,0,0,0,0,0,0,0,I
12634,0,0,0,0,0,0,0,0,0,0,0,I
12635,0,0,0,0,0,0,0,0,0,0,0,I
12636,0,0,0,0,0,0,0,0,0,0,0,I
12637,0,0,0,0,0,0,0,0,0,0,0,I
12638,0,0,0,0,0,0,0,0,0,0,0,I
12639,0,0,0,0,0,0,0,0,0,0,0,I
12640,0,0,0,0,0,0,0,0,0,0,0,I
12641,0,0,0,0,0,0,0,0,0,0,0,I
12642,0,0,0,0,0,0,0,0,0,0,0,I
12643,0,0,0,0,0,0,0,0,0,0,0,I
12644,0,0,0,0,0,0,0,0,0,0,0,I
12645,0,0,0,0,0,0,0,0,0,0,0,I
12646,0,0,0,0,0,0,0,0,0,0,0,I
12647,0,0,0,0,0,0,0,0,0,0,0,I
12648,0,0,0,0,0,0,0,0,0,0,0,I
12649,0,0,0,0,0,0,0,0,0,0,0,I
12650,0,0,0,0,0,0,0,0,0,0,0,I
12651,0,0,0,0,0,0,0,0,0,0,0,I
12652,0,0,0,0,0,0,0,0,0,0,0,I
12653,0,0,0,0,0,0,0,0,0,0,0,I
12654,0,0,0,0,0,0,0,0,0,0,0,I
12655,0,0,0,0,0,0,0,0,0,0,0,I
12656,0,0,0,0,0,0,0,0,0,0,0,I
12657,0,0,0,0,0,0,0,0,0,0,0,I
12658,0,0,0,0,0,0,0,0,0,0,0,I
12659,0,0,0,0,0,0,0,0,0,0,0,I
12660,0,0,0,0,0,0,0,0,0,0,0,I
12661,0,0,0,0,0,0,0,0,0,0,0,I
12662,0,0,0,0,0,0,0,0,0,0,0,I
12663,0,0,0,0,0,0,0,0,0,0,0,I
12664,0,0,0,0,0,0,0,0,0,0,0,I
12665,0,0,0,0,0,0,0,0,0,0,0,I
12666,0,0,0,0,0,0,0,0,0,0,0,I
12667,0,0,0,0,0,0,0,0,0,0,0,I
12668,0,0,0,0,0,0,0,0,0,0,0,I
12669,0,0,0,0,0,0,0,0,0,0,0,I
12670,0,0,0,0,0,0,0,0,0,0,0,I
12671,0,0,0,0,0,0,0,0,0,0,0,I
12672,0,0,0,0,0,0,0,0,0,0,0,I
12673,0,0,0,0,0,0,0,0,0,0,0,I
12674,0,0,0,0,0,0,0,0,0,0,0,I
12675,0,0,0,0,0,0,0,0,0,0,0,I
12676,0,0,0,0,0,0,0,0,0,0,0,I
12677,0,0,0,0,0,0,0,0,0,0,0,I
12678,0,0,0,0,0,0,0,0,0,0,0,I
12679,0,0,0,0,0,0,0,0,0,0,0,I
12680,0,0,0,0,0,0,0,0,0,0,0,I
12681,0,0,0,0,0,0,0,0,0,0,0,I
12682,0,0,0,0,0,0,0,0,0,0,0,I
12683,0,0,0,0,0,0,0,0,0,0,0,I
12684,0,0,0,0,0,0,0,0,0,0,0,I
12685,0,0,0,0,0,0,0,0,0,0,0,I
12686,0,0,0,0,0,0,0,0,0,0,0,I
12687,0,0,0,0,0,0,0,0,0,0,0,I
12688,0,0,0,0,0,0,0,0,0,0,0,I
12689,0,0,0,0,0,0,0,0,0,0,0,I
12690,0,0,0,0,0,0,0,0,0,0,0,I
12691,0,0,0,0,0,0,0,0,0,0,0,I
12692,0,0,0,0,0,0,0,0,0,0,0,I
12693,0,0,0,0,0,0,0,0,0,0,0,I
12694,0,0,0,0,0,0,0,0,0,0,0,I
12695,0,0,0,0,0,0,0,0,0,0,0,I
12696,0,0,0,0,0,0,0,0,0,0,0,I
12697,0,0,0,0,0,0,0,0,0,0,0,I
12698,0,0,0,0,0,0,0,0,0,0,0,I
12699,0,0,0,0,0,0,0,0,0,0,0,I
12700,0,0,0,0,0,0,0,0,0,0,0,I
12701,0,0,0,0,0,0,0,0,0,0,0,I
12702,0,0,0,0,0,0,0,0,0,0,0,I
12703,0,0,0,0,0,0,0,0,0,0,0,I
12704,0,0,0,0,0,0,0,0,0,0,0,I
12705,0,0,0,0,0,0,0,0,0,0,0,I
12706,0,0,0,0,0,0,0,0,0,0,0,I
12707,0,0,0,0,0,0,0,0,0,0,0,I
12708,0,0,0,0,0,0,0,0,0,0,0,I
12709,0,0,0,0,0,0,0,0,0,0,0,I
12710,0,0,0,0,0,0,0,0,0,0,0,I
12711,0,0,0,0,0,0,0,0,0,0,0,I
12712,0,0,0,0,0,0,0,0,0,0,0,I
12713,0,0,0,0,0,0,0,0,0,0,0,I
12714,0,0,0,0,0,0,0,0,0,0,0,I
12715,0,0,0,0,0,0,0,0,0,0,0,I
12716,0,0,0,0,0,0,0,0,0,0,0,I
12717,0,0,0,0,0,0,0,0,0,0,0,I
12718,0,0,0,0,0,0,0,0,0,0,0,I
12719,0,0,0,0,0,0,0,0,0,0,0,I
12720,0,0,0,0,0,0,0,0,0,0,0,I
12721,0,0,0,0,0,0,0,0,0,0,0,I
12722,0,0,0,0,0,0,0,0,0,0,0,I
12723,0,0,0,0,0,0,0,0,0,0,0,I
12724,0,0,0,0,0,0,0,0,0,0,0,I
12725,0,0,0,0,0,0,0,0,0,0,0,I
12726,0,0,0,0,0,0,0,0,0,0,0,I
12727,0,0,0,0,0,0,0,0,0,0,0,I
12728,0,0,0,0,0,0,0,0,0,0,0,I
12729,0,0,0,0,0,0,0,0,0,0,0,I
12730,0,0,0,0,0,0,0,0,0,0,0,I
12731,0,0,0,0,0,0,0,0,0,0,0,I
12732,0,0,0,0,0,0,0,0,0,0,0,I
12733,0,0,0,0,0,0,0,0,0,0,0,I
12734,0,0,0,0,0,0,0,0,0,0,0,I
12735,0,0,0,0,0,0,0,0,0,0,0,I
12736,0,0,0,0,0,0,0,0,0,0,0,I
12737,0,0,0,0,0,0,0,0,0,0,0,I
12738,0,0,0,0,0,0,0,0,0,0,0,I
12739,0,0,0,0,0,0,0,0,0,0,0,I
12740,0,0,0,0,0,0,0,0,0,0,0,I
12741,0,0,0,0,0,0,0,0,0,0,0,I
12742,0,0,0,0,0,0,0,0,0,0,0,I
12743,0,0,0,0,0,0,0,0,0,0,0,I
12744,0,0,0,0,0,0,0,0,0,0,0,I
12745,0,0,0,0,0,0,0,0,0,0,0,I
12746,0,0,0,0,0,0,0,0,0,0,0,I
12747,0,0,0,0,0,0,0,0,0,0,0,I
12748,0,0,0,0,0,0,0,0,0,0,0,I
12749,0,0,0,0,0,0,0,0,0,0,0,I
12750,0,0,0,0,0,0,0,0,0,0,0,I
12751,0,0,0,0,0,0,0,0,0,0,0,I
12752,0,0,0,0,0,0,0,0,0,0,0,I
12753,0,0,0,0,0,0,0,0,0,0,0,I
12754,0,0,0,0,0,0,0,0,0,0,0,I
12755,0,0,0,0,0,0,0,0,0,0,0,I
12756,0,0,0,0,0,0,0,0,0,0,0,I
12757,0,0,0,0,0,0,0,0,0,0,0,I
12758,0,0,0,0,0,0,0,0,0,0,0,I
12759,0,0,0,0,0,0,0,0,0,0,0,I
12760,0,0,0,0,0,0,0,0,0,0,0,I
12761,0,0,0,0,0,0,0,0,0,0,0,I
12762,0,0,0,0,0,0,0,0,0,0,0,I
12763,0,0,0,0,0,0,0,0,0,0,0,I
12764,0,0,0,0,0,0,0,0,0,0,0,I
12765,0,0,0,0,0,0,0,0,0,0,0,I
12766,0,0,0,0,0,0,0,0,0,0,0,I
12767,0,0,0,0,0,0,0,0,0,0,0,I
12768,0,0,0,0,0,0,0,0,0,0,0,I
12769,0,0,0,0,0,0,0,0,0,0,0,I
12770,0,0,0,0,0,0,0,0,0,0,0,I
12771,0,0,0,0,0,0,0,0,0,0,0,I
12772,0,0,0,0,0,0,0,0,0,0,0,I
12773,0,0,0,0,0,0,0,0,0,0,0,I
12774,0,0,0,0,0,0,0,0,0,0,0,I
12775,0,0,0,0,0,0,0,0,0,0,0,I
12776,0,0,0,0,0,0,0,0,0,0,0,I
12777,0,0,0,0,0,0,0,0,0,0,0,I
12778,0,0,0,0,0,0,0,0,0,0,0,I
12779,0,0,0,0,0,0,0,0,0,0,0,I
12780,0,0,0,0,0,0,0,0,0,0,0,I
12781,0,0,0,0,0,0,0,0,0,0,0,I
12782,0,0,0,0,0,0,0,0,0,0,0,I
12783,0,0,0,0,0,0,0,0,0,0,0,I
12784,0,0,0,0,0,0,0,0,0,0,0,I
12785,0,0,0,0,0,0,0,0,0,0,0,I
12786,0,0,0,0,0,0,0,0,0,0,0,I
12787,0,0,0,0,0,0,0,0,0,0,0,I
12788,0,0,0,0,0,0,0,0,0,0,0,I
12789,0,0,0,0,0,0,0,0,0,0,0,I
12790,0,0,0,0,0,0,0,0,0,0,0,I
12791,0,0,0,0,0,0,0,0,0,0,0,I
12792,0,0,0,0,0,0,0,0,0,0,0,I
12793,0,0,0,0,0,0,0,0,0,0,0,I
12794,0,0,0,0,0,0,0,0,0,0,0,I
12795,0,0,0,0,0,0,0,0,0,0,0,I
12796,0,0,0,0,0,0,0,0,0,0,0,I
12797,0,0,0,0,0,0,0,0,0,0,0,I
12798,0,0,0,0,0,0,0,0,0,0,0,I
12799,0,0,0,0,0,0,0,0,0,0,0,I
12800,0,0,0,0,0,0,0,0,0,0,0,I
12801,0,0,0,0,0,0,0,0,0,0,0,I
12802,0,0,0,0,0,0,0,0,0,0,0,I
12803,0,0,0,0,0,0,0,0,0,0,0,I
12804,0,0,0,0,0,0,0,0,0,0,0,I
12805,0,0,0,0,0,0,0,0,0,0,0,I
12806,0,0,0,0,0,0,0,0,0,0,0,I
12807,0,0,0,0,0,0,0,0,0,0,0,I
12808,0,0,0,0,0,0,0,0,0,0,0,I
12809,0,0,0,0,0,0,0,0,0,0,0,I
12810,0,0,0,0,0,0,0,0,0,0,0,I
12811,0,0,0,0,0,0,0,0,0,0,0,I
12812,0,0,0,0,0,0,0,0,0,0,0,I
12813,0,0,0,0,0,0,0,0,0,0,0,I
12814,0,0,0,0,0,0,0,0,0,0,0,I
12815,0,0,0,0,0,0,0,0,0,0,0,I
12816,0,0,0,0,0,0,0,0,0,0,0,I
12817,0,0,0,0,0,0,0,0,0,0,0,I
12818,0,0,0,0,0,0,0,0,0,0,0,I
12819,0,0,0,0,0,0,0,0,0,0,0,I
12820,0,0,0,0,0,0,0,0,0,0,0,I
12821,0,0,0,0,0,0,0,0,0,0,0,I
12822,0,0,0,0,0,0,0,0,0,0,0,I
12823,0,0,0,0,0,0,0,0,0,0,0,I
12824,0,0,0,0,0,0,0,0,0,0,0,I
12825,0,0,0,0,0,0,0,0,0,0,0,I
12826,0,0,0,0,0,0,0,0,0,0,0,I
12827,0,0,0,0,0,0,0,0,0,0,0,I
12828,0,0,0,0,0,0,0,0,0,0,0,I
12829,0,0,0,0,0,0,0,0,0,0,0,I
12830,0,0,0,0,0,0,0,0,0,0,0,I
12831,0,0,0,0,0,0,0,0,0,0,0,I
12832,0,0,0,0,0,0,0,0,0,0,0,I
12833,0,0,0,0,0,0,0,0,0,0,0,I
12834,0,0,0,0,0,0,0,0,0,0,0,I
12835,0,0,0,0,0,0,0,0,0,0,0,I
12836,0,0,0,0,0,0,0,0,0,0,0,I
12837,0,0,0,0,0,0,0,0,0,0,0,I
12838,0,0,0,0,0,0,0,0,0,0,0,I
12839,0,0,0,0,0,0,0,0,0,0,0,I
12840,0,0,0,0,0,0,0,0,0,0,0,I
12841,0,0,0,0,0,0,0,0,0,0,0,I
12842,0,0,0,0,0,0,0,0,0,0,0,I
12843,0,0,0,0,0,0,0,0,0,0,0,I
12844,0,0,0,0,0,0,0,0,0,0,0,I
12845,0,0,0,0,0,0,0,0,0,0,0,I
12846,0,0,0,0,0,0,0,0,0,0,0,I
12847,0,0,0,0,0,0,0,0,0,0,0,I
12848,0,0,0,0,0,0,0,0,0,0,0,I
12849,0,0,0,0,0,0,0,0,0,0,0,I
12850,0,0,0,0,0,0,0,0,0,0,0,I
12851,0,0,0,0,0,0,0,0,0,0,0,I
12852,0,0,0,0,0,0,0,0,0,0,0,I
12853,0,0,0,0,0,0,0,0,0,0,0,I
12854,0,0,0,0,0,0,0,0,0,0,0,I
12855,0,0,0,0,0,0,0,0,0,0,0,I
12856,0,0,0,0,0,0,0,0,0,0,0,I
12857,0,0,0,0,0,0,0,0,0,0,0,I
12858,0,0,0,0,0,0,0,0,0,0,0,I
12859,0,0,0,0,0,0,0,0,0,0,0,I
12860,0,0,0,0,0,0,0,0,0,0,0,I
12861,0,0,0,0,0,0,0,0,0,0,0,I
12862,0,0,0,0,0,0,0,0,0,0,0,I
12863,0,0,0,0,0,0,0,0,0,0,0,I
12864,0,0,0,0,0,0,0,0,0,0,0,I
12865,0,0,0,0,0,0,0,0,0,0,0,I
12866,0,0,0,0,0,0,0,0,0,0,0,I
12867,0,0,0,0,0,0,0,0,0,0,0,I
12868,0,0,0,0,0,0,0,0,0,0,0,I
12869,0,0,0,0,0,0,0,0,0,0,0,I
12870,0,0,0,0,0,0,0,0,0,0,0,I
12871,0,0,0,0,0,0,0,0,0,0,0,I
12872,0,0,0,0,0,0,0,0,0,0,0,I
12873,0,0,0,0,0,0,0,0,0,0,0,I
12874,0,0,0,0,0,0,0,0,0,0,0,I
12875,0,0,0,0,0,0,0,0,0,0,0,I
12876,0,0,0,0,0,0,0,0,0,0,0,I
12877,0,0,0,0,0,0,0,0,0,0,0,I
12878,0,0,0,0,0,0,0,0,0,0,0,I
12879,0,0,0,0,0,0,0,0,0,0,0,I
12880,0,0,0,0,0,0,0,0,0,0,0,I
12881,0,0,0,0,0,0,0,0,0,0,0,I
12882,0,0,0,0,0,0,0,0,0,0,0,I
12883,0,0,0,0,0,0,0,0,0,0,0,I
12884,0,0,0,0,0,0,0,0,0,0,0,I
12885,0,0,0,0,0,0,0,0,0,0,0,I
12886,0,0,0,0,0,0,0,0,0,0,0,I
12887,0,0,0,0,0,0,0,0,0,0,0,I
12888,0,0,0,0,0,0,0,0,0,0,0,I
12889,0,0,0,0,0,0,0,0,0,0,0,I
12890,0,0,0,0,0,0,0,0,0,0,0,I
12891,0,0,0,0,0,0,0,0,0,0,0,I
12892,0,0,0,0,0,0,0,0,0,0,0,I
12893,0,0,0,0,0,0,0,0,0,0,0,I
12894,0,0,0,0,0,0,0,0,0,0,0,I
12895,0,0,0,0,0,0,0,0,0,0,0,I
12896,0,0,0,0,0,0,0,0,0,0,0,I
12897,0,0,0,0,0,0,0,0,0,0,0,I
12898,0,0,0,0,0,0,0,0,0,0,0,I
12899,0,0,0,0,0,0,0,0,0,0,0,I
12900,0,0,0,0,0,0,0,0,0,0,0,I
12901,0,0,0,0,0,0,0,0,0,0,0,I
12902,0,0,0,0,0,0,0,0,0,0,0,I
12903,0,0,0,0,0,0,0,0,0,0,0,I
12904,0,0,0,0,0,0,0,0,0,0,0,I
12905,0,0,0,0,0,0,0,0,0,0,0,I
12906,0,0,0,0,0,0,0,0,0,0,0,I
12907,0,0,0,0,0,0,0,0,0,0,0,I
12908,0,0,0,0,0,0,0,0,0,0,0,I
12909,0,0,0,0,0,0,0,0,0,0,0,I
12910,0,0,0,0,0,0,0,0,0,0,0,I
12911,0,0,0,0,0,0,0,0,0,0,0,I
12912,0,0,0,0,0,0,0,0,0,0,0,I
12913,0,0,0,0,0,0,0,0,0,0,0,I
12914,0,0,0,0,0,0,0,0,0,0,0,I
12915,0,0,0,0,0,0,0,0,0,0,0,I
12916,0,0,0,0,0,0,0,0,0,0,0,I
12917,0,0,0,0,0,0,0,0,0,0,0,I
12918,0,0,0,0,0,0,0,0,0,0,0,I
12919,0,0,0,0,0,0,0,0,0,0,0,I
12920,0,0,0,0,0,0,0,0,0,0,0,I
12921,0,0,0,0,0,0,0,0,0,0,0,I
12922,0,0,0,0,0,0,0,0,0,0,0,I
12923,0,0,0,0,0,0,0,0,0,0,0,I
12924,0,0,0,0,0,0,0,0,0,0,0,I
12925,0,0,0,0,0,0,0,0,0,0,0,I
12926,0,0,0,0,0,0,0,0,0,0,0,I
12927,0,0,0,0,0,0,0,0,0,0,0,I
12928,0,0,0,0,0,0,0,0,0,0,0,I
12929,0,0,0,0,0,0,0,0,0,0,0,I
12930,0,0,0,0,0,0,0,0,0,0,0,I
12931,0,0,0,0,0,0,0,0,0,0,0,I
12932,0,0,0,0,0,0,0,0,0,0,0,I
12933,0,0,0,0,0,0,0,0,0,0,0,I
12934,0,0,0,0,0,0,0,0,0,0,0,I
12935,0,0,0,0,0,0,0,0,0,0,0,I
12936,0,0,0,0,0,0,0,0,0,0,0,I
12937,0,0,0,0,0,0,0,0,0,0,0,I
12938,0,0,0,0,0,0,0,0,0,0,0,I
12939,0,0,0,0,0,0,0,0,0,0,0,I
12940,0,0,0,0,0,0,0,0,0,0,0,I
12941,0,0,0,0,0,0,0,0,0,0,0,I
12942,0,0,0,0,0,0,0,0,0,0,0,I
12943,0,0,0,0,0,0,0,0,0,0,0,I
12944,0,0,0,0,0,0,0,0,0,0,0,I
12945,0,0,0,0,0,0,0,0,0,0,0,I
12946,0,0,0,0,0,0,0,0,0,0,0,I
12947,0,0,0,0,0,0,0,0,0,0,0,I
12948,0,0,0,0,0,0,0,0,0,0,0,I
12949,0,0,0,0,0,0,0,0,0,0,0,I
12950,0,0,0,0,0,0,0,0,0,0,0,I
12951,0,0,0,0,0,0,0,0,0,0,0,I
12952,0,0,0,0,0,0,0,0,0,0,0,I
12953,0,0,0,0,0,0,0,0,0,0,0,I
12954,0,0,0,0,0,0,0,0,0,0,0,I
12955,0,0,0,0,0,0,0,0,0,0,0,I
12956,0,0,0,0,0,0,0,0,0,0,0,I
12957,0,0,0,0,0,0,0,0,0,0,0,I
12958,0,0,0,0,0,0,0,0,0,0,0,I
12959,0,0,0,0,0,0,0,0,0,0,0,I
12960,0,0,0,0,0,0,0,0,0,0,0,I
12961,0,0,0,0,0,0,0,0,0,0,0,I
12962,0,0,0,0,0,0,0,0,0,0,0,I
12963,0,0,0,0,0,0,0,0,0,0,0,I
12964,0,0,0,0,0,0,0,0,0,0,0,I
12965,0,0,0,0,0,0,0,0,0,0,0,I
12966,0,0,0,0,0,0,0,0,0,0,0,I
12967,0,0,0,0,0,0,0,0,0,0,0,I
12968,0,0,0,0,0,0,0,0,0,0,0,I
12969,0,0,0,0,0,0,0,0,0,0,0,I
12970,0,0,0,0,0,0,0,0,0,0,0,I
12971,0,0,0,0,0,0,0,0,0,0,0,I
12972,0,0,0,0,0,0,0,0,0,0,0,I
12973,0,0,0,0,0,0,0,0,0,0,0,I
12974,0,0,0,0,0,0,0,0,0,0,0,I
12975,0,0,0,0,0,0,0,0,0,0,0,I
12976,0,0,0,0,0,0,0,0,0,0,0,I
12977,0,0,0,0,0,0,0,0,0,0,0,I
12978,0,0,0,0,0,0,0,0,0,0,0,I
12979,0,0,0,0,0,0,0,0,0,0,0,I
12980,0,0,0,0,0,0,0,0,0,0,0,I
12981,0,0,0,0,0,0,0,0,0,0,0,I
12982,0,0,0,0,0,0,0,0,0,0,0,I
12983,0,0,0,0,0,0,0,0,0,0,0,I
12984,0,0,0,0,0,0,0,0,0,0,0,I
12985,0,0,0,0,0,0,0,0,0,0,0,I
12986,0,0,0,0,0,0,0,0,0,0,0,I
12987,0,0,0,0,0,0,0,0,0,0,0,I
12988,0,0,0,0,0,0,0,0,0,0,0,I
12989,0,0,0,0,0,0,0,0,0,0,0,I
12990,0,0,0,0,0,0,0,0,0,0,0,I
12991,0,0,0,0,0,0,0,0,0,0,0,I
12992,0,0,0,0,0,0,0,0,0,0,0,I
12993,0,0,0,0,0,0,0,0,0,0,0,I
12994,0,0,0,0,0,0,0,0,0,0,0,I
12995,0,0,0,0,0,0,0,0,0,0,0,I
12996,0,0,0,0,0,0,0,0,0,0,0,I
12997,0,0,0,0,0,0,0,0,0,0,0,I
12998,0,0,0,0,0,0,0,0,0,0,0,I
12999,0,0,0,0,0,0,0,0,0,0,0,I
13000,0,0,0,0,0,0,0,0,0,0,0,I
13001,0,0,0,0,0,0,0,0,0,0,0,I
13002,0,0,0,0,0,0,0,0,0,0,0,I
13003,0,0,0,0,0,0,0,0,0,0,0,I
13004,0,0,0,0,0,0,0,0,0,0,0,I
13005,0,0,0,0,0,0,0,0,0,0,0,I
13006,0,0,0,0,0,0,0,0,0,0,0,I
13007,0,0,0,0,0,0,0,0,0,0,0,I
13008,0,0,0,0,0,0,0,0,0,0,0,I
13009,0,0,0,0,0,0,0,0,0,0,0,I
13010,0,0,0,0,0,0,0,0,0,0,0,I
13011,0,0,0,0,0,0,0,0,0,0,0,I
13012,0,0,0,0,0,0,0,0,0,0,0,I
13013,0,0,0,0,0,0,0,0,0,0,0,I
13014,0,0,0,0,0,0,0,0,0,0,0,I
13015,0,0,0,0,0,0,0,0,0,0,0,I
13016,0,0,0,0,0,0,0,0,0,0,0,I
13017,0,0,0,0,0,0,0,0,0,0,0,I
13018,0,0,0,0,0,0,0,0,0,0,0,I
13019,0,0,0,0,0,0,0,0,0,0,0,I
13020,0,0,0,0,0,0,0,0,0,0,0,I
13021,0,0,0,0,0,0,0,0,0,0,0,I
13022,0,0,0,0,0,0,0,0,0,0,0,I
13023,0,0,0,0,0,0,0,0,0,0,0,I
13024,0,0,0,0,0,0,0,0,0,0,0,I
13025,0,0,0,0,0,0,0,0,0,0,0,I
13026,0,0,0,0,0,0,0,0,0,0,0,I
13027,0,0,0,0,0,0,0,0,0,0,0,I
13028,0,0,0,0,0,0,0,0,0,0,0,I
13029,0,0,0,0,0,0,0,0,0,0,0,I
13030,0,0,0,0,0,0,0,0,0,0,0,I
13031,0,0,0,0,0,0,0,0,0,0,0,I
13032,0,0,0,0,0,0,0,0,0,0,0,I
13033,0,0,0,0,0,0,0,0,0,0,0,I
13034,0,0,0,0,0,0,0,0,0,0,0,I
13035,0,0,0,0,0,0,0,0,0,0,0,I
13036,0,0,0,0,0,0,0,0,0,0,0,I
13037,0,0,0,0,0,0,0,0,0,0,0,I
13038,0,0,0,0,0,0,0,0,0,0,0,I
13039,0,0,0,0,0,0,0,0,0,0,0,I
13040,0,0,0,0,0,0,0,0,0,0,0,I
13041,0,0,0,0,0,0,0,0,0,0,0,I
13042,0,0,0,0,0,0,0,0,0,0,0,I
13043,0,0,0,0,0,0,0,0,0,0,0,I
13044,0,0,0,0,0,0,0,0,0,0,0,I
13045,0,0,0,0,0,0,0,0,0,0,0,I
13046,0,0,0,0,0,0,0,0,0,0,0,I
13047,0,0,0,0,0,0,0,0,0,0,0,I
13048,0,0,0,0,0,0,0,0,0,0,0,I
13049,0,0,0,0,0,0,0,0,0,0,0,I
13050,0,0,0,0,0,0,0,0,0,0,0,I
13051,0,0,0,0,0,0,0,0,0,0,0,I
13052,0,0,0,0,0,0,0,0,0,0,0,I
13053,0,0,0,0,0,0,0,0,0,0,0,I
13054,0,0,0,0,0,0,0,0,0,0,0,I
13055,0,0,0,0,0,0,0,0,0,0,0,I
13056,0,0,0,0,0,0,0,0,0,0,0,I
13057,0,0,0,0,0,0,0,0,0,0,0,I
13058,0,0,0,0,0,0,0,0,0,0,0,I
13059,0,0,0,0,0,0,0,0,0,0,0,I
13060,0,0,0,0,0,0,0,0,0,0,0,I
13061,0,0,0,0,0,0,0,0,0,0,0,I
13062,0,0,0,0,0,0,0,0,0,0,0,I
13063,0,0,0,0,0,0,0,0,0,0,0,I
13064,0,0,0,0,0,0,0,0,0,0,0,I
13065,0,0,0,0,0,0,0,0,0,0,0,I
13066,0,0,0,0,0,0,0,0,0,0,0,I
13067,0,0,0,0,0,0,0,0,0,0,0,I
13068,0,0,0,0,0,0,0,0,0,0,0,I
13069,0,0,0,0,0,0,0,0,0,0,0,I
13070,0,0,0,0,0,0,0,0,0,0,0,I
13071,0,0,0,0,0,0,0,0,0,0,0,I
13072,0,0,0,0,0,0,0,0,0,0,0,I
13073,0,0,0,0,0,0,0,0,0,0,0,I
13074,0,0,0,0,0,0,0,0,0,0,0,I
13075,0,0,0,0,0,0,0,0,0,0,0,I
13076,0,0,0,0,0,0,0,0,0,0,0,I
13077,0,0,0,0,0,0,0,0,0,0,0,I
13078,0,0,0,0,0,0,0,0,0,0,0,I
13079,0,0,0,0,0,0,0,0,0,0,0,I
13080,0,0,0,0,0,0,0,0,0,0,0,I
13081,0,0,0,0,0,0,0,0,0,0,0,I
13082,0,0,0,0,0,0,0,0,0,0,0,I
13083,0,0,0,0,0,0,0,0,0,0,0,I
13084,0,0,0,0,0,0,0,0,0,0,0,I
13085,0,0,0,0,0,0,0,0,0,0,0,I
13086,0,0,0,0,0,0,0,0,0,0,0,I
13087,0,0,0,0,0,0,0,0,0,0,0,I
13088,0,0,0,0,0,0,0,0,0,0,0,I
13089,0,0,0,0,0,0,0,0,0,0,0,I
13090,0,0,0,0,0,0,0,0,0,0,0,I
13091,0,0,0,0,0,0,0,0,0,0,0,I
13092,0,0,0,0,0,0,0,0,0,0,0,I
13093,0,0,0,0,0,0,0,0,0,0,0,I
13094,0,0,0,0,0,0,0,0,0,0,0,I
13095,0,0,0,0,0,0,0,0,0,0,0,I
13096,0,0,0,0,0,0,0,0,0,0,0,I
13097,0,0,0,0,0,0,0,0,0,0,0,I
13098,0,0,0,0,0,0,0,0,0,0,0,I
13099,0,0,0,0,0,0,0,0,0,0,0,I
13100,0,0,0,0,0,0,0,0,0,0,0,I
13101,0,0,0,0,0,0,0,0,0,0,0,I
13102,0,0,0,0,0,0,0,0,0,0,0,I
13103,0,0,0,0,0,0,0,0,0,0,0,I
13104,0,0,0,0,0,0,0,0,0,0,0,I
13105,0,0,0,0,0,0,0,0,0,0,0,I
13106,0,0,0,0,0,0,0,0,0,0,0,I
13107,0,0,0,0,0,0,0,0,0,0,0,I
13108,0,0,0,0,0,0,0,0,0,0,0,I
13109,0,0,0,0,0,0,0,0,0,0,0,I
13110,0,0,0,0,0,0,0,0,0,0,0,I
13111,0,0,0,0,0,0,0,0,0,0,0,I
13112,0,0,0,0,0,0,0,0,0,0,0,I
13113,0,0,0,0,0,0,0,0,0,0,0,I
13114,0,0,0,0,0,0,0,0,0,0,0,I
13115,0,0,0,0,0,0,0,0,0,0,0,I
13116,0,0,0,0,0,0,0,0,0,0,0,I
13117,0,0,0,0,0,0,0,0,0,0,0,I
13118,0,0,0,0,0,0,0,0,0,0,0,I
13119,0,0,0,0,0,0,0,0,0,0,0,I
13120,0,0,0,0,0,0,0,0,0,0,0,I
13121,0,0,0,0,0,0,0,0,0,0,0,I
13122,0,0,0,0,0,0,0,0,0,0,0,I
13123,0,0,0,0,0,0,0,0,0,0,0,I
13124,0,0,0,0,0,0,0,0,0,0,0,I
13125,0,0,0,0,0,0,0,0,0,0,0,I
13126,0,0,0,0,0,0,0,0,0,0,0,I
13127,0,0,0,0,0,0,0,0,0,0,0,I
13128,0,0,0,0,0,0,0,0,0,0,0,I
13129,0,0,0,0,0,0,0,0,0,0,0,I
13130,0,0,0,0,0,0,0,0,0,0,0,I
13131,0,0,0,0,0,0,0,0,0,0,0,I
13132,0,0,0,0,0,0,0,0,0,0,0,I
13133,0,0,0,0,0,0,0,0,0,0,0,I
13134,0,0,0,0,0,0,0,0,0,0,0,I
13135,0,0,0,0,0,0,0,0,0,0,0,I
13136,0,0,0,0,0,0,0,0,0,0,0,I
13137,0,0,0,0,0,0,0,0,0,0,0,I
13138,0,0,0,0,0,0,0,0,0,0,0,I
13139,0,0,0,0,0,0,0,0,0,0,0,I
13140,0,0,0,0,0,0,0,0,0,0,0,I
13141,0,0,0,0,0,0,0,0,0,0,0,I
13142,0,0,0,0,0,0,0,0,0,0,0,I
13143,0,0,0,0,0,0,0,0,0,0,0,I
13144,0,0,0,0,0,0,0,0,0,0,0,I
13145,0,0,0,0,0,0,0,0,0,0,0,I
13146,0,0,0,0,0,0,0,0,0,0,0,I
13147,0,0,0,0,0,0,0,0,0,0,0,I
13148,0,0,0,0,0,0,0,0,0,0,0,I
13149,0,0,0,0,0,0,0,0,0,0,0,I
13150,0,0,0,0,0,0,0,0,0,0,0,I
13151,0,0,0,0,0,0,0,0,0,0,0,I
13152,0,0,0,0,0,0,0,0,0,0,0,I
13153,0,0,0,0,0,0,0,0,0,0,0,I
13154,0,0,0,0,0,0,0,0,0,0,0,I
13155,0,0,0,0,0,0,0,0,0,0,0,I
13156,0,0,0,0,0,0,0,0,0,0,0,I
13157,0,0,0,0,0,0,0,0,0,0,0,I
13158,0,0,0,0,0,0,0,0,0,0,0,I
13159,0,0,0,0,0,0,0,0,0,0,0,I
13160,0,0,0,0,0,0,0,0,0,0,0,I
13161,0,0,0,0,0,0,0,0,0,0,0,I
13162,0,0,0,0,0,0,0,0,0,0,0,I
13163,0,0,0,0,0,0,0,0,0,0,0,I
13164,0,0,0,0,0,0,0,0,0,0,0,I
13165,0,0,0,0,0,0,0,0,0,0,0,I
13166,0,0,0,0,0,0,0,0,0,0,0,I
13167,0,0,0,0,0,0,0,0,0,0,0,I
13168,0,0,0,0,0,0,0,0,0,0,0,I
13169,0,0,0,0,0,0,0,0,0,0,0,I
13170,0,0,0,0,0,0,0,0,0,0,0,I
13171,0,0,0,0,0,0,0,0,0,0,0,I
13172,0,0,0,0,0,0,0,0,0,0,0,I
13173,0,0,0,0,0,0,0,0,0,0,0,I
13174,0,0,0,0,0,0,0,0,0,0,0,I
13175,0,0,0,0,0,0,0,0,0,0,0,I
13176,0,0,0,0,0,0,0,0,0,0,0,I
13177,0,0,0,0,0,0,0,0,0,0,0,I
13178,0,0,0,0,0,0,0,0,0,0,0,I
13179,0,0,0,0,0,0,0,0,0,0,0,I
13180,0,0,0,0,0,0,0,0,0,0,0,I
13181,0,0,0,0,0,0,0,0,0,0,0,I
13182,0,0,0,0,0,0,0,0,0,0,0,I
13183,0,0,0,0,0,0,0,0,0,0,0,I
13184,0,0,0,0,0,0,0,0,0,0,0,I
13185,0,0,0,0,0,0,0,0,0,0,0,I
13186,0,0,0,0,0,0,0,0,0,0,0,I
13187,0,0,0,0,0,0,0,0,0,0,0,I
13188,0,0,0,0,0,0,0,0,0,0,0,I
13189,0,0,0,0,0,0,0,0,0,0,0,I
13190,0,0,0,0,0,0,0,0,0,0,0,I
13191,0,0,0,0,0,0,0,0,0,0,0,I
13192,0,0,0,0,0,0,0,0,0,0,0,I
13193,0,0,0,0,0,0,0,0,0,0,0,I
13194,0,0,0,0,0,0,0,0,0,0,0,I
13195,0,0,0,0,0,0,0,0,0,0,0,I
13196,0,0,0,0,0,0,0,0,0,0,0,I
13197,0,0,0,0,0,0,0,0,0,0,0,I
13198,0,0,0,0,0,0,0,0,0,0,0,I
13199,0,0,0,0,0,0,0,0,0,0,0,I
13200,0,0,0,0,0,0,0,0,0,0,0,I
13201,0,0,0,0,0,0,0,0,0,0,0,I
13202,0,0,0,0,0,0,0,0,0,0,0,I
13203,0,0,0,0,0,0,0,0,0,0,0,I
13204,0,0,0,0,0,0,0,0,0,0,0,I
13205,0,0,0,0,0,0,0,0,0,0,0,I
13206,0,0,0,0,0,0,0,0,0,0,0,I
13207,0,0,0,0,0,0,0,0,0,0,0,I
13208,0,0,0,0,0,0,0,0,0,0,0,I
13209,0,0,0,0,0,0,0,0,0,0,0,I
13210,0,0,0,0,0,0,0,0,0,0,0,I
13211,0,0,0,0,0,0,0,0,0,0,0,I
13212,0,0,0,0,0,0,0,0,0,0,0,I
13213,0,0,0,0,0,0,0,0,0,0,0,I
13214,0,0,0,0,0,0,0,0,0,0,0,I
13215,0,0,0,0,0,0,0,0,0,0,0,I
13216,0,0,0,0,0,0,0,0,0,0,0,I
13217,0,0,0,0,0,0,0,0,0,0,0,I
13218,0,0,0,0,0,0,0,0,0,0,0,I
13219,0,0,0,0,0,0,0,0,0,0,0,I
13220,0,0,0,0,0,0,0,0,0,0,0,I
13221,0,0,0,0,0,0,0,0,0,0,0,I
13222,0,0,0,0,0,0,0,0,0,0,0,I
13223,0,0,0,0,0,0,0,0,0,0,0,I
13224,0,0,0,0,0,0,0,0,0,0,0,I
13225,0,0,0,0,0,0,0,0,0,0,0,I
13226,0,0,0,0,0,0,0,0,0,0,0,I
13227,0,0,0,0,0,0,0,0,0,0,0,I
13228,0,0,0,0,0,0,0,0,0,0,0,I
13229,0,0,0,0,0,0,0,0,0,0,0,I
13230,0,0,0,0,0,0,0,0,0,0,0,I
13231,0,0,0,0,0,0,0,0,0,0,0,I
13232,0,0,0,0,0,0,0,0,0,0,0,I
13233,0,0,0,0,0,0,0,0,0,0,0,I
13234,0,0,0,0,0,0,0,0,0,0,0,I
13235,0,0,0,0,0,0,0,0,0,0,0,I
13236,0,0,0,0,0,0,0,0,0,0,0,I
13237,0,0,0,0,0,0,0,0,0,0,0,I
13238,0,0,0,0,0,0,0,0,0,0,0,I
13239,0,0,0,0,0,0,0,0,0,0,0,I
13240,0,0,0,0,0,0,0,0,0,0,0,I
13241,0,0,0,0,0,0,0,0,0,0,0,I
13242,0,0,0,0,0,0,0,0,0,0,0,I
13243,0,0,0,0,0,0,0,0,0,0,0,I
13244,0,0,0,0,0,0,0,0,0,0,0,I
13245,0,0,0,0,0,0,0,0,0,0,0,I
13246,0,0,0,0,0,0,0,0,0,0,0,I
13247,0,0,0,0,0,0,0,0,0,0,0,I
13248,0,0,0,0,0,0,0,0,0,0,0,I
13249,0,0,0,0,0,0,0,0,0,0,0,I
13250,0,0,0,0,0,0,0,0,0,0,0,I
13251,0,0,0,0,0,0,0,0,0,0,0,I
13252,0,0,0,0,0,0,0,0,0,0,0,I
13253,0,0,0,0,0,0,0,0,0,0,0,I
13254,0,0,0,0,0,0,0,0,0,0,0,I
13255,0,0,0,0,0,0,0,0,0,0,0,I
13256,0,0,0,0,0,0,0,0,0,0,0,I
13257,0,0,0,0,0,0,0,0,0,0,0,I
13258,0,0,0,0,0,0,0,0,0,0,0,I
13259,0,0,0,0,0,0,0,0,0,0,0,I
13260,0,0,0,0,0,0,0,0,0,0,0,I
13261,0,0,0,0,0,0,0,0,0,0,0,I
13262,0,0,0,0,0,0,0,0,0,0,0,I
13263,0,0,0,0,0,0,0,0,0,0,0,I
13264,0,0,0,0,0,0,0,0,0,0,0,I
13265,0,0,0,0,0,0,0,0,0,0,0,I
13266,0,0,0,0,0,0,0,0,0,0,0,I
13267,0,0,0,0,0,0,0,0,0,0,0,I
13268,0,0,0,0,0,0,0,0,0,0,0,I
13269,0,0,0,0,0,0,0,0,0,0,0,I
13270,0,0,0,0,0,0,0,0,0,0,0,I
13271,0,0,0,0,0,0,0,0,0,0,0,I
13272,0,0,0,0,0,0,0,0,0,0,0,I
13273,0,0,0,0,0,0,0,0,0,0,0,I
13274,0,0,0,0,0,0,0,0,0,0,0,I
13275,0,0,0,0,0,0,0,0,0,0,0,I
13276,0,0,0,0,0,0,0,0,0,0,0,I
13277,0,0,0,0,0,0,0,0,0,0,0,I
13278,0,0,0,0,0,0,0,0,0,0,0,I
13279,0,0,0,0,0,0,0,0,0,0,0,I
13280,0,0,0,0,0,0,0,0,0,0,0,I
13281,0,0,0,0,0,0,0,0,0,0,0,I
13282,0,0,0,0,0,0,0,0,0,0,0,I
13283,0,0,0,0,0,0,0,0,0,0,0,I
13284,0,0,0,0,0,0,0,0,0,0,0,I
13285,0,0,0,0,0,0,0,0,0,0,0,I
13286,0,0,0,0,0,0,0,0,0,0,0,I
13287,0,0,0,0,0,0,0,0,0,0,0,I
13288,0,0,0,0,0,0,0,0,0,0,0,I
13289,0,0,0,0,0,0,0,0,0,0,0,I
13290,0,0,0,0,0,0,0,0,0,0,0,I
13291,0,0,0,0,0,0,0,0,0,0,0,I
13292,0,0,0,0,0,0,0,0,0,0,0,I
13293,0,0,0,0,0,0,0,0,0,0,0,I
13294,0,0,0,0,0,0,0,0,0,0,0,I
13295,0,0,0,0,0,0,0,0,0,0,0,I
13296,0,0,0,0,0,0,0,0,0,0,0,I
13297,0,0,0,0,0,0,0,0,0,0,0,I
13298,0,0,0,0,0,0,0,0,0,0,0,I
13299,0,0,0,0,0,0,0,0,0,0,0,I
13300,0,0,0,0,0,0,0,0,0,0,0,I
13301,0,0,0,0,0,0,0,0,0,0,0,I
13302,0,0,0,0,0,0,0,0,0,0,0,I
13303,0,0,0,0,0,0,0,0,0,0,0,I
13304,0,0,0,0,0,0,0,0,0,0,0,I
13305,0,0,0,0,0,0,0,0,0,0,0,I
13306,0,0,0,0,0,0,0,0,0,0,0,I
13307,0,0,0,0,0,0,0,0,0,0,0,I
13308,0,0,0,0,0,0,0,0,0,0,0,I
13309,0,0,0,0,0,0,0,0,0,0,0,I
13310,0,0,0,0,0,0,0,0,0,0,0,I
13311,0,0,0,0,0,0,0,0,0,0,0,I
13312,0,0,0,0,0,0,0,0,0,0,0,I
13313,0,0,0,0,0,0,0,0,0,0,0,I
13314,0,0,0,0,0,0,0,0,0,0,0,I
13315,0,0,0,0,0,0,0,0,0,0,0,I
13316,0,0,0,0,0,0,0,0,0,0,0,I
13317,0,0,0,0,0,0,0,0,0,0,0,I
13318,0,0,0,0,0,0,0,0,0,0,0,I
13319,0,0,0,0,0,0,0,0,0,0,0,I
13320,0,0,0,0,0,0,0,0,0,0,0,I
13321,0,0,0,0,0,0,0,0,0,0,0,I
13322,0,0,0,0,0,0,0,0,0,0,0,I
13323,0,0,0,0,0,0,0,0,0,0,0,I
13324,0,0,0,0,0,0,0,0,0,0,0,I
13325,0,0,0,0,0,0,0,0,0,0,0,I
13326,0,0,0,0,0,0,0,0,0,0,0,I
13327,0,0,0,0,0,0,0,0,0,0,0,I
13328,0,0,0,0,0,0,0,0,0,0,0,I
13329,0,0,0,0,0,0,0,0,0,0,0,I
13330,0,0,0,0,0,0,0,0,0,0,0,I
13331,0,0,0,0,0,0,0,0,0,0,0,I
13332,0,0,0,0,0,0,0,0,0,0,0,I
13333,0,0,0,0,0,0,0,0,0,0,0,I
13334,0,0,0,0,0,0,0,0,0,0,0,I
13335,0,0,0,0,0,0,0,0,0,0,0,I
13336,0,0,0,0,0,0,0,0,0,0,0,I
13337,0,0,0,0,0,0,0,0,0,0,0,I
13338,0,0,0,0,0,0,0,0,0,0,0,I
13339,0,0,0,0,0,0,0,0,0,0,0,I
13340,0,0,0,0,0,0,0,0,0,0,0,I
13341,0,0,0,0,0,0,0,0,0,0,0,I
13342,0,0,0,0,0,0,0,0,0,0,0,I
13343,0,0,0,0,0,0,0,0,0,0,0,I
13344,0,0,0,0,0,0,0,0,0,0,0,I
13345,0,0,0,0,0,0,0,0,0,0,0,I
13346,0,0,0,0,0,0,0,0,0,0,0,I
13347,0,0,0,0,0,0,0,0,0,0,0,I
13348,0,0,0,0,0,0,0,0,0,0,0,I
13349,0,0,0,0,0,0,0,0,0,0,0,I
13350,0,0,0,0,0,0,0,0,0,0,0,I
13351,0,0,0,0,0,0,0,0,0,0,0,I
13352,0,0,0,0,0,0,0,0,0,0,0,I
13353,0,0,0,0,0,0,0,0,0,0,0,I
13354,0,0,0,0,0,0,0,0,0,0,0,I
13355,0,0,0,0,0,0,0,0,0,0,0,I
13356,0,0,0,0,0,0,0,0,0,0,0,I
13357,0,0,0,0,0,0,0,0,0,0,0,I
13358,0,0,0,0,0,0,0,0,0,0,0,I
13359,0,0,0,0,0,0,0,0,0,0,0,I
13360,0,0,0,0,0,0,0,0,0,0,0,I
13361,0,0,0,0,0,0,0,0,0,0,0,I
13362,0,0,0,0,0,0,0,0,0,0,0,I
13363,0,0,0,0,0,0,0,0,0,0,0,I
13364,0,0,0,0,0,0,0,0,0,0,0,I
13365,0,0,0,0,0,0,0,0,0,0,0,I
13366,0,0,0,0,0,0,0,0,0,0,0,I
13367,0,0,0,0,0,0,0,0,0,0,0,I
13368,0,0,0,0,0,0,0,0,0,0,0,I
13369,0,0,0,0,0,0,0,0,0,0,0,I
13370,0,0,0,0,0,0,0,0,0,0,0,I
13371,0,0,0,0,0,0,0,0,0,0,0,I
13372,0,0,0,0,0,0,0,0,0,0,0,I
13373,0,0,0,0,0,0,0,0,0,0,0,I
13374,0,0,0,0,0,0,0,0,0,0,0,I
13375,0,0,0,0,0,0,0,0,0,0,0,I
13376,0,0,0,0,0,0,0,0,0,0,0,I
13377,0,0,0,0,0,0,0,0,0,0,0,I
13378,0,0,0,0,0,0,0,0,0,0,0,I
13379,0,0,0,0,0,0,0,0,0,0,0,I
13380,0,0,0,0,0,0,0,0,0,0,0,I
13381,0,0,0,0,0,0,0,0,0,0,0,I
13382,0,0,0,0,0,0,0,0,0,0,0,I
13383,0,0,0,0,0,0,0,0,0,0,0,I
13384,0,0,0,0,0,0,0,0,0,0,0,I
13385,0,0,0,0,0,0,0,0,0,0,0,I
13386,0,0,0,0,0,0,0,0,0,0,0,I
13387,0,0,0,0,0,0,0,0,0,0,0,I
13388,0,0,0,0,0,0,0,0,0,0,0,I
13389,0,0,0,0,0,0,0,0,0,0,0,I
13390,0,0,0,0,0,0,0,0,0,0,0,I
13391,0,0,0,0,0,0,0,0,0,0,0,I
13392,0,0,0,0,0,0,0,0,0,0,0,I
13393,0,0,0,0,0,0,0,0,0,0,0,I
13394,0,0,0,0,0,0,0,0,0,0,0,I
13395,0,0,0,0,0,0,0,0,0,0,0,I
13396,0,0,0,0,0,0,0,0,0,0,0,I
13397,0,0,0,0,0,0,0,0,0,0,0,I
13398,0,0,0,0,0,0,0,0,0,0,0,I
13399,0,0,0,0,0,0,0,0,0,0,0,I
13400,0,0,0,0,0,0,0,0,0,0,0,I
13401,0,0,0,0,0,0,0,0,0,0,0,I
13402,0,0,0,0,0,0,0,0,0,0,0,I
13403,0,0,0,0,0,0,0,0,0,0,0,I
13404,0,0,0,0,0,0,0,0,0,0,0,I
13405,0,0,0,0,0,0,0,0,0,0,0,I
13406,0,0,0,0,0,0,0,0,0,0,0,I
13407,0,0,0,0,0,0,0,0,0,0,0,I
13408,0,0,0,0,0,0,0,0,0,0,0,I
13409,0,0,0,0,0,0,0,0,0,0,0,I
13410,0,0,0,0,0,0,0,0,0,0,0,I
13411,0,0,0,0,0,0,0,0,0,0,0,I
13412,0,0,0,0,0,0,0,0,0,0,0,I
13413,0,0,0,0,0,0,0,0,0,0,0,I
13414,0,0,0,0,0,0,0,0,0,0,0,I
13415,0,0,0,0,0,0,0,0,0,0,0,I
13416,0,0,0,0,0,0,0,0,0,0,0,I
13417,0,0,0,0,0,0,0,0,0,0,0,I
13418,0,0,0,0,0,0,0,0,0,0,0,I
13419,0,0,0,0,0,0,0,0,0,0,0,I
13420,0,0,0,0,0,0,0,0,0,0,0,I
13421,0,0,0,0,0,0,0,0,0,0,0,I
13422,0,0,0,0,0,0,0,0,0,0,0,I
13423,0,0,0,0,0,0,0,0,0,0,0,I
13424,0,0,0,0,0,0,0,0,0,0,0,I
13425,0,0,0,0,0,0,0,0,0,0,0,I
13426,0,0,0,0,0,0,0,0,0,0,0,I
13427,0,0,0,0,0,0,0,0,0,0,0,I
13428,0,0,0,0,0,0,0,0,0,0,0,I
13429,0,0,0,0,0,0,0,0,0,0,0,I
13430,0,0,0,0,0,0,0,0,0,0,0,I
13431,0,0,0,0,0,0,0,0,0,0,0,I
13432,0,0,0,0,0,0,0,0,0,0,0,I
13433,0,0,0,0,0,0,0,0,0,0,0,I
13434,0,0,0,0,0,0,0,0,0,0,0,I
13435,0,0,0,0,0,0,0,0,0,0,0,I
13436,0,0,0,0,0,0,0,0,0,0,0,I
13437,0,0,0,0,0,0,0,0,0,0,0,I
13438,0,0,0,0,0,0,0,0,0,0,0,I
13439,0,0,0,0,0,0,0,0,0,0,0,I
13440,0,0,0,0,0,0,0,0,0,0,0,I
13441,0,0,0,0,0,0,0,0,0,0,0,I
13442,0,0,0,0,0,0,0,0,0,0,0,I
13443,0,0,0,0,0,0,0,0,0,0,0,I
13444,0,0,0,0,0,0,0,0,0,0,0,I
13445,0,0,0,0,0,0,0,0,0,0,0,I
13446,0,0,0,0,0,0,0,0,0,0,0,I
13447,0,0,0,0,0,0,0,0,0,0,0,I
13448,0,0,0,0,0,0,0,0,0,0,0,I
13449,0,0,0,0,0,0,0,0,0,0,0,I
13450,0,0,0,0,0,0,0,0,0,0,0,I
13451,0,0,0,0,0,0,0,0,0,0,0,I
13452,0,0,0,0,0,0,0,0,0,0,0,I
13453,0,0,0,0,0,0,0,0,0,0,0,I
13454,0,0,0,0,0,0,0,0,0,0,0,I
13455,0,0,0,0,0,0,0,0,0,0,0,I
13456,0,0,0,0,0,0,0,0,0,0,0,I
13457,0,0,0,0,0,0,0,0,0,0,0,I
13458,0,0,0,0,0,0,0,0,0,0,0,I
13459,0,0,0,0,0,0,0,0,0,0,0,I
13460,0,0,0,0,0,0,0,0,0,0,0,I
13461,0,0,0,0,0,0,0,0,0,0,0,I
13462,0,0,0,0,0,0,0,0,0,0,0,I
13463,0,0,0,0,0,0,0,0,0,0,0,I
13464,0,0,0,0,0,0,0,0,0,0,0,I
13465,0,0,0,0,0,0,0,0,0,0,0,I
13466,0,0,0,0,0,0,0,0,0,0,0,I
13467,0,0,0,0,0,0,0,0,0,0,0,I
13468,0,0,0,0,0,0,0,0,0,0,0,I
13469,0,0,0,0,0,0,0,0,0,0,0,I
13470,0,0,0,0,0,0,0,0,0,0,0,I
13471,0,0,0,0,0,0,0,0,0,0,0,I
13472,0,0,0,0,0,0,0,0,0,0,0,I
13473,0,0,0,0,0,0,0,0,0,0,0,I
13474,0,0,0,0,0,0,0,0,0,0,0,I
13475,0,0,0,0,0,0,0,0,0,0,0,I
13476,0,0,0,0,0,0,0,0,0,0,0,I
13477,0,0,0,0,0,0,0,0,0,0,0,I
13478,0,0,0,0,0,0,0,0,0,0,0,I
13479,0,0,0,0,0,0,0,0,0,0,0,I
13480,0,0,0,0,0,0,0,0,0,0,0,I
13481,0,0,0,0,0,0,0,0,0,0,0,I
13482,0,0,0,0,0,0,0,0,0,0,0,I
13483,0,0,0,0,0,0,0,0,0,0,0,I
13484,0,0,0,0,0,0,0,0,0,0,0,I
13485,0,0,0,0,0,0,0,0,0,0,0,I
13486,0,0,0,0,0,0,0,0,0,0,0,I
13487,0,0,0,0,0,0,0,0,0,0,0,I
13488,0,0,0,0,0,0,0,0,0,0,0,I
13489,0,0,0,0,0,0,0,0,0,0,0,I
13490,0,0,0,0,0,0,0,0,0,0,0,I
13491,0,0,0,0,0,0,0,0,0,0,0,I
13492,0,0,0,0,0,0,0,0,0,0,0,I
13493,0,0,0,0,0,0,0,0,0,0,0,I
13494,0,0,0,0,0,0,0,0,0,0,0,I
13495,0,0,0,0,0,0,0,0,0,0,0,I
13496,0,0,0,0,0,0,0,0,0,0,0,I
13497,0,0,0,0,0,0,0,0,0,0,0,I
13498,0,0,0,0,0,0,0,0,0,0,0,I
13499,0,0,0,0,0,0,0,0,0,0,0,I
13500,0,0,0,0,0,0,0,0,0,0,0,I
13501,0,0,0,0,0,0,0,0,0,0,0,I
13502,0,0,0,0,0,0,0,0,0,0,0,I
13503,0,0,0,0,0,0,0,0,0,0,0,I
13504,0,0,0,0,0,0,0,0,0,0,0,I
13505,0,0,0,0,0,0,0,0,0,0,0,I
13506,0,0,0,0,0,0,0,0,0,0,0,I
13507,0,0,0,0,0,0,0,0,0,0,0,I
13508,0,0,0,0,0,0,0,0,0,0,0,I
13509,0,0,0,0,0,0,0,0,0,0,0,I
13510,0,0,0,0,0,0,0,0,0,0,0,I
13511,0,0,0,0,0,0,0,0,0,0,0,I
13512,0,0,0,0,0,0,0,0,0,0,0,I
13513,0,0,0,0,0,0,0,0,0,0,0,I
13514,0,0,0,0,0,0,0,0,0,0,0,I
13515,0,0,0,0,0,0,0,0,0,0,0,I
13516,0,0,0,0,0,0,0,0,0,0,0,I
13517,0,0,0,0,0,0,0,0,0,0,0,I
13518,0,0,0,0,0,0,0,0,0,0,0,I
13519,0,0,0,0,0,0,0,0,0,0,0,I
13520,0,0,0,0,0,0,0,0,0,0,0,I
13521,0,0,0,0,0,0,0,0,0,0,0,I
13522,0,0,0,0,0,0,0,0,0,0,0,I
13523,0,0,0,0,0,0,0,0,0,0,0,I
13524,0,0,0,0,0,0,0,0,0,0,0,I
13525,0,0,0,0,0,0,0,0,0,0,0,I
13526,0,0,0,0,0,0,0,0,0,0,0,I
13527,0,0,0,0,0,0,0,0,0,0,0,I
13528,0,0,0,0,0,0,0,0,0,0,0,I
13529,0,0,0,0,0,0,0,0,0,0,0,I
13530,0,0,0,0,0,0,0,0,0,0,0,I
13531,0,0,0,0,0,0,0,0,0,0,0,I
13532,0,0,0,0,0,0,0,0,0,0,0,I
13533,0,0,0,0,0,0,0,0,0,0,0,I
13534,0,0,0,0,0,0,0,0,0,0,0,I
13535,0,0,0,0,0,0,0,0,0,0,0,I
13536,0,0,0,0,0,0,0,0,0,0,0,I
13537,0,0,0,0,0,0,0,0,0,0,0,I
13538,0,0,0,0,0,0,0,0,0,0,0,I
13539,0,0,0,0,0,0,0,0,0,0,0,I
13540,0,0,0,0,0,0,0,0,0,0,0,I
13541,0,0,0,0,0,0,0,0,0,0,0,I
13542,0,0,0,0,0,0,0,0,0,0,0,I
13543,0,0,0,0,0,0,0,0,0,0,0,I
13544,0,0,0,0,0,0,0,0,0,0,0,I
13545,0,0,0,0,0,0,0,0,0,0,0,I
13546,0,0,0,0,0,0,0,0,0,0,0,I
13547,0,0,0,0,0,0,0,0,0,0,0,I
13548,0,0,0,0,0,0,0,0,0,0,0,I
13549,0,0,0,0,0,0,0,0,0,0,0,I
13550,0,0,0,0,0,0,0,0,0,0,0,I
13551,0,0,0,0,0,0,0,0,0,0,0,I
13552,0,0,0,0,0,0,0,0,0,0,0,I
13553,0,0,0,0,0,0,0,0,0,0,0,I
13554,0,0,0,0,0,0,0,0,0,0,0,I
13555,0,0,0,0,0,0,0,0,0,0,0,I
13556,0,0,0,0,0,0,0,0,0,0,0,I
13557,0,0,0,0,0,0,0,0,0,0,0,I
13558,0,0,0,0,0,0,0,0,0,0,0,I
13559,0,0,0,0,0,0,0,0,0,0,0,I
13560,0,0,0,0,0,0,0,0,0,0,0,I
13561,0,0,0,0,0,0,0,0,0,0,0,I
13562,0,0,0,0,0,0,0,0,0,0,0,I
13563,0,0,0,0,0,0,0,0,0,0,0,I
13564,0,0,0,0,0,0,0,0,0,0,0,I
13565,0,0,0,0,0,0,0,0,0,0,0,I
13566,0,0,0,0,0,0,0,0,0,0,0,I
13567,0,0,0,0,0,0,0,0,0,0,0,I
13568,0,0,0,0,0,0,0,0,0,0,0,I
13569,0,0,0,0,0,0,0,0,0,0,0,I
13570,0,0,0,0,0,0,0,0,0,0,0,I
13571,0,0,0,0,0,0,0,0,0,0,0,I
13572,0,0,0,0,0,0,0,0,0,0,0,I
13573,0,0,0,0,0,0,0,0,0,0,0,I
13574,0,0,0,0,0,0,0,0,0,0,0,I
13575,0,0,0,0,0,0,0,0,0,0,0,I
13576,0,0,0,0,0,0,0,0,0,0,0,I
13577,0,0,0,0,0,0,0,0,0,0,0,I
13578,0,0,0,0,0,0,0,0,0,0,0,I
13579,0,0,0,0,0,0,0,0,0,0,0,I
13580,0,0,0,0,0,0,0,0,0,0,0,I
13581,0,0,0,0,0,0,0,0,0,0,0,I
13582,0,0,0,0,0,0,0,0,0,0,0,I
13583,0,0,0,0,0,0,0,0,0,0,0,I
13584,0,0,0,0,0,0,0,0,0,0,0,I
13585,0,0,0,0,0,0,0,0,0,0,0,I
13586,0,0,0,0,0,0,0,0,0,0,0,I
13587,0,0,0,0,0,0,0,0,0,0,0,I
13588,0,0,0,0,0,0,0,0,0,0,0,I
13589,0,0,0,0,0,0,0,0,0,0,0,I
13590,0,0,0,0,0,0,0,0,0,0,0,I
13591,0,0,0,0,0,0,0,0,0,0,0,I
13592,0,0,0,0,0,0,0,0,0,0,0,I
13593,0,0,0,0,0,0,0,0,0,0,0,I
13594,0,0,0,0,0,0,0,0,0,0,0,I
13595,0,0,0,0,0,0,0,0,0,0,0,I
13596,0,0,0,0,0,0,0,0,0,0,0,I
13597,0,0,0,0,0,0,0,0,0,0,0,I
13598,0,0,0,0,0,0,0,0,0,0,0,I
13599,0,0,0,0,0,0,0,0,0,0,0,I
13600,0,0,0,0,0,0,0,0,0,0,0,I
13601,0,0,0,0,0,0,0,0,0,0,0,I
13602,0,0,0,0,0,0,0,0,0,0,0,I
13603,0,0,0,0,0,0,0,0,0,0,0,I
13604,0,0,0,0,0,0,0,0,0,0,0,I
13605,0,0,0,0,0,0,0,0,0,0,0,I
13606,0,0,0,0,0,0,0,0,0,0,0,I
13607,0,0,0,0,0,0,0,0,0,0,0,I
13608,0,0,0,0,0,0,0,0,0,0,0,I
13609,0,0,0,0,0,0,0,0,0,0,0,I
13610,0,0,0,0,0,0,0,0,0,0,0,I
13611,0,0,0,0,0,0,0,0,0,0,0,I
13612,0,0,0,0,0,0,0,0,0,0,0,I
13613,0,0,0,0,0,0,0,0,0,0,0,I
13614,0,0,0,0,0,0,0,0,0,0,0,I
13615,0,0,0,0,0,0,0,0,0,0,0,I
13616,0,0,0,0,0,0,0,0,0,0,0,I
13617,0,0,0,0,0,0,0,0,0,0,0,I
13618,0,0,0,0,0,0,0,0,0,0,0,I
13619,0,0,0,0,0,0,0,0,0,0,0,I
13620,0,0,0,0,0,0,0,0,0,0,0,I
13621,0,0,0,0,0,0,0,0,0,0,0,I
13622,0,0,0,0,0,0,0,0,0,0,0,I
13623,0,0,0,0,0,0,0,0,0,0,0,I
13624,0,0,0,0,0,0,0,0,0,0,0,I
13625,0,0,0,0,0,0,0,0,0,0,0,I
13626,0,0,0,0,0,0,0,0,0,0,0,I
13627,0,0,0,0,0,0,0,0,0,0,0,I
13628,0,0,0,0,0,0,0,0,0,0,0,I
13629,0,0,0,0,0,0,0,0,0,0,0,I
13630,0,0,0,0,0,0,0,0,0,0,0,I
13631,0,0,0,0,0,0,0,0,0,0,0,I
13632,0,0,0,0,0,0,0,0,0,0,0,I
13633,0,0,0,0,0,0,0,0,0,0,0,I
13634,0,0,0,0,0,0,0,0,0,0,0,I
13635,0,0,0,0,0,0,0,0,0,0,0,I
13636,0,0,0,0,0,0,0,0,0,0,0,I
13637,0,0,0,0,0,0,0,0,0,0,0,I
13638,0,0,0,0,0,0,0,0,0,0,0,I
13639,0,0,0,0,0,0,0,0,0,0,0,I
13640,0,0,0,0,0,0,0,0,0,0,0,I
13641,0,0,0,0,0,0,0,0,0,0,0,I
13642,0,0,0,0,0,0,0,0,0,0,0,I
13643,0,0,0,0,0,0,0,0,0,0,0,I
13644,0,0,0,0,0,0,0,0,0,0,0,I
13645,0,0,0,0,0,0,0,0,0,0,0,I
13646,0,0,0,0,0,0,0,0,0,0,0,I
13647,0,0,0,0,0,0,0,0,0,0,0,I
13648,0,0,0,0,0,0,0,0,0,0,0,I
13649,0,0,0,0,0,0,0,0,0,0,0,I
13650,0,0,0,0,0,0,0,0,0,0,0,I
13651,0,0,0,0,0,0,0,0,0,0,0,I
13652,0,0,0,0,0,0,0,0,0,0,0,I
13653,0,0,0,0,0,0,0,0,0,0,0,I
13654,0,0,0,0,0,0,0,0,0,0,0,I
13655,0,0,0,0,0,0,0,0,0,0,0,I
13656,0,0,0,0,0,0,0,0,0,0,0,I
13657,0,0,0,0,0,0,0,0,0,0,0,I
13658,0,0,0,0,0,0,0,0,0,0,0,I
13659,0,0,0,0,0,0,0,0,0,0,0,I
13660,0,0,0,0,0,0,0,0,0,0,0,I
13661,0,0,0,0,0,0,0,0,0,0,0,I
13662,0,0,0,0,0,0,0,0,0,0,0,I
13663,0,0,0,0,0,0,0,0,0,0,0,I
13664,0,0,0,0,0,0,0,0,0,0,0,I
13665,0,0,0,0,0,0,0,0,0,0,0,I
13666,0,0,0,0,0,0,0,0,0,0,0,I
13667,0,0,0,0,0,0,0,0,0,0,0,I
13668,0,0,0,0,0,0,0,0,0,0,0,I
13669,0,0,0,0,0,0,0,0,0,0,0,I
13670,0,0,0,0,0,0,0,0,0,0,0,I
13671,0,0,0,0,0,0,0,0,0,0,0,I
13672,0,0,0,0,0,0,0,0,0,0,0,I
13673,0,0,0,0,0,0,0,0,0,0,0,I
13674,0,0,0,0,0,0,0,0,0,0,0,I
13675,0,0,0,0,0,0,0,0,0,0,0,I
13676,0,0,0,0,0,0,0,0,0,0,0,I
13677,0,0,0,0,0,0,0,0,0,0,0,I
13678,0,0,0,0,0,0,0,0,0,0,0,I
13679,0,0,0,0,0,0,0,0,0,0,0,I
13680,0,0,0,0,0,0,0,0,0,0,0,I
13681,0,0,0,0,0,0,0,0,0,0,0,I
13682,0,0,0,0,0,0,0,0,0,0,0,I
13683,0,0,0,0,0,0,0,0,0,0,0,I
13684,0,0,0,0,0,0,0,0,0,0,0,I
13685,0,0,0,0,0,0,0,0,0,0,0,I
13686,0,0,0,0,0,0,0,0,0,0,0,I
13687,0,0,0,0,0,0,0,0,0,0,0,I
13688,0,0,0,0,0,0,0,0,0,0,0,I
13689,0,0,0,0,0,0,0,0,0,0,0,I
13690,0,0,0,0,0,0,0,0,0,0,0,I
13691,0,0,0,0,0,0,0,0,0,0,0,I
13692,0,0,0,0,0,0,0,0,0,0,0,I
13693,0,0,0,0,0,0,0,0,0,0,0,I
13694,0,0,0,0,0,0,0,0,0,0,0,I
13695,0,0,0,0,0,0,0,0,0,0,0,I
13696,0,0,0,0,0,0,0,0,0,0,0,I
13697,0,0,0,0,0,0,0,0,0,0,0,I
13698,0,0,0,0,0,0,0,0,0,0,0,I
13699,0,0,0,0,0,0,0,0,0,0,0,I
13700,0,0,0,0,0,0,0,0,0,0,0,I
13701,0,0,0,0,0,0,0,0,0,0,0,I
13702,0,0,0,0,0,0,0,0,0,0,0,I
13703,0,0,0,0,0,0,0,0,0,0,0,I
13704,0,0,0,0,0,0,0,0,0,0,0,I
13705,0,0,0,0,0,0,0,0,0,0,0,I
13706,0,0,0,0,0,0,0,0,0,0,0,I
13707,0,0,0,0,0,0,0,0,0,0,0,I
13708,0,0,0,0,0,0,0,0,0,0,0,I
13709,0,0,0,0,0,0,0,0,0,0,0,I
13710,0,0,0,0,0,0,0,0,0,0,0,I
13711,0,0,0,0,0,0,0,0,0,0,0,I
13712,0,0,0,0,0,0,0,0,0,0,0,I
13713,0,0,0,0,0,0,0,0,0,0,0,I
13714,0,0,0,0,0,0,0,0,0,0,0,I
13715,0,0,0,0,0,0,0,0,0,0,0,I
13716,0,0,0,0,0,0,0,0,0,0,0,I
13717,0,0,0,0,0,0,0,0,0,0,0,I
13718,0,0,0,0,0,0,0,0,0,0,0,I
13719,0,0,0,0,0,0,0,0,0,0,0,I
13720,0,0,0,0,0,0,0,0,0,0,0,I
13721,0,0,0,0,0,0,0,0,0,0,0,I
13722,0,0,0,0,0,0,0,0,0,0,0,I
13723,0,0,0,0,0,0,0,0,0,0,0,I
13724,0,0,0,0,0,0,0,0,0,0,0,I
13725,0,0,0,0,0,0,0,0,0,0,0,I
13726,0,0,0,0,0,0,0,0,0,0,0,I
13727,0,0,0,0,0,0,0,0,0,0,0,I
13728,0,0,0,0,0,0,0,0,0,0,0,I
13729,0,0,0,0,0,0,0,0,0,0,0,I
13730,0,0,0,0,0,0,0,0,0,0,0,I
13731,0,0,0,0,0,0,0,0,0,0,0,I
13732,0,0,0,0,0,0,0,0,0,0,0,I
13733,0,0,0,0,0,0,0,0,0,0,0,I
13734,0,0,0,0,0,0,0,0,0,0,0,I
13735,0,0,0,0,0,0,0,0,0,0,0,I
13736,0,0,0,0,0,0,0,0,0,0,0,I
13737,0,0,0,0,0,0,0,0,0,0,0,I
13738,0,0,0,0,0,0,0,0,0,0,0,I
13739,0,0,0,0,0,0,0,0,0,0,0,I
13740,0,0,0,0,0,0,0,0,0,0,0,I
13741,0,0,0,0,0,0,0,0,0,0,0,I
13742,0,0,0,0,0,0,0,0,0,0,0,I
13743,0,0,0,0,0,0,0,0,0,0,0,I
13744,0,0,0,0,0,0,0,0,0,0,0,I
13745,0,0,0,0,0,0,0,0,0,0,0,I
13746,0,0,0,0,0,0,0,0,0,0,0,I
13747,0,0,0,0,0,0,0,0,0,0,0,I
13748,0,0,0,0,0,0,0,0,0,0,0,I
13749,0,0,0,0,0,0,0,0,0,0,0,I
13750,0,0,0,0,0,0,0,0,0,0,0,I
13751,0,0,0,0,0,0,0,0,0,0,0,I
13752,0,0,0,0,0,0,0,0,0,0,0,I
13753,0,0,0,0,0,0,0,0,0,0,0,I
13754,0,0,0,0,0,0,0,0,0,0,0,I
13755,0,0,0,0,0,0,0,0,0,0,0,I
13756,0,0,0,0,0,0,0,0,0,0,0,I
13757,0,0,0,0,0,0,0,0,0,0,0,I
13758,0,0,0,0,0,0,0,0,0,0,0,I
13759,0,0,0,0,0,0,0,0,0,0,0,I
13760,0,0,0,0,0,0,0,0,0,0,0,I
13761,0,0,0,0,0,0,0,0,0,0,0,I
13762,0,0,0,0,0,0,0,0,0,0,0,I
13763,0,0,0,0,0,0,0,0,0,0,0,I
13764,0,0,0,0,0,0,0,0,0,0,0,I
13765,0,0,0,0,0,0,0,0,0,0,0,I
13766,0,0,0,0,0,0,0,0,0,0,0,I
13767,0,0,0,0,0,0,0,0,0,0,0,I
13768,0,0,0,0,0,0,0,0,0,0,0,I
13769,0,0,0,0,0,0,0,0,0,0,0,I
13770,0,0,0,0,0,0,0,0,0,0,0,I
13771,0,0,0,0,0,0,0,0,0,0,0,I
13772,0,0,0,0,0,0,0,0,0,0,0,I
13773,0,0,0,0,0,0,0,0,0,0,0,I
13774,0,0,0,0,0,0,0,0,0,0,0,I
13775,0,0,0,0,0,0,0,0,0,0,0,I
13776,0,0,0,0,0,0,0,0,0,0,0,I
13777,0,0,0,0,0,0,0,0,0,0,0,I
13778,0,0,0,0,0,0,0,0,0,0,0,I
13779,0,0,0,0,0,0,0,0,0,0,0,I
13780,0,0,0,0,0,0,0,0,0,0,0,I
13781,0,0,0,0,0,0,0,0,0,0,0,I
13782,0,0,0,0,0,0,0,0,0,0,0,I
13783,0,0,0,0,0,0,0,0,0,0,0,I
13784,0,0,0,0,0,0,0,0,0,0,0,I
13785,0,0,0,0,0,0,0,0,0,0,0,I
13786,0,0,0,0,0,0,0,0,0,0,0,I
13787,0,0,0,0,0,0,0,0,0,0,0,I
13788,0,0,0,0,0,0,0,0,0,0,0,I
13789,0,0,0,0,0,0,0,0,0,0,0,I
13790,0,0,0,0,0,0,0,0,0,0,0,I
13791,0,0,0,0,0,0,0,0,0,0,0,I
13792,0,0,0,0,0,0,0,0,0,0,0,I
13793,0,0,0,0,0,0,0,0,0,0,0,I
13794,0,0,0,0,0,0,0,0,0,0,0,I
13795,0,0,0,0,0,0,0,0,0,0,0,I
13796,0,0,0,0,0,0,0,0,0,0,0,I
13797,0,0,0,0,0,0,0,0,0,0,0,I
13798,0,0,0,0,0,0,0,0,0,0,0,I
13799,0,0,0,0,0,0,0,0,0,0,0,I
13800,0,0,0,0,0,0,0,0,0,0,0,I
13801,0,0,0,0,0,0,0,0,0,0,0,I
13802,0,0,0,0,0,0,0,0,0,0,0,I
13803,0,0,0,0,0,0,0,0,0,0,0,I
13804,0,0,0,0,0,0,0,0,0,0,0,I
13805,0,0,0,0,0,0,0,0,0,0,0,I
13806,0,0,0,0,0,0,0,0,0,0,0,I
13807,0,0,0,0,0,0,0,0,0,0,0,I
13808,0,0,0,0,0,0,0,0,0,0,0,I
13809,0,0,0,0,0,0,0,0,0,0,0,I
13810,0,0,0,0,0,0,0,0,0,0,0,I
13811,0,0,0,0,0,0,0,0,0,0,0,I
13812,0,0,0,0,0,0,0,0,0,0,0,I
13813,0,0,0,0,0,0,0,0,0,0,0,I
13814,0,0,0,0,0,0,0,0,0,0,0,I
13815,0,0,0,0,0,0,0,0,0,0,0,I
13816,0,0,0,0,0,0,0,0,0,0,0,I
13817,0,0,0,0,0,0,0,0,0,0,0,I
13818,0,0,0,0,0,0,0,0,0,0,0,I
13819,0,0,0,0,0,0,0,0,0,0,0,I
13820,0,0,0,0,0,0,0,0,0,0,0,I
13821,0,0,0,0,0,0,0,0,0,0,0,I
13822,0,0,0,0,0,0,0,0,0,0,0,I
13823,0,0,0,0,0,0,0,0,0,0,0,I
13824,0,0,0,0,0,0,0,0,0,0,0,I
13825,0,0,0,0,0,0,0,0,0,0,0,I
13826,0,0,0,0,0,0,0,0,0,0,0,I
13827,0,0,0,0,0,0,0,0,0,0,0,I
13828,0,0,0,0,0,0,0,0,0,0,0,I
13829,0,0,0,0,0,0,0,0,0,0,0,I
13830,0,0,0,0,0,0,0,0,0,0,0,I
13831,0,0,0,0,0,0,0,0,0,0,0,I
13832,0,0,0,0,0,0,0,0,0,0,0,I
13833,0,0,0,0,0,0,0,0,0,0,0,I
13834,0,0,0,0,0,0,0,0,0,0,0,I
13835,0,0,0,0,0,0,0,0,0,0,0,I
13836,0,0,0,0,0,0,0,0,0,0,0,I
13837,0,0,0,0,0,0,0,0,0,0,0,I
13838,0,0,0,0,0,0,0,0,0,0,0,I
13839,0,0,0,0,0,0,0,0,0,0,0,I
13840,0,0,0,0,0,0,0,0,0,0,0,I
13841,0,0,0,0,0,0,0,0,0,0,0,I
13842,0,0,0,0,0,0,0,0,0,0,0,I
13843,0,0,0,0,0,0,0,0,0,0,0,I
13844,0,0,0,0,0,0,0,0,0,0,0,I
13845,0,0,0,0,0,0,0,0,0,0,0,I
13846,0,0,0,0,0,0,0,0,0,0,0,I
13847,0,0,0,0,0,0,0,0,0,0,0,I
13848,0,0,0,0,0,0,0,0,0,0,0,I
13849,0,0,0,0,0,0,0,0,0,0,0,I
13850,0,0,0,0,0,0,0,0,0,0,0,I
13851,0,0,0,0,0,0,0,0,0,0,0,I
13852,0,0,0,0,0,0,0,0,0,0,0,I
13853,0,0,0,0,0,0,0,0,0,0,0,I
13854,0,0,0,0,0,0,0,0,0,0,0,I
13855,0,0,0,0,0,0,0,0,0,0,0,I
13856,0,0,0,0,0,0,0,0,0,0,0,I
13857,0,0,0,0,0,0,0,0,0,0,0,I
13858,0,0,0,0,0,0,0,0,0,0,0,I
13859,0,0,0,0,0,0,0,0,0,0,0,I
13860,0,0,0,0,0,0,0,0,0,0,0,I
13861,0,0,0,0,0,0,0,0,0,0,0,I
13862,0,0,0,0,0,0,0,0,0,0,0,I
13863,0,0,0,0,0,0,0,0,0,0,0,I
13864,0,0,0,0,0,0,0,0,0,0,0,I
13865,0,0,0,0,0,0,0,0,0,0,0,I
13866,0,0,0,0,0,0,0,0,0,0,0,I
13867,0,0,0,0,0,0,0,0,0,0,0,I
13868,0,0,0,0,0,0,0,0,0,0,0,I
13869,0,0,0,0,0,0,0,0,0,0,0,I
13870,0,0,0,0,0,0,0,0,0,0,0,I
13871,0,0,0,0,0,0,0,0,0,0,0,I
13872,0,0,0,0,0,0,0,0,0,0,0,I
13873,0,0,0,0,0,0,0,0,0,0,0,I
13874,0,0,0,0,0,0,0,0,0,0,0,I
13875,0,0,0,0,0,0,0,0,0,0,0,I
13876,0,0,0,0,0,0,0,0,0,0,0,I
13877,0,0,0,0,0,0,0,0,0,0,0,I
13878,0,0,0,0,0,0,0,0,0,0,0,I
13879,0,0,0,0,0,0,0,0,0,0,0,I
13880,0,0,0,0,0,0,0,0,0,0,0,I
13881,0,0,0,0,0,0,0,0,0,0,0,I
13882,0,0,0,0,0,0,0,0,0,0,0,I
13883,0,0,0,0,0,0,0,0,0,0,0,I
13884,0,0,0,0,0,0,0,0,0,0,0,I
13885,0,0,0,0,0,0,0,0,0,0,0,I
13886,0,0,0,0,0,0,0,0,0,0,0,I
13887,0,0,0,0,0,0,0,0,0,0,0,I
13888,0,0,0,0,0,0,0,0,0,0,0,I
13889,0,0,0,0,0,0,0,0,0,0,0,I
13890,0,0,0,0,0,0,0,0,0,0,0,I
13891,0,0,0,0,0,0,0,0,0,0,0,I
13892,0,0,0,0,0,0,0,0,0,0,0,I
13893,0,0,0,0,0,0,0,0,0,0,0,I
13894,0,0,0,0,0,0,0,0,0,0,0,I
13895,0,0,0,0,0,0,0,0,0,0,0,I
13896,0,0,0,0,0,0,0,0,0,0,0,I
13897,0,0,0,0,0,0,0,0,0,0,0,I
13898,0,0,0,0,0,0,0,0,0,0,0,I
13899,0,0,0,0,0,0,0,0,0,0,0,I
13900,0,0,0,0,0,0,0,0,0,0,0,I
13901,0,0,0,0,0,0,0,0,0,0,0,I
13902,0,0,0,0,0,0,0,0,0,0,0,I
13903,0,0,0,0,0,0,0,0,0,0,0,I
13904,0,0,0,0,0,0,0,0,0,0,0,I
13905,0,0,0,0,0,0,0,0,0,0,0,I
13906,0,0,0,0,0,0,0,0,0,0,0,I
13907,0,0,0,0,0,0,0,0,0,0,0,I
13908,0,0,0,0,0,0,0,0,0,0,0,I
13909,0,0,0,0,0,0,0,0,0,0,0,I
13910,0,0,0,0,0,0,0,0,0,0,0,I
13911,0,0,0,0,0,0,0,0,0,0,0,I
13912,0,0,0,0,0,0,0,0,0,0,0,I
13913,0,0,0,0,0,0,0,0,0,0,0,I
13914,0,0,0,0,0,0,0,0,0,0,0,I
13915,0,0,0,0,0,0,0,0,0,0,0,I
13916,0,0,0,0,0,0,0,0,0,0,0,I
13917,0,0,0,0,0,0,0,0,0,0,0,I
13918,0,0,0,0,0,0,0,0,0,0,0,I
13919,0,0,0,0,0,0,0,0,0,0,0,I
13920,0,0,0,0,0,0,0,0,0,0,0,I
13921,0,0,0,0,0,0,0,0,0,0,0,C
13922,0,0,0,0,0,0,0,0,0,0,0,C
13923,0,0,0,0,0,0,0,0,0,0,0,C
13924,0,0,0,0,0,0,0,0,0,0,0,C
13925,0,0,0,0,0,0,0,0,0,0,0,C
13926,0,0,0,0,0,0,0,0,0,0,0,C
13927,0,0,0,1,0,0,0,0,0,0,0,C
13928,0,0,0,1,0,0,0,0,0,0,0,C
13929,0,0,0,1,0,0,0,0,0,0,0,C
13930,0,0,0,1,0,0,0,0,0,0,0,C
13931,0,0,0,1,0,0,0,0,0,0,0,C
13932,0,0,0,1,0,0,0,0,0,0,0,C
13933,0,0,0,1,0,0,0,0,0,0,0,C
13934,0,0,0,1,0,0,0,0,0,0,0,C
13935,0,0,0,1,0,0,0,0,0,0,0,C
13936,0,0,0,1,0,0,0,0,0,0,0,C
13937,0,0,0,1,0,0,0,0,0,0,0,C
13938,0,0,0,1,0,0,0,0,0,0,0,C
13939,0,0,0,1,0,0,0,0,0,0,0,C
13940,0,0,0,1,0,0,0,0,0,0,0,C
13941,0,0,0,1,0,0,0,0,0,0,0,C
13942,0,0,0,1,0,0,0,0,0,0,0,C
13943,0,0,0,1,0,0,0,0,0,0,0,C
13944,0,0,0,1,0,0,0,0,0,0,0,C
13945,0,0,0,1,0,0,0,0,0,0,0,C
13946,0,0,0,1,0,0,0,0,0,0,0,C
13947,0,0,0,1,0,0,0,0,0,0,0,C
13948,0,0,0,1,0,0,0,0,0,0,0,C
13949,0,0,0,1,0,0,0,0,0,0,0,C
13950,0,0,0,1,0,0,0,0,0,0,0,C
13951,0,0,0,1,1,0,0,0,0,0,0,C
13952,0,0,0,1,1,0,0,0,0,0,0,C
13953,0,0,0,1,1,0,0,0,0,0,0,C
13954,0,0,0,1,1,0,0,0,0,0,0,C
13955,0,0,0,1,1,0,0,0,0,0,0,C
13956,0,0,0,1,1,0,0,0,0,0,0,C
13957,0,0,0,1,1,0,0,0,0,0,0,C
13958,0,0,0,1,1,0,0,0,0,0,0,C
13959,0,0,0,1,1,0,0,0,0,0,0,C
13960,0,0,0,1,1,0,0,0,0,0,0,C
13961,0,0,0,1,1,0,0,0,0,0,0,C
13962,0,0,0,1,1,0,0,0,0,0,0,C
13963,0,0,0,1,1,0,0,0,0,0,0,C
13964,0,0,0,1,1,0,0,0,0,0,0,C
13965,0,0,0,1,1,0,0,0,0,0,0,C
13966,0,0,0,1,1,0,0,0,0,0,0,C
13967,0,0,0,1,1,0,0,0,0,0,0,C
13968,0,0,0,1,1,0,0,0,0,0,0,C
13969,0,0,0,1,1,0,0,0,0,0,0,C
13970,0,0,0,1,1,0,0,0,0,0,0,C
13971,0,0,0,1,1,0,0,0,0,0,0,C
13972,0,0,0,1,1,0,0,0,0,0,0,C
13973,0,0,0,1,1,0,0,0,0,0,0,C
13974,0,0,0,1,1,0,0,0,0,0,0,C
13975,0,0,0,1,1,0,0,0,0,0,0,C
13976,0,0,0,1,1,0,0,0,0,0,0,C
13977,0,0,0,1,1,0,0,0,0,0,0,C
13978,0,0,0,1,1,0,0,0,0,0,0,C
13979,0,0,0,1,1,0,0,0,0,0,0,C
13980,0,0,0,1,1,0,0,0,0,0,0,C
13981,0,0,0,1,1,0,0,0,0,0,0,C
13982,0,0,0,1,1,0,0,0,0,0,0,C
13983,0,0,0,1,1,0,0,0,0,0,0,C
13984,0,0,0,1,1,0,0,0,0,0,0,C
13985,0,0,0,1,1,0,0,0,0,0,0,C
13986,0,0,0,1,1,0,0,0,0,0,0,C
13987,0,0,0,1,1,0,0,0,0,0,0,C
13988,0,0,0,1,1,0,0,0,0,0,0,C
13989,0,0,0,1,1,0,0,0,0,0,0,C
13990,0,0,0,1,1,0,0,0,0,0,0,C
13991,0,0,0,1,1,0,0,0,0,0,0,C
13992,0,0,0,1,1,0,0,0,0,0,0,C
13993,0,0,0,1,1,0,0,0,0,0,0,C
13994,0,0,0,1,1,0,0,0,0,0,0,C
13995,0,0,0,1,1,0,0,0,0,0,0,C
13996,0,0,0,1,1,0,0,0,0,0,0,C
13997,0,0,0,1,1,0,0,0,0,0,0,C
13998,0,0,0,1,1,0,0,0,0,0,0,C
13999,0,0,0,1,1,0,0,0,0,0,0,C
14000,0,0,0,1,1,0,0,0,0,0,0,C
14001,0,0,0,1,1,0,0,0,0,0,0,C
14002,0,0,0,1,1,0,0,0,0,0,0,C
14003,0,0,0,1,1,0,0,0,0,0,0,C
14004,0,0,0,1,1,0,0,0,0,0,0,C
14005,0,0,0,1,1,0,0,0,0,0,0,C
14006,0,0,0,1,1,0,0,0,0,0,0,C
14007,0,0,0,1,1,0,0,0,0,0,0,C
14008,0,0,0,1,1,0,0,0,0,0,0,C
14009,0,0,0,1,1,0,0,0,0,0,0,C
14010,0,0,0,1,1,0,0,0,0,0,0,C
14011,0,0,0,1,1,0,0,0,0,0,0,C
14012,0,0,0,1,1,0,0,0,0,0,0,C
14013,0,0,0,1,1,0,0,0,0,0,0,C
14014,0,0,0,1,1,0,0,0,0,0,0,C
14015,0,0,0,1,1,0,0,0,0,0,0,C
14016,0,0,0,1,1,0,0,0,0,0,0,C
14017,0,0,0,1,1,0,0,0,0,0,0,C
14018,0,0,0,1,1,0,0,0,0,0,0,C
14019,0,0,0,1,1,0,0,0,0,0,0,C
14020,0,0,0,1,1,0,0,0,0,0,0,C
14021,0,0,0,1,1,0,0,0,0,0,0,C
14022,0,0,0,1,1,0,0,0,0,0,0,C
14023,0,0,0,1,1,0,0,0,0,0,0,C
14024,0,0,0,1,1,0,0,0,0,0,0,C
14025,0,0,0,1,1,0,0,0,0,0,0,C
14026,0,0,0,1,1,0,0,0,0,0,0,C
14027,0,0,0,1,1,0,0,0,0,0,0,C
14028,0,0,0,1,1,0,0,0,0,0,0,C
14029,0,0,0,1,1,0,0,0,0,0,0,C
14030,0,0,0,1,1,0,0,0,0,0,0,C
14031,0,0,0,1,1,0,0,0,0,0,0,C
14032,0,0,0,1,1,0,0,0,0,0,0,C
14033,0,0,0,1,1,0,0,0,0,0,0,C
14034,0,0,0,1,1,0,0,0,0,0,0,C
14035,0,0,0,1,1,0,0,0,0,0,0,C
14036,0,0,0,1,1,0,0,0,0,0,0,C
14037,0,0,0,1,1,0,0,0,0,0,0,C
14038,0,0,0,1,1,0,0,0,0,0,0,C
14039,0,0,0,1,1,0,0,0,0,0,0,C
14040,0,0,0,1,1,0,0,0,0,0,0,C
14041,0,0,0,1,1,0,0,0,0,0,0,C
14042,0,0,0,1,1,0,0,0,0,0,0,C
14043,0,0,0,1,1,0,0,0,0,0,0,C
14044,0,0,0,1,1,0,0,0,0,0,0,C
14045,0,0,0,1,1,0,0,0,0,0,0,C
14046,0,0,0,1,1,0,0,0,0,0,0,C
14047,0,0,0,1,1,0,0,0,0,0,0,C
14048,0,0,0,1,1,0,0,0,0,0,0,C
14049,0,0,0,1,1,0,0,0,0,0,0,C
14050,0,0,0,1,1,0,0,0,0,0,0,C
14051,0,0,0,1,1,0,0,0,0,0,0,C
14052,0,0,0,1,1,0,0,0,0,0,0,C
14053,0,0,0,1,1,0,0,0,0,0,0,C
14054,0,0,0,1,1,0,0,0,0,0,0,C
14055,0,0,0,1,1,0,0,0,0,0,0,C
14056,0,0,0,1,1,0,0,0,0,0,0,C
14057,0,0,0,1,1,0,0,0,0,0,0,C
14058,0,0,0,1,1,0,0,0,0,0,0,C
14059,0,0,0,1,1,0,0,0,0,0,0,C
14060,0,0,0,1,1,0,0,0,0,0,0,C
14061,0,0,0,1,1,0,0,0,0,0,0,C
14062,0,0,0,1,1,0,0,0,0,0,0,C
14063,0,0,0,1,1,0,0,0,0,0,0,C
14064,0,0,0,1,1,0,0,0,0,0,0,C
14065,0,0,0,1,1,0,0,0,0,0,0,C
14066,0,0,0,1,1,0,0,0,0,0,0,C
14067,0,0,0,1,1,0,0,0,0,0,0,C
14068,0,0,0,1,1,0,0,0,0,0,0,C
14069,0,0,0,1,1,0,0,0,0,0,0,C
14070,0,0,0,1,1,0,0,0,0,0,0,C
14071,0,0,0,1,1,0,0,0,0,0,0,C
14072,0,0,0,1,1,0,0,0,0,0,0,C
14073,0,0,0,1,1,0,0,0,0,0,0,C
14074,0,0,0,1,1,0,0,0,0,0,0,C
14075,0,0,0,1,1,0,0,0,0,0,0,C
14076,0,0,0,1,1,0,0,0,0,0,0,C
14077,0,0,0,1,1,0,0,0,0,0,0,C
14078,0,0,0,1,1,0,0,0,0,0,0,C
14079,0,0,0,1,1,0,0,0,0,0,0,C
14080,0,0,0,1,1,0,0,0,0,0,0,C
14081,0,0,0,1,1,0,0,0,0,0,0,C
14082,0,0,0,1,1,0,0,0,0,0,0,C
14083,0,0,0,1,1,0,0,0,0,0,0,C
14084,0,0,0,1,1,0,0,0,0,0,0,C
14085,0,0,0,1,1,0,0,0,0,0,0,C
14086,0,0,0,1,1,0,0,0,0,0,0,C
14087,0,0,0,1,1,0,0,0,0,0,0,C
14088,0,0,0,1,1,0,0,0,0,0,0,C
14089,0,0,0,1,1,0,0,0,0,0,0,C
14090,0,0,0,1,1,0,0,0,0,0,0,C
14091,0,0,0,1,1,0,0,0,0,0,0,C
14092,0,0,0,1,1,0,0,0,0,0,0,C
14093,0,0,0,1,1,0,0,0,0,0,0,C
14094,0,0,0,1,1,0,0,0,0,0,0,C
14095,0,0,0,1,1,0,0,0,0,0,0,C
14096,0,0,0,1,1,0,0,0,0,0,0,C
14097,0,0,0,1,1,0,0,0,0,0,0,C
14098,0,0,0,1,1,0,0,0,0,0,0,C
14099,0,0,0,1,1,0,0,0,0,0,0,C
14100,0,0,0,1,1,0,0,0,0,0,0,C
14101,0,0,0,1,1,0,0,0,0,0,0,C
14102,0,0,0,1,1,0,0,0,0,0,0,C
14103,0,0,0,1,1,0,0,0,0,0,0,C
14104,0,0,0,1,1,0,0,0,0,0,0,C
14105,0,0,0,1,1,0,0,0,0,0,0,C
14106,0,0,0,1,1,0,0,0,0,0,0,C
14107,0,0,0,1,1,0,0,0,0,0,0,C
14108,0,0,0,1,1,0,0,0,0,0,0,C
14109,0,0,0,1,1,0,0,0,0,0,0,C
14110,0,0,0,1,1,0,0,0,0,0,0,C
14111,0,0,0,1,1,0,0,0,0,0,0,C
14112,0,0,0,1,1,0,0,0,0,0,0,C
14113,0,0,0,1,1,0,0,0,0,0,0,C
14114,0,0,0,1,1,0,0,0,0,0,0,C
14115,0,0,0,1,1,0,0,0,0,0,0,C
14116,0,0,0,1,1,0,0,0,0,0,0,C
14117,0,0,0,1,1,0,0,0,0,0,0,C
14118,0,0,0,1,1,0,0,0,0,0,0,C
14119,0,0,0,1,1,0,0,0,0,0,0,C
14120,0,0,0,1,1,0,0,0,0,0,0,C
14121,0,0,0,1,1,0,0,0,0,0,0,C
14122,0,0,0,1,1,0,0,0,0,0,0,C
14123,0,0,0,1,1,0,0,0,0,0,0,C
14124,0,0,0,1,1,0,0,0,0,0,0,C
14125,0,0,0,1,1,0,0,0,0,0,0,C
14126,0,0,0,1,1,0,0,0,0,0,0,C
14127,0,0,0,1,1,0,0,0,0,0,0,C
14128,0,0,0,1,1,0,0,0,0,0,0,C
14129,0,0,0,1,1,0,0,0,0,0,0,C
14130,0,0,0,1,1,0,0,0,0,0,0,C
14131,0,0,0,1,1,0,0,0,0,0,0,C
14132,0,0,0,1,1,0,0,0,0,0,0,C
14133,0,0,0,1,1,0,0,0,0,0,0,C
14134,0,0,0,1,1,0,0,0,0,0,0,C
14135,0,0,0,1,1,0,0,0,0,0,0,C
14136,0,0,0,1,1,0,0,0,0,0,0,C
14137,0,0,0,1,1,0,0,0,0,0,0,C
14138,0,0,0,1,1,0,0,0,0,0,0,C
14139,0,0,0,1,1,0,0,0,0,0,0,C
14140,0,0,0,1,1,0,0,0,0,0,0,C
14141,0,0,0,1,1,0,0,0,0,0,0,C
14142,0,0,0,1,1,0,0,0,0,0,0,C
14143,0,0,0,1,1,0,0,0,0,0,0,C
14144,0,0,0,1,1,0,0,0,0,0,0,C
14145,0,0,0,1,1,0,0,0,0,0,0,C
14146,0,0,0,1,1,0,0,0,0,0,0,C
14147,0,0,0,1,1,0,0,0,0,0,0,C
14148,0,0,0,1,1,0,0,0,0,0,0,C
14149,0,0,0,1,1,0,0,0,0,0,0,C
14150,0,0,0,1,1,0,0,0,0,0,0,C
14151,0,0,0,1,1,0,0,0,0,0,0,C
14152,0,0,0,1,1,0,0,0,0,0,0,C
14153,0,0,0,1,1,0,0,0,0,0,0,C
14154,0,0,0,1,1,0,0,0,0,0,0,C
14155,0,0,0,1,1,0,0,0,0,0,0,C
14156,0,0,0,1,1,0,0,0,0,0,0,C
14157,0,0,0,1,1,0,0,0,0,0,0,C
14158,0,0,0,1,1,0,0,0,0,0,0,C
14159,0,0,0,1,1,0,0,0,0,0,0,C
14160,0,0,0,1,1,0,0,0,0,0,0,C
14161,0,0,0,1,1,0,0,0,0,0,0,C
14162,0,0,0,1,1,0,0,0,0,0,0,C
14163,0,0,0,1,1,0,0,0,0,0,0,C
14164,0,0,0,1,1,0,0,0,0,0,0,C
14165,0,0,0,1,1,0,0,0,0,0,0,C
14166,0,0,0,1,1,0,0,0,0,0,0,C
14167,0,0,0,1,1,0,0,0,0,0,0,C
14168,0,0,0,1,1,0,0,0,0,0,0,C
14169,0,0,0,1,1,0,0,0,0,0,0,C
14170,0,0,0,1,1,0,0,0,0,0,0,C
14171,0,0,0,1,1,0,0,0,0,0,0,C
14172,0,0,0,1,1,0,0,0,0,0,0,C
14173,0,0,0,1,1,0,0,0,0,0,0,C
14174,0,0,0,1,1,0,0,0,0,0,0,C
14175,0,0,0,1,1,0,0,0,0,0,0,C
14176,0,0,0,1,1,0,0,0,0,0,0,C
14177,0,0,0,1,1,0,0,0,0,0,0,C
14178,0,0,0,1,1,0,0,0,0,0,0,C
14179,0,0,0,1,1,0,0,0,0,0,0,C
14180,0,0,0,1,1,0,0,0,0,0,0,C
14181,0,0,0,1,1,0,0,0,0,0,0,C
14182,0,0,0,1,1,0,0,0,0,0,0,C
14183,0,0,0,1,1,0,0,0,0,0,0,C
14184,0,0,0,1,1,0,0,0,0,0,0,C
14185,0,0,0,1,1,0,0,0,0,0,0,C
14186,0,0,0,1,1,0,0,0,0,0,0,C
14187,0,0,0,1,1,0,0,0,0,0,0,C
14188,0,0,0,1,1,0,0,0,0,0,0,C
14189,0,0,0,1,1,0,0,0,0,0,0,C
14190,0,0,0,1,1,0,0,0,0,0,0,C
14191,0,0,0,1,1,0,0,0,0,0,0,C
14192,0,0,0,1,1,0,0,0,0,0,0,C
14193,0,0,0,1,1,0,0,0,0,0,0,C
14194,0,0,0,1,1,0,0,0,0,0,0,C
14195,0,0,0,1,1,0,0,0,0,0,0,C
14196,0,0,0,1,1,0,0,0,0,0,0,C
14197,0,0,0,1,1,0,0,0,0,0,0,C
14198,0,0,0,1,1,0,0,0,0,0,0,C
14199,0,0,0,1,1,0,0,0,0,0,0,C
14200,0,0,0,1,1,0,0,0,0,0,0,C
14201,0,0,0,1,1,0,0,0,0,0,0,C
14202,0,0,0,1,1,0,0,0,0,0,0,C
14203,0,0,0,1,1,0,0,0,0,0,0,C
14204,0,0,0,1,1,0,0,0,0,0,0,C
14205,0,0,0,1,1,0,0,0,0,0,0,C
14206,0,0,0,1,1,0,0,0,0,0,0,C
14207,0,0,0,1,1,0,0,0,0,0,0,C
14208,0,0,0,1,1,0,0,0,0,0,0,C
14209,0,0,0,1,1,0,0,0,0,0,0,C
14210,0,0,0,1,1,0,0,0,0,0,0,C
14211,0,0,0,1,1,0,0,0,0,0,0,C
14212,0,0,0,1,1,0,0,0,0,0,0,C
14213,0,0,0,1,1,0,0,0,0,0,0,C
14214,0,0,0,1,1,0,0,0,0,0,0,C
14215,0,0,0,1,1,0,0,0,0,0,0,C
14216,0,0,0,1,1,0,0,0,0,0,0,C
14217,0,0,0,1,1,0,0,0,0,0,0,C
14218,0,0,0,1,1,0,0,0,0,0,0,C
14219,0,0,0,1,1,0,0,0,0,0,0,C
14220,0,0,0,1,1,0,0,0,0,0,0,C
14221,0,0,0,1,1,0,0,0,0,0,0,C
14222,0,0,0,1,1,0,0,0,0,0,0,C
14223,0,0,0,1,1,0,0,0,0,0,0,C
14224,0,0,0,1,1,0,0,0,0,0,0,C
14225,0,0,0,1,1,0,0,0,0,0,0,C
14226,0,0,0,1,1,0,0,0,0,0,0,C
14227,0,0,0,1,1,0,0,0,0,0,0,C
14228,0,0,0,1,1,0,0,0,0,0,0,C
14229,0,0,0,1,1,0,0,0,0,0,0,C
14230,0,0,0,1,1,0,0,0,0,0,0,C
14231,0,0,0,1,1,0,0,0,0,0,0,C
14232,0,0,0,1,1,0,0,0,0,0,0,C
14233,0,0,0,1,1,0,0,0,0,0,0,C
14234,0,0,0,1,1,0,0,0,0,0,0,C
14235,0,0,0,1,1,0,0,0,0,0,0,C
14236,0,0,0,1,1,0,0,0,0,0,0,C
14237,0,0,0,1,1,0,0,0,0,0,0,C
14238,0,0,0,1,1,0,0,0,0,0,0,C
14239,0,0,0,1,1,0,0,0,0,0,0,C
14240,0,0,0,1,1,0,0,0,0,0,0,C
14241,0,0,0,1,1,0,0,0,0,0,0,C
14242,0,0,0,1,1,0,0,0,0,0,0,C
14243,0,0,0,1,1,0,0,0,0,0,0,C
14244,0,0,0,1,1,0,0,0,0,0,0,C
14245,0,0,0,1,1,0,0,0,0,0,0,C
14246,0,0,0,1,1,0,0,0,0,0,0,C
14247,0,0,0,1,1,0,0,0,0,0,0,C
14248,0,0,0,1,1,0,0,0,0,0,0,C
14249,0,0,0,1,1,0,0,0,0,0,0,C
14250,0,0,0,1,1,0,0,0,0,0,0,C
14251,0,0,0,1,1,0,0,0,0,0,0,C
14252,0,0,0,1,1,0,0,0,0,0,0,C
14253,0,0,0,1,1,0,0,0,0,0,0,C
14254,0,0,0,1,1,0,0,0,0,0,0,C
14255,0,0,0,1,1,0,0,0,0,0,0,C
14256,0,0,0,1,1,0,0,0,0,0,0,C
14257,0,0,0,1,1,0,0,0,0,0,0,C
14258,0,0,0,1,1,0,0,0,0,0,0,C
14259,0,0,0,1,1,0,0,0,0,0,0,C
14260,0,0,0,1,1,0,0,0,0,0,0,C
14261,0,0,0,1,1,0,0,0,0,0,0,C
14262,0,0,0,1,1,0,0,0,0,0,0,C
14263,0,0,0,1,1,0,0,0,0,0,0,C
14264,0,0,0,1,1,0,0,0,0,0,0,C
14265,0,0,0,1,1,0,0,0,0,0,0,C
14266,0,0,0,1,1,0,0,0,0,0,0,C
14267,0,0,0,1,1,0,0,0,0,0,0,C
14268,0,0,0,1,1,0,0,0,0,0,0,C
14269,0,0,0,1,1,0,0,0,0,0,0,C
14270,0,0,0,1,1,0,0,0,0,0,0,C
14271,0,0,0,1,1,0,0,0,0,0,0,C
14272,0,0,0,1,1,0,0,0,0,0,0,C
14273,0,0,0,1,1,0,0,0,0,0,0,C
14274,0,0,0,1,1,0,0,0,0,0,0,C
14275,0,0,0,1,1,0,0,0,0,0,0,C
14276,0,0,0,1,1,0,0,0,0,0,0,C
14277,0,0,0,1,1,0,0,0,0,0,0,C
14278,0,0,0,1,1,0,0,0,0,0,0,C
14279,0,0,0,1,1,0,0,0,0,0,0,C
14280,0,0,0,1,1,0,0,0,0,0,0,C
14281,0,0,0,1,1,0,0,0,0,0,0,C
14282,0,0,0,1,1,0,0,0,0,0,0,C
14283,0,0,0,1,1,0,0,0,0,0,0,C
14284,0,0,0,1,1,0,0,0,0,0,0,C
14285,0,0,0,1,1,0,0,0,0,0,0,C
14286,0,0,0,1,1,0,0,0,0,0,0,C
14287,0,0,0,1,1,0,0,0,0,0,0,C
14288,0,0,0,1,1,0,0,0,0,0,0,C
14289,0,0,0,1,1,0,0,0,0,0,0,C
14290,0,0,0,1,1,0,0,0,0,0,0,C
14291,0,0,0,1,1,0,0,0,0,0,0,C
14292,0,0,0,1,1,0,0,0,0,0,0,C
14293,0,0,0,1,1,0,0,0,0,0,0,C
14294,0,0,0,1,1,0,0,0,0,0,0,C
14295,0,0,0,1,1,0,0,0,0,0,0,B
14296,0,0,0,1,1,0,0,0,0,0,0,B
14297,0,0,0,1,1,0,0,0,0,0,0,C
14298,0,0,0,1,1,0,0,0,0,0,0,C
14299,0,0,0,1,1,0,0,0,0,0,0,C
14300,0,0,0,1,1,0,0,0,0,0,0,C
14301,0,0,0,1,1,0,0,0,0,0,0,C
14302,0,0,0,1,1,0,0,0,0,0,0,C
14303,0,0,0,1,1,0,0,0,0,0,0,C
14304,0,0,0,1,1,0,0,0,0,0,0,C
14305,0,0,0,1,1,0,0,0,0,0,0,C
14306,0,0,0,1,1,0,0,0,0,0,0,C
14307,0,0,0,1,1,0,0,0,0,0,0,C
14308,0,0,0,1,1,0,0,0,0,0,0,C
14309,0,0,0,1,1,0,0,0,0,0,0,C
14310,0,0,0,1,1,0,0,0,0,0,0,C
14311,0,0,0,1,1,0,0,0,0,0,0,C
14312,0,0,0,1,1,0,0,0,0,0,0,C
14313,0,0,0,1,1,0,0,0,0,0,0,C
14314,0,0,0,1,1,0,0,0,0,0,0,C
14315,0,0,0,1,1,0,0,0,0,0,0,C
14316,0,0,0,1,1,0,0,0,0,0,0,C
14317,0,0,0,1,1,0,0,0,0,0,0,C
14318,0,0,0,1,1,0,0,0,0,0,0,C
14319,0,0,0,1,1,0,0,0,0,0,0,C
14320,0,0,0,1,1,0,0,0,0,0,0,C
14321,0,0,0,1,1,0,0,0,0,0,0,C
14322,0,0,0,1,1,0,0,0,0,0,0,C
14323,0,0,0,1,1,0,0,0,0,0,0,C
14324,0,0,0,1,1,0,0,0,0,0,0,C
14325,0,0,0,1,1,0,0,0,0,0,0,C
14326,0,0,0,1,1,0,0,0,0,0,0,C
14327,0,0,0,1,1,0,0,0,0,0,0,C
14328,0,0,0,1,1,0,0,0,0,0,0,C
14329,0,0,0,1,1,0,0,0,0,0,0,C
14330,0,0,0,1,1,0,0,0,0,0,0,C
14331,0,0,0,1,1,0,0,0,0,0,0,C
14332,0,0,0,1,1,0,0,0,0,0,0,C
14333,0,0,0,1,1,0,0,0,0,0,0,C
14334,0,0,0,1,1,0,0,0,0,0,0,C
14335,0,0,0,1,1,0,0,0,0,0,0,C
14336,0,0,0,1,1,0,0,0,0,0,0,C
14337,0,0,0,0,1,0,0,0,0,0,0,C
14338,0,0,0,0,1,0,0,0,0,0,0,C
14339,0,0,0,0,1,0,0,0,0,0,0,C
14340,0,0,0,0,1,0,0,0,0,0,0,C
14341,0,0,0,0,1,0,0,0,0,0,0,C
14342,0,0,0,0,1,0,0,0,0,0,0,C
14343,0,0,0,0,1,0,0,0,0,0,0,C
14344,0,0,0,0,1,0,0,0,0,0,0,C
14345,0,0,0,0,1,0,0,0,0,0,0,C
14346,0,0,0,0,1,0,0,0,0,0,0,C
14347,0,0,0,0,1,0,0,0,0,0,0,C
14348,0,0,0,0,1,0,0,0,0,0,0,C
14349,0,0,0,0,1,0,0,0,0,0,0,C
14350,0,0,0,0,1,0,0,0,0,0,0,C
14351,0,0,0,0,1,0,0,0,0,0,0,C
14352,0,0,0,0,1,0,0,0,0,0,0,C
14353,0,0,0,0,1,0,0,0,0,0,0,C
14354,0,0,0,0,1,0,0,0,0,0,0,C
14355,0,0,0,0,1,0,0,0,0,0,0,C
14356,0,0,0,0,1,0,0,0,0,0,0,C
14357,0,0,0,0,1,0,0,0,0,0,0,C
14358,0,0,0,0,1,0,0,0,0,0,0,C
14359,0,0,0,0,1,0,0,0,0,0,0,C
14360,0,0,0,0,1,0,0,0,0,0,0,C
14361,0,0,0,0,1,0,0,0,0,0,0,C
14362,0,0,0,0,1,0,0,0,0,0,0,C
14363,0,0,0,0,1,0,0,0,0,0,0,C
14364,0,0,0,0,1,0,0,0,0,0,0,C
14365,0,0,0,0,1,0,0,0,0,0,0,C
14366,0,0,0,0,1,0,0,0,0,0,0,C
14367,0,0,0,0,1,0,0,0,0,0,0,C
14368,0,0,0,0,1,0,0,0,0,0,0,C
14369,0,0,0,0,1,0,0,0,0,0,0,C
14370,0,0,0,0,1,0,0,0,0,0,0,C
14371,0,0,0,0,1,0,0,0,0,0,0,C
14372,0,0,0,0,1,0,0,0,0,0,0,B
14373,0,0,0,0,1,0,0,0,0,0,0,B
14374,0,0,0,0,1,0,0,0,0,0,0,C
14375,0,0,0,0,1,0,0,0,0,0,0,C
14376,0,0,0,0,1,0,0,0,0,0,0,C
14377,0,0,0,0,1,0,0,0,0,0,0,C
14378,0,0,0,0,1,0,0,0,0,0,0,I
14379,0,0,0,0,1,0,0,0,0,0,0,I
14380,0,0,0,0,0,0,0,0,0,0,0,I
14381,0,0,0,0,0,0,0,0,0,0,0,I
14382,0,0,0,0,0,0,0,0,0,0,0,I
14383,0,0,0,0,0,0,0,0,0,0,0,I
14384,0,0,0,0,0,0,0,0,0,0,0,I
14385,0,0,0,0,0,0,0,0,0,0,0,I
14386,0,0,0,0,0,0,0,0,0,0,0,I
14387,0,0,0,0,0,0,0,0,0,0,0,I
14388,0,0,0,0,0,0,0,0,0,0,0,I
14389,0,0,0,0,0,0,0,0,0,0,0,I
14390,0,0,0,0,0,0,0,0,0,0,0,I
14391,0,0,0,0,0,0,0,0,0,0,0,I
14392,0,0,0,0,0,0,0,0,0,0,0,I
14393,0,0,0,0,0,0,0,0,0,0,0,I
14394,0,0,0,0,0,0,0,0,0,0,0,I
14395,0,0,0,0,0,0,0,0,0,0,0,I
14396,0,0,0,0,0,0,0,0,0,0,0,I
14397,0,0,0,0,0,0,0,0,0,0,0,I
14398,0,0,0,0,0,0,0,0,0,0,0,I
14399,0,0,0,0,0,0,0,0,0,0,0,I
14400,0,0,0,0,0,0,0,0,0,0,0,I
14401,0,0,0,0,0,0,0,0,0,0,0,I
14402,0,0,0,0,0,0,0,0,0,0,0,I
14403,0,0,0,0,0,0,0,0,0,0,0,I
14404,0,0,0,0,0,0,0,0,0,0,0,I
14405,0,0,0,0,0,0,0,0,0,0,0,I
14406,0,0,0,0,0,0,0,0,0,0,0,I
14407,0,0,0,0,0,0,0,0,0,0,0,I
14408,0,0,0,0,0,0,0,0,0,0,0,D
14409,0,0,0,0,0,0,0,0,0,0,0,D
14410,0,0,0,0,0,0,0,0,0,0,0,D
14411,0,0,0,0,0,0,0,0,0,0,0,D
14412,0,0,0,0,0,0,0,0,0,0,0,D
14413,0,0,0,0,0,0,0,0,0,0,0,D
14414,0,0,0,0,0,0,0,1,0,0,0,D
14415,0,0,0,0,0,0,0,1,0,0,0,D
14416,0,0,0,0,0,0,0,1,0,0,0,D
14417,0,0,0,0,0,0,0,1,0,0,0,D
14418,0,0,0,0,0,0,0,1,0,0,0,D
14419,0,0,0,0,0,0,0,1,0,0,0,D
14420,0,0,0,0,0,0,0,1,0,0,0,D
14421,0,0,0,0,0,0,0,1,0,0,0,D
14422,0,0,0,0,0,0,0,1,0,0,0,D
14423,0,0,0,0,0,0,0,1,0,0,0,D
14424,0,0,0,0,0,0,0,1,0,0,0,D
14425,0,0,0,0,0,0,0,1,0,0,0,D
14426,0,0,0,0,0,0,0,1,0,0,0,D
14427,0,0,0,0,0,0,0,1,0,0,0,D
14428,0,0,0,0,0,0,0,1,0,0,0,D
14429,0,0,0,0,0,0,0,1,0,0,0,D
14430,0,0,0,0,0,0,0,1,0,0,0,D
14431,0,0,0,0,0,0,0,1,0,0,0,D
14432,0,0,0,0,0,0,0,1,0,0,0,D
14433,0,0,0,0,0,0,0,1,0,0,0,D
14434,0,0,0,0,0,0,0,1,0,0,0,D
14435,0,0,0,0,0,0,0,1,0,0,0,D
14436,0,0,0,0,0,0,0,1,0,0,0,D
14437,0,0,0,0,0,0,0,1,0,0,0,D
14438,0,0,0,0,0,0,0,1,0,0,0,D
14439,0,0,0,0,0,0,0,1,0,0,0,D
14440,0,0,0,0,0,0,0,1,0,0,0,D
14441,0,0,0,0,0,0,0,1,0,0,0,D
14442,0,0,0,0,0,0,0,1,0,0,0,D
14443,0,0,0,0,0,0,0,1,0,1,0,D
14444,0,0,0,0,0,0,0,1,0,1,0,D
14445,0,0,0,0,0,0,0,1,0,1,0,D
14446,0,0,0,0,0,0,0,1,0,1,0,D
14447,0,0,0,0,0,0,0,1,0,1,0,D
14448,0,0,0,0,0,0,0,1,0,1,0,D
14449,0,0,0,0,0,0,0,1,0,1,0,D
14450,0,0,0,0,0,0,0,1,0,1,0,D
14451,0,0,0,0,0,0,0,1,0,1,0,D
14452,0,0,0,0,0,0,0,1,0,1,0,D
14453,0,0,0,0,0,0,0,1,0,1,0,D
14454,0,0,0,0,0,0,0,1,0,1,0,D
14455,0,0,0,0,0,0,0,1,0,1,0,D
14456,0,0,0,0,0,0,0,1,0,1,0,D
14457,0,0,0,0,0,0,0,1,0,1,0,D
14458,0,0,0,0,0,0,0,1,0,1,0,D
14459,0,0,0,0,0,0,0,1,0,1,0,D
14460,0,0,0,0,0,0,0,1,0,1,0,D
14461,0,0,0,0,0,0,0,1,0,1,0,D
14462,0,0,0,0,0,0,0,1,0,1,0,D
14463,0,0,0,0,0,0,0,1,0,1,0,D
14464,0,0,0,0,0,0,0,1,0,1,0,D
14465,0,0,0,0,0,0,0,1,0,1,0,D
14466,0,0,0,0,0,0,0,1,0,1,0,D
14467,0,0,0,0,0,0,0,1,0,1,0,D
14468,0,0,0,0,0,0,0,1,0,1,0,D
14469,0,0,0,0,0,0,0,1,0,1,0,D
14470,0,0,0,0,0,0,0,1,0,1,0,D
14471,0,0,0,0,0,0,0,1,0,1,0,D
14472,0,0,0,0,0,0,0,1,0,1,0,D
14473,0,0,0,0,0,0,0,1,0,1,0,D
14474,0,0,0,0,0,0,0,1,0,1,0,D
14475,0,0,0,0,0,0,0,1,0,1,0,D
14476,0,0,0,0,0,0,0,1,0,1,0,D
14477,0,0,0,0,0,0,0,1,0,1,0,D
14478,0,0,0,0,0,0,0,1,0,1,0,D
14479,0,0,0,0,0,0,0,1,0,1,0,D
14480,0,0,0,0,0,0,0,1,0,1,0,D
14481,0,0,0,0,0,0,0,1,0,1,0,D
14482,0,0,0,0,0,0,0,1,0,1,0,D
14483,0,0,0,0,0,0,0,1,0,1,0,D
14484,0,0,0,0,0,0,0,1,0,1,0,D
14485,0,0,0,0,0,0,0,1,0,1,0,D
14486,0,0,0,0,0,0,0,1,0,1,0,D
14487,0,0,0,0,0,0,0,1,0,1,0,D
14488,0,0,0,0,0,0,0,1,0,1,0,D
14489,0,0,0,0,0,0,0,1,0,1,0,D
14490,0,0,0,0,0,0,0,1,0,1,0,D
14491,0,0,0,0,0,0,0,1,0,1,0,D
14492,0,0,0,0,0,0,0,1,0,1,0,D
14493,0,0,0,0,0,0,0,1,0,1,0,D
14494,0,0,0,0,0,0,0,1,0,1,0,D
14495,0,0,0,0,0,0,0,1,0,1,0,D
14496,0,0,0,0,0,0,0,1,0,1,0,D
14497,0,0,0,0,0,0,0,1,0,1,0,D
14498,0,0,0,0,0,0,0,1,0,1,0,D
14499,0,0,0,0,0,0,0,1,0,1,0,D
14500,0,0,0,0,0,0,0,1,0,1,0,D
14501,0,0,0,0,0,0,0,1,0,1,0,D
14502,0,0,0,0,0,0,0,1,0,1,0,D
14503,0,0,0,0,0,0,0,1,0,1,0,D
14504,0,0,0,0,0,0,0,1,0,1,0,D
14505,0,0,0,0,0,0,0,1,0,1,0,D
14506,0,0,0,0,0,0,0,1,0,1,0,D
14507,0,0,0,0,0,0,0,1,0,1,0,D
14508,0,0,0,0,0,0,0,1,0,1,0,D
14509,0,0,0,0,0,0,0,1,0,1,0,D
14510,0,0,0,0,0,0,0,1,0,1,0,D
14511,0,0,0,0,0,0,0,1,0,1,0,D
14512,0,0,0,0,0,0,0,1,0,1,0,D
14513,0,0,0,0,0,0,0,1,0,1,0,D
14514,0,0,0,0,0,0,0,1,0,1,0,D
14515,0,0,0,0,0,0,0,1,0,1,0,D
14516,0,0,0,0,0,0,0,1,0,1,0,D
14517,0,0,0,0,0,0,0,1,0,1,0,D
14518,0,0,0,0,0,0,0,1,0,1,0,D
14519,0,0,0,0,0,0,0,1,0,1,0,D
14520,0,0,0,0,0,0,0,1,0,1,0,D
14521,0,0,0,0,0,0,0,1,0,1,0,D
14522,0,0,0,0,0,0,0,1,0,1,0,D
14523,0,0,0,0,0,0,0,1,0,1,0,D
14524,0,0,0,0,0,0,0,1,0,1,0,D
14525,0,0,0,0,0,0,0,1,0,1,0,D
14526,0,0,0,0,0,0,0,1,0,1,0,D
14527,0,0,0,0,0,0,0,1,0,1,0,D
14528,0,0,0,0,0,0,0,1,0,1,0,D
14529,0,0,0,0,0,0,0,1,0,1,0,D
14530,0,0,0,0,0,0,0,1,0,1,0,D
14531,0,0,0,0,0,0,0,1,0,1,0,D
14532,0,0,0,0,0,0,0,1,0,1,0,D
14533,0,0,0,0,0,0,0,1,0,1,0,D
14534,0,0,0,0,0,0,0,1,0,1,0,D
14535,0,0,0,0,0,0,0,1,0,1,0,D
14536,0,0,0,0,0,0,0,1,0,1,0,D
14537,0,0,0,0,0,0,0,1,0,1,0,D
14538,0,0,0,0,0,0,0,1,0,1,0,D
14539,0,0,0,0,0,0,0,1,0,1,0,D
14540,0,0,0,0,0,0,0,1,0,1,0,D
14541,0,0,0,0,0,0,0,1,0,1,0,D
14542,0,0,0,0,0,0,0,1,0,1,0,D
14543,0,0,0,0,0,0,0,1,0,1,0,D
14544,0,0,0,0,0,0,0,1,0,1,0,D
14545,0,0,0,0,0,0,0,1,0,1,0,D
14546,0,0,0,0,0,0,0,1,0,1,0,D
14547,0,0,0,0,0,0,0,1,0,1,0,D
14548,0,0,0,0,0,0,0,1,0,1,0,D
14549,0,0,0,0,0,0,0,1,0,1,0,D
14550,0,0,0,0,0,0,0,1,0,1,0,D
14551,0,0,0,0,0,0,0,1,0,1,0,D
14552,0,0,0,0,0,0,0,1,0,1,0,D
14553,0,0,0,0,0,0,0,1,0,1,0,D
14554,0,0,0,0,0,0,0,1,0,1,0,D
14555,0,0,0,0,0,0,0,1,0,1,0,D
14556,0,0,0,0,0,0,0,1,0,1,0,D
14557,0,0,0,0,0,0,0,1,0,1,0,D
14558,0,0,0,0,0,0,0,1,0,1,0,D
14559,0,0,0,0,0,0,0,1,0,1,0,D
14560,0,0,0,0,0,0,0,1,0,1,0,D
14561,0,0,0,0,0,0,0,1,0,1,0,D
14562,0,0,0,0,0,0,0,1,0,1,0,D
14563,0,0,0,0,0,0,0,1,0,1,0,D
14564,0,0,0,0,0,0,0,1,0,1,0,D
14565,0,0,0,0,0,0,0,1,0,1,0,D
14566,0,0,0,0,0,0,0,1,0,1,0,D
14567,0,0,0,0,0,0,0,1,0,1,0,D
14568,0,0,0,0,0,0,0,1,0,1,0,D
14569,0,0,0,0,0,0,0,1,0,1,0,D
14570,0,0,0,0,0,0,0,1,0,1,0,D
14571,0,0,0,0,0,0,0,1,0,1,0,D
14572,0,0,0,0,0,0,0,1,0,1,0,D
14573,0,0,0,0,0,0,0,1,0,1,0,D
14574,0,0,0,0,0,0,0,1,0,1,0,D
14575,0,0,0,0,0,0,0,1,0,1,0,D
14576,0,0,0,0,0,0,0,1,0,1,0,D
14577,0,0,0,0,0,0,0,1,0,1,0,D
14578,0,0,0,0,0,0,0,1,0,1,0,D
14579,0,0,0,0,0,0,0,1,0,1,0,D
14580,0,0,0,0,0,0,0,1,0,1,0,D
14581,0,0,0,0,0,0,0,1,0,1,0,D
14582,0,0,0,0,0,0,0,1,0,1,0,D
14583,0,0,0,0,0,0,0,1,0,1,0,D
14584,0,0,0,0,0,0,0,1,0,1,0,D
14585,0,0,0,0,0,0,0,1,0,1,0,D
14586,0,0,0,0,0,0,0,1,0,1,0,D
14587,0,0,0,0,0,0,0,1,0,1,0,D
14588,0,0,0,0,0,0,0,1,0,1,0,D
14589,0,0,0,0,0,0,0,1,0,1,0,D
14590,0,0,0,0,0,0,0,1,0,1,0,D
14591,0,0,0,0,0,0,0,1,0,1,0,D
14592,0,0,0,0,0,0,0,1,0,1,0,D
14593,0,0,0,0,0,0,0,1,0,1,0,D
14594,0,0,0,0,0,0,0,1,0,1,0,D
14595,0,0,0,0,0,0,0,1,0,1,0,D
14596,0,0,0,0,0,0,0,1,0,1,0,D
14597,0,0,0,0,0,0,0,1,0,1,0,D
14598,0,0,0,0,0,0,0,1,0,1,0,D
14599,0,0,0,0,0,0,0,1,0,1,0,D
14600,0,0,0,0,0,0,0,1,0,1,0,D
14601,0,0,0,0,0,0,0,1,0,1,0,D
14602,0,0,0,0,0,0,0,1,0,1,0,D
14603,0,0,0,0,0,0,0,1,0,1,0,D
14604,0,0,0,0,0,0,0,1,0,1,0,D
14605,0,0,0,0,0,0,0,1,0,1,0,D
14606,0,0,0,0,0,0,0,1,0,1,0,D
14607,0,0,0,0,0,0,0,1,0,1,0,D
14608,0,0,0,0,0,0,0,1,0,1,0,D
14609,0,0,0,0,0,0,0,1,0,1,0,D
14610,0,0,0,0,0,0,0,1,0,1,0,D
14611,0,0,0,0,0,0,0,1,0,1,0,D
14612,0,0,0,0,0,0,0,1,0,1,0,D
14613,0,0,0,0,0,0,0,1,0,1,0,D
14614,0,0,0,0,0,0,0,1,0,1,0,D
14615,0,0,0,0,0,0,0,1,0,1,0,D
14616,0,0,0,0,0,0,0,1,0,1,0,D
14617,0,0,0,0,0,0,0,1,0,1,0,D
14618,0,0,0,0,0,0,0,1,0,1,0,D
14619,0,0,0,0,0,0,0,1,0,1,0,D
14620,0,0,0,0,0,0,0,1,0,1,0,D
14621,0,0,0,0,0,0,0,1,0,1,0,D
14622,0,0,0,0,0,0,0,1,0,1,0,D
14623,0,0,0,0,0,0,0,1,0,1,0,D
14624,0,0,0,0,0,0,0,1,0,1,0,D
14625,0,0,0,0,0,0,0,1,0,1,0,D
14626,0,0,0,0,0,0,0,1,0,1,0,D
14627,0,0,0,0,0,0,0,1,0,1,0,D
14628,0,0,0,0,0,0,0,1,0,1,0,D
14629,0,0,0,0,0,0,0,1,0,1,0,D
14630,0,0,0,0,0,0,0,1,0,1,0,D
14631,0,0,0,0,0,0,0,1,0,1,0,D
14632,0,0,0,0,0,0,0,1,0,1,0,D
14633,0,0,0,0,0,0,0,1,0,1,0,D
14634,0,0,0,0,0,0,0,1,0,1,0,D
14635,0,0,0,0,0,0,0,1,0,1,0,D
14636,0,0,0,0,0,0,0,1,0,1,0,D
14637,0,0,0,0,0,0,0,1,0,1,0,D
14638,0,0,0,0,0,0,0,1,0,1,0,D
14639,0,0,0,0,0,0,0,1,0,1,0,D
14640,0,0,0,0,0,0,0,1,0,1,0,D
14641,0,0,0,0,0,0,0,1,0,1,0,D
14642,0,0,0,0,0,0,0,1,0,1,0,D
14643,0,0,0,0,0,0,0,1,0,1,0,D
14644,0,0,0,0,0,0,0,1,0,1,0,D
14645,0,0,0,0,0,0,0,1,0,1,0,D
14646,0,0,0,0,0,0,0,1,0,1,0,D
14647,0,0,0,0,0,0,0,1,0,1,0,D
14648,0,0,0,0,0,0,0,1,0,1,0,D
14649,0,0,0,0,0,0,0,1,0,1,0,D
14650,0,0,0,0,0,0,0,1,0,1,0,D
14651,0,0,0,0,0,0,0,1,0,1,0,D
14652,0,0,0,0,0,0,0,1,0,1,0,D
14653,0,0,0,0,0,0,0,1,0,1,0,D
14654,0,0,0,0,0,0,0,1,0,1,0,D
14655,0,0,0,0,0,0,0,1,0,1,0,D
14656,0,0,0,0,0,0,0,1,0,1,0,D
14657,0,0,0,0,0,0,0,1,0,1,0,D
14658,0,0,0,0,0,0,0,1,0,1,0,D
14659,0,0,0,0,0,0,0,1,0,1,0,D
14660,0,0,0,0,0,0,0,1,0,1,0,D
14661,0,0,0,0,0,0,0,1,0,1,0,D
14662,0,0,0,0,0,0,0,1,0,1,0,D
14663,0,0,0,0,0,0,0,1,0,1,0,D
14664,0,0,0,0,0,0,0,1,0,1,0,D
14665,0,0,0,0,0,0,0,1,0,1,0,D
14666,0,0,0,0,0,0,0,1,0,1,0,D
14667,0,0,0,0,0,0,0,1,0,1,0,D
14668,0,0,0,0,0,0,0,1,0,1,0,D
14669,0,0,0,0,0,0,0,1,0,1,0,D
14670,0,0,0,0,0,0,0,1,0,1,0,D
14671,0,0,0,0,0,0,0,1,0,1,0,D
14672,0,0,0,0,0,0,0,1,0,1,0,D
14673,0,0,0,0,0,0,0,1,0,1,0,D
14674,0,0,0,0,0,0,0,1,0,1,0,D
14675,0,0,0,0,0,0,0,1,0,1,0,D
14676,0,0,0,0,0,0,0,1,0,1,0,D
14677,0,0,0,0,0,0,0,1,0,1,0,D
14678,0,0,0,0,0,0,0,1,0,1,0,D
14679,0,0,0,0,0,0,0,1,0,1,0,D
14680,0,0,0,0,0,0,0,1,0,1,0,D
14681,0,0,0,0,0,0,0,1,0,1,0,D
14682,0,0,0,0,0,0,0,1,0,1,0,D
14683,0,0,0,0,0,0,0,1,0,1,0,D
14684,0,0,0,0,0,0,0,1,0,1,0,D
14685,0,0,0,0,0,0,0,1,0,1,0,D
14686,0,0,0,0,0,0,0,1,0,1,0,D
14687,0,0,0,0,0,0,0,1,0,1,0,D
14688,0,0,0,0,0,0,0,1,0,1,0,D
14689,0,0,0,0,0,0,0,1,0,1,0,D
14690,0,0,0,0,0,0,0,1,0,1,0,D
14691,0,0,0,0,0,0,0,1,0,1,0,D
14692,0,0,0,0,0,0,0,1,0,1,0,D
14693,0,0,0,0,0,0,0,1,0,1,0,D
14694,0,0,0,0,0,0,0,1,0,1,0,D
14695,0,0,0,0,0,0,0,1,0,1,0,D
14696,0,0,0,0,0,0,0,1,0,1,0,D
14697,0,0,0,0,0,0,0,1,0,1,0,D
14698,0,0,0,0,0,0,0,1,0,1,0,D
14699,0,0,0,0,0,0,0,1,0,1,0,D
14700,0,0,0,0,0,0,0,1,0,1,0,D
14701,0,0,0,0,0,0,0,1,0,1,0,D
14702,0,0,0,0,0,0,0,1,0,1,0,D
14703,0,0,0,0,0,0,0,1,0,1,0,D
14704,0,0,0,0,0,0,0,1,0,1,0,D
14705,0,0,0,0,0,0,0,1,0,1,0,D
14706,0,0,0,0,0,0,0,1,0,1,0,D
14707,0,0,0,0,0,0,0,1,0,1,0,D
14708,0,0,0,0,0,0,0,1,0,1,0,D
14709,0,0,0,0,0,0,0,1,0,1,0,D
14710,0,0,0,0,0,0,0,1,0,1,0,D
14711,0,0,0,0,0,0,0,1,0,1,0,D
14712,0,0,0,0,0,0,0,1,0,1,0,D
14713,0,0,0,0,0,0,0,1,0,1,0,D
14714,0,0,0,0,0,0,0,1,0,1,0,D
14715,0,0,0,0,0,0,0,1,0,1,0,D
14716,0,0,0,0,0,0,0,1,0,1,0,D
14717,0,0,0,0,0,0,0,1,0,1,0,D
14718,0,0,0,0,0,0,0,1,0,1,0,D
14719,0,0,0,0,0,0,0,1,0,1,0,D
14720,0,0,0,0,0,0,0,1,0,1,0,D
14721,0,0,0,0,0,0,0,1,0,1,0,D
14722,0,0,0,0,0,0,0,1,0,1,0,D
14723,0,0,0,0,0,0,0,1,0,1,0,D
14724,0,0,0,0,0,0,0,1,0,1,0,D
14725,0,0,0,0,0,0,0,1,0,1,0,D
14726,0,0,0,0,0,0,0,1,0,1,0,D
14727,0,0,0,0,0,0,0,1,0,1,0,D
14728,0,0,0,0,0,0,0,1,0,1,0,D
14729,0,0,0,0,0,0,0,1,0,1,0,D
14730,0,0,0,0,0,0,0,1,0,1,0,D
14731,0,0,0,0,0,0,0,1,0,1,0,D
14732,0,0,0,0,0,0,0,1,0,1,0,D
14733,0,0,0,0,0,0,0,1,0,1,0,D
14734,0,0,0,0,0,0,0,1,0,1,0,D
14735,0,0,0,0,0,0,0,1,0,1,0,D
14736,0,0,0,0,0,0,0,1,0,1,0,D
14737,0,0,0,0,0,0,0,1,0,1,0,D
14738,0,0,0,0,0,0,0,1,0,1,0,D
14739,0,0,0,0,0,0,0,1,0,1,0,D
14740,0,0,0,0,0,0,0,1,0,1,0,D
14741,0,0,0,0,0,0,0,1,0,1,0,D
14742,0,0,0,0,0,0,0,1,0,1,0,D
14743,0,0,0,0,0,0,0,1,0,1,0,D
14744,0,0,0,0,0,0,0,1,0,1,0,D
14745,0,0,0,0,0,0,0,1,0,1,0,D
14746,0,0,0,0,0,0,0,1,0,1,0,D
14747,0,0,0,0,0,0,0,1,0,1,0,D
14748,0,0,0,0,0,0,0,1,0,1,0,D
14749,0,0,0,0,0,0,0,1,0,1,0,D
14750,0,0,0,0,0,0,0,1,0,1,0,D
14751,0,0,0,0,0,0,0,1,0,1,0,D
14752,0,0,0,0,0,0,0,1,0,1,0,D
14753,0,0,0,0,0,0,0,1,0,1,0,D
14754,0,0,0,0,0,0,0,1,0,1,0,D
14755,0,0,0,0,0,0,0,1,0,1,0,D
14756,0,0,0,0,0,0,0,1,0,1,0,D
14757,0,0,0,0,0,0,0,1,0,1,0,D
14758,0,0,0,0,0,0,0,1,0,1,0,D
14759,0,0,0,0,0,0,0,1,0,1,0,D
14760,0,0,0,0,0,0,0,1,0,1,0,D
14761,0,0,0,0,0,0,0,1,0,1,0,D
14762,0,0,0,0,0,0,0,1,0,1,0,D
14763,0,0,0,0,0,0,0,1,0,1,0,D
14764,0,0,0,0,0,0,0,1,0,1,0,D
14765,0,0,0,0,0,0,0,1,0,1,0,D
14766,0,0,0,0,0,0,0,1,0,1,0,D
14767,0,0,0,0,0,0,0,1,0,1,0,D
14768,0,0,0,0,0,0,0,1,0,1,0,D
14769,0,0,0,0,0,0,0,1,0,1,0,D
14770,0,0,0,0,0,0,0,1,0,1,0,D
14771,0,0,0,0,0,0,0,1,0,1,0,D
14772,0,0,0,0,0,0,0,1,0,1,0,D
14773,0,0,0,0,0,0,0,1,0,1,0,D
14774,0,0,0,0,0,0,0,1,0,1,0,D
14775,0,0,0,0,0,0,0,1,0,1,0,D
14776,0,0,0,0,0,0,0,1,0,1,0,D
14777,0,0,0,0,0,0,0,1,0,1,0,D
14778,0,0,0,0,0,0,0,1,0,1,0,D
14779,0,0,0,0,0,0,0,1,0,1,0,D
14780,0,0,0,0,0,0,0,1,0,1,0,D
14781,0,0,0,0,0,0,0,1,0,1,0,D
14782,0,0,0,0,0,0,0,1,0,1,0,D
14783,0,0,0,0,0,0,0,1,0,1,0,D
14784,0,0,0,0,0,0,0,1,0,1,0,D
14785,0,0,0,0,0,0,0,1,0,1,0,D
14786,0,0,0,0,0,0,0,1,0,1,0,D
14787,0,0,0,0,0,0,0,1,0,1,0,D
14788,0,0,0,0,0,0,0,1,0,1,0,D
14789,0,0,0,0,0,0,0,1,0,1,0,D
14790,0,0,0,0,0,0,0,1,0,1,0,D
14791,0,0,0,0,0,0,0,1,0,1,0,D
14792,0,0,0,0,0,0,0,1,0,1,0,D
14793,0,0,0,0,0,0,0,1,0,1,0,D
14794,0,0,0,0,0,0,0,1,0,1,0,D
14795,0,0,0,0,0,0,0,1,0,1,0,D
14796,0,0,0,0,0,0,0,1,0,1,0,D
14797,0,0,0,0,0,0,0,1,0,1,0,D
14798,0,0,0,0,0,0,0,1,0,1,0,D
14799,0,0,0,0,0,0,0,1,0,1,0,D
14800,0,0,0,0,0,0,0,1,0,1,0,D
14801,0,0,0,0,0,0,0,1,0,1,0,D
14802,0,0,0,0,0,0,0,1,0,1,0,D
14803,0,0,0,0,0,0,0,1,0,1,0,D
14804,0,0,0,0,0,0,0,1,0,1,0,D
14805,0,0,0,0,0,0,0,1,0,1,0,D
14806,0,0,0,0,0,0,0,1,0,1,0,D
14807,0,0,0,0,0,0,0,1,0,1,0,D
14808,0,0,0,0,0,0,0,1,0,1,0,D
14809,0,0,0,0,0,0,0,1,0,1,0,D
14810,0,0,0,0,0,0,0,1,0,1,0,D
14811,0,0,0,0,0,0,0,1,0,1,0,D
14812,0,0,0,0,0,0,0,1,0,1,0,D
14813,0,0,0,0,0,0,0,1,0,1,0,D
14814,0,0,0,0,0,0,0,1,0,1,0,D
14815,0,0,0,0,0,0,0,1,0,1,0,D
14816,0,0,0,0,0,0,0,1,0,1,0,D
14817,0,0,0,0,0,0,0,1,0,1,0,D
14818,0,0,0,0,0,0,0,1,0,1,0,D
14819,0,0,0,0,0,0,0,1,0,1,0,D
14820,0,0,0,0,0,0,0,1,0,1,0,D
14821,0,0,0,0,0,0,0,1,0,1,0,D
14822,0,0,0,0,0,0,0,1,0,1,0,D
14823,0,0,0,0,0,0,0,1,0,1,0,D
14824,0,0,0,0,0,0,0,1,0,1,0,D
14825,0,0,0,0,0,0,0,1,0,1,0,D
14826,0,0,0,0,0,0,0,1,0,1,0,D
14827,0,0,0,0,0,0,0,1,0,1,0,D
14828,0,0,0,0,0,0,0,1,0,1,0,D
14829,0,0,0,0,0,0,0,1,0,1,0,D
14830,0,0,0,0,0,0,0,1,0,1,0,D
14831,0,0,0,0,0,0,0,1,0,1,0,D
14832,0,0,0,0,0,0,0,1,0,1,0,D
14833,0,0,0,0,0,0,0,1,0,1,0,D
14834,0,0,0,0,0,0,0,1,0,1,0,D
14835,0,0,0,0,0,0,0,1,0,1,0,D
14836,0,0,0,0,0,0,0,1,0,1,0,D
14837,0,0,0,0,0,0,0,1,0,1,0,D
14838,0,0,0,0,0,0,0,1,0,1,0,D
14839,0,0,0,0,0,0,0,1,0,1,0,D
14840,0,0,0,0,0,0,0,1,0,1,0,D
14841,0,0,0,0,0,0,0,1,0,1,0,D
14842,0,0,0,0,0,0,0,1,0,1,0,D
14843,0,0,0,0,0,0,0,1,0,1,0,D
14844,0,0,0,0,0,0,0,1,0,1,0,D
14845,0,0,0,0,0,0,0,1,0,1,0,D
14846,0,0,0,0,0,0,0,1,0,1,0,D
14847,0,0,0,0,0,0,0,1,0,1,0,D
14848,0,0,0,0,0,0,0,1,0,1,0,D
14849,0,0,0,0,0,0,0,1,0,1,0,D
14850,0,0,0,0,0,0,0,1,0,1,0,D
14851,0,0,0,0,0,0,0,1,0,1,0,D
14852,0,0,0,0,0,0,0,1,0,1,0,D
14853,0,0,0,0,0,0,0,1,0,1,0,D
14854,0,0,0,0,0,0,0,1,0,1,0,D
14855,0,0,0,0,0,0,0,1,0,1,0,D
14856,0,0,0,0,0,0,0,1,0,1,0,D
14857,0,0,0,0,0,0,0,1,0,1,0,D
14858,0,0,0,0,0,0,0,1,0,1,0,D
14859,0,0,0,0,0,0,0,1,0,1,0,D
14860,0,0,0,0,0,0,0,1,0,1,0,D
14861,0,0,0,0,0,0,0,1,0,1,0,D
14862,0,0,0,0,0,0,0,1,0,1,0,D
14863,0,0,0,0,0,0,0,1,0,1,0,D
14864,0,0,0,0,0,0,0,1,0,1,0,D
14865,0,0,0,0,0,0,0,1,0,1,0,D
14866,0,0,0,0,0,0,0,1,0,1,0,D
14867,0,0,0,0,0,0,0,1,0,1,0,D
14868,0,0,0,0,0,0,0,1,0,1,0,D
14869,0,0,0,0,0,0,0,1,0,1,0,D
14870,0,0,0,0,0,0,0,1,0,1,0,D
14871,0,0,0,0,0,0,0,1,0,1,0,D
14872,0,0,0,0,0,0,0,1,0,1,0,D
14873,0,0,0,0,0,0,0,1,0,1,0,D
14874,0,0,0,0,0,0,0,1,0,1,0,D
14875,0,0,0,0,0,0,0,1,0,1,0,D
14876,0,0,0,0,0,0,0,1,0,1,0,D
14877,0,0,0,0,0,0,0,1,0,1,0,D
14878,0,0,0,0,0,0,0,1,0,1,0,D
14879,0,0,0,0,0,0,0,1,0,1,0,D
14880,0,0,0,0,0,0,0,1,0,1,0,D
14881,0,0,0,0,0,0,0,1,0,1,0,D
14882,0,0,0,0,0,0,0,1,0,1,0,D
14883,0,0,0,0,0,0,0,1,0,1,0,D
14884,0,0,0,0,0,0,0,1,0,0,0,D
14885,0,0,0,0,0,0,0,1,0,0,0,D
14886,0,0,0,0,0,0,0,1,0,0,0,D
14887,0,0,0,0,0,0,0,1,0,0,0,D
14888,0,0,0,0,0,0,0,1,0,0,0,D
14889,0,0,0,0,0,0,0,1,0,0,0,D
14890,0,0,0,0,0,0,0,1,0,0,0,D
14891,0,0,0,0,0,0,0,1,0,0,0,D
14892,0,0,0,0,0,0,0,1,0,0,0,D
14893,0,0,0,0,0,0,0,1,0,0,0,D
14894,0,0,0,0,0,0,0,1,0,0,0,D
14895,0,0,0,0,0,0,0,1,0,0,0,D
14896,0,0,0,0,0,0,0,1,0,0,0,D
14897,0,0,0,0,0,0,0,1,0,0,0,D
14898,0,0,0,0,0,0,0,1,0,0,0,D
14899,0,0,0,0,0,0,0,1,0,0,0,D
14900,0,0,0,0,0,0,0,1,0,0,0,D
14901,0,0,0,0,0,0,0,1,0,0,0,D
14902,0,0,0,0,0,0,0,1,0,0,0,D
14903,0,0,0,0,0,0,0,1,0,0,0,D
14904,0,0,0,0,0,0,0,1,0,0,0,D
14905,0,0,0,0,0,0,0,1,0,0,0,D
14906,0,0,0,0,0,0,0,1,0,0,0,D
14907,0,0,0,0,0,0,0,1,0,0,0,D
14908,0,0,0,0,0,0,0,1,0,0,0,D
14909,0,0,0,0,0,0,0,1,0,0,0,D
14910,0,0,0,0,0,0,0,1,0,0,0,D
14911,0,0,0,0,0,0,0,1,0,0,0,D
14912,0,0,0,0,0,0,0,1,0,0,0,D
14913,0,0,0,0,0,0,0,1,0,0,0,D
14914,0,0,0,0,0,0,0,1,0,0,0,D
14915,0,0,0,0,0,0,0,1,0,0,0,D
14916,0,0,0,0,0,0,0,1,0,0,0,D
14917,0,0,0,0,0,0,0,1,0,0,0,D
14918,0,0,0,0,0,0,0,1,0,0,0,D
14919,0,0,0,0,0,0,0,1,0,0,0,D
14920,0,0,0,0,0,0,0,1,0,0,0,D
14921,0,0,0,0,0,0,0,1,0,0,0,D
14922,0,0,0,0,0,0,0,1,0,0,0,D
14923,0,0,0,0,0,0,0,1,0,0,0,D
14924,0,0,0,0,0,0,0,1,0,0,0,D
14925,0,0,0,0,0,0,0,1,0,0,0,D
14926,0,0,0,0,0,0,0,1,0,0,0,D
14927,0,0,0,0,0,0,0,1,0,0,0,D
14928,0,0,0,0,0,0,0,1,0,0,0,D
14929,0,0,0,0,0,0,0,1,0,0,0,D
14930,0,0,0,0,0,0,0,1,0,0,0,D
14931,0,0,0,0,0,0,0,1,0,0,0,D
14932,0,0,0,0,0,0,0,1,0,0,0,D
14933,0,0,0,0,0,0,0,1,0,0,0,D
14934,0,0,0,0,0,0,0,1,0,0,0,D
14935,0,0,0,0,0,0,0,1,0,0,0,D
14936,0,0,0,0,0,0,0,1,0,0,0,D
14937,0,0,0,0,0,0,0,1,0,0,0,D
14938,0,0,0,0,0,0,0,1,0,0,0,D
14939,0,0,0,0,0,0,0,1,0,0,0,D
14940,0,0,0,0,0,0,0,1,0,0,0,D
14941,0,0,0,0,0,0,0,1,0,0,0,D
14942,0,0,0,0,0,0,0,1,0,0,0,D
14943,0,0,0,0,0,0,0,1,0,0,0,D
14944,0,0,0,0,0,0,0,1,0,0,0,D
14945,0,0,0,0,0,0,0,1,0,0,0,D
14946,0,0,0,0,0,0,0,1,0,0,0,D
14947,0,0,0,0,0,0,0,1,0,0,0,D
14948,0,0,0,0,0,0,0,1,0,0,0,D
14949,0,0,0,0,0,0,0,1,0,0,0,D
14950,0,0,0,0,0,0,0,1,0,0,0,D
14951,0,0,0,0,0,0,0,1,0,0,0,D
14952,0,0,0,0,0,0,0,1,0,0,0,D
14953,0,0,0,0,0,0,0,1,0,0,0,D
14954,0,0,0,0,0,0,0,1,0,0,0,D
14955,0,0,0,0,0,0,0,1,0,0,0,D
14956,0,0,0,0,0,0,0,1,0,0,0,D
14957,0,0,0,0,0,0,0,1,0,0,0,E
14958,0,0,0,0,0,0,0,1,0,0,0,E
14959,0,0,0,0,0,0,0,1,0,0,0,E
14960,0,0,0,0,0,0,0,1,0,0,0,I
14961,0,0,0,0,0,0,0,1,0,0,0,I
14962,0,0,0,0,0,0,0,1,0,0,0,I
14963,0,0,0,0,0,0,0,1,0,0,0,I
14964,0,0,0,0,0,0,0,1,0,0,0,I
14965,0,0,0,0,0,0,0,0,0,0,0,I
14966,0,0,0,0,0,0,0,0,0,0,0,I
14967,0,0,0,0,0,0,0,0,0,0,0,I
14968,0,0,0,0,0,0,0,0,0,0,0,I
14969,0,0,0,0,0,0,0,0,0,0,0,I
14970,0,0,0,0,0,0,0,0,0,0,0,I
14971,0,0,0,0,0,0,0,0,0,0,0,I
14972,0,0,0,0,0,0,0,0,0,0,0,I
14973,0,0,0,0,0,0,0,0,0,0,0,I
14974,0,0,0,0,0,0,0,0,0,0,0,I
14975,0,0,0,0,0,0,0,0,0,0,0,I
14976,0,0,0,0,0,0,0,0,0,0,0,I
14977,0,0,0,0,0,0,0,0,0,0,0,I
14978,0,0,0,0,0,0,0,0,0,0,0,I
14979,0,0,0,0,0,0,0,0,0,0,0,I
14980,0,0,0,0,0,0,0,0,0,0,0,I
14981,0,0,0,0,0,0,0,0,0,0,0,I
14982,0,0,0,0,0,0,0,0,0,0,0,I
14983,0,0,0,0,0,0,0,0,0,0,0,I
14984,0,0,0,0,0,0,0,0,0,0,0,I
14985,0,0,0,0,0,0,0,0,0,0,0,I
14986,0,0,0,0,0,0,0,0,0,0,0,I
14987,0,0,0,0,0,0,0,0,0,0,0,I
14988,0,0,0,0,0,0,0,0,0,0,0,I
14989,0,0,0,0,0,0,0,0,0,0,0,I
14990,0,0,0,0,0,0,0,0,0,0,0,I
14991,0,0,0,0,0,0,0,0,0,0,0,I
14992,0,0,0,0,0,0,0,0,0,0,0,I
14993,0,0,0,0,0,0,0,0,0,0,0,I
14994,0,0,0,0,0,0,0,0,0,0,0,E
14995,0,0,0,0,0,0,0,0,0,0,0,E
14996,0,0,0,0,0,0,0,0,0,0,0,E
14997,0,0,0,0,0,0,0,0,0,0,0,E
14998,0,0,0,0,0,0,0,0,0,0,0,E
14999,0,0,0,0,0,0,0,0,0,0,0,E
15000,0,0,0,0,0,0,0,0,0,0,0,E
15001,0,0,0,0,0,0,0,0,0,0,0,E
15002,0,0,0,0,0,0,0,0,0,0,0,I
15003,0,0,0,0,0,0,0,0,1,0,0,E
15004,0,0,0,0,0,0,0,0,1,0,0,E
15005,0,0,0,0,0,0,0,0,1,0,0,E
15006,0,0,0,0,0,0,0,0,1,0,0,E
15007,0,0,0,0,0,0,0,0,1,0,0,E
15008,0,0,0,0,0,0,0,0,1,0,0,E
15009,0,0,0,0,0,0,0,0,1,0,0,E
15010,0,0,0,0,0,0,0,0,1,0,0,E
15011,0,0,0,0,0,0,0,0,1,0,0,E
15012,0,0,0,0,0,0,0,0,1,0,0,E
15013,0,0,0,0,0,0,0,0,1,0,0,E
15014,0,0,0,0,0,0,0,0,1,0,0,E
15015,0,0,0,0,0,0,0,0,1,0,0,E
15016,0,0,0,0,0,0,0,0,1,0,0,E
15017,0,0,0,0,0,0,0,0,1,0,0,E
15018,0,0,0,0,0,0,0,0,1,0,0,E
15019,0,0,0,0,0,0,0,0,1,0,0,E
15020,0,0,0,0,0,0,0,0,1,0,0,E
15021,0,0,0,0,0,0,0,0,1,0,0,E
15022,0,0,0,0,0,0,0,0,1,0,0,E
15023,0,0,0,0,0,0,0,0,1,0,0,E
15024,0,0,0,0,0,0,0,0,1,0,0,E
15025,0,0,0,0,0,0,0,0,1,0,0,E
15026,0,0,0,0,0,0,0,0,1,0,0,E
15027,0,0,0,0,0,0,0,0,1,0,0,E
15028,0,0,0,0,0,0,0,0,1,0,0,E
15029,0,0,0,0,0,0,0,0,1,0,0,E
15030,0,0,0,0,0,0,0,0,1,0,0,E
15031,0,0,0,0,0,0,0,0,1,0,0,E
15032,0,0,0,0,0,0,0,0,1,0,0,E
15033,0,0,0,0,0,0,0,0,1,0,0,E
15034,0,0,0,0,0,0,0,0,1,0,0,E
15035,0,0,0,0,0,0,0,0,1,0,0,E
15036,0,0,0,0,0,0,0,0,1,0,0,E
15037,0,0,0,0,0,0,0,0,1,0,0,E
15038,0,0,0,0,0,0,0,0,1,0,0,E
15039,0,0,0,0,0,0,0,0,1,0,0,E
15040,0,0,0,0,0,0,0,0,1,0,0,E
15041,0,0,0,0,0,0,0,0,1,0,0,E
15042,0,0,0,0,0,0,0,0,1,0,0,E
15043,0,0,0,0,0,0,0,0,1,0,0,E
15044,0,0,0,0,0,0,0,0,1,0,0,E
15045,0,0,0,0,0,0,0,0,1,0,0,E
15046,0,0,0,0,0,0,0,0,1,0,0,E
15047,0,0,0,0,0,0,0,0,1,0,0,E
15048,0,0,0,0,0,0,0,0,1,0,0,E
15049,0,0,0,0,0,0,0,0,1,0,0,E
15050,0,0,0,0,0,0,0,0,1,0,0,E
15051,0,0,0,0,0,0,0,0,1,0,0,E
15052,0,0,0,0,0,0,0,0,1,0,0,E
15053,0,0,0,0,0,0,0,0,1,0,0,E
15054,0,0,0,0,0,0,0,0,1,0,0,E
15055,0,0,0,0,0,0,0,0,1,0,0,E
15056,0,0,0,0,0,0,0,0,1,0,0,E
15057,0,0,0,0,0,0,0,0,1,0,0,E
15058,0,0,0,0,0,0,0,0,1,0,0,E
15059,0,0,0,0,0,0,0,0,1,0,0,E
15060,0,0,0,0,0,0,0,0,1,0,0,E
15061,0,0,0,0,0,0,0,0,1,0,0,E
15062,0,0,0,0,0,0,0,0,1,0,0,E
15063,0,0,0,0,0,0,0,0,1,0,0,E
15064,0,0,0,0,0,0,0,0,1,0,0,E
15065,0,0,0,0,0,0,0,0,1,0,0,E
15066,0,0,0,0,0,0,0,0,1,0,0,E
15067,0,0,0,0,0,0,0,0,1,0,0,E
15068,0,0,0,0,0,0,0,0,1,0,0,E
15069,0,0,0,0,0,0,0,0,1,0,0,E
15070,0,0,0,0,0,0,0,0,1,0,0,E
15071,0,0,0,0,0,0,0,0,1,0,0,E
15072,0,0,0,0,0,0,0,0,1,0,0,E
15073,0,0,0,0,0,0,0,0,1,0,0,E
15074,0,0,0,0,0,0,0,0,1,0,0,E
15075,0,0,0,0,0,0,0,0,1,0,0,E
15076,0,0,0,0,0,0,0,0,1,0,0,E
15077,0,0,0,0,0,0,0,0,1,0,0,E
15078,0,0,0,0,0,0,0,0,1,0,0,E
15079,0,0,0,0,0,0,0,0,1,0,0,E
15080,0,0,0,0,0,0,0,0,1,0,0,E
15081,0,0,0,0,0,0,0,0,1,0,0,E
15082,0,0,0,0,0,0,0,0,1,0,0,E
15083,0,0,0,0,0,0,0,0,1,0,0,E
15084,0,0,0,0,0,0,0,0,1,0,0,E
15085,0,0,0,0,0,0,0,0,1,0,0,E
15086,0,0,0,0,0,0,0,0,1,0,0,E
15087,0,0,0,0,0,0,0,0,1,0,0,E
15088,0,0,0,0,0,0,0,0,1,0,0,E
15089,0,0,0,0,0,0,0,0,1,0,0,E
15090,0,0,0,0,0,0,0,0,1,0,0,E
15091,0,0,0,0,0,0,0,0,1,0,0,E
15092,0,0,0,0,0,0,0,0,1,0,0,E
15093,0,0,0,0,0,0,0,0,1,0,0,E
15094,0,0,0,0,0,0,0,0,1,0,0,E
15095,0,0,0,0,0,0,0,0,1,0,0,E
15096,0,0,0,0,0,0,0,0,1,0,0,E
15097,0,0,0,0,0,0,0,0,1,0,0,E
15098,0,0,0,0,0,0,0,0,1,0,0,E
15099,0,0,0,0,0,0,0,0,1,0,0,E
15100,0,0,0,0,0,0,0,0,1,0,0,E
15101,0,0,0,0,0,0,0,0,1,0,0,E
15102,0,0,0,0,0,0,0,0,1,0,0,E
15103,0,0,0,0,0,0,0,0,1,0,0,E
15104,0,0,0,0,0,0,0,0,1,0,0,E
15105,0,0,0,0,0,0,0,0,1,0,0,E
15106,0,0,0,0,0,0,0,0,1,0,0,E
15107,0,0,0,0,0,0,0,0,1,0,0,E
15108,0,0,0,0,0,0,0,0,1,0,0,E
15109,0,0,0,0,0,0,0,0,1,0,0,E
15110,0,0,0,0,0,0,0,0,1,0,0,E
15111,0,0,0,0,0,0,0,0,1,0,0,E
15112,0,0,0,0,0,0,0,0,1,0,0,E
15113,0,0,0,0,0,0,0,0,1,0,0,E
15114,0,0,0,0,0,0,0,0,1,0,0,E
15115,0,0,0,0,0,0,0,0,1,0,0,E
15116,0,0,0,0,0,0,0,0,1,0,0,E
15117,0,0,0,0,0,0,0,0,1,0,0,E
15118,0,0,0,0,0,0,0,0,1,0,0,E
15119,0,0,0,0,0,0,0,0,1,0,0,E
15120,0,0,0,0,0,0,0,0,1,0,0,E
15121,0,0,0,0,0,0,0,0,1,0,0,E
15122,0,0,0,0,0,0,0,0,1,0,0,E
15123,0,0,0,0,0,0,0,0,1,0,0,E
15124,0,0,0,0,0,0,0,0,1,0,0,E
15125,0,0,0,0,0,0,0,0,1,0,0,E
15126,0,0,0,0,0,0,0,0,1,0,0,E
15127,0,0,0,0,0,0,0,0,1,0,0,E
15128,0,0,0,0,0,0,0,0,1,0,0,E
15129,0,0,0,0,0,0,0,0,1,0,0,E
15130,0,0,0,0,0,0,0,0,1,0,0,E
15131,0,0,0,0,0,0,0,0,1,0,0,E
15132,0,0,0,0,0,0,0,0,1,0,0,E
15133,0,0,0,0,0,0,0,0,1,0,0,E
15134,0,0,0,0,0,0,0,0,1,0,0,E
15135,0,0,0,0,0,0,0,0,1,0,0,E
15136,0,0,0,0,0,0,0,0,1,0,0,E
15137,0,0,0,0,0,0,0,0,1,0,0,E
15138,0,0,0,0,0,0,0,0,1,0,0,E
15139,0,0,0,0,0,0,0,0,1,0,0,E
15140,0,0,0,0,0,0,0,0,1,0,0,E
15141,0,0,0,0,0,0,0,0,1,0,0,E
15142,0,0,0,0,0,0,0,0,1,0,0,E
15143,0,0,0,0,0,0,0,0,1,0,0,E
15144,0,0,0,0,0,0,0,0,1,0,0,E
15145,0,0,0,0,0,0,0,0,1,0,0,E
15146,0,0,0,0,0,0,0,0,1,0,0,E
15147,0,0,0,0,0,0,0,0,1,0,0,E
15148,0,0,0,0,0,0,0,0,1,0,0,E
15149,0,0,0,0,0,0,0,0,1,0,0,E
15150,0,0,0,0,0,0,0,0,1,0,0,E
15151,0,0,0,0,0,0,0,0,1,0,0,E
15152,0,0,0,0,0,0,0,0,1,0,0,E
15153,0,0,0,0,0,0,0,0,1,0,0,E
15154,0,0,0,0,0,0,0,0,1,0,0,E
15155,0,0,0,0,0,0,0,0,1,0,0,E
15156,0,0,0,0,0,0,0,0,1,0,0,E
15157,0,0,0,0,0,0,0,0,1,0,0,E
15158,0,0,0,0,0,0,0,0,1,0,0,E
15159,0,0,0,0,0,0,0,0,1,0,0,E
15160,0,0,0,0,0,0,0,0,1,0,0,E
15161,0,0,0,0,0,0,0,0,1,0,0,E
15162,0,0,0,0,0,0,0,0,1,0,0,E
15163,0,0,0,0,0,0,0,0,1,0,0,E
15164,0,0,0,0,0,0,0,0,1,0,0,E
15165,0,0,0,0,0,0,0,0,1,0,0,E
15166,0,0,0,0,0,0,0,0,1,0,0,E
15167,0,0,0,0,0,0,0,0,1,0,0,E
15168,0,0,0,0,0,0,0,0,1,0,0,E
15169,0,0,0,0,0,0,0,0,1,0,0,E
15170,0,0,0,0,0,0,0,0,1,0,0,E
15171,0,0,0,0,0,0,0,0,1,0,0,E
15172,0,0,0,0,0,0,0,0,1,0,0,E
15173,0,0,0,0,0,0,0,0,1,0,0,E
15174,0,0,0,0,0,0,0,0,1,0,0,E
15175,0,0,0,0,0,0,0,0,1,0,0,E
15176,0,0,0,0,0,0,0,0,1,0,0,E
15177,0,0,0,0,0,0,0,0,1,0,0,E
15178,0,0,0,0,0,0,0,0,1,0,0,E
15179,0,0,0,0,0,0,0,0,1,0,0,E
15180,0,0,0,0,0,0,0,0,1,0,0,E
15181,0,0,0,0,0,0,0,0,1,0,0,E
15182,0,0,0,0,0,0,0,0,1,0,0,E
15183,0,0,0,0,0,0,0,0,1,0,0,E
15184,0,0,0,0,0,0,0,0,1,0,0,E
15185,0,0,0,0,0,0,0,0,1,0,0,E
15186,0,0,0,0,0,0,0,0,1,0,0,E
15187,0,0,0,0,0,0,0,0,1,0,0,E
15188,0,0,0,0,0,0,0,0,1,0,0,E
15189,0,0,0,0,0,0,0,0,1,0,0,E
15190,0,0,0,0,0,0,0,0,1,0,0,E
15191,0,0,0,0,0,0,0,0,1,0,0,E
15192,0,0,0,0,0,0,0,0,1,0,0,E
15193,0,0,0,0,0,0,0,0,1,0,0,E
15194,0,0,0,0,0,0,0,0,1,0,0,E
15195,0,0,0,0,0,0,0,0,1,0,0,E
15196,0,0,0,0,0,0,0,0,1,0,0,E
15197,0,0,0,0,0,0,0,0,1,0,0,E
15198,0,0,0,0,0,0,0,0,1,0,0,E
15199,0,0,0,0,0,0,0,0,1,0,0,E
15200,0,0,0,0,0,0,0,0,1,0,0,E
15201,0,0,0,0,0,0,0,0,1,0,0,E
15202,0,0,0,0,0,0,0,0,1,0,0,E
15203,0,0,0,0,0,0,0,0,1,0,0,E
15204,0,0,0,0,0,0,0,0,1,0,0,E
15205,0,0,0,0,0,0,0,0,1,0,0,E
15206,0,0,0,0,0,0,0,0,1,0,0,E
15207,0,0,0,0,0,0,0,0,1,0,0,E
15208,0,0,0,0,0,0,0,0,1,0,0,E
15209,0,0,0,0,0,0,0,0,1,0,0,E
15210,0,0,0,0,0,0,0,0,1,0,0,E
15211,0,0,0,0,0,0,0,0,1,0,0,E
15212,0,0,0,0,0,0,0,0,1,0,0,E
15213,0,0,0,0,0,0,0,0,1,0,0,E
15214,0,0,0,0,0,0,0,0,1,0,0,E
15215,0,0,0,0,0,0,0,0,1,0,0,E
15216,0,0,0,0,0,0,0,0,1,0,0,E
15217,0,0,0,0,0,0,0,0,1,0,0,E
15218,0,0,0,0,0,0,0,0,1,0,0,E
15219,0,0,0,0,0,0,0,0,1,0,0,E
15220,0,0,0,0,0,0,0,0,1,0,0,E
15221,0,0,0,0,0,0,0,0,1,0,0,E
15222,0,0,0,0,0,0,0,0,1,0,0,E
15223,0,0,0,0,0,0,0,0,1,0,0,E
15224,0,0,0,0,0,0,0,0,1,0,0,E
15225,0,0,0,0,0,0,0,0,1,0,0,E
15226,0,0,0,0,0,0,0,0,1,0,0,E
15227,0,0,0,0,0,0,0,0,1,0,0,E
15228,0,0,0,0,0,0,0,0,1,0,0,E
15229,0,0,0,0,0,0,0,0,1,0,0,E
15230,0,0,0,0,0,0,0,0,1,0,0,E
15231,0,0,0,0,0,0,0,0,1,0,0,E
15232,0,0,0,0,0,0,0,0,1,0,0,E
15233,0,0,0,0,0,0,0,0,1,0,0,E
15234,0,0,0,0,0,0,0,0,1,0,0,E
15235,0,0,0,0,0,0,0,0,1,0,0,E
15236,0,0,0,0,0,0,0,0,1,0,0,E
15237,0,0,0,0,0,0,0,0,1,0,0,E
15238,0,0,0,0,0,0,0,0,1,0,0,E
15239,0,0,0,0,0,0,0,0,1,0,0,E
15240,0,0,0,0,0,0,0,0,1,0,0,E
15241,0,0,0,0,0,0,0,0,1,0,0,E
15242,0,0,0,0,0,0,0,0,1,0,0,E
15243,0,0,0,0,0,0,0,0,1,0,0,E
15244,0,0,0,0,0,0,0,0,1,0,0,E
15245,0,0,0,0,0,0,0,0,1,0,0,E
15246,0,0,0,0,0,0,0,0,1,0,0,E
15247,0,0,0,0,0,0,0,0,1,0,0,E
15248,0,0,0,0,0,0,0,0,1,0,0,E
15249,0,0,0,0,0,0,0,0,1,0,0,E
15250,0,0,0,0,0,0,0,0,1,0,0,E
15251,0,0,0,0,0,0,0,0,1,0,0,E
15252,0,0,0,0,0,0,0,0,1,0,0,E
15253,0,0,0,0,0,0,0,0,1,0,0,E
15254,0,0,0,0,0,0,0,0,1,0,0,E
15255,0,0,0,0,0,0,0,0,1,0,0,E
15256,0,0,0,0,0,0,0,0,1,0,0,E
15257,0,0,0,0,0,0,0,0,1,0,0,E
15258,0,0,0,0,0,0,0,0,1,0,0,E
15259,0,0,0,0,0,0,0,0,1,0,0,E
15260,0,0,0,0,0,0,0,0,1,0,0,E
15261,0,0,0,0,0,0,0,0,1,0,0,E
15262,0,0,0,0,0,0,0,0,1,0,0,E
15263,0,0,0,0,0,0,0,0,1,0,0,E
15264,0,0,0,0,0,0,0,0,1,0,0,E
15265,0,0,0,0,0,0,0,0,1,0,0,E
15266,0,0,0,0,0,0,0,0,1,0,0,E
15267,0,0,0,0,0,0,0,0,1,0,0,E
15268,0,0,0,0,0,0,0,0,1,0,0,E
15269,0,0,0,0,0,0,0,0,1,0,0,E
15270,0,0,0,0,0,0,0,0,1,0,0,E
15271,0,0,0,0,0,0,0,0,1,0,0,E
15272,0,0,0,0,0,0,0,0,1,0,0,E
15273,0,0,0,0,0,0,0,0,1,0,0,E
15274,0,0,0,0,0,0,0,0,1,0,0,E
15275,0,0,0,0,0,0,0,0,1,0,0,E
15276,0,0,0,0,0,0,0,0,1,0,0,E
15277,0,0,0,0,0,0,0,0,1,0,0,E
15278,0,0,0,0,0,0,0,0,1,0,0,E
15279,0,0,0,0,0,0,0,0,1,0,0,E
15280,0,0,0,0,0,0,0,0,1,0,0,E
15281,0,0,0,0,0,0,0,0,1,0,0,E
15282,0,0,0,0,0,0,0,0,1,0,0,E
15283,0,0,0,0,0,0,0,0,1,0,0,E
15284,0,0,0,0,0,0,0,0,1,0,0,E
15285,0,0,0,0,0,0,0,0,1,0,0,E
15286,0,0,0,0,0,0,0,0,1,0,0,E
15287,0,0,0,0,0,0,0,0,1,0,0,E
15288,0,0,0,0,0,0,0,0,1,0,0,E
15289,0,0,0,0,0,0,0,0,1,0,0,E
15290,0,0,0,0,0,0,0,0,1,0,0,E
15291,0,0,0,0,0,0,0,0,1,0,0,E
15292,0,0,0,0,0,0,0,0,1,0,0,E
15293,0,0,0,0,0,0,0,0,1,0,0,E
15294,0,0,0,0,0,0,0,0,1,0,0,E
15295,0,0,0,0,0,0,0,0,1,0,0,E
15296,0,0,0,0,0,0,0,0,1,0,0,E
15297,0,0,0,0,0,0,0,0,1,0,0,E
15298,0,0,0,0,0,0,0,0,1,0,0,E
15299,0,0,0,0,0,0,0,0,1,0,0,E
15300,0,0,0,0,0,0,0,0,1,0,0,E
15301,0,0,0,0,0,0,0,0,1,0,0,E
15302,0,0,0,0,0,0,0,0,1,0,0,E
15303,0,0,0,0,0,0,0,0,1,0,0,E
15304,0,0,0,0,0,0,0,0,1,0,0,E
15305,0,0,0,0,0,0,0,0,1,0,0,E
15306,0,0,0,0,0,0,0,0,1,0,0,E
15307,0,0,0,0,0,0,0,0,1,0,0,E
15308,0,0,0,0,0,0,0,0,1,0,0,E
15309,0,0,0,0,0,0,0,0,1,0,0,E
15310,0,0,0,0,0,0,0,0,1,0,0,E
15311,0,0,0,0,0,0,0,0,1,0,0,E
15312,0,0,0,0,0,0,0,0,1,0,0,E
15313,0,0,0,0,0,0,0,0,1,0,0,E
15314,0,0,0,0,0,0,0,0,1,0,0,E
15315,0,0,0,0,0,0,0,0,1,0,0,E
15316,0,0,0,0,0,0,0,0,1,0,0,E
15317,0,0,0,0,0,0,0,0,1,0,0,E
15318,0,0,0,0,0,0,0,0,1,0,0,E
15319,0,0,0,0,0,0,0,0,1,0,0,E
15320,0,0,0,0,0,0,0,0,1,0,0,E
15321,0,0,0,0,0,0,0,0,1,0,0,E
15322,0,0,0,0,0,0,0,0,1,0,0,E
15323,0,0,0,0,0,0,0,0,1,0,0,E
15324,0,0,0,0,0,0,0,0,1,0,0,E
15325,0,0,0,0,0,0,0,0,1,0,0,E
15326,0,0,0,0,0,0,0,0,1,0,0,E
15327,0,0,0,0,0,0,0,0,1,0,0,E
15328,0,0,0,0,0,0,0,0,1,0,0,E
15329,0,0,0,0,0,0,0,0,1,0,0,E
15330,0,0,0,0,0,0,0,0,1,0,0,E
15331,0,0,0,0,0,0,0,0,1,0,0,E
15332,0,0,0,0,0,0,0,0,1,0,0,E
15333,0,0,0,0,0,0,0,0,1,0,0,E
15334,0,0,0,0,0,0,0,0,1,0,0,E
15335,0,0,0,0,0,0,0,0,1,0,0,E
15336,0,0,0,0,0,0,0,0,1,0,0,E
15337,0,0,0,0,0,0,0,0,1,0,0,E
15338,0,0,0,0,0,0,0,0,1,0,0,E
15339,0,0,0,0,0,0,0,0,1,0,0,E
15340,0,0,0,0,0,0,0,0,1,0,0,E
15341,0,0,0,0,0,0,0,0,1,0,0,E
15342,0,0,0,0,0,0,0,0,1,0,0,E
15343,0,0,0,0,0,0,0,0,1,0,0,E
15344,0,0,0,0,0,0,0,0,1,0,0,E
15345,0,0,0,0,0,0,0,0,1,0,0,E
15346,0,0,0,0,0,0,0,0,1,0,0,E
15347,0,0,0,0,0,0,0,0,1,0,0,E
15348,0,0,0,0,0,0,0,0,1,0,0,E
15349,0,0,0,0,0,0,0,0,1,0,0,E
15350,0,0,0,0,0,0,0,0,1,0,0,E
15351,0,0,0,0,0,0,0,0,1,0,0,E
15352,0,0,0,0,0,0,0,0,1,0,0,E
15353,0,0,0,0,0,0,0,0,1,0,0,E
15354,0,0,0,0,0,0,0,0,1,0,0,E
15355,0,0,0,0,0,0,0,0,1,0,0,E
15356,0,0,0,0,0,0,0,0,1,0,0,E
15357,0,0,0,0,0,0,0,0,1,0,0,E
15358,0,0,0,0,0,0,0,0,1,0,0,E
15359,0,0,0,0,0,0,0,0,1,0,0,E
15360,0,0,0,0,0,0,0,0,1,0,0,E
15361,0,0,0,0,0,0,0,0,1,0,0,E
15362,0,0,0,0,0,0,0,0,1,0,0,E
15363,0,0,0,0,0,0,0,0,1,0,0,E
15364,0,0,0,0,0,0,0,0,1,0,0,E
15365,0,0,0,0,0,0,0,0,1,0,0,E
15366,0,0,0,0,0,0,0,0,1,0,0,E
15367,0,0,0,0,0,0,0,0,1,0,0,E
15368,0,0,0,0,0,0,0,0,1,0,0,E
15369,0,0,0,0,0,0,0,0,1,0,0,E
15370,0,0,0,0,0,0,0,0,1,0,0,E
15371,0,0,0,0,0,0,0,0,1,0,0,E
15372,0,0,0,0,0,0,0,0,1,0,0,E
15373,0,0,0,0,0,0,0,0,1,0,0,E
15374,0,0,0,0,0,0,0,0,1,0,0,E
15375,0,0,0,0,0,0,0,0,1,0,0,E
15376,0,0,0,0,0,0,0,0,1,0,0,E
15377,0,0,0,0,0,0,0,0,1,0,0,E
15378,0,0,0,0,0,0,0,0,1,0,0,E
15379,0,0,0,0,0,0,0,0,1,0,0,E
15380,0,0,0,0,0,0,0,0,1,0,0,E
15381,0,0,0,0,0,0,0,0,1,0,0,E
15382,0,0,0,0,0,0,0,0,1,0,0,E
15383,0,0,0,0,0,0,0,0,1,0,0,E
15384,0,0,0,0,0,0,0,0,1,0,0,E
15385,0,0,0,0,0,0,0,0,1,0,0,E
15386,0,0,0,0,0,0,0,0,1,0,0,E
15387,0,0,0,0,0,0,0,0,1,0,0,E
15388,0,0,0,0,0,0,0,0,1,0,0,E
15389,0,0,0,0,0,0,0,0,1,0,0,E
15390,0,0,0,0,0,0,0,0,1,0,0,E
15391,0,0,0,0,0,0,0,0,1,0,0,E
15392,0,0,0,0,0,0,0,0,1,0,0,E
15393,0,0,0,0,0,0,0,0,1,0,0,E
15394,0,0,0,0,0,0,0,0,1,0,0,E
15395,0,0,0,0,0,0,0,0,1,0,0,E
15396,0,0,0,0,0,0,0,0,1,0,0,E
15397,0,0,0,0,0,0,0,0,1,0,0,E
15398,0,0,0,0,0,0,0,0,1,0,0,E
15399,0,0,0,0,0,0,0,0,1,0,0,E
15400,0,0,0,0,0,0,0,0,1,0,0,E
15401,0,0,0,0,0,0,0,0,1,0,0,E
15402,0,0,0,0,0,0,0,0,1,0,0,E
15403,0,0,0,0,0,0,0,0,1,0,0,E
15404,0,0,0,0,0,0,0,0,1,0,0,E
15405,0,0,0,0,0,0,0,0,1,0,0,E
15406,0,0,0,0,0,0,0,0,1,0,0,E
15407,0,0,0,0,0,0,0,0,1,0,0,E
15408,0,0,0,0,0,0,0,0,1,0,0,E
15409,0,0,0,0,0,0,0,0,1,0,0,E
15410,0,0,0,0,0,0,0,0,1,0,0,E
15411,0,0,0,0,0,0,0,0,1,0,0,E
15412,0,0,0,0,0,0,0,0,1,0,0,E
15413,0,0,0,0,0,0,0,0,1,0,0,E
15414,0,0,0,0,0,0,0,0,1,0,0,E
15415,0,0,0,0,0,0,0,0,1,0,0,E
15416,0,0,0,0,0,0,0,0,1,0,0,E
15417,0,0,0,0,0,0,0,0,1,0,0,E
15418,0,0,0,0,0,0,0,0,1,0,0,E
15419,0,0,0,0,0,0,0,0,1,0,0,E
15420,0,0,0,0,0,0,0,0,1,0,0,E
15421,0,0,0,0,0,0,0,0,1,0,0,E
15422,0,0,0,0,0,0,0,0,1,0,0,E
15423,0,0,0,0,0,0,0,0,1,0,0,E
15424,0,0,0,0,0,0,0,0,1,0,0,E
15425,0,0,0,0,0,0,0,0,1,0,0,E
15426,0,0,0,0,0,0,0,0,1,0,0,E
15427,0,0,0,0,0,0,0,0,1,0,0,E
15428,0,0,0,0,0,0,0,0,1,0,0,E
15429,0,0,0,0,0,0,0,0,1,0,0,E
15430,0,0,0,0,0,0,0,0,1,0,0,E
15431,0,0,0,0,0,0,0,0,1,0,0,E
15432,0,0,0,0,0,0,0,0,1,0,0,E
15433,0,0,0,0,0,0,0,0,1,0,0,E
15434,0,0,0,0,0,0,0,0,1,0,0,E
15435,0,0,0,0,0,0,0,0,1,0,0,E
15436,0,0,0,0,0,0,0,0,1,0,0,E
15437,0,0,0,0,0,0,0,0,1,0,0,E
15438,0,0,0,0,0,0,0,0,1,0,0,E
15439,0,0,0,0,0,0,0,0,1,0,0,E
15440,0,0,0,0,0,0,0,0,1,0,0,E
15441,0,0,0,0,0,0,0,0,1,0,0,E
15442,0,0,0,0,0,0,0,0,1,0,0,E
15443,0,0,0,0,0,0,0,0,1,0,0,E
15444,0,0,0,0,0,0,0,0,1,0,0,E
15445,0,0,0,0,0,0,0,0,1,0,0,E
15446,0,0,0,0,0,0,0,0,1,0,0,E
15447,0,0,0,0,0,0,0,0,1,0,0,E
15448,0,0,0,0,0,0,0,0,1,0,0,E
15449,0,0,0,0,0,0,0,0,1,0,0,E
15450,0,0,0,0,0,0,0,0,1,0,0,E
15451,0,0,0,0,0,0,0,0,1,0,0,E
15452,0,0,0,0,0,0,0,0,1,0,0,E
15453,0,0,0,0,0,0,0,0,1,0,0,E
15454,0,0,0,0,0,0,0,0,1,0,0,E
15455,0,0,0,0,0,0,0,0,1,0,0,E
15456,0,0,0,0,0,0,0,0,1,0,0,E
15457,0,0,0,0,0,0,0,0,1,0,0,E
15458,0,0,0,0,0,0,0,0,1,0,0,E
15459,0,0,0,0,0,0,0,0,1,0,0,E
15460,0,0,0,0,0,0,0,0,1,0,0,E
15461,0,0,0,0,0,0,0,0,1,0,0,E
15462,0,0,0,0,0,0,0,0,1,0,0,E
15463,0,0,0,0,0,0,0,0,1,0,0,E
15464,0,0,0,0,0,0,0,0,1,0,0,E
15465,0,0,0,0,0,0,0,0,1,0,0,E
15466,0,0,0,0,0,0,0,0,1,0,0,E
15467,0,0,0,0,0,0,0,0,1,0,0,E
15468,0,0,0,0,0,0,0,0,1,0,0,E
15469,0,0,0,0,0,0,0,0,1,0,0,E
15470,0,0,0,0,0,0,0,0,1,0,0,E
15471,0,0,0,0,0,0,0,0,1,0,0,E
15472,0,0,0,0,0,0,0,0,1,0,0,E
15473,0,0,0,0,0,0,0,0,1,0,0,E
15474,0,0,0,0,0,0,0,0,1,0,0,E
15475,0,0,0,0,0,0,0,0,1,0,0,E
15476,0,0,0,0,0,0,0,0,1,0,0,E
15477,0,0,0,0,0,0,0,0,1,0,0,E
15478,0,0,0,0,0,0,0,0,1,0,0,E
15479,0,0,0,0,0,0,0,0,1,0,0,E
15480,0,0,0,0,0,0,0,0,1,0,0,E
15481,0,0,0,0,0,0,0,0,1,0,0,E
15482,0,0,0,0,0,0,0,0,1,0,0,E
15483,0,0,0,0,0,0,0,0,1,0,0,E
15484,0,0,0,0,0,0,0,0,1,0,0,E
15485,0,0,0,0,0,0,0,0,1,0,0,E
15486,0,0,0,0,0,0,0,0,1,0,0,E
15487,0,0,0,0,0,0,0,0,1,0,0,E
15488,0,0,0,0,0,0,0,0,1,0,0,E
15489,0,0,0,0,0,0,0,0,1,0,0,E
15490,0,0,0,0,0,0,0,0,1,0,0,E
15491,0,0,0,0,0,0,0,0,1,0,0,E
15492,0,0,0,0,0,0,0,0,1,0,0,E
15493,0,0,0,0,0,0,0,0,1,0,0,E
15494,0,0,0,0,0,0,0,0,1,0,0,E
15495,0,0,0,0,0,0,0,0,1,0,0,E
15496,0,0,0,0,0,0,0,0,1,0,0,E
15497,0,0,0,0,0,0,0,0,1,0,0,E
15498,0,0,0,0,0,0,0,0,1,0,0,E
15499,0,0,0,0,0,0,0,0,1,0,0,E
15500,0,0,0,0,0,0,0,0,1,0,0,E
15501,0,0,0,0,0,0,0,0,1,0,0,E
15502,0,0,0,0,0,0,0,0,1,0,0,E
15503,0,0,0,0,0,0,0,0,1,0,0,E
15504,0,0,0,0,0,0,0,0,1,0,0,E
15505,0,0,0,0,0,0,0,0,1,0,0,E
15506,0,0,0,0,0,0,0,0,1,0,0,E
15507,0,0,0,0,0,0,0,0,1,0,0,E
15508,0,0,0,0,0,0,0,0,1,0,0,E
15509,0,0,0,0,0,0,0,0,1,0,0,E
15510,0,0,0,0,0,0,0,0,1,0,0,E
15511,0,0,0,0,0,0,0,0,1,0,0,E
15512,0,0,0,0,0,0,0,0,1,0,0,E
15513,0,0,0,0,0,0,0,0,1,0,0,E
15514,0,0,0,0,0,0,0,0,1,0,0,E
15515,0,0,0,0,0,0,0,0,1,0,0,E
15516,0,0,0,0,0,0,0,0,1,0,0,E
15517,0,0,0,0,0,0,0,0,1,0,0,E
15518,0,0,0,0,0,0,0,0,1,0,0,E
15519,0,0,0,0,0,0,0,0,1,0,0,E
15520,0,0,0,0,0,0,0,0,1,0,0,E
15521,0,0,0,0,0,0,0,0,1,0,0,E
15522,0,0,0,0,0,0,0,0,1,0,0,E
15523,0,0,0,0,0,0,0,0,1,0,0,E
15524,0,0,0,0,0,0,0,0,1,0,0,E
15525,0,0,0,0,0,0,0,0,1,0,0,E
15526,0,0,0,0,0,0,0,0,1,0,0,E
15527,0,0,0,0,0,0,0,0,1,0,0,E
15528,0,0,0,0,0,0,0,0,1,0,0,E
15529,0,0,0,0,0,0,0,0,1,0,0,E
15530,0,0,0,0,0,0,0,0,1,0,0,E
15531,0,0,0,0,0,0,0,0,1,0,0,E
15532,0,0,0,0,0,0,0,0,1,0,0,E
15533,0,0,0,0,0,0,0,0,1,0,0,E
15534,0,0,0,0,0,0,0,0,1,0,0,E
15535,0,0,0,0,0,0,0,0,1,0,0,E
15536,0,0,0,0,0,0,0,0,1,0,0,E
15537,0,0,0,0,0,0,0,0,1,0,0,E
15538,0,0,0,0,0,0,0,0,1,0,0,E
15539,0,0,0,0,0,0,0,0,1,0,0,E
15540,0,0,0,0,0,0,0,0,1,0,0,E
15541,0,0,0,0,0,0,0,0,1,0,0,E
15542,0,0,0,0,0,0,0,0,1,0,0,E
15543,0,0,0,0,0,0,0,0,1,0,0,E
15544,0,0,0,0,0,0,0,0,1,0,0,E
15545,0,0,0,0,0,0,0,0,1,0,0,E
15546,0,0,0,0,0,0,0,0,1,0,0,E
15547,0,0,0,0,0,0,0,0,1,0,0,E
15548,0,0,0,0,0,0,0,0,1,0,0,E
15549,0,0,0,0,0,0,0,0,1,0,0,E
15550,0,0,0,0,0,0,0,0,1,0,0,E
15551,0,0,0,0,0,0,0,0,1,0,0,E
15552,0,0,0,0,0,0,0,0,1,0,0,E
15553,0,0,0,0,0,0,0,0,1,0,0,E
15554,0,0,0,0,0,0,0,0,1,0,0,E
15555,0,0,0,0,0,0,0,0,1,0,0,E
15556,0,0,0,0,0,0,0,0,1,0,0,E
15557,0,0,0,0,0,0,0,0,1,0,0,E
15558,0,0,0,0,0,0,0,0,1,0,0,E
15559,0,0,0,0,0,0,0,0,1,0,0,E
15560,0,0,0,0,0,0,0,0,1,0,0,E
15561,0,0,0,0,0,0,0,0,1,0,0,E
15562,0,0,0,0,0,0,0,0,1,0,0,E
15563,0,0,0,0,0,0,0,0,1,0,0,E
15564,0,0,0,0,0,0,0,0,1,0,0,E
15565,0,0,0,0,0,0,0,0,1,0,0,E
15566,0,0,0,0,0,0,0,0,1,0,0,E
15567,0,0,0,0,0,0,0,0,1,0,0,E
15568,0,0,0,0,0,0,0,0,1,0,0,E
15569,0,0,0,0,0,0,0,0,1,0,0,E
15570,0,0,0,0,0,0,0,0,1,0,0,E
15571,0,0,0,0,0,0,0,0,1,0,0,E
15572,0,0,0,0,0,0,0,0,1,0,0,E
15573,0,0,0,0,0,0,0,0,1,0,0,E
15574,0,0,0,0,0,0,0,0,1,0,0,E
15575,0,0,0,0,0,0,0,0,1,0,0,E
15576,0,0,0,0,0,0,0,0,1,0,0,E
15577,0,0,0,0,0,0,0,0,1,0,0,E
15578,0,0,0,0,0,0,0,0,1,0,0,E
15579,0,0,0,0,0,0,0,0,1,0,0,E
15580,0,0,0,0,0,0,0,0,1,0,0,E
15581,0,0,0,0,0,0,0,0,1,0,0,E
15582,0,0,0,0,0,0,0,0,1,0,0,E
15583,0,0,0,0,0,0,0,0,1,0,0,E
15584,0,0,0,0,0,0,0,0,1,0,0,E
15585,0,0,0,0,0,0,0,0,1,0,0,E
15586,0,0,0,0,0,0,0,0,1,0,0,E
15587,0,0,0,0,0,0,0,0,1,0,0,E
15588,0,0,0,0,0,0,0,0,1,0,0,E
15589,0,0,0,0,0,0,0,0,1,0,0,E
15590,0,0,0,0,0,0,0,0,1,0,0,E
15591,0,0,0,0,0,0,0,0,1,0,0,E
15592,0,0,0,0,0,0,0,0,1,0,0,E
15593,0,0,0,0,0,0,0,0,1,0,0,E
15594,0,0,0,0,0,0,0,0,1,0,0,E
15595,0,0,0,0,0,0,0,0,1,0,0,E
15596,0,0,0,0,0,0,0,0,1,0,0,E
15597,0,0,0,0,0,0,0,0,1,0,0,E
15598,0,0,0,0,0,0,0,0,1,0,0,E
15599,0,0,0,0,0,0,0,0,1,0,0,E
15600,0,0,0,0,0,0,0,0,1,0,0,E
15601,0,0,0,0,0,0,0,0,1,0,0,E
15602,0,0,0,0,0,0,0,0,1,0,0,E
15603,0,0,0,0,0,0,0,0,1,0,0,E
15604,0,0,0,0,0,0,0,0,1,0,0,E
15605,0,0,0,0,0,0,0,0,1,0,0,E
15606,0,0,0,0,0,0,0,0,1,0,0,E
15607,0,0,0,0,0,0,0,0,1,0,0,E
15608,0,0,0,0,0,0,0,0,1,0,0,E
15609,0,0,0,0,0,0,0,0,1,0,0,E
15610,0,0,0,0,0,0,0,0,1,0,0,E
15611,0,0,0,0,0,0,0,0,1,0,0,E
15612,0,0,0,0,0,0,0,0,1,0,0,E
15613,0,0,0,0,0,0,0,0,1,0,0,E
15614,0,0,0,0,0,0,0,0,1,0,0,E
15615,0,0,0,0,0,0,0,0,1,0,0,E
15616,0,0,0,0,0,0,0,0,1,0,0,E
15617,0,0,0,0,0,0,0,0,1,0,0,E
15618,0,0,0,0,0,0,0,0,1,0,0,E
15619,0,0,0,0,0,0,0,0,1,0,0,E
15620,0,0,0,0,0,0,0,0,1,0,0,E
15621,0,0,0,0,0,0,0,0,1,0,0,E
15622,0,0,0,0,0,0,0,0,1,0,0,E
15623,0,0,0,0,0,0,0,0,1,0,0,E
15624,0,0,0,0,0,0,0,0,1,0,0,E
15625,0,0,0,0,0,0,0,0,1,0,0,E
15626,0,0,0,0,0,0,0,0,1,0,0,E
15627,0,0,0,0,0,0,0,0,1,0,0,E
15628,0,0,0,0,0,0,0,0,1,0,0,E
15629,0,0,0,0,0,0,0,0,1,0,0,E
15630,0,0,0,0,0,0,0,0,1,0,0,E
15631,0,0,0,0,0,0,0,0,1,0,0,E
15632,0,0,0,0,0,0,0,0,1,0,0,E
15633,0,0,0,0,0,0,0,0,1,0,0,E
15634,0,0,0,0,0,0,0,0,1,0,0,E
15635,0,0,0,0,0,0,0,0,1,0,0,E
15636,0,0,0,0,0,0,0,0,1,0,0,E
15637,0,0,0,0,0,0,0,0,1,0,0,E
15638,0,0,0,0,0,0,0,0,1,0,0,E
15639,0,0,0,0,0,0,0,0,1,0,0,E
15640,0,0,0,0,0,0,0,0,1,0,0,E
15641,0,0,0,0,0,0,0,0,1,0,0,E
15642,0,0,0,0,0,0,0,0,1,0,0,E
15643,0,0,0,0,0,0,0,0,1,0,0,E
15644,0,0,0,0,0,0,0,0,1,0,0,E
15645,0,0,0,0,0,0,0,0,1,0,0,E
15646,0,0,0,0,0,0,0,0,1,0,0,E
15647,0,0,0,0,0,0,0,0,1,0,0,E
15648,0,0,0,0,0,0,0,0,1,0,0,E
15649,0,0,0,0,0,0,0,0,1,0,0,E
15650,0,0,0,0,0,0,0,0,1,0,0,E
15651,0,0,0,0,0,0,0,0,1,0,0,E
15652,0,0,0,0,0,0,0,0,1,0,0,E
15653,0,0,0,0,0,0,0,0,1,0,0,E
15654,0,0,0,0,0,0,0,0,1,0,0,E
15655,0,0,0,0,0,0,0,0,1,0,0,E
15656,0,0,0,0,0,0,0,0,1,0,0,E
15657,0,0,0,0,0,0,0,0,1,0,0,E
15658,0,0,0,0,0,0,0,0,1,0,0,E
15659,0,0,0,0,0,0,0,0,1,0,0,E
15660,0,0,0,0,0,0,0,0,1,0,0,E
15661,0,0,0,0,0,0,0,0,1,0,0,E
15662,0,0,0,0,0,0,0,0,1,0,0,E
15663,0,0,0,0,0,0,0,0,1,0,0,E
15664,0,0,0,0,0,0,0,0,1,0,0,E
15665,0,0,0,0,0,0,0,0,1,0,0,E
15666,0,0,0,0,0,0,0,0,1,0,0,E
15667,0,0,0,0,0,0,0,0,1,0,0,E
15668,0,0,0,0,0,0,0,0,1,0,0,E
15669,0,0,0,0,0,0,0,0,1,0,0,E
15670,0,0,0,0,0,0,0,0,1,0,0,E
15671,0,0,0,0,0,0,0,0,1,0,0,E
15672,0,0,0,0,0,0,0,0,1,0,0,E
15673,0,0,0,0,0,0,0,0,1,0,0,E
15674,0,0,0,0,0,0,0,0,1,0,0,E
15675,0,0,0,0,0,0,0,0,1,0,0,E
15676,0,0,0,0,0,0,0,0,1,0,0,E
15677,0,0,0,0,0,0,0,0,1,0,0,E
15678,0,0,0,0,0,0,0,0,1,0,0,E
15679,0,0,0,0,0,0,0,0,1,0,0,E
15680,0,0,0,0,0,0,0,0,1,0,0,E
15681,0,0,0,0,0,0,0,0,1,0,0,E
15682,0,0,0,0,0,0,0,0,1,0,0,E
15683,0,0,0,0,0,0,0,0,1,0,0,E
15684,0,0,0,0,0,0,0,0,1,0,0,E
15685,0,0,0,0,0,0,0,0,1,0,0,E
15686,0,0,0,0,0,0,0,0,1,0,0,E
15687,0,0,0,0,0,0,0,0,1,0,0,E
15688,0,0,0,0,0,0,0,0,1,0,0,E
15689,0,0,0,0,0,0,0,0,1,0,0,E
15690,0,0,0,0,0,0,0,0,1,0,0,E
15691,0,0,0,0,0,0,0,0,1,0,0,E
15692,0,0,0,0,0,0,0,0,1,0,0,E
15693,0,0,0,0,0,0,0,0,1,0,0,E
15694,0,0,0,0,0,0,0,0,1,0,0,E
15695,0,0,0,0,0,0,0,0,1,0,0,E
15696,0,0,0,0,0,0,0,0,1,0,0,E
15697,0,0,0,0,0,0,0,0,1,0,0,E
15698,0,0,0,0,0,0,0,0,1,0,0,E
15699,0,0,0,0,0,0,0,0,1,0,0,E
15700,0,0,0,0,0,0,0,0,1,0,0,E
15701,0,0,0,0,0,0,0,0,1,0,0,E
15702,0,0,0,0,0,0,0,0,1,0,0,E
15703,0,0,0,0,0,0,0,0,1,0,0,E
15704,0,0,0,0,0,0,0,0,1,0,0,E
15705,0,0,0,0,0,0,0,0,1,0,0,E
15706,0,0,0,0,0,0,0,0,1,0,0,E
15707,0,0,0,0,0,0,0,0,1,0,0,E
15708,0,0,0,0,0,0,0,0,1,0,0,E
15709,0,0,0,0,0,0,0,0,1,0,0,E
15710,0,0,0,0,0,0,0,0,1,0,0,E
15711,0,0,0,0,0,0,0,0,1,0,0,E
15712,0,0,0,0,0,0,0,0,1,0,0,E
15713,0,0,0,0,0,0,0,0,1,0,0,E
15714,0,0,0,0,0,0,0,0,1,0,0,E
15715,0,0,0,0,0,0,0,0,1,0,0,E
15716,0,0,0,0,0,0,0,0,1,0,0,E
15717,0,0,0,0,0,0,0,0,1,0,0,E
15718,0,0,0,0,0,0,0,0,1,0,0,E
15719,0,0,0,0,0,0,0,0,1,0,0,E
15720,0,0,0,0,0,0,0,0,1,0,0,E
15721,0,0,0,0,0,0,0,0,1,0,0,E
15722,0,0,0,0,0,0,0,0,1,0,0,E
15723,0,0,0,0,0,0,0,0,1,0,0,E
15724,0,0,0,0,0,0,0,0,1,0,0,E
15725,0,0,0,0,0,0,0,0,1,0,0,E
15726,0,0,0,0,0,0,0,0,1,0,0,E
15727,0,0,0,0,0,0,0,0,1,0,0,E
15728,0,0,0,0,0,0,0,0,1,0,0,E
15729,0,0,0,0,0,0,0,0,1,0,0,E
15730,0,0,0,0,0,0,0,0,1,0,0,E
15731,0,0,0,0,0,0,0,0,1,0,0,E
15732,0,0,0,0,0,0,0,0,1,0,0,E
15733,0,0,0,0,0,0,0,0,1,0,0,E
15734,0,0,0,0,0,0,0,0,1,0,0,E
15735,0,0,0,0,0,0,0,0,1,0,0,E
15736,0,0,0,0,0,0,0,0,1,0,0,E
15737,0,0,0,0,0,0,0,0,1,0,0,E
15738,0,0,0,0,0,0,0,0,1,0,0,E
15739,0,0,0,0,0,0,0,0,1,0,0,E
15740,0,0,0,0,0,0,0,0,1,0,0,E
15741,0,0,0,0,0,0,0,0,1,0,0,E
15742,0,0,0,0,0,0,0,0,1,0,0,E
15743,0,0,0,0,0,0,0,0,1,0,0,E
15744,0,0,0,0,0,0,0,0,1,0,0,E
15745,0,0,0,0,0,0,0,0,1,0,0,E
15746,0,0,0,0,0,0,0,0,1,0,0,E
15747,0,0,0,0,0,0,0,0,1,0,0,E
15748,0,0,0,0,0,0,0,0,1,0,0,E
15749,0,0,0,0,0,0,0,0,1,0,0,E
15750,0,0,0,0,0,0,0,0,1,0,0,E
15751,0,0,0,0,0,0,0,0,1,0,0,E
15752,0,0,0,0,0,0,0,0,1,0,0,E
15753,0,0,0,0,0,0,0,0,1,0,0,E
15754,0,0,0,0,0,0,0,0,1,0,0,E
15755,0,0,0,0,0,0,0,0,1,0,0,E
15756,0,0,0,0,0,0,0,0,1,0,0,E
15757,0,0,0,0,0,0,0,0,1,0,0,E
15758,0,0,0,0,0,0,0,0,1,0,0,E
15759,0,0,0,0,0,0,0,0,1,0,0,E
15760,0,0,0,0,0,0,0,0,1,0,0,E
15761,0,0,0,0,0,0,0,0,1,0,0,E
15762,0,0,0,0,0,0,0,0,1,0,0,E
15763,0,0,0,0,0,0,0,0,1,0,0,E
15764,0,0,0,0,0,0,0,0,1,0,0,E
15765,0,0,0,0,0,0,0,0,1,0,0,E
15766,0,0,0,0,0,0,0,0,1,0,0,E
15767,0,0,0,0,0,0,0,0,1,0,0,E
15768,0,0,0,0,0,0,0,0,1,0,0,E
15769,0,0,0,0,0,0,0,0,1,0,0,E
15770,0,0,0,0,0,0,0,0,1,0,0,E
15771,0,0,0,0,0,0,0,0,1,0,0,E
15772,0,0,0,0,0,0,0,0,1,0,0,E
15773,0,0,0,0,0,0,0,0,1,0,0,E
15774,0,0,0,0,0,0,0,0,1,0,0,E
15775,0,0,0,0,0,0,0,0,1,0,0,E
15776,0,0,0,0,0,0,0,0,1,0,0,E
15777,0,0,0,0,0,0,0,0,1,0,0,E
15778,0,0,0,0,0,0,0,0,1,0,0,E
15779,0,0,0,0,0,0,0,0,1,0,0,E
15780,0,0,0,0,0,0,0,0,1,0,0,E
15781,0,0,0,0,0,0,0,0,1,0,0,E
15782,0,0,0,0,0,0,0,0,1,0,0,E
15783,0,0,0,0,0,0,0,0,1,0,0,E
15784,0,0,0,0,0,0,0,0,1,0,0,E
15785,0,0,0,0,0,0,0,0,1,0,0,E
15786,0,0,0,0,0,0,0,0,1,0,0,E
15787,0,0,0,0,0,0,0,0,1,0,0,E
15788,0,0,0,0,0,0,0,0,1,0,0,E
15789,0,0,0,0,0,0,0,0,1,0,0,E
15790,0,0,0,0,0,0,0,0,1,0,0,E
15791,0,0,0,0,0,0,0,0,1,0,0,E
15792,0,0,0,0,0,0,0,0,1,0,0,E
15793,0,0,0,0,0,0,0,0,1,0,0,E
15794,0,0,0,0,0,0,0,0,1,0,0,E
15795,0,0,0,0,0,0,0,0,1,0,0,E
15796,0,0,0,0,0,0,0,0,1,0,0,E
15797,0,0,0,0,0,0,0,0,1,0,0,E
15798,0,0,0,0,0,0,0,0,1,0,0,E
15799,0,0,0,0,0,0,0,0,1,0,0,E
15800,0,0,0,0,0,0,0,0,1,0,0,E
15801,0,0,0,0,0,0,0,0,1,0,0,E
15802,0,0,0,0,0,0,0,0,1,0,0,E
15803,0,0,0,0,0,0,0,0,1,0,0,E
15804,0,0,0,0,0,0,0,0,1,0,0,E
15805,0,0,0,0,0,0,0,0,1,0,0,E
15806,0,0,0,0,0,0,0,0,1,0,0,E
15807,0,0,0,0,0,0,0,0,1,0,0,E
15808,0,0,0,0,0,0,0,0,1,0,0,E
15809,0,0,0,0,0,0,0,0,1,0,0,E
15810,0,0,0,0,0,0,0,0,1,0,0,E
15811,0,0,0,0,0,0,0,0,1,0,0,E
15812,0,0,0,0,0,0,0,0,1,0,0,E
15813,0,0,0,0,0,0,0,0,1,0,0,E
15814,0,0,0,0,0,0,0,0,1,0,0,E
15815,0,0,0,0,0,0,0,0,1,0,0,E
15816,0,0,0,0,0,0,0,0,1,0,0,E
15817,0,0,0,0,0,0,0,0,1,0,0,E
15818,0,0,0,0,0,0,0,0,1,0,0,E
15819,0,0,0,0,0,0,0,0,1,0,0,E
15820,0,0,0,0,0,0,0,0,1,0,0,E
15821,0,0,0,0,0,0,0,0,1,0,0,E
15822,0,0,0,0,0,0,0,0,1,0,0,E
15823,0,0,0,0,0,0,0,0,1,0,0,E
15824,0,0,0,0,0,0,0,0,1,0,0,E
15825,0,0,0,0,0,0,0,0,1,0,0,E
15826,0,0,0,0,0,0,0,0,1,0,0,E
15827,0,0,0,0,0,0,0,0,1,0,0,E
15828,0,0,0,0,0,0,0,0,1,0,0,E
15829,0,0,0,0,0,0,0,0,1,0,0,E
15830,0,0,0,0,0,0,0,0,1,0,0,E
15831,0,0,0,0,0,0,0,0,1,0,0,E
15832,0,0,0,0,0,0,0,0,1,0,0,E
15833,0,0,0,0,0,0,0,0,1,0,0,E
15834,0,0,0,0,0,0,0,0,1,0,0,E
15835,0,0,0,0,0,0,0,0,1,0,0,E
15836,0,0,0,0,0,0,0,0,1,0,0,E
15837,0,0,0,0,0,0,0,0,1,0,0,E
15838,0,0,0,0,0,0,0,0,1,0,0,E
15839,0,0,0,0,0,0,0,0,1,0,0,E
15840,0,0,0,0,0,0,0,0,1,0,0,E
15841,0,0,0,0,0,0,0,0,1,0,0,E
15842,0,0,0,0,0,0,0,0,1,0,0,E
15843,0,0,0,0,0,0,0,0,1,0,0,E
15844,0,0,0,0,0,0,0,0,1,0,0,E
15845,0,0,0,0,0,0,0,0,1,0,0,E
15846,0,0,0,0,0,0,0,0,1,0,0,E
15847,0,0,0,0,0,0,0,0,1,0,0,E
15848,0,0,0,0,0,0,0,0,1,0,0,E
15849,0,0,0,0,0,0,0,0,1,0,0,E
15850,0,0,0,0,0,0,0,0,1,0,0,E
15851,0,0,0,0,0,0,0,0,1,0,0,E
15852,0,0,0,0,0,0,0,0,1,0,0,E
15853,0,0,0,0,0,0,0,0,1,0,0,E
15854,0,0,0,0,0,0,0,0,1,0,0,E
15855,0,0,0,0,0,0,0,0,1,0,0,E
15856,0,0,0,0,0,0,0,0,1,0,0,E
15857,0,0,0,0,0,0,0,0,1,0,0,E
15858,0,0,0,0,0,0,0,0,1,0,0,E
15859,0,0,0,0,0,0,0,0,1,0,0,E
15860,0,0,0,0,0,0,0,0,1,0,0,E
15861,0,0,0,0,0,0,0,0,1,0,0,E
15862,0,0,0,0,0,0,0,0,1,0,0,E
15863,0,0,0,0,0,0,0,0,1,0,0,E
15864,0,0,0,0,0,0,0,0,1,0,0,E
15865,0,0,0,0,0,0,0,0,1,0,0,E
15866,0,0,0,0,0,0,0,0,1,0,0,E
15867,0,0,0,0,0,0,0,0,1,0,0,E
15868,0,0,0,0,0,0,0,0,1,0,0,E
15869,0,0,0,0,0,0,0,0,1,0,0,E
15870,0,0,0,0,0,0,0,0,1,0,0,E
15871,0,0,0,0,0,0,0,0,1,0,0,E
15872,0,0,0,0,0,0,0,0,1,0,0,E
15873,0,0,0,0,0,0,0,0,1,0,0,E
15874,0,0,0,0,0,0,0,0,1,0,0,E
15875,0,0,0,0,0,0,0,0,1,0,0,E
15876,0,0,0,0,0,0,0,0,1,0,0,E
15877,0,0,0,0,0,0,0,0,1,0,0,E
15878,0,0,0,0,0,0,0,0,1,0,0,E
15879,0,0,0,0,0,0,0,0,1,0,0,E
15880,0,0,0,0,0,0,0,0,1,0,0,E
15881,0,0,0,0,0,0,0,0,1,0,0,E
15882,0,0,0,0,0,0,0,0,1,0,0,E
15883,0,0,0,0,0,0,0,0,1,0,0,E
15884,0,0,0,0,0,0,0,0,1,0,0,E
15885,0,0,0,0,0,0,0,0,1,0,0,E
15886,0,0,0,0,0,0,0,0,1,0,0,E
15887,0,0,0,0,0,0,0,0,1,0,0,E
15888,0,0,0,0,0,0,0,0,1,0,0,E
15889,0,0,0,0,0,0,0,0,1,0,0,E
15890,0,0,0,0,0,0,0,0,1,0,0,E
15891,0,0,0,0,0,0,0,0,1,0,0,E
15892,0,0,0,0,0,0,0,0,1,0,0,E
15893,0,0,0,0,0,0,0,0,1,0,0,E
15894,0,0,0,0,0,0,0,0,1,0,0,E
15895,0,0,0,0,0,0,0,0,1,0,0,E
15896,0,0,0,0,0,0,0,0,1,0,0,E
15897,0,0,0,0,0,0,0,0,1,0,0,E
15898,0,0,0,0,0,0,0,0,1,0,0,E
15899,0,0,0,0,0,0,0,0,1,0,0,E
15900,0,0,0,0,0,0,0,0,1,0,0,E
15901,0,0,0,0,0,0,0,0,1,0,0,E
15902,0,0,0,0,0,0,0,0,1,0,0,E
15903,0,0,0,0,0,0,0,0,1,0,0,E
15904,0,0,0,0,0,0,0,0,1,0,0,E
15905,0,0,0,0,0,0,0,0,1,0,0,E
15906,0,0,0,0,0,0,0,0,1,0,0,E
15907,0,0,0,0,0,0,0,0,1,0,0,E
15908,0,0,0,0,0,0,0,0,1,0,0,E
15909,0,0,0,0,0,0,0,0,1,0,0,E
15910,0,0,0,0,0,0,0,0,1,0,0,E
15911,0,0,0,0,0,0,0,0,1,0,0,E
15912,0,0,0,0,0,0,0,0,1,0,0,E
15913,0,0,0,0,0,0,0,0,1,0,0,E
15914,0,0,0,0,0,0,0,0,1,0,0,E
15915,0,0,0,0,0,0,0,0,1,0,0,E
15916,0,0,0,0,0,0,0,0,1,0,0,E
15917,0,0,0,0,0,0,0,0,1,0,0,E
15918,0,0,0,0,0,0,0,0,1,0,0,E
15919,0,0,0,0,0,0,0,0,1,0,0,E
15920,0,0,0,0,0,0,0,0,1,0,0,E
15921,0,0,0,0,0,0,0,0,1,0,0,E
15922,0,0,0,0,0,0,0,0,1,0,0,E
15923,0,0,0,0,0,0,0,0,1,0,0,E
15924,0,0,0,0,0,0,0,0,1,0,0,I
15925,0,0,0,0,0,0,0,0,1,0,0,I
15926,0,0,0,0,0,0,0,0,1,0,0,I
15927,0,0,0,0,0,0,0,0,1,0,0,I
15928,0,0,0,0,0,0,0,0,1,0,0,I
15929,0,0,0,0,0,0,0,0,1,0,0,I
15930,0,0,0,0,0,0,0,0,0,0,0,I
15931,0,0,0,0,0,0,0,0,0,0,0,I
15932,0,0,0,0,0,0,0,0,0,0,0,I
15933,0,0,0,0,0,0,0,0,0,0,0,I
15934,0,0,0,0,0,0,0,0,0,0,0,I
15935,0,0,0,0,0,0,0,0,0,0,0,I
15936,0,0,0,0,0,0,0,0,0,0,0,I
15937,0,0,0,0,0,0,0,0,0,0,0,I
15938,0,0,0,0,0,0,0,0,0,0,0,I
15939,0,0,0,0,0,0,0,0,0,0,0,I
15940,0,0,0,0,0,0,0,0,0,0,0,I
15941,0,0,0,0,0,0,0,0,0,0,0,I
15942,0,0,0,0,0,0,0,0,0,0,0,I
15943,0,0,0,0,0,0,0,0,0,0,0,I
15944,0,0,0,0,0,0,0,0,0,0,0,I
15945,0,0,0,0,0,0,0,0,0,0,0,I
15946,0,0,0,0,0,0,0,0,0,0,0,D
15947,0,0,0,0,0,0,0,0,0,0,0,D
15948,0,0,0,0,0,0,0,0,0,0,0,D
15949,0,0,0,0,0,0,0,0,0,0,0,D
15950,0,0,0,0,0,0,0,0,0,0,0,D
15951,0,0,0,0,0,0,0,0,0,0,0,D
15952,0,0,0,0,0,0,0,1,0,0,0,D
15953,0,0,0,0,0,0,0,1,0,0,0,D
15954,0,0,0,0,0,0,0,1,0,0,0,D
15955,0,0,0,0,0,0,0,1,0,0,0,D
15956,0,0,0,0,0,0,0,1,0,0,0,D
15957,0,0,0,0,0,0,0,1,0,0,0,D
15958,0,0,0,0,0,0,0,1,0,0,0,D
15959,0,0,0,0,0,0,0,1,0,0,0,D
15960,0,0,0,0,0,0,0,1,0,0,0,D
15961,0,0,0,0,0,0,0,1,0,0,0,D
15962,0,0,0,0,0,0,0,1,0,0,0,D
15963,0,0,0,0,0,0,0,1,0,0,0,D
15964,0,0,0,0,0,0,0,1,0,0,0,D
15965,0,0,0,0,0,0,0,1,0,0,0,D
15966,0,0,0,0,0,0,0,1,0,0,0,D
15967,0,0,0,0,0,0,0,1,0,0,0,D
15968,0,0,0,0,0,0,0,1,0,0,0,D
15969,0,0,0,0,0,0,0,1,0,0,0,D
15970,0,0,0,0,0,0,0,1,0,0,0,D
15971,0,0,0,0,0,0,0,1,0,0,0,D
15972,0,0,0,0,0,0,0,1,0,0,0,D
15973,0,0,0,0,0,0,0,1,0,0,0,D
15974,0,0,0,0,0,0,0,1,0,0,0,D
15975,0,0,0,0,0,0,0,1,0,0,0,D
15976,0,0,0,0,0,0,0,1,0,0,0,D
15977,0,0,0,0,0,0,0,1,0,0,0,D
15978,0,0,0,0,0,0,0,1,0,0,0,D
15979,0,0,0,0,0,0,0,1,0,0,0,D
15980,0,0,0,0,0,0,0,1,0,0,0,D
15981,0,0,0,0,0,0,0,1,0,0,0,D
15982,0,0,0,0,0,0,0,1,0,0,0,D
15983,0,0,0,0,0,0,0,1,0,0,0,D
15984,0,0,0,0,0,0,0,1,0,0,0,D
15985,0,0,0,0,0,0,0,1,0,0,0,D
15986,0,0,0,0,0,0,0,1,0,0,0,D
15987,0,0,0,0,0,0,0,1,0,0,0,D
15988,0,0,0,0,0,0,0,1,0,0,0,D
15989,0,0,0,0,0,0,0,1,0,0,0,D
15990,0,0,0,0,0,0,0,1,0,0,0,D
15991,0,0,0,0,0,0,0,1,0,0,0,D
15992,0,0,0,0,0,0,0,1,0,0,0,D
15993,0,0,0,0,0,0,0,1,0,0,0,D
15994,0,0,0,0,0,0,0,1,0,0,0,D
15995,0,0,0,0,0,0,0,1,0,0,0,D
15996,0,0,0,0,0,0,0,1,0,0,0,D
15997,0,0,0,0,0,0,0,1,0,0,0,D
15998,0,0,0,0,0,0,0,1,0,0,0,D
15999,0,0,0,0,0,0,0,1,0,0,0,D
16000,0,0,0,0,0,0,0,1,0,0,0,D
16001,0,0,0,0,0,0,0,1,0,0,0,D
16002,0,0,0,0,0,0,0,1,0,0,0,D
16003,0,0,0,0,0,0,0,1,0,0,0,D
16004,0,0,0,0,0,0,0,1,0,0,0,D
16005,0,0,0,0,0,0,0,1,0,0,0,D
16006,0,0,0,0,0,0,0,1,0,0,0,D
16007,0,0,0,0,0,0,0,1,0,0,0,D
16008,0,0,0,0,0,0,0,1,0,0,0,D
16009,0,0,0,0,0,0,0,1,0,1,0,D
16010,0,0,0,0,0,0,0,1,0,1,0,D
16011,0,0,0,0,0,0,0,1,0,1,0,D
16012,0,0,0,0,0,0,0,1,0,1,0,D
16013,0,0,0,0,0,0,0,1,0,1,0,D
16014,0,0,0,0,0,0,0,1,0,1,0,D
16015,0,0,0,0,0,0,0,1,0,1,0,D
16016,0,0,0,0,0,0,0,1,0,1,0,D
16017,0,0,0,0,0,0,0,1,0,1,0,D
16018,0,0,0,0,0,0,0,1,0,1,0,D
16019,0,0,0,0,0,0,0,1,0,1,0,D
16020,0,0,0,0,0,0,0,1,0,1,0,D
16021,0,0,0,0,0,0,0,1,0,1,0,D
16022,0,0,0,0,0,0,0,1,0,1,0,D
16023,0,0,0,0,0,0,0,1,0,1,0,D
16024,0,0,0,0,0,0,0,1,0,1,0,D
16025,0,0,0,0,0,0,0,1,0,1,0,D
16026,0,0,0,0,0,0,0,1,0,1,0,D
16027,0,0,0,0,0,0,0,1,0,1,0,D
16028,0,0,0,0,0,0,0,1,0,1,0,D
16029,0,0,0,0,0,0,0,1,0,1,0,D
16030,0,0,0,0,0,0,0,1,0,1,0,D
16031,0,0,0,0,0,0,0,1,0,1,0,D
16032,0,0,0,0,0,0,0,1,0,1,0,D
16033,0,0,0,0,0,0,0,1,0,1,0,D
16034,0,0,0,0,0,0,0,1,0,1,0,D
16035,0,0,0,0,0,0,0,1,0,1,0,D
16036,0,0,0,0,0,0,0,1,0,1,0,D
16037,0,0,0,0,0,0,0,1,0,1,0,D
16038,0,0,0,0,0,0,0,1,0,1,0,D
16039,0,0,0,0,0,0,0,1,0,1,0,D
16040,0,0,0,0,0,0,0,1,0,1,0,D
16041,0,0,0,0,0,0,0,1,0,1,0,D
16042,0,0,0,0,0,0,0,1,0,1,0,D
16043,0,0,0,0,0,0,0,1,0,1,0,D
16044,0,0,0,0,0,0,0,1,0,1,0,D
16045,0,0,0,0,0,0,0,1,0,1,0,D
16046,0,0,0,0,0,0,0,1,0,1,0,D
16047,0,0,0,0,0,0,0,1,0,1,0,D
16048,0,0,0,0,0,0,0,1,0,1,0,D
16049,0,0,0,0,0,0,0,1,0,1,0,D
16050,0,0,0,0,0,0,0,1,0,1,0,D
16051,0,0,0,0,0,0,0,1,0,1,0,D
16052,0,0,0,0,0,0,0,1,0,1,0,D
16053,0,0,0,0,0,0,0,1,0,1,0,D
16054,0,0,0,0,0,0,0,1,0,1,0,D
16055,0,0,0,0,0,0,0,1,0,1,0,D
16056,0,0,0,0,0,0,0,1,0,1,0,D
16057,0,0,0,0,0,0,0,1,0,1,0,D
16058,0,0,0,0,0,0,0,1,0,1,0,D
16059,0,0,0,0,0,0,0,1,0,1,0,D
16060,0,0,0,0,0,0,0,1,0,1,0,D
16061,0,0,0,0,0,0,0,1,0,1,0,D
16062,0,0,0,0,0,0,0,1,0,1,0,D
16063,0,0,0,0,0,0,0,1,0,1,0,D
16064,0,0,0,0,0,0,0,1,0,1,0,D
16065,0,0,0,0,0,0,0,1,0,1,0,D
16066,0,0,0,0,0,0,0,1,0,1,0,D
16067,0,0,0,0,0,0,0,1,0,1,0,D
16068,0,0,0,0,0,0,0,1,0,1,0,D
16069,0,0,0,0,0,0,0,1,0,1,0,D
16070,0,0,0,0,0,0,0,1,0,1,0,D
16071,0,0,0,0,0,0,0,1,0,1,0,D
16072,0,0,0,0,0,0,0,1,0,1,0,D
16073,0,0,0,0,0,0,0,1,0,1,0,D
16074,0,0,0,0,0,0,0,1,0,1,0,D
16075,0,0,0,0,0,0,0,1,0,1,0,D
16076,0,0,0,0,0,0,0,1,0,1,0,D
16077,0,0,0,0,0,0,0,1,0,1,0,D
16078,0,0,0,0,0,0,0,1,0,1,0,D
16079,0,0,0,0,0,0,0,1,0,1,0,D
16080,0,0,0,0,0,0,0,1,0,1,0,D
16081,0,0,0,0,0,0,0,1,0,1,0,D
16082,0,0,0,0,0,0,0,1,0,1,0,D
16083,0,0,0,0,0,0,0,1,0,1,0,D
16084,0,0,0,0,0,0,0,1,0,1,0,D
16085,0,0,0,0,0,0,0,1,0,1,0,D
16086,0,0,0,0,0,0,0,1,0,1,0,D
16087,0,0,0,0,0,0,0,1,0,1,0,D
16088,0,0,0,0,0,0,0,1,0,1,0,D
16089,0,0,0,0,0,0,0,1,0,1,0,D
16090,0,0,0,0,0,0,0,1,0,1,0,D
16091,0,0,0,0,0,0,0,1,0,1,0,D
16092,0,0,0,0,0,0,0,1,0,1,0,D
16093,0,0,0,0,0,0,0,1,0,1,0,D
16094,0,0,0,0,0,0,0,1,0,1,0,D
16095,0,0,0,0,0,0,0,1,0,1,0,D
16096,0,0,0,0,0,0,0,1,0,1,0,D
16097,0,0,0,0,0,0,0,1,0,1,0,D
16098,0,0,0,0,0,0,0,1,0,1,0,D
16099,0,0,0,0,0,0,0,1,0,1,0,D
16100,0,0,0,0,0,0,0,1,0,1,0,D
16101,0,0,0,0,0,0,0,1,0,1,0,D
16102,0,0,0,0,0,0,0,1,0,1,0,D
16103,0,0,0,0,0,0,0,1,0,1,0,D
16104,0,0,0,0,0,0,0,1,0,1,0,D
16105,0,0,0,0,0,0,0,1,0,1,0,D
16106,0,0,0,0,0,0,0,1,0,1,0,D
16107,0,0,0,0,0,0,0,1,0,1,0,D
16108,0,0,0,0,0,0,0,1,0,1,0,D
16109,0,0,0,0,0,0,0,1,0,1,0,D
16110,0,0,0,0,0,0,0,1,0,1,0,D
16111,0,0,0,0,0,0,0,1,0,1,0,D
16112,0,0,0,0,0,0,0,1,0,1,0,D
16113,0,0,0,0,0,0,0,1,0,1,0,D
16114,0,0,0,0,0,0,0,1,0,1,0,D
16115,0,0,0,0,0,0,0,1,0,1,0,D
16116,0,0,0,0,0,0,0,1,0,1,0,D
16117,0,0,0,0,0,0,0,1,0,1,0,D
16118,0,0,0,0,0,0,0,1,0,1,0,D
16119,0,0,0,0,0,0,0,1,0,1,0,D
16120,0,0,0,0,0,0,0,1,0,1,0,D
16121,0,0,0,0,0,0,0,1,0,1,0,D
16122,0,0,0,0,0,0,0,1,0,1,0,D
16123,0,0,0,0,0,0,0,1,0,1,0,D
16124,0,0,0,0,0,0,0,1,0,1,0,D
16125,0,0,0,0,0,0,0,1,0,1,0,D
16126,0,0,0,0,0,0,0,1,0,1,0,D
16127,0,0,0,0,0,0,0,1,0,1,0,D
16128,0,0,0,0,0,0,0,1,0,1,0,D
16129,0,0,0,0,0,0,0,1,0,1,0,D
16130,0,0,0,0,0,0,0,1,0,1,0,D
16131,0,0,0,0,0,0,0,1,0,1,0,D
16132,0,0,0,0,0,0,0,1,0,1,0,D
16133,0,0,0,0,0,0,0,1,0,1,0,D
16134,0,0,0,0,0,0,0,1,0,1,0,D
16135,0,0,0,0,0,0,0,1,0,1,0,D
16136,0,0,0,0,0,0,0,1,0,1,0,D
16137,0,0,0,0,0,0,0,1,0,1,0,D
16138,0,0,0,0,0,0,0,1,0,1,0,D
16139,0,0,0,0,0,0,0,1,0,1,0,D
16140,0,0,0,0,0,0,0,1,0,1,0,D
16141,0,0,0,0,0,0,0,1,0,1,0,D
16142,0,0,0,0,0,0,0,1,0,1,0,D
16143,0,0,0,0,0,0,0,1,0,1,0,D
16144,0,0,0,0,0,0,0,1,0,1,0,D
16145,0,0,0,0,0,0,0,1,0,1,0,D
16146,0,0,0,0,0,0,0,1,0,1,0,D
16147,0,0,0,0,0,0,0,1,0,1,0,D
16148,0,0,0,0,0,0,0,1,0,1,0,D
16149,0,0,0,0,0,0,0,1,0,1,0,D
16150,0,0,0,0,0,0,0,1,0,1,0,D
16151,0,0,0,0,0,0,0,1,0,1,0,D
16152,0,0,0,0,0,0,0,1,0,1,0,D
16153,0,0,0,0,0,0,0,1,0,1,0,D
16154,0,0,0,0,0,0,0,1,0,1,0,D
16155,0,0,0,0,0,0,0,1,0,1,0,D
16156,0,0,0,0,0,0,0,1,0,1,0,D
16157,0,0,0,0,0,0,0,1,0,1,0,D
16158,0,0,0,0,0,0,0,1,0,1,0,D
16159,0,0,0,0,0,0,0,1,0,1,0,D
16160,0,0,0,0,0,0,0,1,0,1,0,D
16161,0,0,0,0,0,0,0,1,0,1,0,D
16162,0,0,0,0,0,0,0,1,0,1,0,D
16163,0,0,0,0,0,0,0,1,0,1,0,D
16164,0,0,0,0,0,0,0,1,0,1,0,D
16165,0,0,0,0,0,0,0,1,0,1,0,D
16166,0,0,0,0,0,0,0,1,0,1,0,D
16167,0,0,0,0,0,0,0,1,0,1,0,D
16168,0,0,0,0,0,0,0,1,0,1,0,D
16169,0,0,0,0,0,0,0,1,0,1,0,D
16170,0,0,0,0,0,0,0,1,0,1,0,D
16171,0,0,0,0,0,0,0,1,0,1,0,D
16172,0,0,0,0,0,0,0,1,0,1,0,D
16173,0,0,0,0,0,0,0,1,0,1,0,D
16174,0,0,0,0,0,0,0,1,0,1,0,D
16175,0,0,0,0,0,0,0,1,0,1,0,D
16176,0,0,0,0,0,0,0,1,0,1,0,D
16177,0,0,0,0,0,0,0,1,0,1,0,D
16178,0,0,0,0,0,0,0,1,0,1,0,D
16179,0,0,0,0,0,0,0,1,0,1,0,D
16180,0,0,0,0,0,0,0,1,0,1,0,D
16181,0,0,0,0,0,0,0,1,0,1,0,D
16182,0,0,0,0,0,0,0,1,0,1,0,D
16183,0,0,0,0,0,0,0,1,0,1,0,D
16184,0,0,0,0,0,0,0,1,0,1,0,D
16185,0,0,0,0,0,0,0,1,0,1,0,D
16186,0,0,0,0,0,0,0,1,0,1,0,D
16187,0,0,0,0,0,0,0,1,0,1,0,D
16188,0,0,0,0,0,0,0,1,0,1,0,D
16189,0,0,0,0,0,0,0,1,0,1,0,D
16190,0,0,0,0,0,0,0,1,0,1,0,D
16191,0,0,0,0,0,0,0,1,0,1,0,D
16192,0,0,0,0,0,0,0,1,0,1,0,D
16193,0,0,0,0,0,0,0,1,0,1,0,D
16194,0,0,0,0,0,0,0,1,0,1,0,D
16195,0,0,0,0,0,0,0,1,0,1,0,D
16196,0,0,0,0,0,0,0,1,0,1,0,D
16197,0,0,0,0,0,0,0,1,0,1,0,D
16198,0,0,0,0,0,0,0,1,0,1,0,D
16199,0,0,0,0,0,0,0,1,0,1,0,D
16200,0,0,0,0,0,0,0,1,0,1,0,D
16201,0,0,0,0,0,0,0,1,0,1,0,D
16202,0,0,0,0,0,0,0,1,0,1,0,D
16203,0,0,0,0,0,0,0,1,0,1,0,D
16204,0,0,0,0,0,0,0,1,0,1,0,D
16205,0,0,0,0,0,0,0,1,0,1,0,D
16206,0,0,0,0,0,0,0,1,0,1,0,D
16207,0,0,0,0,0,0,0,1,0,1,0,D
16208,0,0,0,0,0,0,0,1,0,1,0,D
16209,0,0,0,0,0,0,0,1,0,1,0,D
16210,0,0,0,0,0,0,0,1,0,1,0,D
16211,0,0,0,0,0,0,0,1,0,1,0,D
16212,0,0,0,0,0,0,0,1,0,1,0,D
16213,0,0,0,0,0,0,0,1,0,1,0,D
16214,0,0,0,0,0,0,0,1,0,1,0,D
16215,0,0,0,0,0,0,0,1,0,1,0,D
16216,0,0,0,0,0,0,0,1,0,1,0,D
16217,0,0,0,0,0,0,0,1,0,1,0,D
16218,0,0,0,0,0,0,0,1,0,1,0,D
16219,0,0,0,0,0,0,0,1,0,1,0,D
16220,0,0,0,0,0,0,0,1,0,1,0,D
16221,0,0,0,0,0,0,0,1,0,1,0,D
16222,0,0,0,0,0,0,0,1,0,1,0,D
16223,0,0,0,0,0,0,0,1,0,1,0,D
16224,0,0,0,0,0,0,0,1,0,1,0,D
16225,0,0,0,0,0,0,0,1,0,1,0,D
16226,0,0,0,0,0,0,0,1,0,1,0,D
16227,0,0,0,0,0,0,0,1,0,1,0,D
16228,0,0,0,0,0,0,0,1,0,1,0,D
16229,0,0,0,0,0,0,0,1,0,1,0,D
16230,0,0,0,0,0,0,0,1,0,1,0,D
16231,0,0,0,0,0,0,0,1,0,1,0,D
16232,0,0,0,0,0,0,0,1,0,1,0,D
16233,0,0,0,0,0,0,0,1,0,1,0,D
16234,0,0,0,0,0,0,0,1,0,1,0,D
16235,0,0,0,0,0,0,0,1,0,1,0,D
16236,0,0,0,0,0,0,0,1,0,1,0,D
16237,0,0,0,0,0,0,0,1,0,1,0,D
16238,0,0,0,0,0,0,0,1,0,1,0,D
16239,0,0,0,0,0,0,0,1,0,1,0,D
16240,0,0,0,0,0,0,0,1,0,1,0,D
16241,0,0,0,0,0,0,0,1,0,1,0,D
16242,0,0,0,0,0,0,0,1,0,1,0,D
16243,0,0,0,0,0,0,0,1,0,1,0,D
16244,0,0,0,0,0,0,0,1,0,1,0,D
16245,0,0,0,0,0,0,0,1,0,1,0,D
16246,0,0,0,0,0,0,0,1,0,1,0,D
16247,0,0,0,0,0,0,0,1,0,1,0,D
16248,0,0,0,0,0,0,0,1,0,1,0,D
16249,0,0,0,0,0,0,0,1,0,1,0,D
16250,0,0,0,0,0,0,0,1,0,1,0,D
16251,0,0,0,0,0,0,0,1,0,1,0,D
16252,0,0,0,0,0,0,0,1,0,1,0,D
16253,0,0,0,0,0,0,0,1,0,1,0,D
16254,0,0,0,0,0,0,0,1,0,1,0,D
16255,0,0,0,0,0,0,0,1,0,1,0,D
16256,0,0,0,0,0,0,0,1,0,1,0,D
16257,0,0,0,0,0,0,0,1,0,1,0,D
16258,0,0,0,0,0,0,0,1,0,1,0,D
16259,0,0,0,0,0,0,0,1,0,1,0,D
16260,0,0,0,0,0,0,0,1,0,1,0,D
16261,0,0,0,0,0,0,0,1,0,1,0,D
16262,0,0,0,0,0,0,0,1,0,1,0,D
16263,0,0,0,0,0,0,0,1,0,1,0,D
16264,0,0,0,0,0,0,0,1,0,1,0,D
16265,0,0,0,0,0,0,0,1,0,1,0,D
16266,0,0,0,0,0,0,0,1,0,1,0,D
16267,0,0,0,0,0,0,0,1,0,1,0,D
16268,0,0,0,0,0,0,0,1,0,1,0,D
16269,0,0,0,0,0,0,0,1,0,1,0,D
16270,0,0,0,0,0,0,0,1,0,1,0,D
16271,0,0,0,0,0,0,0,1,0,1,0,D
16272,0,0,0,0,0,0,0,1,0,1,0,D
16273,0,0,0,0,0,0,0,1,0,1,0,D
16274,0,0,0,0,0,0,0,1,0,1,0,D
16275,0,0,0,0,0,0,0,1,0,1,0,D
16276,0,0,0,0,0,0,0,1,0,1,0,D
16277,0,0,0,0,0,0,0,1,0,1,0,D
16278,0,0,0,0,0,0,0,1,0,1,0,D
16279,0,0,0,0,0,0,0,1,0,1,0,D
16280,0,0,0,0,0,0,0,1,0,1,0,D
16281,0,0,0,0,0,0,0,1,0,1,0,D
16282,0,0,0,0,0,0,0,1,0,1,0,D
16283,0,0,0,0,0,0,0,1,0,1,0,D
16284,0,0,0,0,0,0,0,1,0,1,0,D
16285,0,0,0,0,0,0,0,1,0,1,0,D
16286,0,0,0,0,0,0,0,1,0,1,0,D
16287,0,0,0,0,0,0,0,1,0,1,0,D
16288,0,0,0,0,0,0,0,1,0,1,0,D
16289,0,0,0,0,0,0,0,1,0,1,0,D
16290,0,0,0,0,0,0,0,1,0,1,0,D
16291,0,0,0,0,0,0,0,1,0,1,0,D
16292,0,0,0,0,0,0,0,1,0,1,0,D
16293,0,0,0,0,0,0,0,1,0,1,0,D
16294,0,0,0,0,0,0,0,1,0,1,0,D
16295,0,0,0,0,0,0,0,1,0,1,0,D
16296,0,0,0,0,0,0,0,1,0,1,0,D
16297,0,0,0,0,0,0,0,1,0,1,0,D
16298,0,0,0,0,0,0,0,1,0,1,0,D
16299,0,0,0,0,0,0,0,1,0,1,0,D
16300,0,0,0,0,0,0,0,1,0,1,0,D
16301,0,0,0,0,0,0,0,1,0,1,0,D
16302,0,0,0,0,0,0,0,1,0,1,0,D
16303,0,0,0,0,0,0,0,1,0,1,0,D
16304,0,0,0,0,0,0,0,1,0,1,0,D
16305,0,0,0,0,0,0,0,1,0,1,0,D
16306,0,0,0,0,0,0,0,1,0,1,0,D
16307,0,0,0,0,0,0,0,1,0,1,0,D
16308,0,0,0,0,0,0,0,1,0,1,0,D
16309,0,0,0,0,0,0,0,1,0,1,0,D
16310,0,0,0,0,0,0,0,1,0,1,0,D
16311,0,0,0,0,0,0,0,1,0,1,0,D
16312,0,0,0,0,0,0,0,1,0,1,0,D
16313,0,0,0,0,0,0,0,1,0,1,0,D
16314,0,0,0,0,0,0,0,1,0,1,0,D
16315,0,0,0,0,0,0,0,1,0,1,0,D
16316,0,0,0,0,0,0,0,1,0,1,0,D
16317,0,0,0,0,0,0,0,1,0,1,0,D
16318,0,0,0,0,0,0,0,1,0,1,0,D
16319,0,0,0,0,0,0,0,1,0,1,0,D
16320,0,0,0,0,0,0,0,1,0,1,0,D
16321,0,0,0,0,0,0,0,1,0,1,0,D
16322,0,0,0,0,0,0,0,1,0,1,0,D
16323,0,0,0,0,0,0,0,1,0,1,0,D
16324,0,0,0,0,0,0,0,1,0,1,0,D
16325,0,0,0,0,0,0,0,1,0,1,0,D
16326,0,0,0,0,0,0,0,1,0,1,0,D
16327,0,0,0,0,0,0,0,1,0,1,0,D
16328,0,0,0,0,0,0,0,1,0,1,0,D
16329,0,0,0,0,0,0,0,1,0,1,0,D
16330,0,0,0,0,0,0,0,1,0,1,0,D
16331,0,0,0,0,0,0,0,1,0,1,0,D
16332,0,0,0,0,0,0,0,1,0,1,0,D
16333,0,0,0,0,0,0,0,1,0,1,0,D
16334,0,0,0,0,0,0,0,1,0,1,0,D
16335,0,0,0,0,0,0,0,1,0,1,0,D
16336,0,0,0,0,0,0,0,1,0,1,0,D
16337,0,0,0,0,0,0,0,1,0,1,0,D
16338,0,0,0,0,0,0,0,1,0,1,0,D
16339,0,0,0,0,0,0,0,1,0,1,0,D
16340,0,0,0,0,0,0,0,1,0,1,0,D
16341,0,0,0,0,0,0,0,1,0,1,0,D
16342,0,0,0,0,0,0,0,1,0,1,0,D
16343,0,0,0,0,0,0,0,1,0,1,0,D
16344,0,0,0,0,0,0,0,1,0,1,0,D
16345,0,0,0,0,0,0,0,1,0,1,0,D
16346,0,0,0,0,0,0,0,1,0,1,0,D
16347,0,0,0,0,0,0,0,1,0,1,0,D
16348,0,0,0,0,0,0,0,1,0,1,0,D
16349,0,0,0,0,0,0,0,1,0,1,0,D
16350,0,0,0,0,0,0,0,1,0,1,0,D
16351,0,0,0,0,0,0,0,1,0,1,0,D
16352,0,0,0,0,0,0,0,1,0,1,0,D
16353,0,0,0,0,0,0,0,1,0,1,0,D
16354,0,0,0,0,0,0,0,1,0,1,0,D
16355,0,0,0,0,0,0,0,1,0,1,0,D
16356,0,0,0,0,0,0,0,1,0,1,0,D
16357,0,0,0,0,0,0,0,1,0,1,0,D
16358,0,0,0,0,0,0,0,1,0,1,0,D
16359,0,0,0,0,0,0,0,1,0,1,0,D
16360,0,0,0,0,0,0,0,1,0,1,0,D
16361,0,0,0,0,0,0,0,1,0,1,0,D
16362,0,0,0,0,0,0,0,1,0,1,0,D
16363,0,0,0,0,0,0,0,1,0,1,0,D
16364,0,0,0,0,0,0,0,1,0,1,0,D
16365,0,0,0,0,0,0,0,1,0,1,0,D
16366,0,0,0,0,0,0,0,1,0,1,0,D
16367,0,0,0,0,0,0,0,1,0,1,0,D
16368,0,0,0,0,0,0,0,1,0,1,0,D
16369,0,0,0,0,0,0,0,1,0,1,0,D
16370,0,0,0,0,0,0,0,1,0,1,0,D
16371,0,0,0,0,0,0,0,1,0,1,0,D
16372,0,0,0,0,0,0,0,1,0,1,0,D
16373,0,0,0,0,0,0,0,1,0,1,0,D
16374,0,0,0,0,0,0,0,1,0,1,0,D
16375,0,0,0,0,0,0,0,1,0,1,0,D
16376,0,0,0,0,0,0,0,1,0,1,0,D
16377,0,0,0,0,0,0,0,1,0,1,0,D
16378,0,0,0,0,0,0,0,1,0,1,0,D
16379,0,0,0,0,0,0,0,1,0,1,0,D
16380,0,0,0,0,0,0,0,1,0,1,0,D
16381,0,0,0,0,0,0,0,1,0,1,0,D
16382,0,0,0,0,0,0,0,1,0,1,0,D
16383,0,0,0,0,0,0,0,1,0,1,0,D
16384,0,0,0,0,0,0,0,1,0,1,0,D
16385,0,0,0,0,0,0,0,1,0,1,0,D
16386,0,0,0,0,0,0,0,1,0,1,0,D
16387,0,0,0,0,0,0,0,1,0,1,0,D
16388,0,0,0,0,0,0,0,1,0,1,0,D
16389,0,0,0,0,0,0,0,1,0,1,0,D
16390,0,0,0,0,0,0,0,1,0,1,0,D
16391,0,0,0,0,0,0,0,1,0,1,0,D
16392,0,0,0,0,0,0,0,1,0,1,0,D
16393,0,0,0,0,0,0,0,1,0,1,0,D
16394,0,0,0,0,0,0,0,1,0,1,0,D
16395,0,0,0,0,0,0,0,1,0,1,0,D
16396,0,0,0,0,0,0,0,1,0,1,0,D
16397,0,0,0,0,0,0,0,1,0,1,0,D
16398,0,0,0,0,0,0,0,1,0,1,0,D
16399,0,0,0,0,0,0,0,1,0,1,0,D
16400,0,0,0,0,0,0,0,1,0,1,0,D
16401,0,0,0,0,0,0,0,1,0,1,0,D
16402,0,0,0,0,0,0,0,1,0,1,0,D
16403,0,0,0,0,0,0,0,1,0,1,0,D
16404,0,0,0,0,0,0,0,1,0,1,0,D
16405,0,0,0,0,0,0,0,1,0,1,0,D
16406,0,0,0,0,0,0,0,1,0,1,0,D
16407,0,0,0,0,0,0,0,1,0,1,0,D
16408,0,0,0,0,0,0,0,1,0,1,0,D
16409,0,0,0,0,0,0,0,1,0,1,0,D
16410,0,0,0,0,0,0,0,1,0,1,0,D
16411,0,0,0,0,0,0,0,1,0,1,0,D
16412,0,0,0,0,0,0,0,1,0,1,0,D
16413,0,0,0,0,0,0,0,1,0,1,0,D
16414,0,0,0,0,0,0,0,1,0,1,0,D
16415,0,0,0,0,0,0,0,1,0,1,0,D
16416,0,0,0,0,0,0,0,1,0,1,0,D
16417,0,0,0,0,0,0,0,1,0,1,0,D
16418,0,0,0,0,0,0,0,1,0,1,0,D
16419,0,0,0,0,0,0,0,1,0,1,0,D
16420,0,0,0,0,0,0,0,1,0,1,0,D
16421,0,0,0,0,0,0,0,1,0,1,0,D
16422,0,0,0,0,0,0,0,1,0,1,0,D
16423,0,0,0,0,0,0,0,1,0,1,0,D
16424,0,0,0,0,0,0,0,1,0,1,0,D
16425,0,0,0,0,0,0,0,1,0,1,0,D
16426,0,0,0,0,0,0,0,1,0,1,0,D
16427,0,0,0,0,0,0,0,1,0,1,0,D
16428,0,0,0,0,0,0,0,1,0,1,0,D
16429,0,0,0,0,0,0,0,1,0,1,0,D
16430,0,0,0,0,0,0,0,1,0,1,0,D
16431,0,0,0,0,0,0,0,1,0,1,0,D
16432,0,0,0,0,0,0,0,1,0,1,0,D
16433,0,0,0,0,0,0,0,1,0,1,0,D
16434,0,0,0,0,0,0,0,1,0,1,0,D
16435,0,0,0,0,0,0,0,1,0,1,0,D
16436,0,0,0,0,0,0,0,1,0,1,0,D
16437,0,0,0,0,0,0,0,1,0,1,0,D
16438,0,0,0,0,0,0,0,1,0,1,0,D
16439,0,0,0,0,0,0,0,1,0,1,0,D
16440,0,0,0,0,0,0,0,1,0,1,0,D
16441,0,0,0,0,0,0,0,1,0,1,0,D
16442,0,0,0,0,0,0,0,1,0,1,0,D
16443,0,0,0,0,0,0,0,1,0,1,0,D
16444,0,0,0,0,0,0,0,1,0,1,0,D
16445,0,0,0,0,0,0,0,1,0,1,0,D
16446,0,0,0,0,0,0,0,1,0,1,0,D
16447,0,0,0,0,0,0,0,1,0,1,0,D
16448,0,0,0,0,0,0,0,1,0,1,0,D
16449,0,0,0,0,0,0,0,1,0,1,0,D
16450,0,0,0,0,0,0,0,1,0,1,0,D
16451,0,0,0,0,0,0,0,1,0,1,0,D
16452,0,0,0,0,0,0,0,1,0,1,0,D
16453,0,0,0,0,0,0,0,1,0,1,0,D
16454,0,0,0,0,0,0,0,1,0,1,0,D
16455,0,0,0,0,0,0,0,1,0,1,0,D
16456,0,0,0,0,0,0,0,1,0,1,0,D
16457,0,0,0,0,0,0,0,1,0,1,0,D
16458,0,0,0,0,0,0,0,1,0,1,0,D
16459,0,0,0,0,0,0,0,1,0,1,0,D
16460,0,0,0,0,0,0,0,1,0,1,0,D
16461,0,0,0,0,0,0,0,1,0,1,0,D
16462,0,0,0,0,0,0,0,1,0,1,0,D
16463,0,0,0,0,0,0,0,1,0,1,0,D
16464,0,0,0,0,0,0,0,1,0,1,0,D
16465,0,0,0,0,0,0,0,1,0,1,0,D
16466,0,0,0,0,0,0,0,1,0,1,0,D
16467,0,0,0,0,0,0,0,1,0,1,0,D
16468,0,0,0,0,0,0,0,1,0,1,0,D
16469,0,0,0,0,0,0,0,1,0,1,0,D
16470,0,0,0,0,0,0,0,1,0,1,0,D
16471,0,0,0,0,0,0,0,1,0,1,0,D
16472,0,0,0,0,0,0,0,1,0,1,0,D
16473,0,0,0,0,0,0,0,1,0,1,0,D
16474,0,0,0,0,0,0,0,1,0,1,0,D
16475,0,0,0,0,0,0,0,1,0,1,0,D
16476,0,0,0,0,0,0,0,1,0,1,0,D
16477,0,0,0,0,0,0,0,1,0,1,0,D
16478,0,0,0,0,0,0,0,1,0,1,0,D
16479,0,0,0,0,0,0,0,1,0,1,0,D
16480,0,0,0,0,0,0,0,1,0,1,0,D
16481,0,0,0,0,0,0,0,1,0,1,0,D
16482,0,0,0,0,0,0,0,1,0,1,0,D
16483,0,0,0,0,0,0,0,1,0,1,0,D
16484,0,0,0,0,0,0,0,1,0,1,0,D
16485,0,0,0,0,0,0,0,1,0,1,0,D
16486,0,0,0,0,0,0,0,1,0,1,0,D
16487,0,0,0,0,0,0,0,1,0,1,0,D
16488,0,0,0,0,0,0,0,1,0,1,0,D
16489,0,0,0,0,0,0,0,1,0,1,0,D
16490,0,0,0,0,0,0,0,1,0,1,0,D
16491,0,0,0,0,0,0,0,1,0,1,0,D
16492,0,0,0,0,0,0,0,1,0,1,0,D
16493,0,0,0,0,0,0,0,1,0,1,0,D
16494,0,0,0,0,0,0,0,1,0,1,0,D
16495,0,0,0,0,0,0,0,1,0,1,0,D
16496,0,0,0,0,0,0,0,1,0,1,0,D
16497,0,0,0,0,0,0,0,1,0,1,0,D
16498,0,0,0,0,0,0,0,1,0,1,0,D
16499,0,0,0,0,0,0,0,1,0,1,0,D
16500,0,0,0,0,0,0,0,1,0,1,0,D
16501,0,0,0,0,0,0,0,1,0,1,0,D
16502,0,0,0,0,0,0,0,1,0,1,0,D
16503,0,0,0,0,0,0,0,1,0,1,0,D
16504,0,0,0,0,0,0,0,1,0,1,0,D
16505,0,0,0,0,0,0,0,1,0,1,0,D
16506,0,0,0,0,0,0,0,1,0,1,0,D
16507,0,0,0,0,0,0,0,1,0,1,0,D
16508,0,0,0,0,0,0,0,1,0,1,0,D
16509,0,0,0,0,0,0,0,1,0,1,0,D
16510,0,0,0,0,0,0,0,1,0,1,0,D
16511,0,0,0,0,0,0,0,1,0,1,0,D
16512,0,0,0,0,0,0,0,1,0,1,0,D
16513,0,0,0,0,0,0,0,1,0,1,0,D
16514,0,0,0,0,0,0,0,1,0,1,0,D
16515,0,0,0,0,0,0,0,1,0,1,0,D
16516,0,0,0,0,0,0,0,1,0,1,0,D
16517,0,0,0,0,0,0,0,1,0,1,0,D
16518,0,0,0,0,0,0,0,1,0,1,0,D
16519,0,0,0,0,0,0,0,1,0,1,0,D
16520,0,0,0,0,0,0,0,1,0,1,0,D
16521,0,0,0,0,0,0,0,1,0,1,0,D
16522,0,0,0,0,0,0,0,1,0,1,0,D
16523,0,0,0,0,0,0,0,1,0,1,0,D
16524,0,0,0,0,0,0,0,1,0,1,0,D
16525,0,0,0,0,0,0,0,1,0,1,0,D
16526,0,0,0,0,0,0,0,1,0,1,0,D
16527,0,0,0,0,0,0,0,1,0,1,0,D
16528,0,0,0,0,0,0,0,1,0,1,0,D
16529,0,0,0,0,0,0,0,1,0,1,0,D
16530,0,0,0,0,0,0,0,1,0,1,0,D
16531,0,0,0,0,0,0,0,1,0,1,0,D
16532,0,0,0,0,0,0,0,1,0,1,0,D
16533,0,0,0,0,0,0,0,1,0,1,0,D
16534,0,0,0,0,0,0,0,1,0,1,0,D
16535,0,0,0,0,0,0,0,1,0,1,0,D
16536,0,0,0,0,0,0,0,1,0,1,0,D
16537,0,0,0,0,0,0,0,1,0,1,0,D
16538,0,0,0,0,0,0,0,1,0,1,0,D
16539,0,0,0,0,0,0,0,1,0,1,0,D
16540,0,0,0,0,0,0,0,1,0,1,0,D
16541,0,0,0,0,0,0,0,1,0,1,0,D
16542,0,0,0,0,0,0,0,1,0,1,0,D
16543,0,0,0,0,0,0,0,1,0,1,0,D
16544,0,0,0,0,0,0,0,1,0,1,0,D
16545,0,0,0,0,0,0,0,1,0,1,0,D
16546,0,0,0,0,0,0,0,1,0,1,0,D
16547,0,0,0,0,0,0,0,1,0,1,0,D
16548,0,0,0,0,0,0,0,1,0,1,0,D
16549,0,0,0,0,0,0,0,1,0,1,0,D
16550,0,0,0,0,0,0,0,1,0,1,0,D
16551,0,0,0,0,0,0,0,1,0,1,0,D
16552,0,0,0,0,0,0,0,1,0,1,0,D
16553,0,0,0,0,0,0,0,1,0,1,0,D
16554,0,0,0,0,0,0,0,1,0,1,0,D
16555,0,0,0,0,0,0,0,1,0,1,0,D
16556,0,0,0,0,0,0,0,1,0,1,0,D
16557,0,0,0,0,0,0,0,1,0,1,0,D
16558,0,0,0,0,0,0,0,1,0,1,0,D
16559,0,0,0,0,0,0,0,1,0,1,0,D
16560,0,0,0,0,0,0,0,1,0,1,0,D
16561,0,0,0,0,0,0,0,1,0,1,0,D
16562,0,0,0,0,0,0,0,1,0,1,0,D
16563,0,0,0,0,0,0,0,1,0,1,0,D
16564,0,0,0,0,0,0,0,1,0,1,0,D
16565,0,0,0,0,0,0,0,1,0,1,0,D
16566,0,0,0,0,0,0,0,1,0,1,0,D
16567,0,0,0,0,0,0,0,1,0,1,0,D
16568,0,0,0,0,0,0,0,1,0,1,0,D
16569,0,0,0,0,0,0,0,1,0,1,0,D
16570,0,0,0,0,0,0,0,1,0,1,0,D
16571,0,0,0,0,0,0,0,1,0,1,0,D
16572,0,0,0,0,0,0,0,1,0,1,0,D
16573,0,0,0,0,0,0,0,1,0,1,0,D
16574,0,0,0,0,0,0,0,1,0,1,0,D
16575,0,0,0,0,0,0,0,1,0,1,0,D
16576,0,0,0,0,0,0,0,1,0,1,0,D
16577,0,0,0,0,0,0,0,1,0,1,0,D
16578,0,0,0,0,0,0,0,1,0,1,0,D
16579,0,0,0,0,0,0,0,1,0,1,0,D
16580,0,0,0,0,0,0,0,1,0,1,0,D
16581,0,0,0,0,0,0,0,1,0,1,0,D
16582,0,0,0,0,0,0,0,1,0,1,0,D
16583,0,0,0,0,0,0,0,1,0,1,0,D
16584,0,0,0,0,0,0,0,1,0,1,0,D
16585,0,0,0,0,0,0,0,1,0,1,0,D
16586,0,0,0,0,0,0,0,1,0,1,0,D
16587,0,0,0,0,0,0,0,1,0,1,0,D
16588,0,0,0,0,0,0,0,1,0,1,0,D
16589,0,0,0,0,0,0,0,1,0,1,0,D
16590,0,0,0,0,0,0,0,1,0,1,0,D
16591,0,0,0,0,0,0,0,1,0,1,0,D
16592,0,0,0,0,0,0,0,1,0,1,0,D
16593,0,0,0,0,0,0,0,1,0,1,0,D
16594,0,0,0,0,0,0,0,1,0,1,0,D
16595,0,0,0,0,0,0,0,1,0,1,0,D
16596,0,0,0,0,0,0,0,1,0,1,0,D
16597,0,0,0,0,0,0,0,1,0,1,0,D
16598,0,0,0,0,0,0,0,1,0,1,0,D
16599,0,0,0,0,0,0,0,1,0,1,0,D
16600,0,0,0,0,0,0,0,1,0,1,0,D
16601,0,0,0,0,0,0,0,1,0,1,0,D
16602,0,0,0,0,0,0,0,1,0,1,0,D
16603,0,0,0,0,0,0,0,1,0,1,0,D
16604,0,0,0,0,0,0,0,1,0,1,0,D
16605,0,0,0,0,0,0,0,1,0,1,0,D
16606,0,0,0,0,0,0,0,1,0,1,0,D
16607,0,0,0,0,0,0,0,1,0,1,0,D
16608,0,0,0,0,0,0,0,1,0,1,0,D
16609,0,0,0,0,0,0,0,1,0,1,0,D
16610,0,0,0,0,0,0,0,1,0,1,0,D
16611,0,0,0,0,0,0,0,1,0,1,0,D
16612,0,0,0,0,0,0,0,1,0,1,0,D
16613,0,0,0,0,0,0,0,1,0,1,0,D
16614,0,0,0,0,0,0,0,1,0,1,0,D
16615,0,0,0,0,0,0,0,1,0,1,0,D
16616,0,0,0,0,0,0,0,1,0,1,0,D
16617,0,0,0,0,0,0,0,1,0,1,0,D
16618,0,0,0,0,0,0,0,1,0,1,0,D
16619,0,0,0,0,0,0,0,1,0,1,0,D
16620,0,0,0,0,0,0,0,1,0,1,0,D
16621,0,0,0,0,0,0,0,1,0,1,0,D
16622,0,0,0,0,0,0,0,1,0,1,0,D
16623,0,0,0,0,0,0,0,1,0,1,0,D
16624,0,0,0,0,0,0,0,1,0,1,0,D
16625,0,0,0,0,0,0,0,1,0,1,0,D
16626,0,0,0,0,0,0,0,1,0,1,0,D
16627,0,0,0,0,0,0,0,1,0,1,0,D
16628,0,0,0,0,0,0,0,1,0,1,0,D
16629,0,0,0,0,0,0,0,1,0,1,0,D
16630,0,0,0,0,0,0,0,1,0,1,0,D
16631,0,0,0,0,0,0,0,1,0,1,0,D
16632,0,0,0,0,0,0,0,1,0,1,0,D
16633,0,0,0,0,0,0,0,1,0,1,0,D
16634,0,0,0,0,0,0,0,1,0,1,0,D
16635,0,0,0,0,0,0,0,1,0,1,0,D
16636,0,0,0,0,0,0,0,1,0,1,0,D
16637,0,0,0,0,0,0,0,1,0,1,0,D
16638,0,0,0,0,0,0,0,1,0,1,0,D
16639,0,0,0,0,0,0,0,1,0,1,0,D
16640,0,0,0,0,0,0,0,1,0,1,0,D
16641,0,0,0,0,0,0,0,1,0,1,0,D
16642,0,0,0,0,0,0,0,1,0,1,0,D
16643,0,0,0,0,0,0,0,1,0,1,0,D
16644,0,0,0,0,0,0,0,1,0,1,0,D
16645,0,0,0,0,0,0,0,1,0,1,0,D
16646,0,0,0,0,0,0,0,1,0,1,0,D
16647,0,0,0,0,0,0,0,1,0,1,0,D
16648,0,0,0,0,0,0,0,1,0,1,0,D
16649,0,0,0,0,0,0,0,1,0,1,0,D
16650,0,0,0,0,0,0,0,1,0,1,0,D
16651,0,0,0,0,0,0,0,1,0,1,0,D
16652,0,0,0,0,0,0,0,1,0,1,0,D
16653,0,0,0,0,0,0,0,1,0,1,0,D
16654,0,0,0,0,0,0,0,1,0,1,0,D
16655,0,0,0,0,0,0,0,1,0,1,0,D
16656,0,0,0,0,0,0,0,1,0,1,0,D
16657,0,0,0,0,0,0,0,1,0,1,0,D
16658,0,0,0,0,0,0,0,1,0,1,0,D
16659,0,0,0,0,0,0,0,1,0,1,0,D
16660,0,0,0,0,0,0,0,1,0,1,0,D
16661,0,0,0,0,0,0,0,1,0,1,0,D
16662,0,0,0,0,0,0,0,1,0,1,0,D
16663,0,0,0,0,0,0,0,1,0,1,0,D
16664,0,0,0,0,0,0,0,1,0,1,0,D
16665,0,0,0,0,0,0,0,1,0,1,0,D
16666,0,0,0,0,0,0,0,1,0,1,0,D
16667,0,0,0,0,0,0,0,1,0,1,0,D
16668,0,0,0,0,0,0,0,1,0,1,0,D
16669,0,0,0,0,0,0,0,1,0,1,0,D
16670,0,0,0,0,0,0,0,1,0,1,0,D
16671,0,0,0,0,0,0,0,1,0,1,0,D
16672,0,0,0,0,0,0,0,1,0,1,0,D
16673,0,0,0,0,0,0,0,1,0,1,0,D
16674,0,0,0,0,0,0,0,1,0,1,0,D
16675,0,0,0,0,0,0,0,1,0,1,0,D
16676,0,0,0,0,0,0,0,1,0,1,0,D
16677,0,0,0,0,0,0,0,1,0,1,0,D
16678,0,0,0,0,0,0,0,1,0,1,0,D
16679,0,0,0,0,0,0,0,1,0,1,0,D
16680,0,0,0,0,0,0,0,1,0,1,0,D
16681,0,0,0,0,0,0,0,1,0,1,0,D
16682,0,0,0,0,0,0,0,1,0,1,0,D
16683,0,0,0,0,0,0,0,1,0,1,0,D
16684,0,0,0,0,0,0,0,1,0,1,0,D
16685,0,0,0,0,0,0,0,1,0,1,0,D
16686,0,0,0,0,0,0,0,1,0,1,0,D
16687,0,0,0,0,0,0,0,1,0,1,0,D
16688,0,0,0,0,0,0,0,1,0,1,0,D
16689,0,0,0,0,0,0,0,1,0,1,0,D
16690,0,0,0,0,0,0,0,1,0,1,0,D
16691,0,0,0,0,0,0,0,1,0,1,0,D
16692,0,0,0,0,0,0,0,1,0,1,0,D
16693,0,0,0,0,0,0,0,1,0,1,0,D
16694,0,0,0,0,0,0,0,1,0,1,0,D
16695,0,0,0,0,0,0,0,1,0,1,0,D
16696,0,0,0,0,0,0,0,1,0,1,0,D
16697,0,0,0,0,0,0,0,1,0,1,0,D
16698,0,0,0,0,0,0,0,1,0,1,0,D
16699,0,0,0,0,0,0,0,1,0,1,0,D
16700,0,0,0,0,0,0,0,1,0,1,0,D
16701,0,0,0,0,0,0,0,1,0,1,0,D
16702,0,0,0,0,0,0,0,1,0,1,0,D
16703,0,0,0,0,0,0,0,1,0,1,0,D
16704,0,0,0,0,0,0,0,1,0,1,0,D
16705,0,0,0,0,0,0,0,1,0,1,0,D
16706,0,0,0,0,0,0,0,1,0,1,0,D
16707,0,0,0,0,0,0,0,1,0,1,0,D
16708,0,0,0,0,0,0,0,1,0,1,0,D
16709,0,0,0,0,0,0,0,1,0,1,0,D
16710,0,0,0,0,0,0,0,1,0,1,0,D
16711,0,0,0,0,0,0,0,1,0,1,0,D
16712,0,0,0,0,0,0,0,1,0,1,0,D
16713,0,0,0,0,0,0,0,1,0,1,0,D
16714,0,0,0,0,0,0,0,1,0,1,0,D
16715,0,0,0,0,0,0,0,1,0,1,0,D
16716,0,0,0,0,0,0,0,1,0,1,0,D
16717,0,0,0,0,0,0,0,1,0,1,0,D
16718,0,0,0,0,0,0,0,1,0,1,0,D
16719,0,0,0,0,0,0,0,1,0,1,0,D
16720,0,0,0,0,0,0,0,1,0,1,0,D
16721,0,0,0,0,0,0,0,1,0,1,0,D
16722,0,0,0,0,0,0,0,1,0,1,0,D
16723,0,0,0,0,0,0,0,1,0,1,0,D
16724,0,0,0,0,0,0,0,1,0,1,0,D
16725,0,0,0,0,0,0,0,1,0,1,0,D
16726,0,0,0,0,0,0,0,1,0,1,0,D
16727,0,0,0,0,0,0,0,1,0,1,0,D
16728,0,0,0,0,0,0,0,1,0,1,0,D
16729,0,0,0,0,0,0,0,1,0,1,0,D
16730,0,0,0,0,0,0,0,1,0,1,0,D
16731,0,0,0,0,0,0,0,1,0,1,0,D
16732,0,0,0,0,0,0,0,1,0,1,0,D
16733,0,0,0,0,0,0,0,1,0,1,0,D
16734,0,0,0,0,0,0,0,1,0,1,0,D
16735,0,0,0,0,0,0,0,1,0,1,0,D
16736,0,0,0,0,0,0,0,1,0,1,0,D
16737,0,0,0,0,0,0,0,1,0,1,0,D
16738,0,0,0,0,0,0,0,1,0,1,0,D
16739,0,0,0,0,0,0,0,1,0,1,0,D
16740,0,0,0,0,0,0,0,1,0,1,0,D
16741,0,0,0,0,0,0,0,1,0,1,0,D
16742,0,0,0,0,0,0,0,1,0,1,0,D
16743,0,0,0,0,0,0,0,1,0,1,0,D
16744,0,0,0,0,0,0,0,1,0,1,0,D
16745,0,0,0,0,0,0,0,1,0,1,0,D
16746,0,0,0,0,0,0,0,1,0,1,0,D
16747,0,0,0,0,0,0,0,1,0,1,0,D
16748,0,0,0,0,0,0,0,1,0,1,0,D
16749,0,0,0,0,0,0,0,1,0,1,0,D
16750,0,0,0,0,0,0,0,1,0,1,0,D
16751,0,0,0,0,0,0,0,1,0,1,0,D
16752,0,0,0,0,0,0,0,1,0,1,0,D
16753,0,0,0,0,0,0,0,1,0,1,0,D
16754,0,0,0,0,0,0,0,1,0,1,0,D
16755,0,0,0,0,0,0,0,1,0,1,0,D
16756,0,0,0,0,0,0,0,1,0,1,0,D
16757,0,0,0,0,0,0,0,1,0,1,0,D
16758,0,0,0,0,0,0,0,1,0,1,0,D
16759,0,0,0,0,0,0,0,1,0,1,0,D
16760,0,0,0,0,0,0,0,1,0,1,0,D
16761,0,0,0,0,0,0,0,1,0,1,0,D
16762,0,0,0,0,0,0,0,1,0,1,0,D
16763,0,0,0,0,0,0,0,1,0,1,0,D
16764,0,0,0,0,0,0,0,1,0,1,0,D
16765,0,0,0,0,0,0,0,1,0,1,0,D
16766,0,0,0,0,0,0,0,1,0,1,0,D
16767,0,0,0,0,0,0,0,1,0,1,0,D
16768,0,0,0,0,0,0,0,1,0,1,0,D
16769,0,0,0,0,0,0,0,1,0,1,0,D
16770,0,0,0,0,0,0,0,1,0,1,0,D
16771,0,0,0,0,0,0,0,1,0,1,0,D
16772,0,0,0,0,0,0,0,1,0,1,0,D
16773,0,0,0,0,0,0,0,1,0,1,0,D
16774,0,0,0,0,0,0,0,1,0,1,0,D
16775,0,0,0,0,0,0,0,1,0,1,0,D
16776,0,0,0,0,0,0,0,1,0,1,0,D
16777,0,0,0,0,0,0,0,1,0,1,0,D
16778,0,0,0,0,0,0,0,1,0,1,0,D
16779,0,0,0,0,0,0,0,1,0,1,0,D
16780,0,0,0,0,0,0,0,1,0,1,0,D
16781,0,0,0,0,0,0,0,1,0,1,0,D
16782,0,0,0,0,0,0,0,1,0,1,0,D
16783,0,0,0,0,0,0,0,1,0,1,0,D
16784,0,0,0,0,0,0,0,1,0,1,0,D
16785,0,0,0,0,0,0,0,1,0,1,0,D
16786,0,0,0,0,0,0,0,1,0,1,0,D
16787,0,0,0,0,0,0,0,1,0,1,0,D
16788,0,0,0,0,0,0,0,1,0,1,0,D
16789,0,0,0,0,0,0,0,1,0,1,0,D
16790,0,0,0,0,0,0,0,1,0,1,0,D
16791,0,0,0,0,0,0,0,1,0,1,0,D
16792,0,0,0,0,0,0,0,1,0,1,0,D
16793,0,0,0,0,0,0,0,1,0,1,0,D
16794,0,0,0,0,0,0,0,1,0,1,0,D
16795,0,0,0,0,0,0,0,1,0,1,0,D
16796,0,0,0,0,0,0,0,1,0,1,0,D
16797,0,0,0,0,0,0,0,1,0,1,0,D
16798,0,0,0,0,0,0,0,1,0,1,0,D
16799,0,0,0,0,0,0,0,1,0,1,0,D
16800,0,0,0,0,0,0,0,1,0,1,0,D
16801,0,0,0,0,0,0,0,1,0,1,0,D
16802,0,0,0,0,0,0,0,1,0,1,0,D
16803,0,0,0,0,0,0,0,1,0,1,0,D
16804,0,0,0,0,0,0,0,1,0,1,0,D
16805,0,0,0,0,0,0,0,1,0,1,0,D
16806,0,0,0,0,0,0,0,1,0,1,0,D
16807,0,0,0,0,0,0,0,1,0,1,0,D
16808,0,0,0,0,0,0,0,1,0,1,0,D
16809,0,0,0,0,0,0,0,1,0,1,0,D
16810,0,0,0,0,0,0,0,1,0,1,0,D
16811,0,0,0,0,0,0,0,1,0,1,0,D
16812,0,0,0,0,0,0,0,1,0,1,0,D
16813,0,0,0,0,0,0,0,1,0,1,0,D
16814,0,0,0,0,0,0,0,1,0,1,0,D
16815,0,0,0,0,0,0,0,1,0,1,0,D
16816,0,0,0,0,0,0,0,1,0,1,0,D
16817,0,0,0,0,0,0,0,1,0,1,0,D
16818,0,0,0,0,0,0,0,1,0,1,0,D
16819,0,0,0,0,0,0,0,1,0,1,0,D
16820,0,0,0,0,0,0,0,1,0,1,0,D
16821,0,0,0,0,0,0,0,1,0,1,0,D
16822,0,0,0,0,0,0,0,1,0,1,0,D
16823,0,0,0,0,0,0,0,1,0,1,0,D
16824,0,0,0,0,0,0,0,1,0,1,0,D
16825,0,0,0,0,0,0,0,1,0,1,0,D
16826,0,0,0,0,0,0,0,1,0,1,0,D
16827,0,0,0,0,0,0,0,1,0,1,0,D
16828,0,0,0,0,0,0,0,1,0,1,0,D
16829,0,0,0,0,0,0,0,1,0,1,0,D
16830,0,0,0,0,0,0,0,1,0,1,0,D
16831,0,0,0,0,0,0,0,1,0,1,0,D
16832,0,0,0,0,0,0,0,1,0,1,0,D
16833,0,0,0,0,0,0,0,1,0,1,0,D
16834,0,0,0,0,0,0,0,1,0,1,0,D
16835,0,0,0,0,0,0,0,1,0,1,0,D
16836,0,0,0,0,0,0,0,1,0,1,0,D
16837,0,0,0,0,0,0,0,1,0,1,0,D
16838,0,0,0,0,0,0,0,1,0,1,0,D
16839,0,0,0,0,0,0,0,1,0,1,0,D
16840,0,0,0,0,0,0,0,1,0,1,0,D
16841,0,0,0,0,0,0,0,1,0,1,0,D
16842,0,0,0,0,0,0,0,1,0,1,0,D
16843,0,0,0,0,0,0,0,1,0,1,0,D
16844,0,0,0,0,0,0,0,1,0,1,0,D
16845,0,0,0,0,0,0,0,1,0,1,0,D
16846,0,0,0,0,0,0,0,1,0,1,0,D
16847,0,0,0,0,0,0,0,1,0,1,0,D
16848,0,0,0,0,0,0,0,1,0,1,0,D
16849,0,0,0,0,0,0,0,1,0,1,0,D
16850,0,0,0,0,0,0,0,1,0,1,0,D
16851,0,0,0,0,0,0,0,1,0,1,0,D
16852,0,0,0,0,0,0,0,1,0,1,0,D
16853,0,0,0,0,0,0,0,1,0,1,0,D
16854,0,0,0,0,0,0,0,1,0,1,0,D
16855,0,0,0,0,0,0,0,1,0,1,0,D
16856,0,0,0,0,0,0,0,1,0,1,0,D
16857,0,0,0,0,0,0,0,1,0,1,0,D
16858,0,0,0,0,0,0,0,1,0,1,0,D
16859,0,0,0,0,0,0,0,1,0,1,0,D
16860,0,0,0,0,0,0,0,1,0,1,0,D
16861,0,0,0,0,0,0,0,1,0,1,0,D
16862,0,0,0,0,0,0,0,1,0,1,0,D
16863,0,0,0,0,0,0,0,1,0,1,0,D
16864,0,0,0,0,0,0,0,1,0,1,0,D
16865,0,0,0,0,0,0,0,1,0,1,0,D
16866,0,0,0,0,0,0,0,1,0,1,0,D
16867,0,0,0,0,0,0,0,1,0,1,0,D
16868,0,0,0,0,0,0,0,1,0,1,0,D
16869,0,0,0,0,0,0,0,1,0,1,0,D
16870,0,0,0,0,0,0,0,1,0,1,0,D
16871,0,0,0,0,0,0,0,1,0,1,0,D
16872,0,0,0,0,0,0,0,1,0,1,0,D
16873,0,0,0,0,0,0,0,1,0,1,0,D
16874,0,0,0,0,0,0,0,1,0,1,0,D
16875,0,0,0,0,0,0,0,1,0,1,0,D
16876,0,0,0,0,0,0,0,1,0,1,0,D
16877,0,0,0,0,0,0,0,1,0,1,0,D
16878,0,0,0,0,0,0,0,1,0,1,0,D
16879,0,0,0,0,0,0,0,1,0,1,0,D
16880,0,0,0,0,0,0,0,1,0,1,0,D
16881,0,0,0,0,0,0,0,1,0,1,0,D
16882,0,0,0,0,0,0,0,1,0,1,0,D
16883,0,0,0,0,0,0,0,1,0,1,0,D
16884,0,0,0,0,0,0,0,1,0,1,0,D
16885,0,0,0,0,0,0,0,1,0,1,0,D
16886,0,0,0,0,0,0,0,1,0,1,0,D
16887,0,0,0,0,0,0,0,1,0,1,0,D
16888,0,0,0,0,0,0,0,1,0,1,0,D
16889,0,0,0,0,0,0,0,1,0,1,0,D
16890,0,0,0,0,0,0,0,1,0,1,0,D
16891,0,0,0,0,0,0,0,1,0,1,0,D
16892,0,0,0,0,0,0,0,1,0,1,0,D
16893,0,0,0,0,0,0,0,1,0,1,0,D
16894,0,0,0,0,0,0,0,1,0,1,0,D
16895,0,0,0,0,0,0,0,1,0,1,0,D
16896,0,0,0,0,0,0,0,1,0,1,0,D
16897,0,0,0,0,0,0,0,1,0,1,0,D
16898,0,0,0,0,0,0,0,1,0,1,0,D
16899,0,0,0,0,0,0,0,1,0,1,0,D
16900,0,0,0,0,0,0,0,1,0,1,0,D
16901,0,0,0,0,0,0,0,1,0,1,0,D
16902,0,0,0,0,0,0,0,1,0,1,0,D
16903,0,0,0,0,0,0,0,1,0,1,0,D
16904,0,0,0,0,0,0,0,1,0,1,0,D
16905,0,0,0,0,0,0,0,1,0,1,0,D
16906,0,0,0,0,0,0,0,1,0,1,0,D
16907,0,0,0,0,0,0,0,1,0,1,0,D
16908,0,0,0,0,0,0,0,1,0,1,0,D
16909,0,0,0,0,0,0,0,1,0,1,0,D
16910,0,0,0,0,0,0,0,1,0,1,0,D
16911,0,0,0,0,0,0,0,1,0,1,0,D
16912,0,0,0,0,0,0,0,1,0,1,0,D
16913,0,0,0,0,0,0,0,1,0,1,0,D
16914,0,0,0,0,0,0,0,1,0,1,0,D
16915,0,0,0,0,0,0,0,1,0,1,0,D
16916,0,0,0,0,0,0,0,1,0,1,0,D
16917,0,0,0,0,0,0,0,1,0,1,0,D
16918,0,0,0,0,0,0,0,1,0,1,0,D
16919,0,0,0,0,0,0,0,1,0,1,0,D
16920,0,0,0,0,0,0,0,1,0,1,0,D
16921,0,0,0,0,0,0,0,1,0,1,0,D
16922,0,0,0,0,0,0,0,1,0,1,0,D
16923,0,0,0,0,0,0,0,1,0,1,0,D
16924,0,0,0,0,0,0,0,1,0,1,0,D
16925,0,0,0,0,0,0,0,1,0,1,0,D
16926,0,0,0,0,0,0,0,1,0,1,0,D
16927,0,0,0,0,0,0,0,1,0,1,0,D
16928,0,0,0,0,0,0,0,1,0,1,0,D
16929,0,0,0,0,0,0,0,1,0,1,0,D
16930,0,0,0,0,0,0,0,1,0,1,0,D
16931,0,0,0,0,0,0,0,1,0,1,0,D
16932,0,0,0,0,0,0,0,1,0,1,0,D
16933,0,0,0,0,0,0,0,1,0,1,0,D
16934,0,0,0,0,0,0,0,1,0,1,0,D
16935,0,0,0,0,0,0,0,1,0,1,0,D
16936,0,0,0,0,0,0,0,1,0,1,0,D
16937,0,0,0,0,0,0,0,1,0,1,0,D
16938,0,0,0,0,0,0,0,1,0,1,0,D
16939,0,0,0,0,0,0,0,1,0,1,0,D
16940,0,0,0,0,0,0,0,1,0,1,0,D
16941,0,0,0,0,0,0,0,1,0,1,0,D
16942,0,0,0,0,0,0,0,1,0,1,0,D
16943,0,0,0,0,0,0,0,1,0,1,0,D
16944,0,0,0,0,0,0,0,1,0,1,0,D
16945,0,0,0,0,0,0,0,1,0,1,0,D
16946,0,0,0,0,0,0,0,1,0,1,0,D
16947,0,0,0,0,0,0,0,1,0,1,0,D
16948,0,0,0,0,0,0,0,1,0,1,0,D
16949,0,0,0,0,0,0,0,1,0,1,0,D
16950,0,0,0,0,0,0,0,1,0,1,0,D
16951,0,0,0,0,0,0,0,1,0,1,0,D
16952,0,0,0,0,0,0,0,1,0,1,0,D
16953,0,0,0,0,0,0,0,1,0,1,0,D
16954,0,0,0,0,0,0,0,1,0,1,0,D
16955,0,0,0,0,0,0,0,1,0,1,0,D
16956,0,0,0,0,0,0,0,1,0,1,0,D
16957,0,0,0,0,0,0,0,1,0,1,0,D
16958,0,0,0,0,0,0,0,1,0,1,0,D
16959,0,0,0,0,0,0,0,1,0,1,0,D
16960,0,0,0,0,0,0,0,1,0,1,0,D
16961,0,0,0,0,0,0,0,1,0,1,0,D
16962,0,0,0,0,0,0,0,1,0,1,0,D
16963,0,0,0,0,0,0,0,1,0,1,0,D
16964,0,0,0,0,0,0,0,1,0,1,0,D
16965,0,0,0,0,0,0,0,1,0,1,0,D
16966,0,0,0,0,0,0,0,1,0,1,0,D
16967,0,0,0,0,0,0,0,1,0,1,0,D
16968,0,0,0,0,0,0,0,1,0,1,0,D
16969,0,0,0,0,0,0,0,1,0,1,0,D
16970,0,0,0,0,0,0,0,1,0,1,0,D
16971,0,0,0,0,0,0,0,1,0,1,0,D
16972,0,0,0,0,0,0,0,1,0,1,0,D
16973,0,0,0,0,0,0,0,1,0,1,0,D
16974,0,0,0,0,0,0,0,1,0,1,0,D
16975,0,0,0,0,0,0,0,1,0,1,0,D
16976,0,0,0,0,0,0,0,1,0,1,0,D
16977,0,0,0,0,0,0,0,1,0,1,0,D
16978,0,0,0,0,0,0,0,1,0,1,0,D
16979,0,0,0,0,0,0,0,1,0,1,0,D
16980,0,0,0,0,0,0,0,1,0,1,0,D
16981,0,0,0,0,0,0,0,1,0,1,0,D
16982,0,0,0,0,0,0,0,1,0,1,0,D
16983,0,0,0,0,0,0,0,1,0,1,0,D
16984,0,0,0,0,0,0,0,1,0,1,0,D
16985,0,0,0,0,0,0,0,1,0,1,0,D
16986,0,0,0,0,0,0,0,1,0,1,0,D
16987,0,0,0,0,0,0,0,1,0,1,0,D
16988,0,0,0,0,0,0,0,1,0,1,0,D
16989,0,0,0,0,0,0,0,1,0,1,0,D
16990,0,0,0,0,0,0,0,1,0,1,0,D
16991,0,0,0,0,0,0,0,1,0,1,0,D
16992,0,0,0,0,0,0,0,1,0,1,0,D
16993,0,0,0,0,0,0,0,1,0,1,0,D
16994,0,0,0,0,0,0,0,1,0,1,0,D
16995,0,0,0,0,0,0,0,1,0,1,0,D
16996,0,0,0,0,0,0,0,1,0,1,0,D
16997,0,0,0,0,0,0,0,1,0,1,0,D
16998,0,0,0,0,0,0,0,1,0,1,0,D
16999,0,0,0,0,0,0,0,1,0,1,0,D
17000,0,0,0,0,0,0,0,1,0,1,0,D
17001,0,0,0,0,0,0,0,1,0,1,0,D
17002,0,0,0,0,0,0,0,1,0,1,0,D
17003,0,0,0,0,0,0,0,1,0,1,0,D
17004,0,0,0,0,0,0,0,1,0,1,0,D
17005,0,0,0,0,0,0,0,1,0,1,0,D
17006,0,0,0,0,0,0,0,1,0,1,0,D
17007,0,0,0,0,0,0,0,1,0,1,0,D
17008,0,0,0,0,0,0,0,1,0,1,0,D
17009,0,0,0,0,0,0,0,1,0,1,0,D
17010,0,0,0,0,0,0,0,1,0,1,0,D
17011,0,0,0,0,0,0,0,1,0,1,0,D
17012,0,0,0,0,0,0,0,1,0,1,0,D
17013,0,0,0,0,0,0,0,1,0,1,0,D
17014,0,0,0,0,0,0,0,1,0,1,0,D
17015,0,0,0,0,0,0,0,1,0,1,0,D
17016,0,0,0,0,0,0,0,1,0,1,0,D
17017,0,0,0,0,0,0,0,1,0,1,0,D
17018,0,0,0,0,0,0,0,1,0,1,0,D
17019,0,0,0,0,0,0,0,1,0,1,0,D
17020,0,0,0,0,0,0,0,1,0,1,0,D
17021,0,0,0,0,0,0,0,1,0,1,0,D
17022,0,0,0,0,0,0,0,1,0,1,0,D
17023,0,0,0,0,0,0,0,1,0,1,0,D
17024,0,0,0,0,0,0,0,1,0,1,0,D
17025,0,0,0,0,0,0,0,1,0,1,0,D
17026,0,0,0,0,0,0,0,1,0,1,0,D
17027,0,0,0,0,0,0,0,1,0,1,0,D
17028,0,0,0,0,0,0,0,1,0,1,0,D
17029,0,0,0,0,0,0,0,1,0,1,0,D
17030,0,0,0,0,0,0,0,1,0,1,0,D
17031,0,0,0,0,0,0,0,1,0,1,0,D
17032,0,0,0,0,0,0,0,1,0,1,0,D
17033,0,0,0,0,0,0,0,1,0,1,0,D
17034,0,0,0,0,0,0,0,1,0,1,0,D
17035,0,0,0,0,0,0,0,1,0,1,0,D
17036,0,0,0,0,0,0,0,1,0,1,0,D
17037,0,0,0,0,0,0,0,1,0,1,0,D
17038,0,0,0,0,0,0,0,1,0,1,0,D
17039,0,0,0,0,0,0,0,1,0,1,0,D
17040,0,0,0,0,0,0,0,1,0,1,0,D
17041,0,0,0,0,0,0,0,1,0,1,0,D
17042,0,0,0,0,0,0,0,1,0,1,0,D
17043,0,0,0,0,0,0,0,1,0,1,0,D
17044,0,0,0,0,0,0,0,1,0,1,0,D
17045,0,0,0,0,0,0,0,1,0,1,0,D
17046,0,0,0,0,0,0,0,1,0,1,0,D
17047,0,0,0,0,0,0,0,1,0,1,0,D
17048,0,0,0,0,0,0,0,1,0,1,0,D
17049,0,0,0,0,0,0,0,1,0,1,0,D
17050,0,0,0,0,0,0,0,1,0,1,0,D
17051,0,0,0,0,0,0,0,1,0,1,0,D
17052,0,0,0,0,0,0,0,1,0,1,0,D
17053,0,0,0,0,0,0,0,1,0,1,0,D
17054,0,0,0,0,0,0,0,1,0,1,0,D
17055,0,0,0,0,0,0,0,1,0,1,0,D
17056,0,0,0,0,0,0,0,1,0,1,0,D
17057,0,0,0,0,0,0,0,1,0,1,0,D
17058,0,0,0,0,0,0,0,1,0,1,0,D
17059,0,0,0,0,0,0,0,1,0,1,0,D
17060,0,0,0,0,0,0,0,1,0,1,0,D
17061,0,0,0,0,0,0,0,1,0,1,0,D
17062,0,0,0,0,0,0,0,1,0,1,0,D
17063,0,0,0,0,0,0,0,1,0,1,0,D
17064,0,0,0,0,0,0,0,1,0,1,0,D
17065,0,0,0,0,0,0,0,1,0,1,0,D
17066,0,0,0,0,0,0,0,1,0,1,0,D
17067,0,0,0,0,0,0,0,1,0,1,0,D
17068,0,0,0,0,0,0,0,1,0,1,0,D
17069,0,0,0,0,0,0,0,1,0,1,0,D
17070,0,0,0,0,0,0,0,1,0,1,0,D
17071,0,0,0,0,0,0,0,1,0,1,0,D
17072,0,0,0,0,0,0,0,1,0,1,0,D
17073,0,0,0,0,0,0,0,1,0,1,0,D
17074,0,0,0,0,0,0,0,1,0,1,0,D
17075,0,0,0,0,0,0,0,1,0,1,0,D
17076,0,0,0,0,0,0,0,1,0,1,0,D
17077,0,0,0,0,0,0,0,1,0,1,0,D
17078,0,0,0,0,0,0,0,1,0,1,0,D
17079,0,0,0,0,0,0,0,1,0,1,0,D
17080,0,0,0,0,0,0,0,1,0,1,0,D
17081,0,0,0,0,0,0,0,1,0,1,0,D
17082,0,0,0,0,0,0,0,1,0,1,0,D
17083,0,0,0,0,0,0,0,1,0,1,0,D
17084,0,0,0,0,0,0,0,1,0,1,0,D
17085,0,0,0,0,0,0,0,1,0,1,0,D
17086,0,0,0,0,0,0,0,1,0,1,0,D
17087,0,0,0,0,0,0,0,1,0,1,0,D
17088,0,0,0,0,0,0,0,1,0,1,0,D
17089,0,0,0,0,0,0,0,1,0,1,0,D
17090,0,0,0,0,0,0,0,1,0,1,0,D
17091,0,0,0,0,0,0,0,1,0,1,0,D
17092,0,0,0,0,0,0,0,1,0,1,0,D
17093,0,0,0,0,0,0,0,1,0,1,0,D
17094,0,0,0,0,0,0,0,1,0,1,0,D
17095,0,0,0,0,0,0,0,1,0,1,0,D
17096,0,0,0,0,0,0,0,1,0,1,0,D
17097,0,0,0,0,0,0,0,1,0,1,0,D
17098,0,0,0,0,0,0,0,1,0,1,0,D
17099,0,0,0,0,0,0,0,1,0,1,0,D
17100,0,0,0,0,0,0,0,1,0,1,0,D
17101,0,0,0,0,0,0,0,1,0,1,0,D
17102,0,0,0,0,0,0,0,1,0,1,0,D
17103,0,0,0,0,0,0,0,1,0,1,0,D
17104,0,0,0,0,0,0,0,1,0,1,0,D
17105,0,0,0,0,0,0,0,1,0,1,0,D
17106,0,0,0,0,0,0,0,1,0,1,0,D
17107,0,0,0,0,0,0,0,1,0,1,0,D
17108,0,0,0,0,0,0,0,1,0,1,0,D
17109,0,0,0,0,0,0,0,1,0,1,0,D
17110,0,0,0,0,0,0,0,1,0,1,0,D
17111,0,0,0,0,0,0,0,1,0,1,0,D
17112,0,0,0,0,0,0,0,1,0,1,0,D
17113,0,0,0,0,0,0,0,1,0,1,0,D
17114,0,0,0,0,0,0,0,1,0,1,0,D
17115,0,0,0,0,0,0,0,1,0,1,0,D
17116,0,0,0,0,0,0,0,1,0,1,0,D
17117,0,0,0,0,0,0,0,1,0,1,0,D
17118,0,0,0,0,0,0,0,1,0,1,0,D
17119,0,0,0,0,0,0,0,1,0,1,0,D
17120,0,0,0,0,0,0,0,1,0,1,0,D
17121,0,0,0,0,0,0,0,1,0,1,0,D
17122,0,0,0,0,0,0,0,1,0,1,0,D
17123,0,0,0,0,0,0,0,1,0,1,0,D
17124,0,0,0,0,0,0,0,1,0,1,0,D
17125,0,0,0,0,0,0,0,1,0,1,0,D
17126,0,0,0,0,0,0,0,1,0,1,0,D
17127,0,0,0,0,0,0,0,1,0,1,0,D
17128,0,0,0,0,0,0,0,1,0,1,0,D
17129,0,0,0,0,0,0,0,1,0,1,0,D
17130,0,0,0,0,0,0,0,1,0,1,0,D
17131,0,0,0,0,0,0,0,1,0,1,0,D
17132,0,0,0,0,0,0,0,1,0,1,0,D
17133,0,0,0,0,0,0,0,1,0,1,0,D
17134,0,0,0,0,0,0,0,1,0,1,0,D
17135,0,0,0,0,0,0,0,1,0,1,0,D
17136,0,0,0,0,0,0,0,1,0,1,0,D
17137,0,0,0,0,0,0,0,1,0,1,0,D
17138,0,0,0,0,0,0,0,1,0,1,0,D
17139,0,0,0,0,0,0,0,1,0,1,0,D
17140,0,0,0,0,0,0,0,1,0,1,0,D
17141,0,0,0,0,0,0,0,1,0,1,0,D
17142,0,0,0,0,0,0,0,1,0,1,0,D
17143,0,0,0,0,0,0,0,1,0,1,0,D
17144,0,0,0,0,0,0,0,1,0,1,0,D
17145,0,0,0,0,0,0,0,1,0,1,0,D
17146,0,0,0,0,0,0,0,1,0,1,0,D
17147,0,0,0,0,0,0,0,1,0,1,0,D
17148,0,0,0,0,0,0,0,1,0,1,0,D
17149,0,0,0,0,0,0,0,1,0,1,0,D
17150,0,0,0,0,0,0,0,1,0,1,0,D
17151,0,0,0,0,0,0,0,1,0,1,0,D
17152,0,0,0,0,0,0,0,1,0,1,0,D
17153,0,0,0,0,0,0,0,1,0,1,0,D
17154,0,0,0,0,0,0,0,1,0,1,0,D
17155,0,0,0,0,0,0,0,1,0,1,0,D
17156,0,0,0,0,0,0,0,1,0,1,0,D
17157,0,0,0,0,0,0,0,1,0,1,0,D
17158,0,0,0,0,0,0,0,1,0,1,0,D
17159,0,0,0,0,0,0,0,1,0,1,0,D
17160,0,0,0,0,0,0,0,1,0,1,0,D
17161,0,0,0,0,0,0,0,1,0,1,0,D
17162,0,0,0,0,0,0,0,1,0,1,0,D
17163,0,0,0,0,0,0,0,1,0,1,0,D
17164,0,0,0,0,0,0,0,1,0,1,0,D
17165,0,0,0,0,0,0,0,1,0,1,0,D
17166,0,0,0,0,0,0,0,1,0,1,0,D
17167,0,0,0,0,0,0,0,1,0,1,0,D
17168,0,0,0,0,0,0,0,1,0,1,0,D
17169,0,0,0,0,0,0,0,1,0,1,0,D
17170,0,0,0,0,0,0,0,1,0,1,0,D
17171,0,0,0,0,0,0,0,1,0,1,0,D
17172,0,0,0,0,0,0,0,1,0,1,0,D
17173,0,0,0,0,0,0,0,1,0,1,0,D
17174,0,0,0,0,0,0,0,1,0,1,0,D
17175,0,0,0,0,0,0,0,1,0,1,0,D
17176,0,0,0,0,0,0,0,1,0,1,0,D
17177,0,0,0,0,0,0,0,1,0,1,0,D
17178,0,0,0,0,0,0,0,1,0,1,0,D
17179,0,0,0,0,0,0,0,1,0,1,0,D
17180,0,0,0,0,0,0,0,1,0,1,0,D
17181,0,0,0,0,0,0,0,1,0,1,0,D
17182,0,0,0,0,0,0,0,1,0,1,0,D
17183,0,0,0,0,0,0,0,1,0,1,0,D
17184,0,0,0,0,0,0,0,1,0,1,0,D
17185,0,0,0,0,0,0,0,1,0,1,0,D
17186,0,0,0,0,0,0,0,1,0,1,0,D
17187,0,0,0,0,0,0,0,1,0,1,0,D
17188,0,0,0,0,0,0,0,1,0,1,0,D
17189,0,0,0,0,0,0,0,1,0,1,0,D
17190,0,0,0,0,0,0,0,1,0,1,0,D
17191,0,0,0,0,0,0,0,1,0,1,0,D
17192,0,0,0,0,0,0,0,1,0,1,0,D
17193,0,0,0,0,0,0,0,1,0,1,0,D
17194,0,0,0,0,0,0,0,1,0,1,0,D
17195,0,0,0,0,0,0,0,1,0,1,0,D
17196,0,0,0,0,0,0,0,1,0,1,0,D
17197,0,0,0,0,0,0,0,1,0,1,0,D
17198,0,0,0,0,0,0,0,1,0,1,0,D
17199,0,0,0,0,0,0,0,1,0,1,0,D
17200,0,0,0,0,0,0,0,1,0,1,0,D
17201,0,0,0,0,0,0,0,1,0,1,0,D
17202,0,0,0,0,0,0,0,1,0,1,0,D
17203,0,0,0,0,0,0,0,1,0,1,0,D
17204,0,0,0,0,0,0,0,1,0,1,0,D
17205,0,0,0,0,0,0,0,1,0,1,0,D
17206,0,0,0,0,0,0,0,1,0,1,0,D
17207,0,0,0,0,0,0,0,1,0,1,0,D
17208,0,0,0,0,0,0,0,1,0,1,0,D
17209,0,0,0,0,0,0,0,1,0,1,0,D
17210,0,0,0,0,0,0,0,1,0,1,0,D
17211,0,0,0,0,0,0,0,1,0,1,0,D
17212,0,0,0,0,0,0,0,1,0,1,0,D
17213,0,0,0,0,0,0,0,1,0,1,0,D
17214,0,0,0,0,0,0,0,1,0,1,0,D
17215,0,0,0,0,0,0,0,1,0,1,0,D
17216,0,0,0,0,0,0,0,1,0,1,0,D
17217,0,0,0,0,0,0,0,1,0,1,0,D
17218,0,0,0,0,0,0,0,1,0,1,0,D
17219,0,0,0,0,0,0,0,1,0,1,0,D
17220,0,0,0,0,0,0,0,1,0,1,0,D
17221,0,0,0,0,0,0,0,1,0,1,0,D
17222,0,0,0,0,0,0,0,1,0,1,0,D
17223,0,0,0,0,0,0,0,1,0,1,0,D
17224,0,0,0,0,0,0,0,1,0,1,0,D
17225,0,0,0,0,0,0,0,1,0,1,0,D
17226,0,0,0,0,0,0,0,1,0,1,0,D
17227,0,0,0,0,0,0,0,1,0,1,0,D
17228,0,0,0,0,0,0,0,1,0,1,0,D
17229,0,0,0,0,0,0,0,1,0,1,0,D
17230,0,0,0,0,0,0,0,1,0,1,0,D
17231,0,0,0,0,0,0,0,1,0,1,0,D
17232,0,0,0,0,0,0,0,1,0,1,0,D
17233,0,0,0,0,0,0,0,1,0,1,0,D
17234,0,0,0,0,0,0,0,1,0,1,0,D
17235,0,0,0,0,0,0,0,1,0,1,0,D
17236,0,0,0,0,0,0,0,1,0,1,0,D
17237,0,0,0,0,0,0,0,1,0,1,0,D
17238,0,0,0,0,0,0,0,1,0,1,0,D
17239,0,0,0,0,0,0,0,1,0,1,0,D
17240,0,0,0,0,0,0,0,1,0,1,0,D
17241,0,0,0,0,0,0,0,1,0,1,0,D
17242,0,0,0,0,0,0,0,1,0,1,0,D
17243,0,0,0,0,0,0,0,1,0,1,0,D
17244,0,0,0,0,0,0,0,1,0,1,0,D
17245,0,0,0,0,0,0,0,1,0,1,0,D
17246,0,0,0,0,0,0,0,1,0,1,0,D
17247,0,0,0,0,0,0,0,1,0,1,0,D
17248,0,0,0,0,0,0,0,1,0,1,0,D
17249,0,0,0,0,0,0,0,1,0,1,0,D
17250,0,0,0,0,0,0,0,1,0,1,0,D
17251,0,0,0,0,0,0,0,1,0,1,0,D
17252,0,0,0,0,0,0,0,1,0,1,0,D
17253,0,0,0,0,0,0,0,1,0,1,0,D
17254,0,0,0,0,0,0,0,1,0,1,0,D
17255,0,0,0,0,0,0,0,1,0,1,0,D
17256,0,0,0,0,0,0,0,1,0,1,0,D
17257,0,0,0,0,0,0,0,1,0,1,0,D
17258,0,0,0,0,0,0,0,1,0,1,0,D
17259,0,0,0,0,0,0,0,1,0,1,0,D
17260,0,0,0,0,0,0,0,1,0,1,0,D
17261,0,0,0,0,0,0,0,1,0,1,0,D
17262,0,0,0,0,0,0,0,1,0,1,0,D
17263,0,0,0,0,0,0,0,1,0,1,0,D
17264,0,0,0,0,0,0,0,1,0,1,0,D
17265,0,0,0,0,0,0,0,1,0,1,0,D
17266,0,0,0,0,0,0,0,1,0,1,0,D
17267,0,0,0,0,0,0,0,1,0,1,0,D
17268,0,0,0,0,0,0,0,1,0,1,0,D
17269,0,0,0,0,0,0,0,1,0,1,0,D
17270,0,0,0,0,0,0,0,1,0,0,0,D
17271,0,0,0,0,0,0,0,1,0,0,0,D
17272,0,0,0,0,0,0,0,1,0,0,0,D
17273,0,0,0,0,0,0,0,1,0,0,0,D
17274,0,0,0,0,0,0,0,1,0,0,0,D
17275,0,0,0,0,0,0,0,1,0,0,0,D
17276,0,0,0,0,0,0,0,1,0,0,0,D
17277,0,0,0,0,0,0,0,1,0,0,0,D
17278,0,0,0,0,0,0,0,1,0,0,0,D
17279,0,0,0,0,0,0,0,1,0,0,0,D
17280,0,0,0,0,0,0,0,1,0,0,0,D
17281,0,0,0,0,0,0,0,1,0,0,0,D
17282,0,0,0,0,0,0,0,1,0,0,0,D
17283,0,0,0,0,0,0,0,1,0,0,0,D
17284,0,0,0,0,0,0,0,1,0,0,0,D
17285,0,0,0,0,0,0,0,1,0,0,0,D
17286,0,0,0,0,0,0,0,1,0,0,0,D
17287,0,0,0,0,0,0,0,1,0,0,0,D
17288,0,0,0,0,0,0,0,1,0,0,0,D
17289,0,0,0,0,0,0,0,1,0,0,0,D
17290,0,0,0,0,0,0,0,1,0,0,0,D
17291,0,0,0,0,0,0,0,1,0,0,0,D
17292,0,0,0,0,0,0,0,1,0,0,0,D
17293,0,0,0,0,0,0,0,1,0,0,0,D
17294,0,0,0,0,0,0,0,1,0,0,0,D
17295,0,0,0,0,0,0,0,1,0,0,0,D
17296,0,0,0,0,0,0,0,1,0,0,0,D
17297,0,0,0,0,0,0,0,1,0,0,0,D
17298,0,0,0,0,0,0,0,1,0,0,0,D
17299,0,0,0,0,0,0,0,1,0,0,0,D
17300,0,0,0,0,0,0,0,1,0,0,0,D
17301,0,0,0,0,0,0,0,1,0,0,0,D
17302,0,0,0,0,0,0,0,1,0,0,0,D
17303,0,0,0,0,0,0,0,1,0,0,0,D
17304,0,0,0,0,0,0,0,1,0,0,0,D
17305,0,0,0,0,0,0,0,1,0,0,0,D
17306,0,0,0,0,0,0,0,1,0,0,0,D
17307,0,0,0,0,0,0,0,1,0,0,0,D
17308,0,0,0,0,0,0,0,1,0,0,0,D
17309,0,0,0,0,0,0,0,1,0,0,0,D
17310,0,0,0,0,0,0,0,1,0,0,0,D
17311,0,0,0,0,0,0,0,1,0,0,0,D
17312,0,0,0,0,0,0,0,1,0,0,0,D
17313,0,0,0,0,0,0,0,1,0,0,0,D
17314,0,0,0,0,0,0,0,1,0,0,0,D
17315,0,0,0,0,0,0,0,1,0,0,0,D
17316,0,0,0,0,0,0,0,1,0,0,0,D
17317,0,0,0,0,0,0,0,1,0,0,0,D
17318,0,0,0,0,0,0,0,1,0,0,0,D
17319,0,0,0,0,0,0,0,1,0,0,0,D
17320,0,0,0,0,0,0,0,1,0,0,0,D
17321,0,0,0,0,0,0,0,1,0,0,0,D
17322,0,0,0,0,0,0,0,1,0,0,0,D
17323,0,0,0,0,0,0,0,1,0,0,0,D
17324,0,0,0,0,0,0,0,1,0,0,0,D
17325,0,0,0,0,0,0,0,1,0,0,0,D
17326,0,0,0,0,0,0,0,1,0,0,0,D
17327,0,0,0,0,0,0,0,1,0,0,0,D
17328,0,0,0,0,0,0,0,1,0,0,0,D
17329,0,0,0,0,0,0,0,1,0,0,0,D
17330,0,0,0,0,0,0,0,1,0,0,0,D
17331,0,0,0,0,0,0,0,1,0,0,0,D
17332,0,0,0,0,0,0,0,1,0,0,0,D
17333,0,0,0,0,0,0,0,1,0,1,0,D
17334,0,0,0,0,0,0,0,1,0,1,0,D
17335,0,0,0,0,0,0,0,1,0,1,0,D
17336,0,0,0,0,0,0,0,1,0,1,0,D
17337,0,0,0,0,0,0,0,1,0,1,0,D
17338,0,0,0,0,0,0,0,1,0,1,0,D
17339,0,0,0,0,0,0,0,1,0,1,0,D
17340,0,0,0,0,0,0,0,1,0,1,0,D
17341,0,0,0,0,0,0,0,1,0,1,0,D
17342,0,0,0,0,0,0,0,1,0,1,0,D
17343,0,0,0,0,0,0,0,1,0,1,0,D
17344,0,0,0,0,0,0,0,1,0,1,0,D
17345,0,0,0,0,0,0,0,1,0,1,0,D
17346,0,0,0,0,0,0,0,1,0,1,0,D
17347,0,0,0,0,0,0,0,1,0,1,0,D
17348,0,0,0,0,0,0,0,1,0,1,0,D
17349,0,0,0,0,0,0,0,1,0,1,0,D
17350,0,0,0,0,0,0,0,1,0,1,0,D
17351,0,0,0,0,0,0,0,1,0,1,0,D
17352,0,0,0,0,0,0,0,1,0,1,0,D
17353,0,0,0,0,0,0,0,1,0,1,0,D
17354,0,0,0,0,0,0,0,1,0,1,0,D
17355,0,0,0,0,0,0,0,1,0,1,0,D
17356,0,0,0,0,0,0,0,1,0,1,0,D
17357,0,0,0,0,0,0,0,1,0,1,0,D
17358,0,0,0,0,0,0,0,1,0,1,0,D
17359,0,0,0,0,0,0,0,1,0,1,0,D
17360,0,0,0,0,0,0,0,1,0,1,0,D
17361,0,0,0,0,0,0,0,1,0,1,0,D
17362,0,0,0,0,0,0,0,1,0,1,0,D
17363,0,0,0,0,0,0,0,1,0,1,0,D
17364,0,0,0,0,0,0,0,1,0,1,0,D
17365,0,0,0,0,0,0,0,1,0,1,0,D
17366,0,0,0,0,0,0,0,1,0,1,0,D
17367,0,0,0,0,0,0,0,1,0,1,0,D
17368,0,0,0,0,0,0,0,1,0,1,0,D
17369,0,0,0,0,0,0,0,1,0,1,0,D
17370,0,0,0,0,0,0,0,1,0,1,0,D
17371,0,0,0,0,0,0,0,1,0,1,0,D
17372,0,0,0,0,0,0,0,1,0,1,0,D
17373,0,0,0,0,0,0,0,1,0,1,0,D
17374,0,0,0,0,0,0,0,1,0,1,0,D
17375,0,0,0,0,0,0,0,1,0,1,0,D
17376,0,0,0,0,0,0,0,1,0,1,0,D
17377,0,0,0,0,0,0,0,1,0,1,0,D
17378,0,0,0,0,0,0,0,1,0,1,0,D
17379,0,0,0,0,0,0,0,1,0,1,0,D
17380,0,0,0,0,0,0,0,1,0,1,0,D
17381,0,0,0,0,0,0,0,1,0,1,0,D
17382,0,0,0,0,0,0,0,1,0,1,0,D
17383,0,0,0,0,0,0,0,1,0,1,0,D
17384,0,0,0,0,0,0,0,1,0,1,0,D
17385,0,0,0,0,0,0,0,1,0,1,0,D
17386,0,0,0,0,0,0,0,1,0,1,0,D
17387,0,0,0,0,0,0,0,1,0,1,0,D
17388,0,0,0,0,0,0,0,1,0,1,0,D
17389,0,0,0,0,0,0,0,1,0,1,0,D
17390,0,0,0,0,0,0,0,1,0,1,0,D
17391,0,0,0,0,0,0,0,1,0,1,0,D
17392,0,0,0,0,0,0,0,1,0,1,0,D
17393,0,0,0,0,0,0,0,1,0,1,0,D
17394,0,0,0,0,0,0,0,1,0,1,0,D
17395,0,0,0,0,0,0,0,1,0,1,0,D
17396,0,0,0,0,0,0,0,1,0,1,0,D
17397,0,0,0,0,0,0,0,1,0,1,0,D
17398,0,0,0,0,0,0,0,1,0,1,0,D
17399,0,0,0,0,0,0,0,1,0,1,0,D
17400,0,0,0,0,0,0,0,1,0,1,0,D
17401,0,0,0,0,0,0,0,1,0,1,0,D
17402,0,0,0,0,0,0,0,1,0,1,0,D
17403,0,0,0,0,0,0,0,1,0,1,0,D
17404,0,0,0,0,0,0,0,1,0,1,0,D
17405,0,0,0,0,0,0,0,1,0,1,0,D
17406,0,0,0,0,0,0,0,1,0,1,0,D
17407,0,0,0,0,0,0,0,1,0,1,0,D
17408,0,0,0,0,0,0,0,1,0,1,0,D
17409,0,0,0,0,0,0,0,1,0,1,0,D
17410,0,0,0,0,0,0,0,1,0,1,0,D
17411,0,0,0,0,0,0,0,1,0,1,0,D
17412,0,0,0,0,0,0,0,1,0,1,0,D
17413,0,0,0,0,0,0,0,1,0,1,0,D
17414,0,0,0,0,0,0,0,1,0,1,0,D
17415,0,0,0,0,0,0,0,1,0,1,0,D
17416,0,0,0,0,0,0,0,1,0,1,0,D
17417,0,0,0,0,0,0,0,1,0,1,0,D
17418,0,0,0,0,0,0,0,1,0,1,0,D
17419,0,0,0,0,0,0,0,1,0,1,0,D
17420,0,0,0,0,0,0,0,1,0,1,0,D
17421,0,0,0,0,0,0,0,1,0,1,0,D
17422,0,0,0,0,0,0,0,1,0,1,0,D
17423,0,0,0,0,0,0,0,1,0,1,0,D
17424,0,0,0,0,0,0,0,1,0,1,0,D
17425,0,0,0,0,0,0,0,1,0,1,0,D
17426,0,0,0,0,0,0,0,1,0,1,0,D
17427,0,0,0,0,0,0,0,1,0,1,0,D
17428,0,0,0,0,0,0,0,1,0,1,0,D
17429,0,0,0,0,0,0,0,1,0,1,0,D
17430,0,0,0,0,0,0,0,1,0,1,0,D
17431,0,0,0,0,0,0,0,1,0,1,0,D
17432,0,0,0,0,0,0,0,1,0,1,0,D
17433,0,0,0,0,0,0,0,1,0,1,0,D
17434,0,0,0,0,0,0,0,1,0,1,0,D
17435,0,0,0,0,0,0,0,1,0,1,0,D
17436,0,0,0,0,0,0,0,1,0,1,0,D
17437,0,0,0,0,0,0,0,1,0,1,0,D
17438,0,0,0,0,0,0,0,1,0,1,0,D
17439,0,0,0,0,0,0,0,1,0,1,0,D
17440,0,0,0,0,0,0,0,1,0,1,0,D
17441,0,0,0,0,0,0,0,1,0,1,0,D
17442,0,0,0,0,0,0,0,1,0,1,0,D
17443,0,0,0,0,0,0,0,1,0,1,0,D
17444,0,0,0,0,0,0,0,1,0,1,0,D
17445,0,0,0,0,0,0,0,1,0,1,0,D
17446,0,0,0,0,0,0,0,1,0,1,0,D
17447,0,0,0,0,0,0,0,1,0,1,0,D
17448,0,0,0,0,0,0,0,1,0,1,0,D
17449,0,0,0,0,0,0,0,1,0,1,0,D
17450,0,0,0,0,0,0,0,1,0,1,0,D
17451,0,0,0,0,0,0,0,1,0,1,0,D
17452,0,0,0,0,0,0,0,1,0,1,0,D
17453,0,0,0,0,0,0,0,1,0,1,0,D
17454,0,0,0,0,0,0,0,1,0,1,0,D
17455,0,0,0,0,0,0,0,1,0,1,0,D
17456,0,0,0,0,0,0,0,1,0,1,0,D
17457,0,0,0,0,0,0,0,1,0,1,0,D
17458,0,0,0,0,0,0,0,1,0,1,0,D
17459,0,0,0,0,0,0,0,1,0,1,0,D
17460,0,0,0,0,0,0,0,1,0,1,0,D
17461,0,0,0,0,0,0,0,1,0,1,0,D
17462,0,0,0,0,0,0,0,1,0,1,0,D
17463,0,0,0,0,0,0,0,1,0,1,0,D
17464,0,0,0,0,0,0,0,1,0,1,0,D
17465,0,0,0,0,0,0,0,1,0,1,0,D
17466,0,0,0,0,0,0,0,1,0,1,0,D
17467,0,0,0,0,0,0,0,1,0,1,0,D
17468,0,0,0,0,0,0,0,1,0,1,0,D
17469,0,0,0,0,0,0,0,1,0,1,0,D
17470,0,0,0,0,0,0,0,1,0,1,0,D
17471,0,0,0,0,0,0,0,1,0,1,0,D
17472,0,0,0,0,0,0,0,1,0,1,0,D
17473,0,0,0,0,0,0,0,1,0,1,0,D
17474,0,0,0,0,0,0,0,1,0,1,0,D
17475,0,0,0,0,0,0,0,1,0,1,0,D
17476,0,0,0,0,0,0,0,1,0,1,0,D
17477,0,0,0,0,0,0,0,1,0,1,0,D
17478,0,0,0,0,0,0,0,1,0,1,0,D
17479,0,0,0,0,0,0,0,1,0,1,0,D
17480,0,0,0,0,0,0,0,1,0,1,0,D
17481,0,0,0,0,0,0,0,1,0,1,0,D
17482,0,0,0,0,0,0,0,1,0,1,0,D
17483,0,0,0,0,0,0,0,1,0,1,0,D
17484,0,0,0,0,0,0,0,1,0,1,0,D
17485,0,0,0,0,0,0,0,1,0,1,0,D
17486,0,0,0,0,0,0,0,1,0,1,0,D
17487,0,0,0,0,0,0,0,1,0,1,0,D
17488,0,0,0,0,0,0,0,1,0,1,0,D
17489,0,0,0,0,0,0,0,1,0,1,0,D
17490,0,0,0,0,0,0,0,1,0,1,0,D
17491,0,0,0,0,0,0,0,1,0,1,0,D
17492,0,0,0,0,0,0,0,1,0,1,0,D
17493,0,0,0,0,0,0,0,1,0,1,0,D
17494,0,0,0,0,0,0,0,1,0,1,0,D
17495,0,0,0,0,0,0,0,1,0,1,0,D
17496,0,0,0,0,0,0,0,1,0,1,0,D
17497,0,0,0,0,0,0,0,1,0,1,0,D
17498,0,0,0,0,0,0,0,1,0,1,0,D
17499,0,0,0,0,0,0,0,1,0,1,0,D
17500,0,0,0,0,0,0,0,1,0,1,0,D
17501,0,0,0,0,0,0,0,1,0,1,0,D
17502,0,0,0,0,0,0,0,1,0,1,0,D
17503,0,0,0,0,0,0,0,1,0,1,0,D
17504,0,0,0,0,0,0,0,1,0,1,0,D
17505,0,0,0,0,0,0,0,1,0,1,0,D
17506,0,0,0,0,0,0,0,1,0,1,0,D
17507,0,0,0,0,0,0,0,1,0,1,0,D
17508,0,0,0,0,0,0,0,1,0,1,0,D
17509,0,0,0,0,0,0,0,1,0,1,0,D
17510,0,0,0,0,0,0,0,1,0,1,0,D
17511,0,0,0,0,0,0,0,1,0,1,0,D
17512,0,0,0,0,0,0,0,1,0,1,0,D
17513,0,0,0,0,0,0,0,1,0,1,0,D
17514,0,0,0,0,0,0,0,1,0,1,0,D
17515,0,0,0,0,0,0,0,1,0,1,0,D
17516,0,0,0,0,0,0,0,1,0,1,0,D
17517,0,0,0,0,0,0,0,1,0,1,0,D
17518,0,0,0,0,0,0,0,1,0,1,0,D
17519,0,0,0,0,0,0,0,1,0,1,0,D
17520,0,0,0,0,0,0,0,1,0,1,0,D
17521,0,0,0,0,0,0,0,1,0,1,0,D
17522,0,0,0,0,0,0,0,1,0,1,0,D
17523,0,0,0,0,0,0,0,1,0,1,0,D
17524,0,0,0,0,0,0,0,1,0,1,0,D
17525,0,0,0,0,0,0,0,1,0,1,0,D
17526,0,0,0,0,0,0,0,1,0,1,0,D
17527,0,0,0,0,0,0,0,1,0,1,0,D
17528,0,0,0,0,0,0,0,1,0,1,0,D
17529,0,0,0,0,0,0,0,1,0,1,0,D
17530,0,0,0,0,0,0,0,1,0,1,0,D
17531,0,0,0,0,0,0,0,1,0,1,0,D
17532,0,0,0,0,0,0,0,1,0,1,0,D
17533,0,0,0,0,0,0,0,1,0,1,0,D
17534,0,0,0,0,0,0,0,1,0,1,0,D
17535,0,0,0,0,0,0,0,1,0,1,0,D
17536,0,0,0,0,0,0,0,1,0,1,0,D
17537,0,0,0,0,0,0,0,1,0,1,0,D
17538,0,0,0,0,0,0,0,1,0,1,0,D
17539,0,0,0,0,0,0,0,1,0,1,0,D
17540,0,0,0,0,0,0,0,1,0,1,0,D
17541,0,0,0,0,0,0,0,1,0,1,0,D
17542,0,0,0,0,0,0,0,1,0,1,0,D
17543,0,0,0,0,0,0,0,1,0,1,0,D
17544,0,0,0,0,0,0,0,1,0,1,0,D
17545,0,0,0,0,0,0,0,1,0,1,0,D
17546,0,0,0,0,0,0,0,1,0,1,0,D
17547,0,0,0,0,0,0,0,1,0,1,0,D
17548,0,0,0,0,0,0,0,1,0,1,0,D
17549,0,0,0,0,0,0,0,1,0,1,0,D
17550,0,0,0,0,0,0,0,1,0,1,0,D
17551,0,0,0,0,0,0,0,1,0,1,0,D
17552,0,0,0,0,0,0,0,1,0,1,0,D
17553,0,0,0,0,0,0,0,1,0,1,0,D
17554,0,0,0,0,0,0,0,1,0,1,0,D
17555,0,0,0,0,0,0,0,1,0,1,0,D
17556,0,0,0,0,0,0,0,1,0,1,0,D
17557,0,0,0,0,0,0,0,1,0,1,0,D
17558,0,0,0,0,0,0,0,1,0,1,0,D
17559,0,0,0,0,0,0,0,1,0,1,0,D
17560,0,0,0,0,0,0,0,1,0,1,0,D
17561,0,0,0,0,0,0,0,1,0,1,0,D
17562,0,0,0,0,0,0,0,1,0,1,0,D
17563,0,0,0,0,0,0,0,1,0,1,0,D
17564,0,0,0,0,0,0,0,1,0,1,0,D
17565,0,0,0,0,0,0,0,1,0,1,0,D
17566,0,0,0,0,0,0,0,1,0,1,0,D
17567,0,0,0,0,0,0,0,1,0,1,0,D
17568,0,0,0,0,0,0,0,1,0,1,0,D
17569,0,0,0,0,0,0,0,1,0,1,0,D
17570,0,0,0,0,0,0,0,1,0,1,0,D
17571,0,0,0,0,0,0,0,1,0,1,0,D
17572,0,0,0,0,0,0,0,1,0,1,0,D
17573,0,0,0,0,0,0,0,1,0,1,0,D
17574,0,0,0,0,0,0,0,1,0,1,0,D
17575,0,0,0,0,0,0,0,1,0,1,0,D
17576,0,0,0,0,0,0,0,1,0,1,0,D
17577,0,0,0,0,0,0,0,1,0,1,0,D
17578,0,0,0,0,0,0,0,1,0,1,0,D
17579,0,0,0,0,0,0,0,1,0,1,0,D
17580,0,0,0,0,0,0,0,1,0,1,0,D
17581,0,0,0,0,0,0,0,1,0,1,0,D
17582,0,0,0,0,0,0,0,1,0,1,0,D
17583,0,0,0,0,0,0,0,1,0,1,0,D
17584,0,0,0,0,0,0,0,1,0,1,0,D
17585,0,0,0,0,0,0,0,1,0,1,0,D
17586,0,0,0,0,0,0,0,1,0,1,0,D
17587,0,0,0,0,0,0,0,1,0,1,0,D
17588,0,0,0,0,0,0,0,1,0,1,0,D
17589,0,0,0,0,0,0,0,1,0,1,0,D
17590,0,0,0,0,0,0,0,1,0,1,0,D
17591,0,0,0,0,0,0,0,1,0,1,0,D
17592,0,0,0,0,0,0,0,1,0,1,0,D
17593,0,0,0,0,0,0,0,1,0,1,0,D
17594,0,0,0,0,0,0,0,1,0,1,0,D
17595,0,0,0,0,0,0,0,1,0,1,0,D
17596,0,0,0,0,0,0,0,1,0,1,0,D
17597,0,0,0,0,0,0,0,1,0,1,0,D
17598,0,0,0,0,0,0,0,1,0,1,0,D
17599,0,0,0,0,0,0,0,1,0,1,0,D
17600,0,0,0,0,0,0,0,1,0,1,0,D
17601,0,0,0,0,0,0,0,1,0,1,0,D
17602,0,0,0,0,0,0,0,1,0,1,0,D
17603,0,0,0,0,0,0,0,1,0,1,0,D
17604,0,0,0,0,0,0,0,1,0,1,0,D
17605,0,0,0,0,0,0,0,1,0,1,0,D
17606,0,0,0,0,0,0,0,1,0,1,0,D
17607,0,0,0,0,0,0,0,1,0,1,0,D
17608,0,0,0,0,0,0,0,1,0,1,0,D
17609,0,0,0,0,0,0,0,1,0,1,0,D
17610,0,0,0,0,0,0,0,1,0,1,0,D
17611,0,0,0,0,0,0,0,1,0,1,0,D
17612,0,0,0,0,0,0,0,1,0,1,0,D
17613,0,0,0,0,0,0,0,1,0,1,0,D
17614,0,0,0,0,0,0,0,1,0,1,0,D
17615,0,0,0,0,0,0,0,1,0,1,0,D
17616,0,0,0,0,0,0,0,1,0,1,0,D
17617,0,0,0,0,0,0,0,1,0,1,0,D
17618,0,0,0,0,0,0,0,1,0,1,0,D
17619,0,0,0,0,0,0,0,1,0,1,0,D
17620,0,0,0,0,0,0,0,1,0,1,0,D
17621,0,0,0,0,0,0,0,1,0,1,0,D
17622,0,0,0,0,0,0,0,1,0,1,0,D
17623,0,0,0,0,0,0,0,1,0,1,0,D
17624,0,0,0,0,0,0,0,1,0,1,0,D
17625,0,0,0,0,0,0,0,1,0,1,0,D
17626,0,0,0,0,0,0,0,1,0,1,0,D
17627,0,0,0,0,0,0,0,1,0,1,0,D
17628,0,0,0,0,0,0,0,1,0,1,0,D
17629,0,0,0,0,0,0,0,1,0,1,0,D
17630,0,0,0,0,0,0,0,1,0,1,0,D
17631,0,0,0,0,0,0,0,1,0,1,0,D
17632,0,0,0,0,0,0,0,1,0,1,0,D
17633,0,0,0,0,0,0,0,1,0,1,0,D
17634,0,0,0,0,0,0,0,1,0,1,0,D
17635,0,0,0,0,0,0,0,1,0,1,0,D
17636,0,0,0,0,0,0,0,1,0,1,0,D
17637,0,0,0,0,0,0,0,1,0,1,0,D
17638,0,0,0,0,0,0,0,1,0,1,0,D
17639,0,0,0,0,0,0,0,1,0,1,0,D
17640,0,0,0,0,0,0,0,1,0,1,0,D
17641,0,0,0,0,0,0,0,1,0,1,0,D
17642,0,0,0,0,0,0,0,1,0,1,0,D
17643,0,0,0,0,0,0,0,1,0,1,0,D
17644,0,0,0,0,0,0,0,1,0,1,0,D
17645,0,0,0,0,0,0,0,1,0,1,0,D
17646,0,0,0,0,0,0,0,1,0,1,0,D
17647,0,0,0,0,0,0,0,1,0,1,0,D
17648,0,0,0,0,0,0,0,1,0,1,0,D
17649,0,0,0,0,0,0,0,1,0,1,0,D
17650,0,0,0,0,0,0,0,1,0,1,0,D
17651,0,0,0,0,0,0,0,1,0,1,0,D
17652,0,0,0,0,0,0,0,1,0,1,0,D
17653,0,0,0,0,0,0,0,1,0,1,0,D
17654,0,0,0,0,0,0,0,1,0,1,0,D
17655,0,0,0,0,0,0,0,1,0,1,0,D
17656,0,0,0,0,0,0,0,1,0,1,0,D
17657,0,0,0,0,0,0,0,1,0,1,0,D
17658,0,0,0,0,0,0,0,1,0,1,0,D
17659,0,0,0,0,0,0,0,1,0,1,0,D
17660,0,0,0,0,0,0,0,1,0,1,0,D
17661,0,0,0,0,0,0,0,1,0,1,0,D
17662,0,0,0,0,0,0,0,1,0,1,0,D
17663,0,0,0,0,0,0,0,1,0,1,0,D
17664,0,0,0,0,0,0,0,1,0,1,0,D
17665,0,0,0,0,0,0,0,1,0,1,0,D
17666,0,0,0,0,0,0,0,1,0,1,0,D
17667,0,0,0,0,0,0,0,1,0,1,0,D
17668,0,0,0,0,0,0,0,1,0,1,0,D
17669,0,0,0,0,0,0,0,1,0,1,0,D
17670,0,0,0,0,0,0,0,1,0,1,0,D
17671,0,0,0,0,0,0,0,1,0,1,0,D
17672,0,0,0,0,0,0,0,1,0,1,0,D
17673,0,0,0,0,0,0,0,1,0,1,0,D
17674,0,0,0,0,0,0,0,1,0,1,0,D
17675,0,0,0,0,0,0,0,1,0,1,0,D
17676,0,0,0,0,0,0,0,1,0,1,0,D
17677,0,0,0,0,0,0,0,1,0,1,0,D
17678,0,0,0,0,0,0,0,1,0,1,0,D
17679,0,0,0,0,0,0,0,1,0,1,0,D
17680,0,0,0,0,0,0,0,1,0,1,0,D
17681,0,0,0,0,0,0,0,1,0,1,0,D
17682,0,0,0,0,0,0,0,1,0,1,0,D
17683,0,0,0,0,0,0,0,1,0,1,0,D
17684,0,0,0,0,0,0,0,1,0,1,0,D
17685,0,0,0,0,0,0,0,1,0,1,0,D
17686,0,0,0,0,0,0,0,1,0,1,0,D
17687,0,0,0,0,0,0,0,1,0,1,0,D
17688,0,0,0,0,0,0,0,1,0,1,0,D
17689,0,0,0,0,0,0,0,1,0,1,0,D
17690,0,0,0,0,0,0,0,1,0,1,0,D
17691,0,0,0,0,0,0,0,1,0,1,0,D
17692,0,0,0,0,0,0,0,1,0,1,0,D
17693,0,0,0,0,0,0,0,1,0,1,0,D
17694,0,0,0,0,0,0,0,1,0,1,0,D
17695,0,0,0,0,0,0,0,1,0,1,0,D
17696,0,0,0,0,0,0,0,1,0,1,0,D
17697,0,0,0,0,0,0,0,1,0,1,0,D
17698,0,0,0,0,0,0,0,1,0,1,0,D
17699,0,0,0,0,0,0,0,1,0,1,0,D
17700,0,0,0,0,0,0,0,1,0,1,0,D
17701,0,0,0,0,0,0,0,1,0,1,0,D
17702,0,0,0,0,0,0,0,1,0,1,0,D
17703,0,0,0,0,0,0,0,1,0,1,0,D
17704,0,0,0,0,0,0,0,1,0,1,0,D
17705,0,0,0,0,0,0,0,1,0,1,0,D
17706,0,0,0,0,0,0,0,1,0,1,0,D
17707,0,0,0,0,0,0,0,1,0,1,0,D
17708,0,0,0,0,0,0,0,1,0,1,0,D
17709,0,0,0,0,0,0,0,1,0,1,0,D
17710,0,0,0,0,0,0,0,1,0,1,0,D
17711,0,0,0,0,0,0,0,1,0,1,0,D
17712,0,0,0,0,0,0,0,1,0,1,0,D
17713,0,0,0,0,0,0,0,1,0,1,0,D
17714,0,0,0,0,0,0,0,1,0,1,0,D
17715,0,0,0,0,0,0,0,1,0,1,0,D
17716,0,0,0,0,0,0,0,1,0,1,0,D
17717,0,0,0,0,0,0,0,1,0,1,0,D
17718,0,0,0,0,0,0,0,1,0,1,0,D
17719,0,0,0,0,0,0,0,1,0,1,0,D
17720,0,0,0,0,0,0,0,1,0,1,0,D
17721,0,0,0,0,0,0,0,1,0,1,0,D
17722,0,0,0,0,0,0,0,1,0,1,0,D
17723,0,0,0,0,0,0,0,1,0,1,0,D
17724,0,0,0,0,0,0,0,1,0,1,0,D
17725,0,0,0,0,0,0,0,1,0,1,0,D
17726,0,0,0,0,0,0,0,1,0,1,0,D
17727,0,0,0,0,0,0,0,1,0,1,0,D
17728,0,0,0,0,0,0,0,1,0,1,0,D
17729,0,0,0,0,0,0,0,1,0,1,0,D
17730,0,0,0,0,0,0,0,1,0,1,0,D
17731,0,0,0,0,0,0,0,1,0,1,0,D
17732,0,0,0,0,0,0,0,1,0,1,0,D
17733,0,0,0,0,0,0,0,1,0,1,0,D
17734,0,0,0,0,0,0,0,1,0,1,0,D
17735,0,0,0,0,0,0,0,1,0,1,0,D
17736,0,0,0,0,0,0,0,1,0,1,0,D
17737,0,0,0,0,0,0,0,1,0,1,0,D
17738,0,0,0,0,0,0,0,1,0,1,0,D
17739,0,0,0,0,0,0,0,1,0,1,0,D
17740,0,0,0,0,0,0,0,1,0,1,0,D
17741,0,0,0,0,0,0,0,1,0,1,0,D
17742,0,0,0,0,0,0,0,1,0,1,0,D
17743,0,0,0,0,0,0,0,1,0,1,0,D
17744,0,0,0,0,0,0,0,1,0,1,0,D
17745,0,0,0,0,0,0,0,1,0,1,0,D
17746,0,0,0,0,0,0,0,1,0,1,0,D
17747,0,0,0,0,0,0,0,1,0,1,0,D
17748,0,0,0,0,0,0,0,1,0,1,0,D
17749,0,0,0,0,0,0,0,1,0,1,0,D
17750,0,0,0,0,0,0,0,1,0,1,0,D
17751,0,0,0,0,0,0,0,1,0,1,0,D
17752,0,0,0,0,0,0,0,1,0,1,0,D
17753,0,0,0,0,0,0,0,1,0,1,0,D
17754,0,0,0,0,0,0,0,1,0,1,0,D
17755,0,0,0,0,0,0,0,1,0,1,0,D
17756,0,0,0,0,0,0,0,1,0,1,0,D
17757,0,0,0,0,0,0,0,1,0,1,0,D
17758,0,0,0,0,0,0,0,1,0,1,0,D
17759,0,0,0,0,0,0,0,1,0,1,0,D
17760,0,0,0,0,0,0,0,1,0,1,0,D
17761,0,0,0,0,0,0,0,1,0,1,0,D
17762,0,0,0,0,0,0,0,1,0,1,0,D
17763,0,0,0,0,0,0,0,1,0,1,0,D
17764,0,0,0,0,0,0,0,1,0,1,0,D
17765,0,0,0,0,0,0,0,1,0,1,0,D
17766,0,0,0,0,0,0,0,1,0,1,0,D
17767,0,0,0,0,0,0,0,1,0,1,0,D
17768,0,0,0,0,0,0,0,1,0,1,0,D
17769,0,0,0,0,0,0,0,1,0,1,0,D
17770,0,0,0,0,0,0,0,1,0,1,0,D
17771,0,0,0,0,0,0,0,1,0,1,0,D
17772,0,0,0,0,0,0,0,1,0,1,0,D
17773,0,0,0,0,0,0,0,1,0,1,0,D
17774,0,0,0,0,0,0,0,1,0,1,0,D
17775,0,0,0,0,0,0,0,1,0,1,0,D
17776,0,0,0,0,0,0,0,1,0,1,0,D
17777,0,0,0,0,0,0,0,1,0,1,0,D
17778,0,0,0,0,0,0,0,1,0,1,0,D
17779,0,0,0,0,0,0,0,1,0,1,0,D
17780,0,0,0,0,0,0,0,1,0,1,0,D
17781,0,0,0,0,0,0,0,1,0,1,0,D
17782,0,0,0,0,0,0,0,1,0,1,0,D
17783,0,0,0,0,0,0,0,1,0,1,0,D
17784,0,0,0,0,0,0,0,1,0,1,0,D
17785,0,0,0,0,0,0,0,1,0,1,0,D
17786,0,0,0,0,0,0,0,1,0,1,0,D
17787,0,0,0,0,0,0,0,1,0,1,0,D
17788,0,0,0,0,0,0,0,1,0,1,0,D
17789,0,0,0,0,0,0,0,1,0,1,0,D
17790,0,0,0,0,0,0,0,1,0,1,0,D
17791,0,0,0,0,0,0,0,1,0,1,0,D
17792,0,0,0,0,0,0,0,1,0,1,0,D
17793,0,0,0,0,0,0,0,1,0,1,0,D
17794,0,0,0,0,0,0,0,1,0,1,0,D
17795,0,0,0,0,0,0,0,1,0,1,0,D
17796,0,0,0,0,0,0,0,1,0,1,0,D
17797,0,0,0,0,0,0,0,1,0,1,0,D
17798,0,0,0,0,0,0,0,1,0,1,0,D
17799,0,0,0,0,0,0,0,1,0,1,0,D
17800,0,0,0,0,0,0,0,1,0,1,0,D
17801,0,0,0,0,0,0,0,1,0,1,0,D
17802,0,0,0,0,0,0,0,1,0,1,0,D
17803,0,0,0,0,0,0,0,1,0,1,0,D
17804,0,0,0,0,0,0,0,1,0,1,0,D
17805,0,0,0,0,0,0,0,1,0,1,0,D
17806,0,0,0,0,0,0,0,1,0,1,0,D
17807,0,0,0,0,0,0,0,1,0,1,0,D
17808,0,0,0,0,0,0,0,1,0,1,0,D
17809,0,0,0,0,0,0,0,1,0,1,0,D
17810,0,0,0,0,0,0,0,1,0,1,0,D
17811,0,0,0,0,0,0,0,1,0,1,0,D
17812,0,0,0,0,0,0,0,1,0,1,0,D
17813,0,0,0,0,0,0,0,1,0,1,0,D
17814,0,0,0,0,0,0,0,1,0,1,0,D
17815,0,0,0,0,0,0,0,1,0,1,0,D
17816,0,0,0,0,0,0,0,1,0,1,0,D
17817,0,0,0,0,0,0,0,1,0,1,0,D
17818,0,0,0,0,0,0,0,1,0,1,0,D
17819,0,0,0,0,0,0,0,1,0,1,0,D
17820,0,0,0,0,0,0,0,1,0,1,0,D
17821,0,0,0,0,0,0,0,1,0,1,0,D
17822,0,0,0,0,0,0,0,1,0,1,0,D
17823,0,0,0,0,0,0,0,1,0,1,0,D
17824,0,0,0,0,0,0,0,1,0,1,0,D
17825,0,0,0,0,0,0,0,1,0,1,0,D
17826,0,0,0,0,0,0,0,1,0,1,0,D
17827,0,0,0,0,0,0,0,1,0,1,0,D
17828,0,0,0,0,0,0,0,1,0,1,0,D
17829,0,0,0,0,0,0,0,1,0,1,0,D
17830,0,0,0,0,0,0,0,1,0,1,0,D
17831,0,0,0,0,0,0,0,1,0,1,0,D
17832,0,0,0,0,0,0,0,1,0,1,0,D
17833,0,0,0,0,0,0,0,1,0,1,0,D
17834,0,0,0,0,0,0,0,1,0,1,0,D
17835,0,0,0,0,0,0,0,1,0,1,0,D
17836,0,0,0,0,0,0,0,1,0,1,0,D
17837,0,0,0,0,0,0,0,1,0,1,0,D
17838,0,0,0,0,0,0,0,1,0,1,0,D
17839,0,0,0,0,0,0,0,1,0,1,0,D
17840,0,0,0,0,0,0,0,1,0,1,0,D
17841,0,0,0,0,0,0,0,1,0,1,0,D
17842,0,0,0,0,0,0,0,1,0,1,0,D
17843,0,0,0,0,0,0,0,1,0,1,0,D
17844,0,0,0,0,0,0,0,1,0,1,0,D
17845,0,0,0,0,0,0,0,1,0,1,0,D
17846,0,0,0,0,0,0,0,1,0,1,0,D
17847,0,0,0,0,0,0,0,1,0,1,0,D
17848,0,0,0,0,0,0,0,1,0,1,0,D
17849,0,0,0,0,0,0,0,1,0,1,0,D
17850,0,0,0,0,0,0,0,1,0,1,0,D
17851,0,0,0,0,0,0,0,1,0,1,0,D
17852,0,0,0,0,0,0,0,1,0,1,0,D
17853,0,0,0,0,0,0,0,1,0,1,0,D
17854,0,0,0,0,0,0,0,1,0,1,0,D
17855,0,0,0,0,0,0,0,1,0,1,0,D
17856,0,0,0,0,0,0,0,1,0,1,0,D
17857,0,0,0,0,0,0,0,1,0,1,0,D
17858,0,0,0,0,0,0,0,1,0,1,0,D
17859,0,0,0,0,0,0,0,1,0,1,0,D
17860,0,0,0,0,0,0,0,1,0,1,0,D
17861,0,0,0,0,0,0,0,1,0,1,0,D
17862,0,0,0,0,0,0,0,1,0,1,0,D
17863,0,0,0,0,0,0,0,1,0,1,0,D
17864,0,0,0,0,0,0,0,1,0,1,0,D
17865,0,0,0,0,0,0,0,1,0,1,0,D
17866,0,0,0,0,0,0,0,1,0,1,0,D
17867,0,0,0,0,0,0,0,1,0,1,0,D
17868,0,0,0,0,0,0,0,1,0,1,0,D
17869,0,0,0,0,0,0,0,1,0,1,0,D
17870,0,0,0,0,0,0,0,1,0,1,0,D
17871,0,0,0,0,0,0,0,1,0,1,0,D
17872,0,0,0,0,0,0,0,1,0,1,0,D
17873,0,0,0,0,0,0,0,1,0,1,0,D
17874,0,0,0,0,0,0,0,1,0,1,0,D
17875,0,0,0,0,0,0,0,1,0,1,0,D
17876,0,0,0,0,0,0,0,1,0,1,0,D
17877,0,0,0,0,0,0,0,1,0,1,0,D
17878,0,0,0,0,0,0,0,1,0,1,0,D
17879,0,0,0,0,0,0,0,1,0,1,0,D
17880,0,0,0,0,0,0,0,1,0,1,0,D
17881,0,0,0,0,0,0,0,1,0,1,0,D
17882,0,0,0,0,0,0,0,1,0,1,0,D
17883,0,0,0,0,0,0,0,1,0,1,0,D
17884,0,0,0,0,0,0,0,1,0,1,0,D
17885,0,0,0,0,0,0,0,1,0,1,0,D
17886,0,0,0,0,0,0,0,1,0,1,0,D
17887,0,0,0,0,0,0,0,1,0,1,0,D
17888,0,0,0,0,0,0,0,1,0,1,0,D
17889,0,0,0,0,0,0,0,1,0,1,0,D
17890,0,0,0,0,0,0,0,1,0,1,0,D
17891,0,0,0,0,0,0,0,1,0,1,0,D
17892,0,0,0,0,0,0,0,1,0,1,0,D
17893,0,0,0,0,0,0,0,1,0,1,0,D
17894,0,0,0,0,0,0,0,1,0,1,0,D
17895,0,0,0,0,0,0,0,1,0,1,0,D
17896,0,0,0,0,0,0,0,1,0,1,0,D
17897,0,0,0,0,0,0,0,1,0,1,0,D
17898,0,0,0,0,0,0,0,1,0,1,0,D
17899,0,0,0,0,0,0,0,1,0,1,0,D
17900,0,0,0,0,0,0,0,1,0,1,0,D
17901,0,0,0,0,0,0,0,1,0,1,0,D
17902,0,0,0,0,0,0,0,1,0,1,0,D
17903,0,0,0,0,0,0,0,1,0,1,0,D
17904,0,0,0,0,0,0,0,1,0,1,0,D
17905,0,0,0,0,0,0,0,1,0,1,0,D
17906,0,0,0,0,0,0,0,1,0,1,0,D
17907,0,0,0,0,0,0,0,1,0,1,0,D
17908,0,0,0,0,0,0,0,1,0,1,0,D
17909,0,0,0,0,0,0,0,1,0,1,0,D
17910,0,0,0,0,0,0,0,1,0,1,0,D
17911,0,0,0,0,0,0,0,1,0,1,0,D
17912,0,0,0,0,0,0,0,1,0,1,0,D
17913,0,0,0,0,0,0,0,1,0,1,0,D
17914,0,0,0,0,0,0,0,1,0,1,0,D
17915,0,0,0,0,0,0,0,1,0,1,0,D
17916,0,0,0,0,0,0,0,1,0,1,0,D
17917,0,0,0,0,0,0,0,1,0,1,0,D
17918,0,0,0,0,0,0,0,1,0,1,0,D
17919,0,0,0,0,0,0,0,1,0,1,0,D
17920,0,0,0,0,0,0,0,1,0,1,0,D
17921,0,0,0,0,0,0,0,1,0,1,0,D
17922,0,0,0,0,0,0,0,1,0,1,0,D
17923,0,0,0,0,0,0,0,1,0,1,0,D
17924,0,0,0,0,0,0,0,1,0,1,0,D
17925,0,0,0,0,0,0,0,1,0,1,0,D
17926,0,0,0,0,0,0,0,1,0,1,0,D
17927,0,0,0,0,0,0,0,1,0,1,0,D
17928,0,0,0,0,0,0,0,1,0,1,0,D
17929,0,0,0,0,0,0,0,1,0,1,0,D
17930,0,0,0,0,0,0,0,1,0,1,0,D
17931,0,0,0,0,0,0,0,1,0,1,0,D
17932,0,0,0,0,0,0,0,1,0,1,0,D
17933,0,0,0,0,0,0,0,1,0,1,0,D
17934,0,0,0,0,0,0,0,1,0,1,0,D
17935,0,0,0,0,0,0,0,1,0,1,0,D
17936,0,0,0,0,0,0,0,1,0,1,0,D
17937,0,0,0,0,0,0,0,1,0,1,0,D
17938,0,0,0,0,0,0,0,1,0,1,0,D
17939,0,0,0,0,0,0,0,1,0,1,0,D
17940,0,0,0,0,0,0,0,1,0,1,0,D
17941,0,0,0,0,0,0,0,1,0,1,0,D
17942,0,0,0,0,0,0,0,1,0,1,0,D
17943,0,0,0,0,0,0,0,1,0,1,0,D
17944,0,0,0,0,0,0,0,1,0,1,0,D
17945,0,0,0,0,0,0,0,1,0,1,0,D
17946,0,0,0,0,0,0,0,1,0,1,0,D
17947,0,0,0,0,0,0,0,1,0,1,0,D
17948,0,0,0,0,0,0,0,1,0,1,0,D
17949,0,0,0,0,0,0,0,1,0,1,0,D
17950,0,0,0,0,0,0,0,1,0,1,0,D
17951,0,0,0,0,0,0,0,1,0,1,0,D
17952,0,0,0,0,0,0,0,1,0,1,0,D
17953,0,0,0,0,0,0,0,1,0,1,0,D
17954,0,0,0,0,0,0,0,1,0,1,0,D
17955,0,0,0,0,0,0,0,1,0,1,0,D
17956,0,0,0,0,0,0,0,1,0,1,0,D
17957,0,0,0,0,0,0,0,1,0,1,0,D
17958,0,0,0,0,0,0,0,1,0,1,0,D
17959,0,0,0,0,0,0,0,1,0,1,0,D
17960,0,0,0,0,0,0,0,1,0,1,0,D
17961,0,0,0,0,0,0,0,1,0,1,0,D
17962,0,0,0,0,0,0,0,1,0,1,0,D
17963,0,0,0,0,0,0,0,1,0,1,0,D
17964,0,0,0,0,0,0,0,1,0,1,0,D
17965,0,0,0,0,0,0,0,1,0,1,0,D
17966,0,0,0,0,0,0,0,1,0,1,0,D
17967,0,0,0,0,0,0,0,1,0,1,0,D
17968,0,0,0,0,0,0,0,1,0,1,0,D
17969,0,0,0,0,0,0,0,1,0,1,0,D
17970,0,0,0,0,0,0,0,1,0,1,0,D
17971,0,0,0,0,0,0,0,1,0,1,0,D
17972,0,0,0,0,0,0,0,1,0,1,0,D
17973,0,0,0,0,0,0,0,1,0,1,0,D
17974,0,0,0,0,0,0,0,1,0,1,0,D
17975,0,0,0,0,0,0,0,1,0,1,0,D
17976,0,0,0,0,0,0,0,1,0,1,0,D
17977,0,0,0,0,0,0,0,1,0,1,0,D
17978,0,0,0,0,0,0,0,1,0,1,0,D
17979,0,0,0,0,0,0,0,1,0,1,0,D
17980,0,0,0,0,0,0,0,1,0,1,0,D
17981,0,0,0,0,0,0,0,1,0,1,0,D
17982,0,0,0,0,0,0,0,1,0,1,0,D
17983,0,0,0,0,0,0,0,1,0,1,0,D
17984,0,0,0,0,0,0,0,1,0,1,0,D
17985,0,0,0,0,0,0,0,1,0,1,0,D
17986,0,0,0,0,0,0,0,1,0,1,0,D
17987,0,0,0,0,0,0,0,1,0,1,0,D
17988,0,0,0,0,0,0,0,1,0,1,0,D
17989,0,0,0,0,0,0,0,1,0,1,0,D
17990,0,0,0,0,0,0,0,1,0,1,0,D
17991,0,0,0,0,0,0,0,1,0,1,0,D
17992,0,0,0,0,0,0,0,1,0,1,0,D
17993,0,0,0,0,0,0,0,1,0,1,0,D
17994,0,0,0,0,0,0,0,1,0,1,0,D
17995,0,0,0,0,0,0,0,1,0,1,0,D
17996,0,0,0,0,0,0,0,1,0,1,0,D
17997,0,0,0,0,0,0,0,1,0,1,0,D
17998,0,0,0,0,0,0,0,1,0,1,0,D
17999,0,0,0,0,0,0,0,1,0,1,0,D
18000,0,0,0,0,0,0,0,1,0,1,0,D
18001,0,0,0,0,0,0,0,1,0,1,0,D
18002,0,0,0,0,0,0,0,1,0,1,0,D
18003,0,0,0,0,0,0,0,1,0,1,0,D
18004,0,0,0,0,0,0,0,1,0,1,0,D
18005,0,0,0,0,0,0,0,1,0,1,0,D
18006,0,0,0,0,0,0,0,1,0,1,0,D
18007,0,0,0,0,0,0,0,1,0,1,0,D
18008,0,0,0,0,0,0,0,1,0,1,0,D
18009,0,0,0,0,0,0,0,1,0,1,0,D
18010,0,0,0,0,0,0,0,1,0,1,0,D
18011,0,0,0,0,0,0,0,1,0,1,0,D
18012,0,0,0,0,0,0,0,1,0,1,0,D
18013,0,0,0,0,0,0,0,1,0,1,0,D
18014,0,0,0,0,0,0,0,1,0,1,0,D
18015,0,0,0,0,0,0,0,1,0,1,0,D
18016,0,0,0,0,0,0,0,1,0,1,0,D
18017,0,0,0,0,0,0,0,1,0,1,0,D
18018,0,0,0,0,0,0,0,1,0,1,0,D
18019,0,0,0,0,0,0,0,1,0,1,0,D
18020,0,0,0,0,0,0,0,1,0,1,0,D
18021,0,0,0,0,0,0,0,1,0,1,0,D
18022,0,0,0,0,0,0,0,1,0,1,0,D
18023,0,0,0,0,0,0,0,1,0,1,0,D
18024,0,0,0,0,0,0,0,1,0,1,0,D
18025,0,0,0,0,0,0,0,1,0,1,0,D
18026,0,0,0,0,0,0,0,1,0,1,0,D
18027,0,0,0,0,0,0,0,1,0,1,0,D
18028,0,0,0,0,0,0,0,1,0,1,0,D
18029,0,0,0,0,0,0,0,1,0,1,0,D
18030,0,0,0,0,0,0,0,1,0,1,0,D
18031,0,0,0,0,0,0,0,1,0,1,0,D
18032,0,0,0,0,0,0,0,1,0,1,0,D
18033,0,0,0,0,0,0,0,1,0,1,0,D
18034,0,0,0,0,0,0,0,1,0,1,0,D
18035,0,0,0,0,0,0,0,1,0,1,0,D
18036,0,0,0,0,0,0,0,1,0,1,0,D
18037,0,0,0,0,0,0,0,1,0,1,0,D
18038,0,0,0,0,0,0,0,1,0,1,0,D
18039,0,0,0,0,0,0,0,1,0,1,0,D
18040,0,0,0,0,0,0,0,1,0,1,0,D
18041,0,0,0,0,0,0,0,1,0,1,0,D
18042,0,0,0,0,0,0,0,1,0,1,0,D
18043,0,0,0,0,0,0,0,1,0,1,0,D
18044,0,0,0,0,0,0,0,1,0,1,0,D
18045,0,0,0,0,0,0,0,1,0,1,0,D
18046,0,0,0,0,0,0,0,1,0,1,0,D
18047,0,0,0,0,0,0,0,1,0,1,0,D
18048,0,0,0,0,0,0,0,1,0,1,0,D
18049,0,0,0,0,0,0,0,1,0,1,0,D
18050,0,0,0,0,0,0,0,1,0,1,0,D
18051,0,0,0,0,0,0,0,1,0,1,0,D
18052,0,0,0,0,0,0,0,1,0,1,0,D
18053,0,0,0,0,0,0,0,1,0,1,0,D
18054,0,0,0,0,0,0,0,1,0,1,0,D
18055,0,0,0,0,0,0,0,1,0,1,0,D
18056,0,0,0,0,0,0,0,1,0,1,0,D
18057,0,0,0,0,0,0,0,1,0,1,0,D
18058,0,0,0,0,0,0,0,1,0,1,0,D
18059,0,0,0,0,0,0,0,1,0,1,0,D
18060,0,0,0,0,0,0,0,1,0,1,0,D
18061,0,0,0,0,0,0,0,1,0,1,0,D
18062,0,0,0,0,0,0,0,1,0,1,0,D
18063,0,0,0,0,0,0,0,1,0,1,0,D
18064,0,0,0,0,0,0,0,1,0,1,0,D
18065,0,0,0,0,0,0,0,1,0,1,0,D
18066,0,0,0,0,0,0,0,1,0,1,0,D
18067,0,0,0,0,0,0,0,1,0,1,0,D
18068,0,0,0,0,0,0,0,1,0,1,0,D
18069,0,0,0,0,0,0,0,1,0,1,0,D
18070,0,0,0,0,0,0,0,1,0,1,0,D
18071,0,0,0,0,0,0,0,1,0,1,0,D
18072,0,0,0,0,0,0,0,1,0,1,0,D
18073,0,0,0,0,0,0,0,1,0,1,0,D
18074,0,0,0,0,0,0,0,1,0,1,0,D
18075,0,0,0,0,0,0,0,1,0,1,0,D
18076,0,0,0,0,0,0,0,1,0,1,0,D
18077,0,0,0,0,0,0,0,1,0,1,0,D
18078,0,0,0,0,0,0,0,1,0,1,0,D
18079,0,0,0,0,0,0,0,1,0,1,0,D
18080,0,0,0,0,0,0,0,1,0,1,0,D
18081,0,0,0,0,0,0,0,1,0,1,0,D
18082,0,0,0,0,0,0,0,1,0,1,0,D
18083,0,0,0,0,0,0,0,1,0,1,0,D
18084,0,0,0,0,0,0,0,1,0,1,0,D
18085,0,0,0,0,0,0,0,1,0,1,0,D
18086,0,0,0,0,0,0,0,1,0,1,0,D
18087,0,0,0,0,0,0,0,1,0,1,0,D
18088,0,0,0,0,0,0,0,1,0,1,0,D
18089,0,0,0,0,0,0,0,1,0,1,0,D
18090,0,0,0,0,0,0,0,1,0,1,0,D
18091,0,0,0,0,0,0,0,1,0,1,0,D
18092,0,0,0,0,0,0,0,1,0,1,0,D
18093,0,0,0,0,0,0,0,1,0,1,0,D
18094,0,0,0,0,0,0,0,1,0,1,0,D
18095,0,0,0,0,0,0,0,1,0,1,0,D
18096,0,0,0,0,0,0,0,1,0,1,0,D
18097,0,0,0,0,0,0,0,1,0,1,0,D
18098,0,0,0,0,0,0,0,1,0,1,0,D
18099,0,0,0,0,0,0,0,1,0,1,0,D
18100,0,0,0,0,0,0,0,1,0,1,0,D
18101,0,0,0,0,0,0,0,1,0,1,0,D
18102,0,0,0,0,0,0,0,1,0,1,0,D
18103,0,0,0,0,0,0,0,1,0,1,0,D
18104,0,0,0,0,0,0,0,1,0,1,0,D
18105,0,0,0,0,0,0,0,1,0,1,0,D
18106,0,0,0,0,0,0,0,1,0,1,0,D
18107,0,0,0,0,0,0,0,1,0,1,0,D
18108,0,0,0,0,0,0,0,1,0,1,0,D
18109,0,0,0,0,0,0,0,1,0,1,0,D
18110,0,0,0,0,0,0,0,1,0,1,0,D
18111,0,0,0,0,0,0,0,1,0,1,0,D
18112,0,0,0,0,0,0,0,1,0,1,0,D
18113,0,0,0,0,0,0,0,1,0,1,0,D
18114,0,0,0,0,0,0,0,1,0,1,0,D
18115,0,0,0,0,0,0,0,1,0,1,0,D
18116,0,0,0,0,0,0,0,1,0,1,0,D
18117,0,0,0,0,0,0,0,1,0,1,0,D
18118,0,0,0,0,0,0,0,1,0,1,0,D
18119,0,0,0,0,0,0,0,1,0,1,0,D
18120,0,0,0,0,0,0,0,1,0,1,0,D
18121,0,0,0,0,0,0,0,1,0,1,0,D
18122,0,0,0,0,0,0,0,1,0,1,0,D
18123,0,0,0,0,0,0,0,1,0,1,0,D
18124,0,0,0,0,0,0,0,1,0,1,0,D
18125,0,0,0,0,0,0,0,1,0,1,0,D
18126,0,0,0,0,0,0,0,1,0,1,0,D
18127,0,0,0,0,0,0,0,1,0,1,0,D
18128,0,0,0,0,0,0,0,1,0,1,0,D
18129,0,0,0,0,0,0,0,1,0,1,0,D
18130,0,0,0,0,0,0,0,1,0,1,0,D
18131,0,0,0,0,0,0,0,1,0,1,0,D
18132,0,0,0,0,0,0,0,1,0,1,0,D
18133,0,0,0,0,0,0,0,1,0,1,0,D
18134,0,0,0,0,0,0,0,1,0,1,0,D
18135,0,0,0,0,0,0,0,1,0,1,0,D
18136,0,0,0,0,0,0,0,1,0,1,0,D
18137,0,0,0,0,0,0,0,1,0,1,0,D
18138,0,0,0,0,0,0,0,1,0,1,0,D
18139,0,0,0,0,0,0,0,1,0,1,0,D
18140,0,0,0,0,0,0,0,1,0,1,0,D
18141,0,0,0,0,0,0,0,1,0,1,0,D
18142,0,0,0,0,0,0,0,1,0,1,0,D
18143,0,0,0,0,0,0,0,1,0,1,0,D
18144,0,0,0,0,0,0,0,1,0,1,0,D
18145,0,0,0,0,0,0,0,1,0,1,0,D
18146,0,0,0,0,0,0,0,1,0,1,0,D
18147,0,0,0,0,0,0,0,1,0,1,0,D
18148,0,0,0,0,0,0,0,1,0,1,0,D
18149,0,0,0,0,0,0,0,1,0,1,0,D
18150,0,0,0,0,0,0,0,1,0,1,0,D
18151,0,0,0,0,0,0,0,1,0,1,0,D
18152,0,0,0,0,0,0,0,1,0,1,0,D
18153,0,0,0,0,0,0,0,1,0,1,0,D
18154,0,0,0,0,0,0,0,1,0,1,0,D
18155,0,0,0,0,0,0,0,1,0,1,0,D
18156,0,0,0,0,0,0,0,1,0,1,0,D
18157,0,0,0,0,0,0,0,1,0,1,0,D
18158,0,0,0,0,0,0,0,1,0,1,0,D
18159,0,0,0,0,0,0,0,1,0,1,0,D
18160,0,0,0,0,0,0,0,1,0,1,0,D
18161,0,0,0,0,0,0,0,1,0,1,0,D
18162,0,0,0,0,0,0,0,1,0,1,0,D
18163,0,0,0,0,0,0,0,1,0,1,0,D
18164,0,0,0,0,0,0,0,1,0,1,0,D
18165,0,0,0,0,0,0,0,1,0,1,0,D
18166,0,0,0,0,0,0,0,1,0,1,0,D
18167,0,0,0,0,0,0,0,1,0,1,0,D
18168,0,0,0,0,0,0,0,1,0,1,0,D
18169,0,0,0,0,0,0,0,1,0,1,0,D
18170,0,0,0,0,0,0,0,1,0,1,0,D
18171,0,0,0,0,0,0,0,1,0,1,0,D
18172,0,0,0,0,0,0,0,1,0,1,0,D
18173,0,0,0,0,0,0,0,1,0,1,0,D
18174,0,0,0,0,0,0,0,1,0,1,0,D
18175,0,0,0,0,0,0,0,1,0,1,0,D
18176,0,0,0,0,0,0,0,1,0,1,0,D
18177,0,0,0,0,0,0,0,1,0,1,0,D
18178,0,0,0,0,0,0,0,1,0,1,0,D
18179,0,0,0,0,0,0,0,1,0,1,0,D
18180,0,0,0,0,0,0,0,1,0,1,0,D
18181,0,0,0,0,0,0,0,1,0,1,0,D
18182,0,0,0,0,0,0,0,1,0,1,0,D
18183,0,0,0,0,0,0,0,1,0,1,0,D
18184,0,0,0,0,0,0,0,1,0,1,0,D
18185,0,0,0,0,0,0,0,1,0,1,0,D
18186,0,0,0,0,0,0,0,1,0,1,0,D
18187,0,0,0,0,0,0,0,1,0,1,0,D
18188,0,0,0,0,0,0,0,1,0,1,0,D
18189,0,0,0,0,0,0,0,1,0,1,0,D
18190,0,0,0,0,0,0,0,1,0,1,0,D
18191,0,0,0,0,0,0,0,1,0,1,0,D
18192,0,0,0,0,0,0,0,1,0,1,0,D
18193,0,0,0,0,0,0,0,1,0,1,0,D
18194,0,0,0,0,0,0,0,1,0,1,0,D
18195,0,0,0,0,0,0,0,1,0,1,0,D
18196,0,0,0,0,0,0,0,1,0,1,0,D
18197,0,0,0,0,0,0,0,1,0,1,0,D
18198,0,0,0,0,0,0,0,1,0,1,0,D
18199,0,0,0,0,0,0,0,1,0,1,0,D
18200,0,0,0,0,0,0,0,1,0,1,0,D
18201,0,0,0,0,0,0,0,1,0,1,0,D
18202,0,0,0,0,0,0,0,1,0,1,0,D
18203,0,0,0,0,0,0,0,1,0,1,0,D
18204,0,0,0,0,0,0,0,1,0,1,0,D
18205,0,0,0,0,0,0,0,1,0,1,0,D
18206,0,0,0,0,0,0,0,1,0,1,0,D
18207,0,0,0,0,0,0,0,1,0,1,0,D
18208,0,0,0,0,0,0,0,1,0,1,0,D
18209,0,0,0,0,0,0,0,1,0,1,0,D
18210,0,0,0,0,0,0,0,1,0,1,0,D
18211,0,0,0,0,0,0,0,1,0,1,0,D
18212,0,0,0,0,0,0,0,1,0,1,0,D
18213,0,0,0,0,0,0,0,1,0,1,0,D
18214,0,0,0,0,0,0,0,1,0,1,0,D
18215,0,0,0,0,0,0,0,1,0,1,0,D
18216,0,0,0,0,0,0,0,1,0,1,0,D
18217,0,0,0,0,0,0,0,1,0,1,0,D
18218,0,0,0,0,0,0,0,1,0,1,0,D
18219,0,0,0,0,0,0,0,1,0,1,0,D
18220,0,0,0,0,0,0,0,1,0,1,0,D
18221,0,0,0,0,0,0,0,1,0,1,0,D
18222,0,0,0,0,0,0,0,1,0,1,0,D
18223,0,0,0,0,0,0,0,1,0,1,0,D
18224,0,0,0,0,0,0,0,1,0,1,0,D
18225,0,0,0,0,0,0,0,1,0,1,0,D
18226,0,0,0,0,0,0,0,1,0,1,0,D
18227,0,0,0,0,0,0,0,1,0,1,0,D
18228,0,0,0,0,0,0,0,1,0,1,0,D
18229,0,0,0,0,0,0,0,1,0,1,0,D
18230,0,0,0,0,0,0,0,1,0,1,0,D
18231,0,0,0,0,0,0,0,1,0,1,0,D
18232,0,0,0,0,0,0,0,1,0,1,0,D
18233,0,0,0,0,0,0,0,1,0,1,0,D
18234,0,0,0,0,0,0,0,1,0,1,0,D
18235,0,0,0,0,0,0,0,1,0,1,0,D
18236,0,0,0,0,0,0,0,1,0,1,0,D
18237,0,0,0,0,0,0,0,1,0,1,0,D
18238,0,0,0,0,0,0,0,1,0,1,0,D
18239,0,0,0,0,0,0,0,1,0,1,0,D
18240,0,0,0,0,0,0,0,1,0,1,0,D
18241,0,0,0,0,0,0,0,1,0,1,0,D
18242,0,0,0,0,0,0,0,1,0,1,0,D
18243,0,0,0,0,0,0,0,1,0,1,0,D
18244,0,0,0,0,0,0,0,1,0,1,0,D
18245,0,0,0,0,0,0,0,1,0,1,0,D
18246,0,0,0,0,0,0,0,1,0,1,0,D
18247,0,0,0,0,0,0,0,1,0,1,0,D
18248,0,0,0,0,0,0,0,1,0,1,0,D
18249,0,0,0,0,0,0,0,1,0,1,0,D
18250,0,0,0,0,0,0,0,1,0,1,0,D
18251,0,0,0,0,0,0,0,1,0,1,0,D
18252,0,0,0,0,0,0,0,1,0,1,0,D
18253,0,0,0,0,0,0,0,1,0,1,0,D
18254,0,0,0,0,0,0,0,1,0,1,0,D
18255,0,0,0,0,0,0,0,1,0,1,0,D
18256,0,0,0,0,0,0,0,1,0,1,0,D
18257,0,0,0,0,0,0,0,1,0,1,0,D
18258,0,0,0,0,0,0,0,1,0,1,0,D
18259,0,0,0,0,0,0,0,1,0,1,0,D
18260,0,0,0,0,0,0,0,1,0,1,0,D
18261,0,0,0,0,0,0,0,1,0,1,0,D
18262,0,0,0,0,0,0,0,1,0,1,0,D
18263,0,0,0,0,0,0,0,1,0,1,0,D
18264,0,0,0,0,0,0,0,1,0,1,0,D
18265,0,0,0,0,0,0,0,1,0,1,0,D
18266,0,0,0,0,0,0,0,1,0,1,0,D
18267,0,0,0,0,0,0,0,1,0,1,0,D
18268,0,0,0,0,0,0,0,1,0,1,0,D
18269,0,0,0,0,0,0,0,1,0,1,0,D
18270,0,0,0,0,0,0,0,1,0,1,0,D
18271,0,0,0,0,0,0,0,1,0,1,0,D
18272,0,0,0,0,0,0,0,1,0,1,0,D
18273,0,0,0,0,0,0,0,1,0,1,0,D
18274,0,0,0,0,0,0,0,1,0,1,0,D
18275,0,0,0,0,0,0,0,1,0,1,0,D
18276,0,0,0,0,0,0,0,1,0,1,0,D
18277,0,0,0,0,0,0,0,1,0,1,0,D
18278,0,0,0,0,0,0,0,1,0,1,0,D
18279,0,0,0,0,0,0,0,1,0,1,0,D
18280,0,0,0,0,0,0,0,1,0,1,0,D
18281,0,0,0,0,0,0,0,1,0,1,0,D
18282,0,0,0,0,0,0,0,1,0,1,0,D
18283,0,0,0,0,0,0,0,1,0,1,0,D
18284,0,0,0,0,0,0,0,1,0,1,0,D
18285,0,0,0,0,0,0,0,1,0,1,0,D
18286,0,0,0,0,0,0,0,1,0,1,0,D
18287,0,0,0,0,0,0,0,1,0,1,0,D
18288,0,0,0,0,0,0,0,1,0,1,0,D
18289,0,0,0,0,0,0,0,1,0,1,0,D
18290,0,0,0,0,0,0,0,1,0,1,0,D
18291,0,0,0,0,0,0,0,1,0,1,0,D
18292,0,0,0,0,0,0,0,1,0,1,0,D
18293,0,0,0,0,0,0,0,1,0,1,0,D
18294,0,0,0,0,0,0,0,1,0,1,0,D
18295,0,0,0,0,0,0,0,1,0,1,0,D
18296,0,0,0,0,0,0,0,1,0,1,0,D
18297,0,0,0,0,0,0,0,1,0,1,0,D
18298,0,0,0,0,0,0,0,1,0,1,0,D
18299,0,0,0,0,0,0,0,1,0,1,0,D
18300,0,0,0,0,0,0,0,1,0,1,0,D
18301,0,0,0,0,0,0,0,1,0,1,0,D
18302,0,0,0,0,0,0,0,1,0,1,0,D
18303,0,0,0,0,0,0,0,1,0,1,0,D
18304,0,0,0,0,0,0,0,1,0,1,0,D
18305,0,0,0,0,0,0,0,1,0,1,0,D
18306,0,0,0,0,0,0,0,1,0,1,0,D
18307,0,0,0,0,0,0,0,1,0,1,0,D
18308,0,0,0,0,0,0,0,1,0,1,0,D
18309,0,0,0,0,0,0,0,1,0,1,0,D
18310,0,0,0,0,0,0,0,1,0,1,0,D
18311,0,0,0,0,0,0,0,1,0,1,0,D
18312,0,0,0,0,0,0,0,1,0,1,0,D
18313,0,0,0,0,0,0,0,1,0,1,0,D
18314,0,0,0,0,0,0,0,1,0,1,0,D
18315,0,0,0,0,0,0,0,1,0,1,0,D
18316,0,0,0,0,0,0,0,1,0,1,0,D
18317,0,0,0,0,0,0,0,1,0,1,0,D
18318,0,0,0,0,0,0,0,1,0,1,0,D
18319,0,0,0,0,0,0,0,1,0,1,0,D
18320,0,0,0,0,0,0,0,1,0,1,0,D
18321,0,0,0,0,0,0,0,1,0,1,0,D
18322,0,0,0,0,0,0,0,1,0,1,0,D
18323,0,0,0,0,0,0,0,1,0,1,0,D
18324,0,0,0,0,0,0,0,1,0,1,0,D
18325,0,0,0,0,0,0,0,1,0,1,0,D
18326,0,0,0,0,0,0,0,1,0,1,0,D
18327,0,0,0,0,0,0,0,1,0,1,0,D
18328,0,0,0,0,0,0,0,1,0,1,0,D
18329,0,0,0,0,0,0,0,1,0,1,0,D
18330,0,0,0,0,0,0,0,1,0,1,0,D
18331,0,0,0,0,0,0,0,1,0,1,0,D
18332,0,0,0,0,0,0,0,1,0,1,0,D
18333,0,0,0,0,0,0,0,1,0,1,0,D
18334,0,0,0,0,0,0,0,1,0,1,0,D
18335,0,0,0,0,0,0,0,1,0,1,0,D
18336,0,0,0,0,0,0,0,1,0,1,0,D
18337,0,0,0,0,0,0,0,1,0,1,0,D
18338,0,0,0,0,0,0,0,1,0,1,0,D
18339,0,0,0,0,0,0,0,1,0,1,0,D
18340,0,0,0,0,0,0,0,1,0,1,0,D
18341,0,0,0,0,0,0,0,1,0,1,0,D
18342,0,0,0,0,0,0,0,1,0,1,0,D
18343,0,0,0,0,0,0,0,1,0,1,0,D
18344,0,0,0,0,0,0,0,1,0,1,0,D
18345,0,0,0,0,0,0,0,1,0,1,0,D
18346,0,0,0,0,0,0,0,1,0,1,0,D
18347,0,0,0,0,0,0,0,1,0,1,0,D
18348,0,0,0,0,0,0,0,1,0,1,0,D
18349,0,0,0,0,0,0,0,1,0,1,0,D
18350,0,0,0,0,0,0,0,1,0,1,0,D
18351,0,0,0,0,0,0,0,1,0,1,0,D
18352,0,0,0,0,0,0,0,1,0,1,0,D
18353,0,0,0,0,0,0,0,1,0,1,0,D
18354,0,0,0,0,0,0,0,1,0,1,0,D
18355,0,0,0,0,0,0,0,1,0,1,0,D
18356,0,0,0,0,0,0,0,1,0,1,0,D
18357,0,0,0,0,0,0,0,1,0,1,0,D
18358,0,0,0,0,0,0,0,1,0,1,0,D
18359,0,0,0,0,0,0,0,1,0,1,0,D
18360,0,0,0,0,0,0,0,1,0,1,0,D
18361,0,0,0,0,0,0,0,1,0,1,0,D
18362,0,0,0,0,0,0,0,1,0,1,0,D
18363,0,0,0,0,0,0,0,1,0,1,0,D
18364,0,0,0,0,0,0,0,1,0,1,0,D
18365,0,0,0,0,0,0,0,1,0,1,0,D
18366,0,0,0,0,0,0,0,1,0,1,0,D
18367,0,0,0,0,0,0,0,1,0,1,0,D
18368,0,0,0,0,0,0,0,1,0,1,0,D
18369,0,0,0,0,0,0,0,1,0,1,0,D
18370,0,0,0,0,0,0,0,1,0,1,0,D
18371,0,0,0,0,0,0,0,1,0,1,0,D
18372,0,0,0,0,0,0,0,1,0,1,0,D
18373,0,0,0,0,0,0,0,1,0,1,0,D
18374,0,0,0,0,0,0,0,1,0,1,0,D
18375,0,0,0,0,0,0,0,1,0,1,0,D
18376,0,0,0,0,0,0,0,1,0,1,0,D
18377,0,0,0,0,0,0,0,1,0,1,0,D
18378,0,0,0,0,0,0,0,1,0,1,0,D
18379,0,0,0,0,0,0,0,1,0,1,0,D
18380,0,0,0,0,0,0,0,1,0,1,0,D
18381,0,0,0,0,0,0,0,1,0,1,0,D
18382,0,0,0,0,0,0,0,1,0,1,0,D
18383,0,0,0,0,0,0,0,1,0,1,0,D
18384,0,0,0,0,0,0,0,1,0,1,0,D
18385,0,0,0,0,0,0,0,1,0,1,0,D
18386,0,0,0,0,0,0,0,1,0,1,0,D
18387,0,0,0,0,0,0,0,1,0,1,0,D
18388,0,0,0,0,0,0,0,1,0,1,0,D
18389,0,0,0,0,0,0,0,1,0,1,0,D
18390,0,0,0,0,0,0,0,1,0,1,0,D
18391,0,0,0,0,0,0,0,1,0,1,0,D
18392,0,0,0,0,0,0,0,1,0,1,0,D
18393,0,0,0,0,0,0,0,1,0,1,0,D
18394,0,0,0,0,0,0,0,1,0,1,0,D
18395,0,0,0,0,0,0,0,1,0,1,0,D
18396,0,0,0,0,0,0,0,1,0,1,0,D
18397,0,0,0,0,0,0,0,1,0,1,0,D
18398,0,0,0,0,0,0,0,1,0,1,0,D
18399,0,0,0,0,0,0,0,1,0,1,0,D
18400,0,0,0,0,0,0,0,1,0,1,0,D
18401,0,0,0,0,0,0,0,1,0,1,0,D
18402,0,0,0,0,0,0,0,1,0,1,0,D
18403,0,0,0,0,0,0,0,1,0,1,0,D
18404,0,0,0,0,0,0,0,1,0,1,0,D
18405,0,0,0,0,0,0,0,1,0,1,0,D
18406,0,0,0,0,0,0,0,1,0,1,0,D
18407,0,0,0,0,0,0,0,1,0,1,0,D
18408,0,0,0,0,0,0,0,1,0,1,0,D
18409,0,0,0,0,0,0,0,1,0,1,0,D
18410,0,0,0,0,0,0,0,1,0,1,0,D
18411,0,0,0,0,0,0,0,1,0,1,0,D
18412,0,0,0,0,0,0,0,1,0,1,0,D
18413,0,0,0,0,0,0,0,1,0,1,0,D
18414,0,0,0,0,0,0,0,1,0,1,0,D
18415,0,0,0,0,0,0,0,1,0,1,0,D
18416,0,0,0,0,0,0,0,1,0,1,0,D
18417,0,0,0,0,0,0,0,1,0,1,0,D
18418,0,0,0,0,0,0,0,1,0,1,0,D
18419,0,0,0,0,0,0,0,1,0,1,0,D
18420,0,0,0,0,0,0,0,1,0,1,0,D
18421,0,0,0,0,0,0,0,1,0,1,0,D
18422,0,0,0,0,0,0,0,1,0,1,0,D
18423,0,0,0,0,0,0,0,1,0,1,0,D
18424,0,0,0,0,0,0,0,1,0,1,0,D
18425,0,0,0,0,0,0,0,1,0,1,0,D
18426,0,0,0,0,0,0,0,1,0,1,0,D
18427,0,0,0,0,0,0,0,1,0,1,0,D
18428,0,0,0,0,0,0,0,1,0,1,0,D
18429,0,0,0,0,0,0,0,1,0,1,0,D
18430,0,0,0,0,0,0,0,1,0,1,0,D
18431,0,0,0,0,0,0,0,1,0,1,0,D
18432,0,0,0,0,0,0,0,1,0,1,0,D
18433,0,0,0,0,0,0,0,1,0,1,0,D
18434,0,0,0,0,0,0,0,1,0,1,0,D
18435,0,0,0,0,0,0,0,1,0,1,0,D
18436,0,0,0,0,0,0,0,1,0,1,0,D
18437,0,0,0,0,0,0,0,1,0,1,0,D
18438,0,0,0,0,0,0,0,1,0,1,0,D
18439,0,0,0,0,0,0,0,1,0,1,0,D
18440,0,0,0,0,0,0,0,1,0,1,0,D
18441,0,0,0,0,0,0,0,1,0,1,0,D
18442,0,0,0,0,0,0,0,1,0,1,0,D
18443,0,0,0,0,0,0,0,1,0,1,0,D
18444,0,0,0,0,0,0,0,1,0,1,0,D
18445,0,0,0,0,0,0,0,1,0,1,0,D
18446,0,0,0,0,0,0,0,1,0,1,0,D
18447,0,0,0,0,0,0,0,1,0,1,0,D
18448,0,0,0,0,0,0,0,1,0,1,0,D
18449,0,0,0,0,0,0,0,1,0,1,0,D
18450,0,0,0,0,0,0,0,1,0,1,0,D
18451,0,0,0,0,0,0,0,1,0,1,0,D
18452,0,0,0,0,0,0,0,1,0,1,0,D
18453,0,0,0,0,0,0,0,1,0,1,0,D
18454,0,0,0,0,0,0,0,1,0,1,0,D
18455,0,0,0,0,0,0,0,1,0,1,0,D
18456,0,0,0,0,0,0,0,1,0,1,0,D
18457,0,0,0,0,0,0,0,1,0,1,0,D
18458,0,0,0,0,0,0,0,1,0,1,0,D
18459,0,0,0,0,0,0,0,1,0,1,0,D
18460,0,0,0,0,0,0,0,1,0,1,0,D
18461,0,0,0,0,0,0,0,1,0,1,0,D
18462,0,0,0,0,0,0,0,1,0,1,0,D
18463,0,0,0,0,0,0,0,1,0,1,0,D
18464,0,0,0,0,0,0,0,1,0,1,0,D
18465,0,0,0,0,0,0,0,1,0,1,0,D
18466,0,0,0,0,0,0,0,1,0,1,0,D
18467,0,0,0,0,0,0,0,1,0,1,0,D
18468,0,0,0,0,0,0,0,1,0,1,0,D
18469,0,0,0,0,0,0,0,1,0,1,0,D
18470,0,0,0,0,0,0,0,1,0,1,0,D
18471,0,0,0,0,0,0,0,1,0,1,0,D
18472,0,0,0,0,0,0,0,1,0,1,0,D
18473,0,0,0,0,0,0,0,1,0,1,0,D
18474,0,0,0,0,0,0,0,1,0,1,0,D
18475,0,0,0,0,0,0,0,1,0,1,0,D
18476,0,0,0,0,0,0,0,1,0,1,0,D
18477,0,0,0,0,0,0,0,1,0,1,0,D
18478,0,0,0,0,0,0,0,1,0,1,0,D
18479,0,0,0,0,0,0,0,1,0,1,0,D
18480,0,0,0,0,0,0,0,1,0,1,0,D
18481,0,0,0,0,0,0,0,1,0,1,0,D
18482,0,0,0,0,0,0,0,1,0,1,0,D
18483,0,0,0,0,0,0,0,1,0,1,0,D
18484,0,0,0,0,0,0,0,1,0,1,0,D
18485,0,0,0,0,0,0,0,1,0,1,0,D
18486,0,0,0,0,0,0,0,1,0,1,0,D
18487,0,0,0,0,0,0,0,1,0,1,0,D
18488,0,0,0,0,0,0,0,1,0,1,0,D
18489,0,0,0,0,0,0,0,1,0,1,0,D
18490,0,0,0,0,0,0,0,1,0,1,0,D
18491,0,0,0,0,0,0,0,1,0,1,0,D
18492,0,0,0,0,0,0,0,1,0,1,0,D
18493,0,0,0,0,0,0,0,1,0,1,0,D
18494,0,0,0,0,0,0,0,1,0,1,0,D
18495,0,0,0,0,0,0,0,1,0,1,0,D
18496,0,0,0,0,0,0,0,1,0,1,0,D
18497,0,0,0,0,0,0,0,1,0,1,0,D
18498,0,0,0,0,0,0,0,1,0,1,0,D
18499,0,0,0,0,0,0,0,1,0,1,0,D
18500,0,0,0,0,0,0,0,1,0,1,0,D
18501,0,0,0,0,0,0,0,1,0,1,0,D
18502,0,0,0,0,0,0,0,1,0,1,0,D
18503,0,0,0,0,0,0,0,1,0,1,0,D
18504,0,0,0,0,0,0,0,1,0,1,0,D
18505,0,0,0,0,0,0,0,1,0,1,0,D
18506,0,0,0,0,0,0,0,1,0,1,0,D
18507,0,0,0,0,0,0,0,1,0,1,0,D
18508,0,0,0,0,0,0,0,1,0,1,0,D
18509,0,0,0,0,0,0,0,1,0,1,0,D
18510,0,0,0,0,0,0,0,1,0,1,0,D
18511,0,0,0,0,0,0,0,1,0,1,0,D
18512,0,0,0,0,0,0,0,1,0,1,0,D
18513,0,0,0,0,0,0,0,1,0,1,0,D
18514,0,0,0,0,0,0,0,1,0,1,0,D
18515,0,0,0,0,0,0,0,1,0,1,0,D
18516,0,0,0,0,0,0,0,1,0,1,0,D
18517,0,0,0,0,0,0,0,1,0,1,0,D
18518,0,0,0,0,0,0,0,1,0,1,0,D
18519,0,0,0,0,0,0,0,1,0,1,0,D
18520,0,0,0,0,0,0,0,1,0,1,0,D
18521,0,0,0,0,0,0,0,1,0,1,0,D
18522,0,0,0,0,0,0,0,1,0,1,0,D
18523,0,0,0,0,0,0,0,1,0,1,0,D
18524,0,0,0,0,0,0,0,1,0,1,0,D
18525,0,0,0,0,0,0,0,1,0,1,0,D
18526,0,0,0,0,0,0,0,1,0,1,0,D
18527,0,0,0,0,0,0,0,1,0,1,0,D
18528,0,0,0,0,0,0,0,1,0,1,0,D
18529,0,0,0,0,0,0,0,1,0,1,0,D
18530,0,0,0,0,0,0,0,1,0,1,0,D
18531,0,0,0,0,0,0,0,1,0,1,0,D
18532,0,0,0,0,0,0,0,1,0,1,0,D
18533,0,0,0,0,0,0,0,1,0,1,0,D
18534,0,0,0,0,0,0,0,1,0,1,0,D
18535,0,0,0,0,0,0,0,1,0,1,0,D
18536,0,0,0,0,0,0,0,1,0,1,0,D
18537,0,0,0,0,0,0,0,1,0,1,0,D
18538,0,0,0,0,0,0,0,1,0,1,0,D
18539,0,0,0,0,0,0,0,1,0,1,0,D
18540,0,0,0,0,0,0,0,1,0,1,0,D
18541,0,0,0,0,0,0,0,1,0,1,0,D
18542,0,0,0,0,0,0,0,1,0,1,0,D
18543,0,0,0,0,0,0,0,1,0,1,0,D
18544,0,0,0,0,0,0,0,1,0,1,0,D
18545,0,0,0,0,0,0,0,1,0,1,0,D
18546,0,0,0,0,0,0,0,1,0,1,0,D
18547,0,0,0,0,0,0,0,1,0,1,0,D
18548,0,0,0,0,0,0,0,1,0,1,0,D
18549,0,0,0,0,0,0,0,1,0,1,0,D
18550,0,0,0,0,0,0,0,1,0,1,0,D
18551,0,0,0,0,0,0,0,1,0,1,0,D
18552,0,0,0,0,0,0,0,1,0,1,0,D
18553,0,0,0,0,0,0,0,1,0,1,0,D
18554,0,0,0,0,0,0,0,1,0,1,0,D
18555,0,0,0,0,0,0,0,1,0,1,0,D
18556,0,0,0,0,0,0,0,1,0,1,0,D
18557,0,0,0,0,0,0,0,1,0,1,0,D
18558,0,0,0,0,0,0,0,1,0,1,0,D
18559,0,0,0,0,0,0,0,1,0,1,0,D
18560,0,0,0,0,0,0,0,1,0,1,0,D
18561,0,0,0,0,0,0,0,1,0,1,0,D
18562,0,0,0,0,0,0,0,1,0,1,0,D
18563,0,0,0,0,0,0,0,1,0,1,0,D
18564,0,0,0,0,0,0,0,1,0,1,0,D
18565,0,0,0,0,0,0,0,1,0,1,0,D
18566,0,0,0,0,0,0,0,1,0,1,0,D
18567,0,0,0,0,0,0,0,1,0,1,0,D
18568,0,0,0,0,0,0,0,1,0,1,0,D
18569,0,0,0,0,0,0,0,1,0,1,0,D
18570,0,0,0,0,0,0,0,1,0,1,0,D
18571,0,0,0,0,0,0,0,1,0,1,0,D
18572,0,0,0,0,0,0,0,1,0,1,0,D
18573,0,0,0,0,0,0,0,1,0,1,0,D
18574,0,0,0,0,0,0,0,1,0,1,0,D
18575,0,0,0,0,0,0,0,1,0,1,0,D
18576,0,0,0,0,0,0,0,1,0,1,0,D
18577,0,0,0,0,0,0,0,1,0,1,0,D
18578,0,0,0,0,0,0,0,1,0,1,0,D
18579,0,0,0,0,0,0,0,1,0,1,0,D
18580,0,0,0,0,0,0,0,1,0,1,0,D
18581,0,0,0,0,0,0,0,1,0,1,0,D
18582,0,0,0,0,0,0,0,1,0,1,0,D
18583,0,0,0,0,0,0,0,1,0,1,0,D
18584,0,0,0,0,0,0,0,1,0,1,0,D
18585,0,0,0,0,0,0,0,1,0,1,0,D
18586,0,0,0,0,0,0,0,1,0,0,0,D
18587,0,0,0,0,0,0,0,1,0,0,0,D
18588,0,0,0,0,0,0,0,1,0,0,0,D
18589,0,0,0,0,0,0,0,1,0,0,0,D
18590,0,0,0,0,0,0,0,1,0,0,0,D
18591,0,0,0,0,0,0,0,1,0,0,0,D
18592,0,0,0,0,0,0,0,1,0,0,0,D
18593,0,0,0,0,0,0,0,1,0,0,0,D
18594,0,0,0,0,0,0,0,1,0,0,0,D
18595,0,0,0,0,0,0,0,1,0,0,0,D
18596,0,0,0,0,0,0,0,1,0,0,0,D
18597,0,0,0,0,0,0,0,1,0,0,0,D
18598,0,0,0,0,0,0,0,1,0,0,0,D
18599,0,0,0,0,0,0,0,1,0,0,0,D
18600,0,0,0,0,0,0,0,1,0,0,0,D
18601,0,0,0,0,0,0,0,1,0,0,0,D
18602,0,0,0,0,0,0,0,1,0,0,0,D
18603,0,0,0,0,0,0,0,1,0,0,0,D
18604,0,0,0,0,0,0,0,1,0,0,0,D
18605,0,0,0,0,0,0,0,1,0,0,0,D
18606,0,0,0,0,0,0,0,1,0,0,0,D
18607,0,0,0,0,0,0,0,1,0,0,0,D
18608,0,0,0,0,0,0,0,1,0,0,0,D
18609,0,0,0,0,0,0,0,1,0,0,0,D
18610,0,0,0,0,0,0,0,1,0,0,0,D
18611,0,0,0,0,0,0,0,1,0,0,0,D
18612,0,0,0,0,0,0,0,1,0,0,0,D
18613,0,0,0,0,0,0,0,1,0,0,0,D
18614,0,0,0,0,0,0,0,1,0,0,0,D
18615,0,0,0,0,0,0,0,1,0,0,0,D
18616,0,0,0,0,0,0,0,1,0,0,0,D
18617,0,0,0,0,0,0,0,1,0,0,0,D
18618,0,0,0,0,0,0,0,1,0,0,0,D
18619,0,0,0,0,0,0,0,1,0,0,0,D
18620,0,0,0,0,0,0,0,1,0,0,0,D
18621,0,0,0,0,0,0,0,1,0,0,0,D
18622,0,0,0,0,0,0,0,1,0,0,0,D
18623,0,0,0,0,0,0,0,1,0,0,0,D
18624,0,0,0,0,0,0,0,1,0,0,0,D
18625,0,0,0,0,0,0,0,1,0,0,0,D
18626,0,0,0,0,0,0,0,1,0,0,0,D
18627,0,0,0,0,0,0,0,1,0,0,0,D
18628,0,0,0,0,0,0,0,1,0,0,0,D
18629,0,0,0,0,0,0,0,1,0,0,0,D
18630,0,0,0,0,0,0,0,1,0,0,0,D
18631,0,0,0,0,0,0,0,1,0,0,0,D
18632,0,0,0,0,0,0,0,1,0,0,0,D
18633,0,0,0,0,0,0,0,1,0,0,0,D
18634,0,0,0,0,0,0,0,1,0,0,0,D
18635,0,0,0,0,0,0,0,1,0,0,0,D
18636,0,0,0,0,0,0,0,1,0,0,0,D
18637,0,0,0,0,0,0,0,1,0,0,0,D
18638,0,0,0,0,0,0,0,1,0,0,0,D
18639,0,0,0,0,0,0,0,1,0,0,0,D
18640,0,0,0,0,0,0,0,1,0,0,0,D
18641,0,0,0,0,0,0,0,1,0,0,0,D
18642,0,0,0,0,0,0,0,1,0,0,0,D
18643,0,0,0,0,0,0,0,1,0,0,0,D
18644,0,0,0,0,0,0,0,1,0,0,0,D
18645,0,0,0,0,0,0,0,1,0,0,0,D
18646,0,0,0,0,0,0,0,1,0,0,0,D
18647,0,0,0,0,0,0,0,1,0,0,0,D
18648,0,0,0,0,0,0,0,1,0,0,0,D
18649,0,0,0,0,0,0,0,1,0,0,0,D
18650,0,0,0,0,0,0,0,1,0,0,0,D
18651,0,0,0,0,0,0,0,1,0,0,0,D
18652,0,0,0,0,0,0,0,1,0,0,0,D
18653,0,0,0,0,0,0,0,1,0,0,0,D
18654,0,0,0,0,0,0,0,1,0,0,0,D
18655,0,0,0,0,0,0,0,1,0,0,0,D
18656,0,0,0,0,0,0,0,1,0,0,0,D
18657,0,0,0,0,0,0,0,1,0,0,0,D
18658,0,0,0,0,0,0,0,1,0,0,0,D
18659,0,0,0,0,0,0,0,1,0,0,0,D
18660,0,0,0,0,0,0,0,1,0,0,0,D
18661,0,0,0,0,0,0,0,1,0,0,0,D
18662,0,0,0,0,0,0,0,1,0,0,0,D
18663,0,0,0,0,0,0,0,1,0,0,0,D
18664,0,0,0,0,0,0,0,1,0,0,0,D
18665,0,0,0,0,0,0,0,1,0,0,0,D
18666,0,0,0,0,0,0,0,1,0,0,0,D
18667,0,0,0,0,0,0,0,1,0,0,0,D
18668,0,0,0,0,0,0,0,1,0,0,0,D
18669,0,0,0,0,0,0,0,1,0,0,0,D
18670,0,0,0,0,0,0,0,1,0,0,0,D
18671,0,0,0,0,0,0,0,1,0,0,0,D
18672,0,0,0,0,0,0,0,1,0,0,0,D
18673,0,0,0,0,0,0,0,1,0,0,0,D
18674,0,0,0,0,0,0,0,1,0,0,0,D
18675,0,0,0,0,0,0,0,1,0,0,0,D
18676,0,0,0,0,0,0,0,1,0,0,0,D
18677,0,0,0,0,0,0,0,1,0,0,0,D
18678,0,0,0,0,0,0,0,1,0,0,0,D
18679,0,0,0,0,0,0,0,1,0,0,0,D
18680,0,0,0,0,0,0,0,1,0,0,0,D
18681,0,0,0,0,0,0,0,1,0,0,0,D
18682,0,0,0,0,0,0,0,1,0,0,0,D
18683,0,0,0,0,0,0,0,1,0,0,0,D
18684,0,0,0,0,0,0,0,1,0,0,0,D
18685,0,0,0,0,0,0,0,1,0,0,0,D
18686,0,0,0,0,0,0,0,1,0,0,0,D
18687,0,0,0,0,0,0,0,1,0,0,0,D
18688,0,0,0,0,0,0,0,1,0,0,0,D
18689,0,0,0,0,0,0,0,1,0,0,0,D
18690,0,0,0,0,0,0,0,1,0,0,0,D
18691,0,0,0,0,0,0,0,1,0,0,0,D
18692,0,0,0,0,0,0,0,1,0,0,0,D
18693,0,0,0,0,0,0,0,1,0,0,0,D
18694,0,0,0,0,0,0,0,1,0,0,0,D
18695,0,0,0,0,0,0,0,1,0,0,0,D
18696,0,0,0,0,0,0,0,1,0,0,0,D
18697,0,0,0,0,0,0,0,1,0,0,0,D
18698,0,0,0,0,0,0,0,1,0,0,0,D
18699,0,0,0,0,0,0,0,1,0,0,0,D
18700,0,0,0,0,0,0,0,1,0,0,0,D
18701,0,0,0,0,0,0,0,1,0,0,0,D
18702,0,0,0,0,0,0,0,1,0,0,0,D
18703,0,0,0,0,0,0,0,1,0,0,0,D
18704,0,0,0,0,0,0,0,1,0,0,0,D
18705,0,0,0,0,0,0,0,1,0,0,0,D
18706,0,0,0,0,0,0,0,1,0,0,0,D
18707,0,0,0,0,0,0,0,1,0,0,0,D
18708,0,0,0,0,0,0,0,1,0,0,0,D
18709,0,0,0,0,0,0,0,1,0,0,0,D
18710,0,0,0,0,0,0,0,1,0,0,0,D
18711,0,0,0,0,0,0,0,1,0,0,0,D
18712,0,0,0,0,0,0,0,1,0,0,0,D
18713,0,0,0,0,0,0,0,1,0,0,0,D
18714,0,0,0,0,0,0,0,1,0,0,0,D
18715,0,0,0,0,0,0,0,1,0,0,0,D
18716,0,0,0,0,0,0,0,1,0,0,0,D
18717,0,0,0,0,0,0,0,1,0,0,0,D
18718,0,0,0,0,0,0,0,1,0,0,0,D
18719,0,0,0,0,0,0,0,1,0,0,0,D
18720,0,0,0,0,0,0,0,1,0,0,0,D
18721,0,0,0,0,0,0,0,1,0,0,0,D
18722,0,0,0,0,0,0,0,1,0,0,0,D
18723,0,0,0,0,0,0,0,1,0,0,0,D
18724,0,0,0,0,0,0,0,1,0,0,0,D
18725,0,0,0,0,0,0,0,1,0,0,0,D
18726,0,0,0,0,0,0,0,1,0,0,0,D
18727,0,0,0,0,0,0,0,1,0,0,0,D
18728,0,0,0,0,0,0,0,1,0,0,0,D
18729,0,0,0,0,0,0,0,1,0,0,0,D
18730,0,0,0,0,0,0,0,1,0,0,0,D
18731,0,0,0,0,0,0,0,1,0,0,0,D
18732,0,0,0,0,0,0,0,1,0,0,0,D
18733,0,0,0,0,0,0,0,1,0,0,0,D
18734,0,0,0,0,0,0,0,1,0,0,0,D
18735,0,0,0,0,0,0,0,1,0,0,0,D
18736,0,0,0,0,0,0,0,1,0,0,0,D
18737,0,0,0,0,0,0,0,1,0,0,0,D
18738,0,0,0,0,0,0,0,1,0,0,0,D
18739,0,0,0,0,0,0,0,1,0,0,0,D
18740,0,0,0,0,0,0,0,1,0,0,0,D
18741,0,0,0,0,0,0,0,1,0,0,0,D
18742,0,0,0,0,0,0,0,1,0,0,0,D
18743,0,0,0,0,0,0,0,1,0,0,0,D
18744,0,0,0,0,0,0,0,1,0,0,0,D
18745,0,0,0,0,0,0,0,1,0,0,0,D
18746,0,0,0,0,0,0,0,1,0,0,0,D
18747,0,0,0,0,0,0,0,1,0,0,0,D
18748,0,0,0,0,0,0,0,1,0,0,0,D
18749,0,0,0,0,0,0,0,1,0,0,0,D
18750,0,0,0,0,0,0,0,1,0,0,0,D
18751,0,0,0,0,0,0,0,1,0,0,0,D
18752,0,0,0,0,0,0,0,1,0,0,0,D
18753,0,0,0,0,0,0,0,1,0,0,0,D
18754,0,0,0,0,0,0,0,1,0,0,0,D
18755,0,0,0,0,0,0,0,1,0,0,0,D
18756,0,0,0,0,0,0,0,1,0,0,0,D
18757,0,0,0,0,0,0,0,1,0,0,0,D
18758,0,0,0,0,0,0,0,1,0,0,0,D
18759,0,0,0,0,0,0,0,1,0,0,0,D
18760,0,0,0,0,0,0,0,1,0,0,0,D
18761,0,0,0,0,0,0,0,1,0,0,0,D
18762,0,0,0,0,0,0,0,1,0,0,0,D
18763,0,0,0,0,0,0,0,1,0,0,0,E
18764,0,0,0,0,0,0,0,1,0,0,0,C
18765,0,0,0,0,0,0,0,1,0,0,0,C
18766,0,0,0,0,0,0,0,1,0,0,0,C
18767,0,0,0,0,0,0,0,1,0,0,0,C
18768,0,0,0,0,0,0,0,0,0,0,0,C
18769,0,0,0,1,0,0,0,0,0,0,0,C
18770,0,0,0,1,0,0,0,0,0,0,0,C
18771,0,0,0,1,0,0,0,0,0,0,0,C
18772,0,0,0,1,0,0,0,0,0,0,0,C
18773,0,0,0,1,0,0,0,0,0,0,0,C
18774,0,0,0,1,0,0,0,0,0,0,0,C
18775,0,0,0,1,0,0,0,0,0,0,0,C
18776,0,0,0,1,0,0,0,0,0,0,0,C
18777,0,0,0,1,0,0,0,0,0,0,0,C
18778,0,0,0,1,0,0,0,0,0,0,0,C
18779,0,0,0,1,0,0,0,0,0,0,0,C
18780,0,0,0,1,0,0,0,0,0,0,0,C
18781,0,0,0,1,0,0,0,0,0,0,0,C
18782,0,0,0,1,0,0,0,0,0,0,0,C
18783,0,0,0,1,0,0,0,0,0,0,0,C
18784,0,0,0,1,0,0,0,0,0,0,0,C
18785,0,0,0,1,0,0,0,0,0,0,0,C
18786,0,0,0,1,0,0,0,0,0,0,0,C
18787,0,0,0,1,0,0,0,0,0,0,0,C
18788,0,0,0,1,0,0,0,0,0,0,0,C
18789,0,0,0,1,0,0,0,0,0,0,0,C
18790,0,0,0,1,0,0,0,0,0,0,0,C
18791,0,0,0,1,0,0,0,0,0,0,0,C
18792,0,0,0,1,0,0,0,0,0,0,0,C
18793,0,0,0,1,0,0,0,0,0,0,0,C
18794,0,0,0,1,0,0,0,0,0,0,0,C
18795,0,0,0,1,0,0,0,0,0,0,0,C
18796,0,0,0,1,0,0,0,0,0,0,0,C
18797,0,0,0,1,0,0,0,0,0,0,0,C
18798,0,0,0,1,0,0,0,0,0,0,0,C
18799,0,0,0,1,0,0,0,0,0,0,0,C
18800,0,0,0,1,0,0,0,0,0,0,0,C
18801,0,0,0,1,0,0,0,0,0,0,0,C
18802,0,0,0,1,0,0,0,0,0,0,0,C
18803,0,0,0,1,0,0,0,0,0,0,0,C
18804,0,0,0,1,0,0,0,0,0,0,0,C
18805,0,0,0,1,0,0,0,0,0,0,0,C
18806,0,0,0,1,0,0,0,0,0,0,0,C
18807,0,0,0,1,0,0,0,0,0,0,0,C
18808,0,0,0,1,1,0,0,0,0,0,0,C
18809,0,0,0,1,1,0,0,0,0,0,0,C
18810,0,0,0,1,1,0,0,0,0,0,0,C
18811,0,0,0,1,1,0,0,0,0,0,0,C
18812,0,0,0,1,1,0,0,0,0,0,0,C
18813,0,0,0,1,1,0,0,0,0,0,0,C
18814,0,0,0,1,1,0,0,0,0,0,0,C
18815,0,0,0,1,1,0,0,0,0,0,0,C
18816,0,0,0,1,1,0,0,0,0,0,0,C
18817,0,0,0,1,1,0,0,0,0,0,0,C
18818,0,0,0,1,1,0,0,0,0,0,0,C
18819,0,0,0,1,1,0,0,0,0,0,0,C
18820,0,0,0,1,1,0,0,0,0,0,0,C
18821,0,0,0,1,1,0,0,0,0,0,0,C
18822,0,0,0,1,1,0,0,0,0,0,0,C
18823,0,0,0,1,1,0,0,0,0,0,0,C
18824,0,0,0,1,1,0,0,0,0,0,0,C
18825,0,0,0,1,1,0,0,0,0,0,0,C
18826,0,0,0,1,1,0,0,0,0,0,0,C
18827,0,0,0,1,1,0,0,0,0,0,0,C
18828,0,0,0,1,1,0,0,0,0,0,0,C
18829,0,0,0,1,1,0,0,0,0,0,0,C
18830,0,0,0,1,1,0,0,0,0,0,0,C
18831,0,0,0,1,1,0,0,0,0,0,0,C
18832,0,0,0,1,1,0,0,0,0,0,0,C
18833,0,0,0,1,1,0,0,0,0,0,0,C
18834,0,0,0,1,1,0,0,0,0,0,0,C
18835,0,0,0,1,1,0,0,0,0,0,0,C
18836,0,0,0,1,1,0,0,0,0,0,0,C
18837,0,0,0,1,1,0,0,0,0,0,0,C
18838,0,0,0,1,1,0,0,0,0,0,0,C
18839,0,0,0,1,1,0,0,0,0,0,0,C
18840,0,0,0,1,1,0,0,0,0,0,0,C
18841,0,0,0,1,1,0,0,0,0,0,0,C
18842,0,0,0,1,1,0,0,0,0,0,0,C
18843,0,0,0,1,1,0,0,0,0,0,0,C
18844,0,0,0,1,1,0,0,0,0,0,0,C
18845,0,0,0,1,1,0,0,0,0,0,0,C
18846,0,0,0,1,1,0,0,0,0,0,0,C
18847,0,0,0,1,1,0,0,0,0,0,0,C
18848,0,0,0,1,1,0,0,0,0,0,0,C
18849,0,0,0,1,1,0,0,0,0,0,0,C
18850,0,0,0,1,1,0,0,0,0,0,0,C
18851,0,0,0,1,1,0,0,0,0,0,0,C
18852,0,0,0,1,1,0,0,0,0,0,0,C
18853,0,0,0,1,1,0,0,0,0,0,0,C
18854,0,0,0,1,1,0,0,0,0,0,0,C
18855,0,0,0,1,1,0,0,0,0,0,0,C
18856,0,0,0,1,1,0,0,0,0,0,0,C
18857,0,0,0,1,1,0,0,0,0,0,0,C
18858,0,0,0,1,1,0,0,0,0,0,0,C
18859,0,0,0,1,1,0,0,0,0,0,0,C
18860,0,0,0,1,1,0,0,0,0,0,0,C
18861,0,0,0,1,1,0,0,0,0,0,0,C
18862,0,0,0,1,1,0,0,0,0,0,0,C
18863,0,0,0,1,1,0,0,0,0,0,0,C
18864,0,0,0,1,1,0,0,0,0,0,0,C
18865,0,0,0,1,1,0,0,0,0,0,0,C
18866,0,0,0,1,1,0,0,0,0,0,0,C
18867,0,0,0,1,1,0,0,0,0,0,0,C
18868,0,0,0,1,1,0,0,0,0,0,0,C
18869,0,0,0,1,1,0,0,0,0,0,0,C
18870,0,0,0,1,1,0,0,0,0,0,0,C
18871,0,0,0,1,1,0,0,0,0,0,0,C
18872,0,0,0,1,1,0,0,0,0,0,0,C
18873,0,0,0,1,1,0,0,0,0,0,0,C
18874,0,0,0,1,1,0,0,0,0,0,0,C
18875,0,0,0,1,1,0,0,0,0,0,0,C
18876,0,0,0,1,1,0,0,0,0,0,0,C
18877,0,0,0,1,1,0,0,0,0,0,0,C
18878,0,0,0,1,1,0,0,0,0,0,0,C
18879,0,0,0,1,1,0,0,0,0,0,0,C
18880,0,0,0,1,1,0,0,0,0,0,0,C
18881,0,0,0,1,1,0,0,0,0,0,0,C
18882,0,0,0,1,1,0,0,0,0,0,0,C
18883,0,0,0,1,1,0,0,0,0,0,0,C
18884,0,0,0,1,1,0,0,0,0,0,0,C
18885,0,0,0,1,1,0,0,0,0,0,0,C
18886,0,0,0,1,1,0,0,0,0,0,0,C
18887,0,0,0,1,1,0,0,0,0,0,0,C
18888,0,0,0,1,1,0,0,0,0,0,0,C
18889,0,0,0,1,1,0,0,0,0,0,0,C
18890,0,0,0,1,1,0,0,0,0,0,0,C
18891,0,0,0,1,1,0,0,0,0,0,0,C
18892,0,0,0,1,1,0,0,0,0,0,0,C
18893,0,0,0,1,1,0,0,0,0,0,0,C
18894,0,0,0,1,1,0,0,0,0,0,0,C
18895,0,0,0,1,1,0,0,0,0,0,0,C
18896,0,0,0,1,1,0,0,0,0,0,0,C
18897,0,0,0,1,1,0,0,0,0,0,0,C
18898,0,0,0,1,1,0,0,0,0,0,0,C
18899,0,0,0,1,1,0,0,0,0,0,0,C
18900,0,0,0,1,1,0,0,0,0,0,0,C
18901,0,0,0,1,1,0,0,0,0,0,0,C
18902,0,0,0,1,1,0,0,0,0,0,0,C
18903,0,0,0,1,1,0,0,0,0,0,0,C
18904,0,0,0,1,1,0,0,0,0,0,0,C
18905,0,0,0,1,1,0,0,0,0,0,0,C
18906,0,0,0,1,1,0,0,0,0,0,0,C
18907,0,0,0,1,1,0,0,0,0,0,0,C
18908,0,0,0,1,1,0,0,0,0,0,0,C
18909,0,0,0,1,1,0,0,0,0,0,0,C
18910,0,0,0,1,1,0,0,0,0,0,0,C
18911,0,0,0,1,1,0,0,0,0,0,0,C
18912,0,0,0,1,1,0,0,0,0,0,0,C
18913,0,0,0,1,1,0,0,0,0,0,0,C
18914,0,0,0,1,1,0,0,0,0,0,0,C
18915,0,0,0,1,1,0,0,0,0,0,0,C
18916,0,0,0,1,1,0,0,0,0,0,0,C
18917,0,0,0,1,1,0,0,0,0,0,0,C
18918,0,0,0,1,1,0,0,0,0,0,0,C
18919,0,0,0,1,1,0,0,0,0,0,0,C
18920,0,0,0,1,1,0,0,0,0,0,0,C
18921,0,0,0,1,1,0,0,0,0,0,0,C
18922,0,0,0,1,1,0,0,0,0,0,0,C
18923,0,0,0,1,1,0,0,0,0,0,0,C
18924,0,0,0,1,1,0,0,0,0,0,0,C
18925,0,0,0,1,1,0,0,0,0,0,0,C
18926,0,0,0,1,1,0,0,0,0,0,0,C
18927,0,0,0,1,1,0,0,0,0,0,0,C
18928,0,0,0,1,1,0,0,0,0,0,0,C
18929,0,0,0,1,1,0,0,0,0,0,0,C
18930,0,0,0,1,1,0,0,0,0,0,0,C
18931,0,0,0,1,1,0,0,0,0,0,0,C
18932,0,0,0,1,1,0,0,0,0,0,0,C
18933,0,0,0,1,1,0,0,0,0,0,0,C
18934,0,0,0,1,1,0,0,0,0,0,0,C
18935,0,0,0,1,1,0,0,0,0,0,0,C
18936,0,0,0,1,1,0,0,0,0,0,0,C
18937,0,0,0,1,1,0,0,0,0,0,0,C
18938,0,0,0,1,1,0,0,0,0,0,0,C
18939,0,0,0,1,1,0,0,0,0,0,0,C
18940,0,0,0,1,1,0,0,0,0,0,0,C
18941,0,0,0,1,1,0,0,0,0,0,0,C
18942,0,0,0,1,1,0,0,0,0,0,0,C
18943,0,0,0,1,1,0,0,0,0,0,0,C
18944,0,0,0,1,1,0,0,0,0,0,0,C
18945,0,0,0,1,1,0,0,0,0,0,0,C
18946,0,0,0,1,1,0,0,0,0,0,0,C
18947,0,0,0,1,1,0,0,0,0,0,0,C
18948,0,0,0,1,1,0,0,0,0,0,0,C
18949,0,0,0,1,1,0,0,0,0,0,0,C
18950,0,0,0,1,1,0,0,0,0,0,0,C
18951,0,0,0,1,1,0,0,0,0,0,0,C
18952,0,0,0,1,1,0,0,0,0,0,0,C
18953,0,0,0,1,1,0,0,0,0,0,0,C
18954,0,0,0,1,1,0,0,0,0,0,0,C
18955,0,0,0,1,1,0,0,0,0,0,0,C
18956,0,0,0,1,1,0,0,0,0,0,0,C
18957,0,0,0,1,1,0,0,0,0,0,0,C
18958,0,0,0,1,1,0,0,0,0,0,0,C
18959,0,0,0,1,1,0,0,0,0,0,0,C
18960,0,0,0,1,1,0,0,0,0,0,0,C
18961,0,0,0,1,1,0,0,0,0,0,0,C
18962,0,0,0,1,1,0,0,0,0,0,0,C
18963,0,0,0,1,1,0,0,0,0,0,0,C
18964,0,0,0,1,1,0,0,0,0,0,0,C
18965,0,0,0,1,1,0,0,0,0,0,0,C
18966,0,0,0,1,1,0,0,0,0,0,0,C
18967,0,0,0,1,1,0,0,0,0,0,0,C
18968,0,0,0,1,1,0,0,0,0,0,0,C
18969,0,0,0,1,1,0,0,0,0,0,0,C
18970,0,0,0,1,1,0,0,0,0,0,0,C
18971,0,0,0,1,1,0,0,0,0,0,0,C
18972,0,0,0,1,1,0,0,0,0,0,0,C
18973,0,0,0,1,1,0,0,0,0,0,0,C
18974,0,0,0,1,1,0,0,0,0,0,0,C
18975,0,0,0,1,1,0,0,0,0,0,0,C
18976,0,0,0,1,1,0,0,0,0,0,0,C
18977,0,0,0,1,1,0,0,0,0,0,0,C
18978,0,0,0,1,1,0,0,0,0,0,0,C
18979,0,0,0,1,1,0,0,0,0,0,0,C
18980,0,0,0,1,1,0,0,0,0,0,0,C
18981,0,0,0,1,1,0,0,0,0,0,0,C
18982,0,0,0,1,1,0,0,0,0,0,0,C
18983,0,0,0,1,1,0,0,0,0,0,0,C
18984,0,0,0,1,1,0,0,0,0,0,0,C
18985,0,0,0,1,1,0,0,0,0,0,0,C
18986,0,0,0,1,1,0,0,0,0,0,0,C
18987,0,0,0,1,1,0,0,0,0,0,0,C
18988,0,0,0,1,1,0,0,0,0,0,0,C
18989,0,0,0,1,1,0,0,0,0,0,0,C
18990,0,0,0,1,1,0,0,0,0,0,0,C
18991,0,0,0,1,1,0,0,0,0,0,0,C
18992,0,0,0,1,1,0,0,0,0,0,0,C
18993,0,0,0,1,1,0,0,0,0,0,0,C
18994,0,0,0,1,1,0,0,0,0,0,0,C
18995,0,0,0,1,1,0,0,0,0,0,0,C
18996,0,0,0,1,1,0,0,0,0,0,0,C
18997,0,0,0,1,1,0,0,0,0,0,0,C
18998,0,0,0,1,1,0,0,0,0,0,0,C
18999,0,0,0,1,1,0,0,0,0,0,0,C
19000,0,0,0,1,1,0,0,0,0,0,0,C
19001,0,0,0,1,1,0,0,0,0,0,0,C
19002,0,0,0,1,1,0,0,0,0,0,0,C
19003,0,0,0,1,1,0,0,0,0,0,0,C
19004,0,0,0,1,1,0,0,0,0,0,0,C
19005,0,0,0,1,1,0,0,0,0,0,0,C
19006,0,0,0,1,1,0,0,0,0,0,0,C
19007,0,0,0,1,1,0,0,0,0,0,0,C
19008,0,0,0,1,1,0,0,0,0,0,0,C
19009,0,0,0,1,1,0,0,0,0,0,0,C
19010,0,0,0,1,1,0,0,0,0,0,0,C
19011,0,0,0,1,1,0,0,0,0,0,0,C
19012,0,0,0,1,1,0,0,0,0,0,0,C
19013,0,0,0,1,1,0,0,0,0,0,0,C
19014,0,0,0,1,1,0,0,0,0,0,0,C
19015,0,0,0,1,1,0,0,0,0,0,0,C
19016,0,0,0,1,1,0,0,0,0,0,0,C
19017,0,0,0,1,1,0,0,0,0,0,0,C
19018,0,0,0,1,1,0,0,0,0,0,0,C
19019,0,0,0,1,1,0,0,0,0,0,0,C
19020,0,0,0,1,1,0,0,0,0,0,0,C
19021,0,0,0,1,1,0,0,0,0,0,0,C
19022,0,0,0,1,1,0,0,0,0,0,0,C
19023,0,0,0,1,1,0,0,0,0,0,0,C
19024,0,0,0,1,1,0,0,0,0,0,0,C
19025,0,0,0,1,1,0,0,0,0,0,0,C
19026,0,0,0,1,1,0,0,0,0,0,0,C
19027,0,0,0,1,1,0,0,0,0,0,0,C
19028,0,0,0,1,1,0,0,0,0,0,0,C
19029,0,0,0,1,1,0,0,0,0,0,0,C
19030,0,0,0,1,1,0,0,0,0,0,0,C
19031,0,0,0,1,1,0,0,0,0,0,0,C
19032,0,0,0,1,1,0,0,0,0,0,0,C
19033,0,0,0,1,1,0,0,0,0,0,0,C
19034,0,0,0,1,1,0,0,0,0,0,0,C
19035,0,0,0,1,1,0,0,0,0,0,0,C
19036,0,0,0,1,1,0,0,0,0,0,0,C
19037,0,0,0,1,1,0,0,0,0,0,0,C
19038,0,0,0,1,1,0,0,0,0,0,0,C
19039,0,0,0,1,1,0,0,0,0,0,0,C
19040,0,0,0,1,1,0,0,0,0,0,0,C
19041,0,0,0,1,1,0,0,0,0,0,0,C
19042,0,0,0,1,1,0,0,0,0,0,0,C
19043,0,0,0,1,1,0,0,0,0,0,0,C
19044,0,0,0,1,1,0,0,0,0,0,0,C
19045,0,0,0,1,1,0,0,0,0,0,0,C
19046,0,0,0,1,1,0,0,0,0,0,0,C
19047,0,0,0,1,1,0,0,0,0,0,0,C
19048,0,0,0,1,1,0,0,0,0,0,0,C
19049,0,0,0,1,1,0,0,0,0,0,0,C
19050,0,0,0,1,1,0,0,0,0,0,0,C
19051,0,0,0,1,1,0,0,0,0,0,0,C
19052,0,0,0,0,1,0,0,0,0,0,0,C
19053,0,0,0,0,1,0,0,0,0,0,0,C
19054,0,0,0,0,1,0,0,0,0,0,0,C
19055,0,0,0,0,1,0,0,0,0,0,0,C
19056,0,0,0,0,1,0,0,0,0,0,0,C
19057,0,0,0,0,1,0,0,0,0,0,0,C
19058,0,0,0,0,1,0,0,0,0,0,0,C
19059,0,0,0,0,1,0,0,0,0,0,0,C
19060,0,0,0,0,1,0,0,0,0,0,0,C
19061,0,0,0,0,1,0,0,0,0,0,0,C
19062,0,0,0,0,1,0,0,0,0,0,0,C
19063,0,0,0,0,1,0,0,0,0,0,0,C
19064,0,0,0,0,1,0,0,0,0,0,0,C
19065,0,0,0,0,1,0,0,0,0,0,0,C
19066,0,0,0,0,1,0,0,0,0,0,0,C
19067,0,0,0,0,1,0,0,0,0,0,0,C
19068,0,0,0,0,1,0,0,0,0,0,0,C
19069,0,0,0,0,1,0,0,0,0,0,0,C
19070,0,0,0,0,1,0,0,0,0,0,0,C
19071,0,0,0,0,1,0,0,0,0,0,0,C
19072,0,0,0,0,1,0,0,0,0,0,0,C
19073,0,0,0,0,1,0,0,0,0,0,0,C
19074,0,0,0,0,1,0,0,0,0,0,0,C
19075,0,0,0,0,1,0,0,0,0,0,0,C
19076,0,0,0,0,1,0,0,0,0,0,0,C
19077,0,0,0,0,1,0,0,0,0,0,0,C
19078,0,0,0,0,1,0,0,0,0,0,0,C
19079,0,0,0,0,1,0,0,0,0,0,0,C
19080,0,0,0,0,1,0,0,0,0,0,0,C
19081,0,0,0,0,1,0,0,0,0,0,0,C
19082,0,0,0,0,1,0,0,0,0,0,0,C
19083,0,0,0,0,1,0,0,0,0,0,0,C
19084,0,0,0,0,1,0,0,0,0,0,0,C
19085,0,0,0,0,1,0,0,0,0,0,0,C
19086,0,0,0,0,1,0,0,0,0,0,0,C
19087,0,0,0,0,1,0,0,0,0,0,0,C
19088,0,0,0,0,1,0,0,0,0,0,0,C
19089,0,0,0,0,1,0,0,0,0,0,0,C
19090,0,0,0,0,1,0,0,0,0,0,0,C
19091,0,0,0,0,1,0,0,0,0,0,0,C
19092,0,0,0,0,1,0,0,0,0,0,0,C
19093,0,0,0,0,1,0,0,0,0,0,0,C
19094,0,0,0,0,1,0,0,0,0,0,0,C
19095,0,0,0,0,1,0,0,0,0,0,0,C
19096,0,0,0,0,1,0,0,0,0,0,0,C
19097,0,0,0,0,1,0,0,0,0,0,0,C
19098,0,0,0,0,1,0,0,0,0,0,0,C
19099,0,0,0,0,1,0,0,0,0,0,0,C
19100,0,0,0,0,1,0,0,0,0,0,0,C
19101,0,0,0,0,1,0,0,0,0,0,0,C
19102,0,0,0,0,1,0,0,0,0,0,0,C
19103,0,0,0,0,1,0,0,0,0,0,0,C
19104,0,0,0,0,1,0,0,0,0,0,0,C
19105,0,0,0,0,1,0,0,0,0,0,0,C
19106,0,0,0,0,1,0,0,0,0,0,0,C
19107,0,0,0,0,1,0,0,0,0,0,0,C
19108,0,0,0,0,1,0,0,0,0,0,0,C
19109,0,0,0,0,1,0,0,0,0,0,0,C
19110,0,0,0,0,1,0,0,0,0,0,0,C
19111,0,0,0,0,1,0,0,0,0,0,0,C
19112,0,0,0,0,1,0,0,0,0,0,0,C
19113,0,0,0,0,1,0,0,0,0,0,0,C
19114,0,0,0,0,1,0,0,0,0,0,0,C
19115,0,0,0,0,1,0,0,0,0,0,0,C
19116,0,0,0,0,1,0,0,0,0,0,0,C
19117,0,0,0,0,1,0,0,0,0,0,0,C
19118,0,0,0,0,1,0,0,0,0,0,0,C
19119,0,0,0,0,1,0,0,0,0,0,0,C
19120,0,0,0,0,1,0,0,0,0,0,0,C
19121,0,0,0,0,1,0,0,0,0,0,0,C
19122,0,0,0,0,1,0,0,0,0,0,0,C
19123,0,0,0,0,1,0,0,0,0,0,0,C
19124,0,0,0,0,1,0,0,0,0,0,0,C
19125,0,0,0,0,1,0,0,0,0,0,0,C
19126,0,0,0,0,1,0,0,0,0,0,0,C
19127,0,0,0,0,1,0,0,0,0,0,0,C
19128,0,0,0,0,1,0,0,0,0,0,0,C
19129,0,0,0,0,1,0,0,0,0,0,0,C
19130,0,0,0,0,1,0,0,0,0,0,0,C
19131,0,0,0,0,1,0,0,0,0,0,0,C
19132,0,0,0,0,1,0,0,0,0,0,0,C
19133,0,0,0,0,1,0,0,0,0,0,0,C
19134,0,0,0,0,1,0,0,0,0,0,0,C
19135,0,0,0,0,1,0,0,0,0,0,0,C
19136,0,0,0,0,1,0,0,0,0,0,0,C
19137,0,0,0,0,1,0,0,0,0,0,0,C
19138,0,0,0,0,1,0,0,0,0,0,0,C
19139,0,0,0,0,1,0,0,0,0,0,0,C
19140,0,0,0,0,1,0,0,0,0,0,0,C
19141,0,0,0,0,1,0,0,0,0,0,0,C
19142,0,0,0,0,1,0,0,0,0,0,0,C
19143,0,0,0,0,1,0,0,0,0,0,0,C
19144,0,0,0,0,1,0,0,0,0,0,0,C
19145,0,0,0,0,1,0,0,0,0,0,0,C
19146,0,0,0,0,1,0,0,0,0,0,0,C
19147,0,0,0,0,1,0,0,0,0,0,0,C
19148,0,0,0,0,1,0,0,0,0,0,0,C
19149,0,0,0,0,1,0,0,0,0,0,0,C
19150,0,0,0,0,1,0,0,0,0,0,0,C
19151,0,0,0,0,1,0,0,0,0,0,0,C
19152,0,0,0,0,1,0,0,0,0,0,0,C
19153,0,0,0,0,1,0,0,0,0,0,0,C
19154,0,0,0,0,1,0,0,0,0,0,0,C
19155,0,0,0,0,1,0,0,0,0,0,0,C
19156,0,0,0,0,1,0,0,0,0,0,0,C
19157,0,0,0,0,1,0,0,0,0,0,0,C
19158,0,0,0,0,1,0,0,0,0,0,0,C
19159,0,0,0,0,1,0,0,0,0,0,0,C
19160,0,0,0,0,1,0,0,0,0,0,0,C
19161,0,0,0,0,1,0,0,0,0,0,0,C
19162,0,0,0,0,1,0,0,0,0,0,0,C
19163,0,0,0,0,1,0,0,0,0,0,0,C
19164,0,0,0,0,1,0,0,0,0,0,0,C
19165,0,0,0,0,1,0,0,0,0,0,0,C
19166,0,0,0,0,1,0,0,0,0,0,0,C
19167,0,0,0,0,1,0,0,0,0,0,0,C
19168,0,0,0,0,1,0,0,0,0,0,0,C
19169,0,0,0,0,1,0,0,0,0,0,0,C
19170,0,0,0,0,1,0,0,0,0,0,0,C
19171,0,0,0,0,1,0,0,0,0,0,0,C
19172,0,0,0,0,1,0,0,0,0,0,0,C
19173,0,0,0,0,1,0,0,0,0,0,0,C
19174,0,0,0,0,1,0,0,0,0,0,0,C
19175,0,0,0,0,1,0,0,0,0,0,0,C
19176,0,0,0,0,1,0,0,0,0,0,0,C
19177,0,0,0,0,1,0,0,0,0,0,0,C
19178,0,0,0,0,1,0,0,0,0,0,0,C
19179,0,0,0,0,1,0,0,0,0,0,0,C
19180,0,0,0,0,1,0,0,0,0,0,0,C
19181,0,0,0,0,1,0,0,0,0,0,0,C
19182,0,0,0,0,1,0,0,0,0,0,0,C
19183,0,0,0,0,1,0,0,0,0,0,0,C
19184,0,0,0,0,1,0,0,0,0,0,0,C
19185,0,0,0,0,1,0,0,0,0,0,0,C
19186,0,0,0,0,1,0,0,0,0,0,0,C
19187,0,0,0,0,1,0,0,0,0,0,0,C
19188,0,0,0,0,1,0,0,0,0,0,0,C
19189,0,0,0,0,1,0,0,0,0,0,0,C
19190,0,0,0,0,1,0,0,0,0,0,0,C
19191,0,0,0,0,1,0,0,0,0,0,0,C
19192,0,0,0,0,1,0,0,0,0,0,0,C
19193,0,0,0,0,1,0,0,0,0,0,0,C
19194,0,0,0,0,1,0,0,0,0,0,0,C
19195,0,0,0,0,1,0,0,0,0,0,0,C
19196,0,0,0,0,1,0,0,0,0,0,0,C
19197,0,0,0,0,1,0,0,0,0,0,0,C
19198,0,0,0,0,1,0,0,0,0,0,0,C
19199,0,0,0,0,1,0,0,0,0,0,0,C
19200,0,0,0,0,1,0,0,0,0,0,0,C
19201,0,0,0,0,1,0,0,0,0,0,0,C
19202,0,0,0,0,1,0,0,0,0,0,0,C
19203,0,0,0,0,1,0,0,0,0,0,0,C
19204,0,0,0,0,1,0,0,0,0,0,0,C
19205,0,0,0,0,1,0,0,0,0,0,0,C
19206,0,0,0,0,1,0,0,0,0,0,0,C
19207,0,0,0,0,1,0,0,0,0,0,0,C
19208,0,0,0,0,1,0,0,0,0,0,0,C
19209,0,0,0,0,1,0,0,0,0,0,0,C
19210,0,0,0,0,1,0,0,0,0,0,0,C
19211,0,0,0,0,1,0,0,0,0,0,0,C
19212,0,0,0,0,1,0,0,0,0,0,0,C
19213,0,0,0,0,1,0,0,0,0,0,0,C
19214,0,0,0,0,1,0,0,0,0,0,0,C
19215,0,0,0,0,1,0,0,0,0,0,0,C
19216,0,0,0,0,1,0,0,0,0,0,0,C
19217,0,0,0,0,1,0,0,0,0,0,0,C
19218,0,0,0,0,1,0,0,0,0,0,0,C
19219,0,0,0,0,1,0,0,0,0,0,0,C
19220,0,0,0,0,1,0,0,0,0,0,0,C
19221,0,0,0,0,1,0,0,0,0,0,0,C
19222,0,0,0,0,1,0,0,0,0,0,0,C
19223,0,0,0,0,1,0,0,0,0,0,0,C
19224,0,0,0,0,1,0,0,0,0,0,0,C
19225,0,0,0,0,1,0,0,0,0,0,0,C
19226,0,0,0,0,1,0,0,0,0,0,0,C
19227,0,0,0,0,1,0,0,0,0,0,0,C
19228,0,0,0,0,1,0,0,0,0,0,0,C
19229,0,0,0,0,1,0,0,0,0,0,0,C
19230,0,0,0,0,1,0,0,0,0,0,0,C
19231,0,0,0,0,1,0,0,0,0,0,0,C
19232,0,0,0,0,1,0,0,0,0,0,0,C
19233,0,0,0,0,1,0,0,0,0,0,0,C
19234,0,0,0,0,1,0,0,0,0,0,0,C
19235,0,0,0,0,1,0,0,0,0,0,0,C
19236,0,0,0,0,1,0,0,0,0,0,0,C
19237,0,0,0,0,1,0,0,0,0,0,0,C
19238,0,0,0,0,1,0,0,0,0,0,0,C
19239,0,0,0,0,1,0,0,0,0,0,0,C
19240,0,0,0,0,1,0,0,0,0,0,0,C
19241,0,0,0,0,1,0,0,0,0,0,0,C
19242,0,0,0,0,1,0,0,0,0,0,0,C
19243,0,0,0,0,1,0,0,0,0,0,0,C
19244,0,0,0,0,1,0,0,0,0,0,0,C
19245,0,0,0,0,1,0,0,0,0,0,0,C
19246,0,0,0,0,1,0,0,0,0,0,0,C
19247,0,0,0,0,1,0,0,0,0,0,0,C
19248,0,0,0,0,1,0,0,0,0,0,0,C
19249,0,0,0,0,1,0,0,0,0,0,0,C
19250,0,0,0,0,1,0,0,0,0,0,0,C
19251,0,0,0,0,1,0,0,0,0,0,0,C
19252,0,0,0,0,1,0,0,0,0,0,0,C
19253,0,0,0,0,1,0,0,0,0,0,0,C
19254,0,0,0,0,1,0,0,0,0,0,0,C
19255,0,0,0,0,1,0,0,0,0,0,0,C
19256,0,0,0,0,1,0,0,0,0,0,0,C
19257,0,0,0,0,1,0,0,0,0,0,0,C
19258,0,0,0,0,1,0,0,0,0,0,0,C
19259,0,0,0,0,1,0,0,0,0,0,0,C
19260,0,0,0,0,1,0,0,0,0,0,0,C
19261,0,0,0,0,1,0,0,0,0,0,0,C
19262,0,0,0,0,1,0,0,0,0,0,0,C
19263,0,0,0,0,1,0,0,0,0,0,0,C
19264,0,0,0,0,1,0,0,0,0,0,0,C
19265,0,0,0,0,1,0,0,0,0,0,0,C
19266,0,0,0,0,1,0,0,0,0,0,0,C
19267,0,0,0,0,1,0,0,0,0,0,0,C
19268,0,0,0,0,1,0,0,0,0,0,0,C
19269,0,0,0,0,1,0,0,0,0,0,0,C
19270,0,0,0,0,1,0,0,0,0,0,0,C
19271,0,0,0,0,1,0,0,0,0,0,0,C
19272,0,0,0,0,1,0,0,0,0,0,0,C
19273,0,0,0,0,1,0,0,0,0,0,0,C
19274,0,0,0,0,1,0,0,0,0,0,0,C
19275,0,0,0,0,1,0,0,0,0,0,0,C
19276,0,0,0,0,1,0,0,0,0,0,0,C
19277,0,0,0,0,1,0,0,0,0,0,0,C
19278,0,0,0,0,1,0,0,0,0,0,0,C
19279,0,0,0,0,1,0,0,0,0,0,0,C
19280,0,0,0,0,1,0,0,0,0,0,0,C
19281,0,0,0,0,1,0,0,0,0,0,0,C
19282,0,0,0,0,1,0,0,0,0,0,0,C
19283,0,0,0,0,1,0,0,0,0,0,0,C
19284,0,0,0,0,1,0,0,0,0,0,0,C
19285,0,0,0,0,1,0,0,0,0,0,0,C
19286,0,0,0,0,1,0,0,0,0,0,0,C
19287,0,0,0,0,1,0,0,0,0,0,0,C
19288,0,0,0,0,1,0,0,0,0,0,0,C
19289,0,0,0,0,1,0,0,0,0,0,0,C
19290,0,0,0,0,1,0,0,0,0,0,0,C
19291,0,0,0,0,1,0,0,0,0,0,0,C
19292,0,0,0,0,1,0,0,0,0,0,0,C
19293,0,0,0,0,1,0,0,0,0,0,0,C
19294,0,0,0,0,1,0,0,0,0,0,0,C
19295,0,0,0,0,1,0,0,0,0,0,0,C
19296,0,0,0,0,1,0,0,0,0,0,0,C
19297,0,0,0,0,1,0,0,0,0,0,0,C
19298,0,0,0,0,1,0,0,0,0,0,0,C
19299,0,0,0,0,1,0,0,0,0,0,0,C
19300,0,0,0,0,1,0,0,0,0,0,0,C
19301,0,0,0,0,1,0,0,0,0,0,0,C
19302,0,0,0,0,1,0,0,0,0,0,0,C
19303,0,0,0,0,1,0,0,0,0,0,0,C
19304,0,0,0,0,1,0,0,0,0,0,0,C
19305,0,0,0,0,1,0,0,0,0,0,0,C
19306,0,0,0,0,1,0,0,0,0,0,0,C
19307,0,0,0,0,1,0,0,0,0,0,0,C
19308,0,0,0,0,1,0,0,0,0,0,0,C
19309,0,0,0,0,1,0,0,0,0,0,0,C
19310,0,0,0,0,1,0,0,0,0,0,0,C
19311,0,0,0,0,1,0,0,0,0,0,0,C
19312,0,0,0,0,1,0,0,0,0,0,0,C
19313,0,0,0,0,1,0,0,0,0,0,0,C
19314,0,0,0,0,1,0,0,0,0,0,0,C
19315,0,0,0,0,1,0,0,0,0,0,0,C
19316,0,0,0,0,1,0,0,0,0,0,0,C
19317,0,0,0,0,1,0,0,0,0,0,0,C
19318,0,0,0,0,1,0,0,0,0,0,0,C
19319,0,0,0,0,1,0,0,0,0,0,0,C
19320,0,0,0,0,1,0,0,0,0,0,0,C
19321,0,0,0,0,1,0,0,0,0,0,0,C
19322,0,0,0,0,1,0,0,0,0,0,0,C
19323,0,0,0,0,1,0,0,0,0,0,0,C
19324,0,0,0,0,1,0,0,0,0,0,0,C
19325,0,0,0,0,1,0,0,0,0,0,0,C
19326,0,0,0,0,1,0,0,0,0,0,0,C
19327,0,0,0,0,1,0,0,0,0,0,0,C
19328,0,0,0,0,1,0,0,0,0,0,0,C
19329,0,0,0,0,1,0,0,0,0,0,0,C
19330,0,0,0,0,1,0,0,0,0,0,0,C
19331,0,0,0,0,1,0,0,0,0,0,0,C
19332,0,0,0,0,1,0,0,0,0,0,0,C
19333,0,0,0,0,1,0,0,0,0,0,0,C
19334,0,0,0,0,1,0,0,0,0,0,0,C
19335,0,0,0,0,1,0,0,0,0,0,0,C
19336,0,0,0,0,1,0,0,0,0,0,0,C
19337,0,0,0,0,1,0,0,0,0,0,0,C
19338,0,0,0,0,1,0,0,0,0,0,0,C
19339,0,0,0,0,1,0,0,0,0,0,0,C
19340,0,0,0,0,1,0,0,0,0,0,0,C
19341,0,0,0,0,1,0,0,0,0,0,0,C
19342,0,0,0,0,1,0,0,0,0,0,0,C
19343,0,0,0,0,1,0,0,0,0,0,0,C
19344,0,0,0,0,1,0,0,0,0,0,0,C
19345,0,0,0,0,1,0,0,0,0,0,0,C
19346,0,0,0,0,1,0,0,0,0,0,0,C
19347,0,0,0,0,1,0,0,0,0,0,0,C
19348,0,0,0,0,1,0,0,0,0,0,0,C
19349,0,0,0,0,1,0,0,0,0,0,0,C
19350,0,0,0,0,1,0,0,0,0,0,0,C
19351,0,0,0,0,1,0,0,0,0,0,0,C
19352,0,0,0,0,1,0,0,0,0,0,0,C
19353,0,0,0,0,1,0,0,0,0,0,0,C
19354,0,0,0,0,1,0,0,0,0,0,0,C
19355,0,0,0,0,1,0,0,0,0,0,0,C
19356,0,0,0,0,1,0,0,0,0,0,0,C
19357,0,0,0,0,1,0,0,0,0,0,0,C
19358,0,0,0,0,1,0,0,0,0,0,0,C
19359,0,0,0,0,1,0,0,0,0,0,0,C
19360,0,0,0,0,1,0,0,0,0,0,0,C
19361,0,0,0,0,1,0,0,0,0,0,0,C
19362,0,0,0,0,1,0,0,0,0,0,0,C
19363,0,0,0,0,1,0,0,0,0,0,0,C
19364,0,0,0,0,1,0,0,0,0,0,0,C
19365,0,0,0,0,1,0,0,0,0,0,0,C
19366,0,0,0,0,1,0,0,0,0,0,0,C
19367,0,0,0,0,1,0,0,0,0,0,0,C
19368,0,0,0,0,1,0,0,0,0,0,0,C
19369,0,0,0,0,1,0,0,0,0,0,0,C
19370,0,0,0,0,1,0,0,0,0,0,0,C
19371,0,0,0,0,1,0,0,0,0,0,0,C
19372,0,0,0,0,1,0,0,0,0,0,0,C
19373,0,0,0,0,1,0,0,0,0,0,0,C
19374,0,0,0,0,1,0,0,0,0,0,0,C
19375,0,0,0,0,1,0,0,0,0,0,0,C
19376,0,0,0,0,1,0,0,0,0,0,0,C
19377,0,0,0,0,1,0,0,0,0,0,0,C
19378,0,0,0,0,1,0,0,0,0,0,0,C
19379,0,0,0,0,1,0,0,0,0,0,0,C
19380,0,0,0,0,1,0,0,0,0,0,0,C
19381,0,0,0,0,1,0,0,0,0,0,0,C
19382,0,0,0,0,1,0,0,0,0,0,0,C
19383,0,0,0,0,1,0,0,0,0,0,0,C
19384,0,0,0,0,1,0,0,0,0,0,0,C
19385,0,0,0,0,1,0,0,0,0,0,0,C
19386,0,0,0,0,1,0,0,0,0,0,0,C
19387,0,0,0,0,1,0,0,0,0,0,0,C
19388,0,0,0,0,1,0,0,0,0,0,0,C
19389,0,0,0,0,1,0,0,0,0,0,0,C
19390,0,0,0,0,1,0,0,0,0,0,0,C
19391,0,0,0,0,1,0,0,0,0,0,0,C
19392,0,0,0,0,1,0,0,0,0,0,0,C
19393,0,0,0,0,1,0,0,0,0,0,0,C
19394,0,0,0,0,1,0,0,0,0,0,0,C
19395,0,0,0,0,1,0,0,0,0,0,0,C
19396,0,0,0,0,1,0,0,0,0,0,0,C
19397,0,0,0,0,1,0,0,0,0,0,0,C
19398,0,0,0,0,1,0,0,0,0,0,0,C
19399,0,0,0,0,1,0,0,0,0,0,0,C
19400,0,0,0,0,1,0,0,0,0,0,0,C
19401,0,0,0,0,1,0,0,0,0,0,0,C
19402,0,0,0,0,1,0,0,0,0,0,0,C
19403,0,0,0,0,1,0,0,0,0,0,0,C
19404,0,0,0,0,1,0,0,0,0,0,0,C
19405,0,0,0,0,1,0,0,0,0,0,0,C
19406,0,0,0,0,1,0,0,0,0,0,0,C
19407,0,0,0,0,1,0,0,0,0,0,0,C
19408,0,0,0,0,1,0,0,0,0,0,0,C
19409,0,0,0,0,1,0,0,0,0,0,0,C
19410,0,0,0,0,1,0,0,0,0,0,0,C
19411,0,0,0,0,1,0,0,0,0,0,0,C
19412,0,0,0,0,1,0,0,0,0,0,0,C
19413,0,0,0,0,1,0,0,0,0,0,0,C
19414,0,0,0,0,1,0,0,0,0,0,0,C
19415,0,0,0,0,1,0,0,0,0,0,0,C
19416,0,0,0,0,1,0,0,0,0,0,0,C
19417,0,0,0,0,1,0,0,0,0,0,0,C
19418,0,0,0,0,1,0,0,0,0,0,0,C
19419,0,0,0,0,1,0,0,0,0,0,0,C
19420,0,0,0,0,1,0,0,0,0,0,0,C
19421,0,0,0,0,1,0,0,0,0,0,0,C
19422,0,0,0,0,1,0,0,0,0,0,0,C
19423,0,0,0,0,1,0,0,0,0,0,0,C
19424,0,0,0,0,1,0,0,0,0,0,0,C
19425,0,0,0,0,1,0,0,0,0,0,0,C
19426,0,0,0,0,1,0,0,0,0,0,0,C
19427,0,0,0,0,1,0,0,0,0,0,0,C
19428,0,0,0,0,1,0,0,0,0,0,0,C
19429,0,0,0,0,1,0,0,0,0,0,0,C
19430,0,0,0,0,1,0,0,0,0,0,0,C
19431,0,0,0,0,1,0,0,0,0,0,0,C
19432,0,0,0,0,1,0,0,0,0,0,0,C
19433,0,0,0,0,1,0,0,0,0,0,0,C
19434,0,0,0,0,1,0,0,0,0,0,0,C
19435,0,0,0,0,1,0,0,0,0,0,0,C
19436,0,0,0,0,1,0,0,0,0,0,0,C
19437,0,0,0,0,1,0,0,0,0,0,0,C
19438,0,0,0,0,1,0,0,0,0,0,0,C
19439,0,0,0,0,1,0,0,0,0,0,0,C
19440,0,0,0,0,1,0,0,0,0,0,0,C
19441,0,0,0,0,1,0,0,0,0,0,0,C
19442,0,0,0,0,1,0,0,0,0,0,0,C
19443,0,0,0,0,1,0,0,0,0,0,0,C
19444,0,0,0,0,1,0,0,0,0,0,0,C
19445,0,0,0,0,1,0,0,0,0,0,0,C
19446,0,0,0,0,1,0,0,0,0,0,0,C
19447,0,0,0,0,1,0,0,0,0,0,0,C
19448,0,0,0,0,1,0,0,0,0,0,0,C
19449,0,0,0,0,1,0,0,0,0,0,0,C
19450,0,0,0,0,1,0,0,0,0,0,0,C
19451,0,0,0,0,1,0,0,0,0,0,0,C
19452,0,0,0,0,1,0,0,0,0,0,0,C
19453,0,0,0,0,1,0,0,0,0,0,0,C
19454,0,0,0,0,1,0,0,0,0,0,0,C
19455,0,0,0,0,1,0,0,0,0,0,0,C
19456,0,0,0,0,1,0,0,0,0,0,0,C
19457,0,0,0,0,1,0,0,0,0,0,0,C
19458,0,0,0,0,1,0,0,0,0,0,0,C
19459,0,0,0,0,1,0,0,0,0,0,0,C
19460,0,0,0,0,1,0,0,0,0,0,0,C
19461,0,0,0,0,1,0,0,0,0,0,0,C
19462,0,0,0,0,1,0,0,0,0,0,0,C
19463,0,0,0,0,1,0,0,0,0,0,0,C
19464,0,0,0,0,1,0,0,0,0,0,0,C
19465,0,0,0,0,1,0,0,0,0,0,0,C
19466,0,0,0,0,1,0,0,0,0,0,0,C
19467,0,0,0,0,1,0,0,0,0,0,0,C
19468,0,0,0,0,1,0,0,0,0,0,0,C
19469,0,0,0,0,1,0,0,0,0,0,0,C
19470,0,0,0,0,1,0,0,0,0,0,0,C
19471,0,0,0,0,1,0,0,0,0,0,0,C
19472,0,0,0,0,1,0,0,0,0,0,0,C
19473,0,0,0,0,1,0,0,0,0,0,0,C
19474,0,0,0,0,1,0,0,0,0,0,0,C
19475,0,0,0,0,1,0,0,0,0,0,0,C
19476,0,0,0,0,1,0,0,0,0,0,0,C
19477,0,0,0,0,1,0,0,0,0,0,0,C
19478,0,0,0,0,1,0,0,0,0,0,0,C
19479,0,0,0,0,1,0,0,0,0,0,0,C
19480,0,0,0,0,1,0,0,0,0,0,0,C
19481,0,0,0,0,1,0,0,0,0,0,0,C
19482,0,0,0,0,1,0,0,0,0,0,0,C
19483,0,0,0,0,1,0,0,0,0,0,0,C
19484,0,0,0,0,1,0,0,0,0,0,0,C
19485,0,0,0,0,1,0,0,0,0,0,0,C
19486,0,0,0,0,1,0,0,0,0,0,0,C
19487,0,0,0,0,1,0,0,0,0,0,0,C
19488,0,0,0,0,1,0,0,0,0,0,0,C
19489,0,0,0,0,1,0,0,0,0,0,0,C
19490,0,0,0,0,1,0,0,0,0,0,0,C
19491,0,0,0,0,1,0,0,0,0,0,0,C
19492,0,0,0,0,1,0,0,0,0,0,0,C
19493,0,0,0,0,1,0,0,0,0,0,0,C
19494,0,0,0,0,1,0,0,0,0,0,0,C
19495,0,0,0,0,1,0,0,0,0,0,0,C
19496,0,0,0,0,1,0,0,0,0,0,0,C
19497,0,0,0,0,1,0,0,0,0,0,0,C
19498,0,0,0,0,1,0,0,0,0,0,0,C
19499,0,0,0,0,1,0,0,0,0,0,0,C
19500,0,0,0,0,1,0,0,0,0,0,0,C
19501,0,0,0,0,1,0,0,0,0,0,0,C
19502,0,0,0,0,1,0,0,0,0,0,0,C
19503,0,0,0,0,1,0,0,0,0,0,0,C
19504,0,0,0,0,1,0,0,0,0,0,0,C
19505,0,0,0,0,1,0,0,0,0,0,0,C
19506,0,0,0,0,1,0,0,0,0,0,0,C
19507,0,0,0,0,1,0,0,0,0,0,0,C
19508,0,0,0,0,1,0,0,0,0,0,0,C
19509,0,0,0,0,1,0,0,0,0,0,0,C
19510,0,0,0,0,1,0,0,0,0,0,0,C
19511,0,0,0,0,1,0,0,0,0,0,0,C
19512,0,0,0,0,1,0,0,0,0,0,0,C
19513,0,0,0,0,1,0,0,0,0,0,0,C
19514,0,0,0,0,1,0,0,0,0,0,0,C
19515,0,0,0,0,1,0,0,0,0,0,0,C
19516,0,0,0,0,1,0,0,0,0,0,0,C
19517,0,0,0,0,1,0,0,0,0,0,0,C
19518,0,0,0,0,1,0,0,0,0,0,0,C
19519,0,0,0,0,1,0,0,0,0,0,0,C
19520,0,0,0,0,1,0,0,0,0,0,0,C
19521,0,0,0,0,1,0,0,0,0,0,0,C
19522,0,0,0,0,1,0,0,0,0,0,0,C
19523,0,0,0,0,1,0,0,0,0,0,0,C
19524,0,0,0,0,1,0,0,0,0,0,0,C
19525,0,0,0,0,1,0,0,0,0,0,0,C
19526,0,0,0,0,1,0,0,0,0,0,0,C
19527,0,0,0,0,1,0,0,0,0,0,0,C
19528,0,0,0,0,1,0,0,0,0,0,0,C
19529,0,0,0,0,1,0,0,0,0,0,0,C
19530,0,0,0,0,1,0,0,0,0,0,0,C
19531,0,0,0,0,1,0,0,0,0,0,0,C
19532,0,0,0,0,1,0,0,0,0,0,0,C
19533,0,0,0,0,1,0,0,0,0,0,0,C
19534,0,0,0,0,1,0,0,0,0,0,0,C
19535,0,0,0,0,1,0,0,0,0,0,0,C
19536,0,0,0,0,1,0,0,0,0,0,0,C
19537,0,0,0,0,1,0,0,0,0,0,0,C
19538,0,0,0,0,1,0,0,0,0,0,0,C
19539,0,0,0,0,1,0,0,0,0,0,0,C
19540,0,0,0,0,1,0,0,0,0,0,0,C
19541,0,0,0,0,1,0,0,0,0,0,0,C
19542,0,0,0,0,1,0,0,0,0,0,0,C
19543,0,0,0,0,1,0,0,0,0,0,0,C
19544,0,0,0,0,1,0,0,0,0,0,0,C
19545,0,0,0,0,1,0,0,0,0,0,0,C
19546,0,0,0,0,1,0,0,0,0,0,0,C
19547,0,0,0,0,1,0,0,0,0,0,0,C
19548,0,0,0,0,1,0,0,0,0,0,0,C
19549,0,0,0,0,1,0,0,0,0,0,0,C
19550,0,0,0,0,1,0,0,0,0,0,0,C
19551,0,0,0,0,1,0,0,0,0,0,0,C
19552,0,0,0,0,1,0,0,0,0,0,0,C
19553,0,0,0,0,1,0,0,0,0,0,0,C
19554,0,0,0,0,1,0,0,0,0,0,0,C
19555,0,0,0,0,1,0,0,0,0,0,0,C
19556,0,0,0,0,1,0,0,0,0,0,0,C
19557,0,0,0,0,1,0,0,0,0,0,0,C
19558,0,0,0,0,1,0,0,0,0,0,0,C
19559,0,0,0,0,1,0,0,0,0,0,0,C
19560,0,0,0,0,1,0,0,0,0,0,0,C
19561,0,0,0,0,1,0,0,0,0,0,0,C
19562,0,0,0,0,1,0,0,0,0,0,0,C
19563,0,0,0,0,1,0,0,0,0,0,0,C
19564,0,0,0,0,1,0,0,0,0,0,0,C
19565,0,0,0,0,1,0,0,0,0,0,0,C
19566,0,0,0,0,1,0,0,0,0,0,0,C
19567,0,0,0,0,1,0,0,0,0,0,0,C
19568,0,0,0,0,1,0,0,0,0,0,0,C
19569,0,0,0,0,1,0,0,0,0,0,0,C
19570,0,0,0,0,1,0,0,0,0,0,0,C
19571,0,0,0,0,1,0,0,0,0,0,0,C
19572,0,0,0,0,1,0,0,0,0,0,0,C
19573,0,0,0,0,1,0,0,0,0,0,0,C
19574,0,0,0,0,1,0,0,0,0,0,0,C
19575,0,0,0,0,1,0,0,0,0,0,0,C
19576,0,0,0,0,1,0,0,0,0,0,0,C
19577,0,0,0,0,1,0,0,0,0,0,0,C
19578,0,0,0,0,1,0,0,0,0,0,0,C
19579,0,0,0,0,1,0,0,0,0,0,0,C
19580,0,0,0,0,1,0,0,0,0,0,0,C
19581,0,0,0,0,1,0,0,0,0,0,0,C
19582,0,0,0,0,1,0,0,0,0,0,0,C
19583,0,0,0,0,1,0,0,0,0,0,0,C
19584,0,0,0,0,1,0,0,0,0,0,0,C
19585,0,0,0,0,1,0,0,0,0,0,0,C
19586,0,0,0,0,1,0,0,0,0,0,0,C
19587,0,0,0,0,1,0,0,0,0,0,0,C
19588,0,0,0,0,1,0,0,0,0,0,0,C
19589,0,0,0,0,1,0,0,0,0,0,0,C
19590,0,0,0,0,1,0,0,0,0,0,0,C
19591,0,0,0,0,1,0,0,0,0,0,0,C
19592,0,0,0,0,1,0,0,0,0,0,0,C
19593,0,0,0,0,1,0,0,0,0,0,0,C
19594,0,0,0,0,1,0,0,0,0,0,0,C
19595,0,0,0,0,1,0,0,0,0,0,0,C
19596,0,0,0,0,1,0,0,0,0,0,0,C
19597,0,0,0,0,1,0,0,0,0,0,0,C
19598,0,0,0,0,1,0,0,0,0,0,0,C
19599,0,0,0,0,1,0,0,0,0,0,0,C
19600,0,0,0,0,1,0,0,0,0,0,0,C
19601,0,0,0,0,1,0,0,0,0,0,0,C
19602,0,0,0,0,1,0,0,0,0,0,0,C
19603,0,0,0,0,1,0,0,0,0,0,0,C
19604,0,0,0,0,1,0,0,0,0,0,0,C
19605,0,0,0,0,1,0,0,0,0,0,0,C
19606,0,0,0,0,1,0,0,0,0,0,0,C
19607,0,0,0,0,1,0,0,0,0,0,0,C
19608,0,0,0,0,1,0,0,0,0,0,0,C
19609,0,0,0,0,1,0,0,0,0,0,0,C
19610,0,0,0,0,1,0,0,0,0,0,0,C
19611,0,0,0,0,1,0,0,0,0,0,0,C
19612,0,0,0,0,1,0,0,0,0,0,0,C
19613,0,0,0,0,1,0,0,0,0,0,0,C
19614,0,0,0,0,1,0,0,0,0,0,0,C
19615,0,0,0,0,1,0,0,0,0,0,0,C
19616,0,0,0,0,1,0,0,0,0,0,0,C
19617,0,0,0,0,1,0,0,0,0,0,0,C
19618,0,0,0,0,1,0,0,0,0,0,0,C
19619,0,0,0,0,1,0,0,0,0,0,0,B
19620,0,0,0,0,1,0,0,0,0,0,0,B
19621,0,0,0,0,1,0,0,0,0,0,0,C
19622,0,0,0,0,1,0,0,0,0,0,0,C
19623,0,0,0,0,1,0,0,0,0,0,0,C
19624,0,0,0,0,1,0,0,0,0,0,0,C
19625,0,0,0,0,1,0,0,0,0,0,0,I
19626,0,0,0,0,1,0,0,0,0,0,0,I
19627,0,0,0,0,0,0,0,0,0,0,0,I
19628,0,0,0,0,0,0,0,0,0,0,0,I
19629,0,0,0,0,0,0,0,0,0,0,0,I
19630,0,0,0,0,0,0,0,0,0,0,0,I
19631,0,0,0,0,0,0,0,0,0,0,0,I
19632,0,0,0,0,0,0,0,0,0,0,0,I
19633,0,0,0,0,0,0,0,0,0,0,0,I
19634,0,0,0,0,0,0,0,0,0,0,0,I
19635,0,0,0,0,0,0,0,0,0,0,0,I
19636,0,0,0,0,0,0,0,0,0,0,0,A
19637,0,0,0,0,0,0,0,0,0,0,0,A
19638,0,0,0,0,0,0,0,0,0,0,0,A
19639,0,0,0,0,0,0,0,0,0,0,0,A
19640,0,0,0,0,0,0,0,0,0,0,0,A
19641,0,0,0,0,0,0,0,0,0,0,0,A
19642,1,0,0,0,0,0,0,0,0,0,0,A
19643,1,0,0,0,0,0,0,0,0,0,0,A
19644,1,0,0,0,0,0,0,0,0,0,0,A
19645,1,0,0,0,0,0,0,0,0,0,0,A
19646,1,0,0,0,0,0,0,0,0,0,0,A
19647,1,0,0,0,0,0,0,0,0,0,0,A
19648,1,0,0,0,0,0,0,0,0,0,0,A
19649,1,0,0,0,0,0,0,0,0,0,0,A
19650,1,0,0,0,0,0,0,0,0,0,0,A
19651,1,0,0,0,0,0,0,0,0,0,0,A
19652,1,0,0,0,0,0,0,0,0,0,0,A
19653,1,0,0,0,0,0,0,0,0,0,0,A
19654,1,0,0,0,0,0,0,0,0,0,0,A
19655,1,0,0,0,0,0,0,0,0,0,0,A
19656,1,0,0,0,0,0,0,0,0,0,0,A
19657,1,0,0,0,0,0,0,0,0,0,0,A
19658,1,0,0,0,0,0,0,0,0,0,0,A
19659,1,0,0,0,0,0,0,0,0,0,0,A
19660,1,0,0,0,0,0,0,0,0,0,0,A
19661,1,0,0,0,0,0,0,0,0,0,0,A
19662,1,0,0,0,0,0,0,0,0,0,0,A
19663,1,0,0,0,0,0,0,0,0,0,0,A
19664,1,0,0,0,0,0,0,0,0,0,0,A
19665,1,0,0,0,0,0,0,0,0,0,0,A
19666,1,0,0,0,0,0,0,0,0,0,0,A
19667,1,0,0,0,0,0,0,0,0,0,0,A
19668,1,0,0,0,0,0,0,0,0,0,0,A
19669,1,0,0,0,0,0,0,0,0,0,0,A
19670,1,0,0,0,0,0,0,0,0,0,0,A
19671,1,0,0,0,0,0,0,0,0,0,0,A
19672,1,0,0,0,0,0,0,0,0,0,0,A
19673,1,0,0,0,0,0,0,0,0,0,0,A
19674,1,0,0,0,0,0,0,0,0,0,0,A
19675,1,0,0,0,0,0,0,0,0,0,0,A
19676,1,0,0,0,0,0,0,0,0,0,0,A
19677,1,0,0,0,0,0,0,0,0,0,0,A
19678,1,0,0,0,0,0,0,0,0,0,0,A
19679,1,0,0,0,0,0,0,0,0,0,0,A
19680,1,0,0,0,0,0,0,0,0,0,0,A
19681,1,0,0,0,0,0,0,0,0,0,0,A
19682,1,0,0,0,0,0,0,0,0,0,0,A
19683,1,0,0,0,0,0,0,0,0,0,0,A
19684,1,0,0,0,0,0,0,0,0,0,0,A
19685,1,0,0,0,0,0,0,0,0,0,0,A
19686,1,0,0,0,0,0,0,0,0,0,0,A
19687,1,0,0,0,0,0,0,0,0,0,0,A
19688,1,0,0,0,0,0,0,0,0,0,0,A
19689,1,0,0,0,0,0,0,0,0,0,0,A
19690,1,0,0,0,0,0,0,0,0,0,0,A
19691,1,0,0,0,0,0,0,0,0,0,0,A
19692,1,0,0,0,0,0,0,0,0,0,0,A
19693,1,0,0,0,0,0,0,0,0,0,0,A
19694,1,0,0,0,0,0,0,0,0,0,0,A
19695,1,0,0,0,0,0,0,0,0,0,0,A
19696,1,0,0,0,0,0,0,0,0,0,0,A
19697,1,0,0,0,0,0,0,0,0,0,0,A
19698,1,0,0,0,0,0,0,0,0,0,0,A
19699,1,0,0,0,0,0,0,0,0,0,0,A
19700,1,0,0,0,0,0,0,0,0,0,0,A
19701,1,0,0,0,0,0,0,0,0,0,0,A
19702,1,0,0,0,0,0,0,0,0,0,0,A
19703,1,0,0,0,0,0,0,0,0,0,0,A
19704,1,0,0,0,0,0,0,0,0,0,0,A
19705,1,0,0,0,0,0,0,0,0,0,0,A
19706,1,0,0,0,0,0,0,0,0,0,0,A
19707,1,0,0,0,0,0,0,0,0,0,0,A
19708,1,0,0,0,0,0,0,0,0,0,0,A
19709,1,0,0,0,0,0,0,0,0,0,0,A
19710,1,0,0,0,0,0,0,0,0,0,0,A
19711,1,0,0,0,0,0,0,0,0,0,0,A
19712,1,0,0,0,0,0,0,0,0,0,0,A
19713,1,0,0,0,0,0,0,0,0,0,0,A
19714,1,0,0,0,0,0,0,0,0,0,0,A
19715,1,0,0,0,0,0,0,0,0,0,0,A
19716,1,0,0,0,0,0,0,0,0,0,0,A
19717,1,0,0,0,0,0,0,0,0,0,0,A
19718,1,0,0,0,0,0,0,0,0,0,0,A
19719,1,0,0,0,0,0,0,0,0,0,0,A
19720,1,0,0,0,0,0,0,0,0,0,0,A
19721,1,0,0,0,0,0,0,0,0,0,0,A
19722,1,0,0,0,0,0,0,0,0,0,0,A
19723,1,0,0,0,0,0,0,0,0,0,0,A
19724,1,0,0,0,0,0,0,0,0,0,0,A
19725,1,0,0,0,0,0,0,0,0,0,0,A
19726,1,0,0,0,0,0,0,0,0,0,0,A
19727,1,0,0,0,0,0,0,0,0,0,0,A
19728,1,0,0,0,0,0,0,0,0,0,0,A
19729,1,0,0,0,0,0,0,0,0,0,0,A
19730,1,0,0,0,0,0,0,0,0,0,0,A
19731,1,0,0,0,0,0,0,0,0,0,0,A
19732,1,0,0,0,0,0,0,0,0,0,0,A
19733,1,0,0,0,0,0,0,0,0,0,0,A
19734,1,0,0,0,0,0,0,0,0,0,0,F
19735,1,0,0,0,0,0,0,0,0,0,0,F
19736,1,0,0,0,0,0,0,0,0,0,0,F
19737,1,0,0,0,0,0,0,0,0,0,1,F
19738,1,0,0,0,0,0,0,0,0,0,1,F
19739,1,0,0,0,0,0,0,0,0,0,1,F
19740,1,0,0,0,0,0,0,0,0,0,1,F
19741,1,0,0,0,0,0,0,0,0,0,1,F
19742,1,0,0,0,0,0,0,0,0,0,1,F
19743,1,0,0,0,0,0,0,0,0,0,1,F
19744,1,0,0,0,0,0,0,0,0,0,1,F
19745,1,0,0,0,0,0,0,0,0,0,1,F
19746,1,0,0,0,0,0,0,0,0,0,1,F
19747,1,0,0,0,0,0,0,0,0,0,1,F
19748,1,0,0,0,0,0,0,0,0,0,1,F
19749,1,0,0,0,0,0,0,0,0,0,1,F
19750,1,0,0,0,0,0,0,0,0,0,1,F
19751,1,0,0,0,0,0,0,0,0,0,1,F
19752,1,0,0,0,0,0,0,0,0,0,1,F
19753,1,0,0,0,0,0,0,0,0,0,1,F
19754,1,0,0,0,0,0,0,0,0,0,1,F
19755,1,0,0,0,0,0,0,0,0,0,1,F
19756,1,0,0,0,0,0,0,0,0,0,1,F
19757,1,0,0,0,0,0,0,0,0,0,1,F
19758,1,0,0,0,0,0,0,0,0,0,1,F
19759,1,0,0,0,0,0,0,0,0,0,1,F
19760,1,0,0,0,0,0,0,0,0,0,1,F
19761,1,0,0,0,0,0,0,0,0,0,1,F
19762,1,0,0,0,0,0,0,0,0,0,1,F
19763,1,0,0,0,0,0,0,0,0,0,1,F
19764,1,0,0,0,0,0,0,0,0,0,1,F
19765,1,0,0,0,0,0,0,0,0,0,1,F
19766,1,0,0,0,0,0,0,0,0,0,1,F
19767,1,0,0,0,0,0,0,0,0,0,1,F
19768,1,0,0,0,0,0,0,0,0,0,1,F
19769,1,0,0,0,0,0,0,0,0,0,1,F
19770,1,0,0,0,0,0,0,0,0,0,1,F
19771,1,0,0,0,0,0,0,0,0,0,1,F
19772,1,0,0,0,0,0,0,0,0,0,1,F
19773,1,0,0,0,0,0,0,0,0,0,1,F
19774,1,0,0,0,0,0,0,0,0,0,1,F
19775,1,0,0,0,0,0,0,0,0,0,1,F
19776,1,0,0,0,0,0,0,0,0,0,1,F
19777,1,0,0,0,0,0,0,0,0,0,1,F
19778,1,0,0,0,0,0,0,0,0,0,1,F
19779,1,0,0,0,0,0,0,0,0,0,1,F
19780,1,0,0,0,0,0,0,0,0,0,1,F
19781,1,0,0,0,0,0,0,0,0,0,1,F
19782,1,0,0,0,0,0,0,0,0,0,1,F
19783,1,0,0,0,0,0,0,0,0,0,1,F
19784,1,0,0,0,0,0,0,0,0,0,1,F
19785,1,0,0,0,0,0,0,0,0,0,1,F
19786,1,0,0,0,0,0,0,0,0,0,1,F
19787,1,0,0,0,0,0,0,0,0,0,1,F
19788,1,0,0,0,0,0,0,0,0,0,1,F
19789,1,0,0,0,0,0,0,0,0,0,1,F
19790,1,0,0,0,0,0,0,0,0,0,1,F
19791,1,0,0,0,0,0,0,0,0,0,1,F
19792,1,0,0,0,0,0,0,0,0,0,1,F
19793,1,0,0,0,0,0,0,0,0,0,1,F
19794,1,0,0,0,0,0,0,0,0,0,1,F
19795,1,0,0,0,0,0,0,0,0,0,1,F
19796,1,0,0,0,0,0,0,0,0,0,1,F
19797,1,0,0,0,0,0,0,0,0,0,1,F
19798,1,0,0,0,0,0,0,0,0,0,1,F
19799,1,0,0,0,0,0,0,0,0,0,1,F
19800,1,0,0,0,0,0,0,0,0,0,1,F
19801,1,0,0,0,0,0,0,0,0,0,1,F
19802,1,0,0,0,0,0,0,0,0,0,1,F
19803,1,0,0,0,0,0,0,0,0,0,1,F
19804,1,0,0,0,0,0,0,0,0,0,1,F
19805,1,0,0,0,0,0,0,0,0,0,1,F
19806,1,0,0,0,0,0,0,0,0,0,1,F
19807,1,0,0,0,0,0,0,0,0,0,1,F
19808,1,0,0,0,0,0,0,0,0,0,1,F
19809,1,0,0,0,0,0,0,0,0,0,1,F
19810,1,0,0,0,0,0,0,0,0,0,1,F
19811,1,0,0,0,0,0,0,0,0,0,1,F
19812,1,0,0,0,0,0,0,0,0,0,1,F
19813,1,0,0,0,0,0,0,0,0,0,1,F
19814,1,0,0,0,0,0,0,0,0,0,1,F
19815,1,0,0,0,0,0,0,0,0,0,1,F
19816,1,0,0,0,0,0,0,0,0,0,1,F
19817,1,0,0,0,0,0,0,0,0,0,1,F
19818,1,0,0,0,0,0,0,0,0,0,1,F
19819,1,0,0,0,0,0,0,0,0,0,1,F
19820,1,0,0,0,0,0,0,0,0,0,1,F
19821,1,0,0,0,0,0,0,0,0,0,1,F
19822,1,0,0,0,0,0,0,0,0,0,1,F
19823,1,0,0,0,0,0,0,0,0,0,1,F
19824,1,0,0,0,0,0,0,0,0,0,1,F
19825,1,0,0,0,0,0,0,0,0,0,1,F
19826,1,0,0,0,0,0,0,0,0,0,1,F
19827,1,0,0,0,0,0,0,0,0,0,1,F
19828,1,0,0,0,0,0,0,0,0,0,1,F
19829,1,0,0,0,0,0,0,0,0,0,1,F
19830,1,0,0,0,0,0,0,0,0,0,1,F
19831,1,0,0,0,0,0,0,0,0,0,1,F
19832,1,0,0,0,0,0,0,0,0,0,1,F
19833,1,0,0,0,0,0,0,0,0,0,1,F
19834,1,0,0,0,0,0,0,0,0,0,1,F
19835,1,0,0,0,0,0,0,0,0,0,1,F
19836,1,0,0,0,0,0,0,0,0,0,1,F
19837,1,0,0,0,0,0,0,0,0,0,1,F
19838,1,0,0,0,0,0,0,0,0,0,1,F
19839,1,0,0,0,0,0,0,0,0,0,1,F
19840,1,0,0,0,0,0,0,0,0,0,1,F
19841,1,0,0,0,0,0,0,0,0,0,1,F
19842,1,0,0,0,0,0,0,0,0,0,1,F
19843,1,0,0,0,0,0,0,0,0,0,1,F
19844,1,0,0,0,0,0,0,0,0,0,1,F
19845,1,0,0,0,0,0,0,0,0,0,1,F
19846,1,0,0,0,0,0,0,0,0,0,1,F
19847,1,0,0,0,0,0,0,0,0,0,1,F
19848,1,0,0,0,0,0,0,0,0,0,1,F
19849,1,0,0,0,0,0,0,0,0,0,1,F
19850,1,0,0,0,0,0,0,0,0,0,1,F
19851,1,0,0,0,0,0,0,0,0,0,1,F
19852,1,0,0,0,0,0,0,0,0,0,1,F
19853,1,0,0,0,0,0,0,0,0,0,1,F
19854,1,0,0,0,0,0,0,0,0,0,1,F
19855,1,0,0,0,0,0,0,0,0,0,1,F
19856,1,0,0,0,0,0,0,0,0,0,1,F
19857,1,0,0,0,0,0,0,0,0,0,1,F
19858,1,0,0,0,0,0,0,0,0,0,1,F
19859,1,0,0,0,0,0,0,0,0,0,1,F
19860,1,0,0,0,0,0,0,0,0,0,1,F
19861,1,0,0,0,0,0,0,0,0,0,1,F
19862,1,0,0,0,0,0,0,0,0,0,1,F
19863,1,0,0,0,0,0,0,0,0,0,1,F
19864,1,0,0,0,0,0,0,0,0,0,1,F
19865,1,0,0,0,0,0,0,0,0,0,1,F
19866,1,0,0,0,0,0,0,0,0,0,1,F
19867,1,0,0,0,0,0,0,0,0,0,1,F
19868,1,0,0,0,0,0,0,0,0,0,1,F
19869,1,0,0,0,0,0,0,0,0,0,1,F
19870,1,0,0,0,0,0,0,0,0,0,1,F
19871,1,0,0,0,0,0,0,0,0,0,1,F
19872,1,0,0,0,0,0,0,0,0,0,1,F
19873,1,0,0,0,0,0,0,0,0,0,1,F
19874,1,0,0,0,0,0,0,0,0,0,1,F
19875,1,0,0,0,0,0,0,0,0,0,1,F
19876,1,0,0,0,0,0,0,0,0,0,1,F
19877,1,0,0,0,0,0,0,0,0,0,1,F
19878,1,0,0,0,0,0,0,0,0,0,1,F
19879,1,0,0,0,0,0,0,0,0,0,1,F
19880,1,0,0,0,0,0,0,0,0,0,1,F
19881,1,0,0,0,0,0,0,0,0,0,1,F
19882,1,0,0,0,0,0,0,0,0,0,1,F
19883,1,0,0,0,0,0,0,0,0,0,1,F
19884,1,0,0,0,0,0,0,0,0,0,1,F
19885,1,0,0,0,0,0,0,0,0,0,1,F
19886,1,0,0,0,0,0,0,0,0,0,1,F
19887,1,0,0,0,0,0,0,0,0,0,1,F
19888,1,0,0,0,0,0,0,0,0,0,1,F
19889,1,0,0,0,0,0,0,0,0,0,1,F
19890,1,0,0,0,0,0,0,0,0,0,1,F
19891,1,0,0,0,0,0,0,0,0,0,1,F
19892,1,0,0,0,0,0,0,0,0,0,1,F
19893,1,0,0,0,0,0,0,0,0,0,1,F
19894,1,0,0,0,0,0,0,0,0,0,1,F
19895,1,0,0,0,0,0,0,0,0,0,1,F
19896,1,0,0,0,0,0,0,0,0,0,1,F
19897,1,0,0,0,0,0,0,0,0,0,1,F
19898,1,0,0,0,0,0,0,0,0,0,1,F
19899,1,0,0,0,0,0,0,0,0,0,1,F
19900,1,0,0,0,0,0,0,0,0,0,1,F
19901,1,0,0,0,0,0,0,0,0,0,1,F
19902,1,0,0,0,0,0,0,0,0,0,1,F
19903,1,0,0,0,0,0,0,0,0,0,1,F
19904,1,0,0,0,0,0,0,0,0,0,1,F
19905,1,0,0,0,0,0,0,0,0,0,1,F
19906,1,0,0,0,0,0,0,0,0,0,1,F
19907,1,0,0,0,0,0,0,0,0,0,1,F
19908,1,0,0,0,0,0,0,0,0,0,1,F
19909,1,0,0,0,0,0,0,0,0,0,1,F
19910,1,0,0,0,0,0,0,0,0,0,1,F
19911,1,0,0,0,0,0,0,0,0,0,1,F
19912,1,0,0,0,0,0,0,0,0,0,1,F
19913,1,0,0,0,0,0,0,0,0,0,1,F
19914,1,0,0,0,0,0,0,0,0,0,1,F
19915,1,0,0,0,0,0,0,0,0,0,1,F
19916,1,0,0,0,0,0,0,0,0,0,1,F
19917,1,0,0,0,0,0,0,0,0,0,1,F
19918,1,0,0,0,0,0,0,0,0,0,1,F
19919,1,0,0,0,0,0,0,0,0,0,1,F
19920,1,0,0,0,0,0,0,0,0,0,1,F
19921,1,0,0,0,0,0,0,0,0,0,1,F
19922,1,0,0,0,0,0,0,0,0,0,1,F
19923,1,0,0,0,0,0,0,0,0,0,1,F
19924,1,0,0,0,0,0,0,0,0,0,1,F
19925,1,0,0,0,0,0,0,0,0,0,1,F
19926,1,0,0,0,0,0,0,0,0,0,1,F
19927,1,0,0,0,0,0,0,0,0,0,1,F
19928,1,0,0,0,0,0,0,0,0,0,1,F
19929,1,0,0,0,0,0,0,0,0,0,1,F
19930,1,0,0,0,0,0,0,0,0,0,1,F
19931,1,0,0,0,0,0,0,0,0,0,1,F
19932,1,0,0,0,0,0,0,0,0,0,1,F
19933,1,0,0,0,0,0,0,0,0,0,1,F
19934,1,0,0,0,0,0,0,0,0,0,1,F
19935,1,0,0,0,0,0,0,0,0,0,1,F
19936,1,0,0,0,0,0,0,0,0,0,1,F
19937,1,0,0,0,0,0,0,0,0,0,1,F
19938,1,0,0,0,0,0,0,0,0,0,1,F
19939,1,0,0,0,0,0,0,0,0,0,1,F
19940,1,0,0,0,0,0,0,0,0,0,1,F
19941,1,0,0,0,0,0,0,0,0,0,1,F
19942,1,0,0,0,0,0,0,0,0,0,1,F
19943,1,0,0,0,0,0,0,0,0,0,1,F
19944,1,0,0,0,0,0,0,0,0,0,1,F
19945,1,0,0,0,0,0,0,0,0,0,1,F
19946,1,0,0,0,0,0,0,0,0,0,1,F
19947,1,0,0,0,0,0,0,0,0,0,1,F
19948,1,0,0,0,0,0,0,0,0,0,1,F
19949,1,0,0,0,0,0,0,0,0,0,1,F
19950,1,0,0,0,0,0,0,0,0,0,1,F
19951,1,0,0,0,0,0,0,0,0,0,1,F
19952,1,0,0,0,0,0,0,0,0,0,1,F
19953,1,0,0,0,0,0,0,0,0,0,1,F
19954,1,0,0,0,0,0,0,0,0,0,1,F
19955,1,0,0,0,0,0,0,0,0,0,1,F
19956,1,0,0,0,0,0,0,0,0,0,1,F
19957,1,0,0,0,0,0,0,0,0,0,1,F
19958,1,0,0,0,0,0,0,0,0,0,1,F
19959,1,0,0,0,0,0,0,0,0,0,1,F
19960,1,0,0,0,0,0,0,0,0,0,1,F
19961,1,0,0,0,0,0,0,0,0,0,1,F
19962,1,0,0,0,0,0,0,0,0,0,1,F
19963,1,0,0,0,0,0,0,0,0,0,1,F
19964,1,0,0,0,0,0,0,0,0,0,1,F
19965,1,0,0,0,0,0,0,0,0,0,1,F
19966,1,0,0,0,0,0,0,0,0,0,1,F
19967,1,0,0,0,0,0,0,0,0,0,1,F
19968,1,0,0,0,0,0,0,0,0,0,1,F
19969,1,0,0,0,0,0,0,0,0,0,1,F
19970,1,0,0,0,0,0,0,0,0,0,1,F
19971,1,0,0,0,0,0,0,0,0,0,1,F
19972,1,0,0,0,0,0,0,0,0,0,1,F
19973,1,0,0,0,0,0,0,0,0,0,1,F
19974,1,0,0,0,0,0,0,0,0,0,1,F
19975,1,0,0,0,0,0,0,0,0,0,1,F
19976,1,0,0,0,0,0,0,0,0,0,1,F
19977,1,0,0,0,0,0,0,0,0,0,1,F
19978,1,0,0,0,0,0,0,0,0,0,1,F
19979,1,0,0,0,0,0,0,0,0,0,1,F
19980,1,0,0,0,0,0,0,0,0,0,1,F
19981,1,0,0,0,0,0,0,0,0,0,1,F
19982,1,0,0,0,0,0,0,0,0,0,1,F
19983,1,0,0,0,0,0,0,0,0,0,1,F
19984,1,0,0,0,0,0,0,0,0,0,1,F
19985,1,0,0,0,0,0,0,0,0,0,1,F
19986,1,0,0,0,0,0,0,0,0,0,1,F
19987,1,0,0,0,0,0,0,0,0,0,1,F
19988,1,0,0,0,0,0,0,0,0,0,1,F
19989,1,0,0,0,0,0,0,0,0,0,1,F
19990,1,0,0,0,0,0,0,0,0,0,1,F
19991,1,0,0,0,0,0,0,0,0,0,1,F
19992,1,0,0,0,0,0,0,0,0,0,1,F
19993,1,0,0,0,0,0,0,0,0,0,1,F
19994,1,0,0,0,0,0,0,0,0,0,1,F
19995,1,0,0,0,0,0,0,0,0,0,1,F
19996,1,0,0,0,0,0,0,0,0,0,1,F
19997,1,0,0,0,0,0,0,0,0,0,1,F
19998,1,0,0,0,0,0,0,0,0,0,1,F
19999,1,0,0,0,0,0,0,0,0,0,1,F
20000,1,0,0,0,0,0,0,0,0,0,1,F
20001,1,0,0,0,0,0,0,0,0,0,1,F
20002,1,0,0,0,0,0,0,0,0,0,1,F
20003,1,0,0,0,0,0,0,0,0,0,1,F
20004,1,0,0,0,0,0,0,0,0,0,1,F
20005,1,0,0,0,0,0,0,0,0,0,1,F
20006,1,0,0,0,0,0,0,0,0,0,1,F
20007,1,0,0,0,0,0,0,0,0,0,1,F
20008,1,0,0,0,0,0,0,0,0,0,1,F
20009,1,0,0,0,0,0,0,0,0,0,1,F
20010,1,0,0,0,0,0,0,0,0,0,1,F
20011,1,0,0,0,0,0,0,0,0,0,1,F
20012,1,0,0,0,0,0,0,0,0,0,1,F
20013,1,0,0,0,0,0,0,0,0,0,1,F
20014,1,0,0,0,0,0,0,0,0,0,1,F
20015,1,0,0,0,0,0,0,0,0,0,1,F
20016,1,0,0,0,0,0,0,0,0,0,1,F
20017,1,0,0,0,0,0,0,0,0,0,1,F
20018,1,0,0,0,0,0,0,0,0,0,1,F
20019,1,0,0,0,0,0,0,0,0,0,1,F
20020,1,0,0,0,0,0,0,0,0,0,1,F
20021,1,0,0,0,0,0,0,0,0,0,1,F
20022,1,0,0,0,0,0,0,0,0,0,1,F
20023,1,0,0,0,0,0,0,0,0,0,1,F
20024,1,0,0,0,0,0,0,0,0,0,1,F
20025,1,0,0,0,0,0,0,0,0,0,1,F
20026,1,0,0,0,0,0,0,0,0,0,1,F
20027,1,0,0,0,0,0,0,0,0,0,1,F
20028,1,0,0,0,0,0,0,0,0,0,1,F
20029,1,0,0,0,0,0,0,0,0,0,1,F
20030,1,0,0,0,0,0,0,0,0,0,1,F
20031,1,0,0,0,0,0,0,0,0,0,1,F
20032,1,0,0,0,0,0,0,0,0,0,1,F
20033,1,0,0,0,0,0,0,0,0,0,1,F
20034,1,0,0,0,0,0,0,0,0,0,1,F
20035,1,0,0,0,0,0,0,0,0,0,1,F
20036,1,0,0,0,0,0,0,0,0,0,1,F
20037,1,0,0,0,0,0,0,0,0,0,1,F
20038,1,0,0,0,0,0,0,0,0,0,1,F
20039,1,0,0,0,0,0,0,0,0,0,1,F
20040,1,0,0,0,0,0,0,0,0,0,1,F
20041,1,0,0,0,0,0,0,0,0,0,1,F
20042,1,0,0,0,0,0,0,0,0,0,1,F
20043,1,0,0,0,0,0,0,0,0,0,1,F
20044,1,0,0,0,0,0,0,0,0,0,1,F
20045,1,0,0,0,0,0,0,0,0,0,1,F
20046,1,0,0,0,0,0,0,0,0,0,1,F
20047,1,0,0,0,0,0,0,0,0,0,1,F
20048,1,0,0,0,0,0,0,0,0,0,1,F
20049,1,0,0,0,0,0,0,0,0,0,1,F
20050,1,0,0,0,0,0,0,0,0,0,1,F
20051,1,0,0,0,0,0,0,0,0,0,1,F
20052,1,0,0,0,0,0,0,0,0,0,1,F
20053,1,0,0,0,0,0,0,0,0,0,1,F
20054,1,0,0,0,0,0,0,0,0,0,1,F
20055,1,0,0,0,0,0,0,0,0,0,1,F
20056,1,0,0,0,0,0,0,0,0,0,1,F
20057,1,0,0,0,0,0,0,0,0,0,1,F
20058,1,0,0,0,0,0,0,0,0,0,1,F
20059,1,0,0,0,0,0,0,0,0,0,1,F
20060,1,0,0,0,0,0,0,0,0,0,1,F
20061,1,0,0,0,0,0,0,0,0,0,1,F
20062,1,0,0,0,0,0,0,0,0,0,1,F
20063,1,0,0,0,0,0,0,0,0,0,1,F
20064,1,0,0,0,0,0,0,0,0,0,1,F
20065,1,0,0,0,0,0,0,0,0,0,1,F
20066,1,0,0,0,0,0,0,0,0,0,1,F
20067,1,0,0,0,0,0,0,0,0,0,1,F
20068,1,0,0,0,0,0,0,0,0,0,1,F
20069,1,0,0,0,0,0,0,0,0,0,1,F
20070,1,0,0,0,0,0,0,0,0,0,1,F
20071,1,0,0,0,0,0,0,0,0,0,1,F
20072,1,0,0,0,0,0,0,0,0,0,1,F
20073,1,0,0,0,0,0,0,0,0,0,1,F
20074,1,0,0,0,0,0,0,0,0,0,1,F
20075,1,0,0,0,0,0,0,0,0,0,1,F
20076,1,0,0,0,0,0,0,0,0,0,1,F
20077,1,0,0,0,0,0,0,0,0,0,1,F
20078,1,0,0,0,0,0,0,0,0,0,1,F
20079,1,0,0,0,0,0,0,0,0,0,1,F
20080,1,0,0,0,0,0,0,0,0,0,1,F
20081,1,0,0,0,0,0,0,0,0,0,1,F
20082,1,0,0,0,0,0,0,0,0,0,1,F
20083,1,0,0,0,0,0,0,0,0,0,1,F
20084,1,0,0,0,0,0,0,0,0,0,1,F
20085,1,0,0,0,0,0,0,0,0,0,1,F
20086,1,0,0,0,0,0,0,0,0,0,1,F
20087,1,0,0,0,0,0,0,0,0,0,1,F
20088,1,0,0,0,0,0,0,0,0,0,1,F
20089,1,0,0,0,0,0,0,0,0,0,1,F
20090,1,0,0,0,0,0,0,0,0,0,1,F
20091,1,0,0,0,0,0,0,0,0,0,1,F
20092,1,0,0,0,0,0,0,0,0,0,1,F
20093,1,0,0,0,0,0,0,0,0,0,1,F
20094,1,0,0,0,0,0,0,0,0,0,1,F
20095,1,0,0,0,0,0,0,0,0,0,1,F
20096,1,0,0,0,0,0,0,0,0,0,1,F
20097,1,0,0,0,0,0,0,0,0,0,1,F
20098,1,0,0,0,0,0,0,0,0,0,1,F
20099,1,0,0,0,0,0,0,0,0,0,1,F
20100,1,0,0,0,0,0,0,0,0,0,1,F
20101,1,0,0,0,0,0,0,0,0,0,1,F
20102,1,0,0,0,0,0,0,0,0,0,1,F
20103,1,0,0,0,0,0,0,0,0,0,1,F
20104,1,0,0,0,0,0,0,0,0,0,1,F
20105,1,0,0,0,0,0,0,0,0,0,1,F
20106,1,0,0,0,0,0,0,0,0,0,1,F
20107,1,0,0,0,0,0,0,0,0,0,1,F
20108,1,0,0,0,0,0,0,0,0,0,1,F
20109,1,0,0,0,0,0,0,0,0,0,1,F
20110,1,0,0,0,0,0,0,0,0,0,1,F
20111,1,0,0,0,0,0,0,0,0,0,1,F
20112,1,0,0,0,0,0,0,0,0,0,1,F
20113,1,0,0,0,0,0,0,0,0,0,1,F
20114,1,0,0,0,0,0,0,0,0,0,1,F
20115,1,0,0,0,0,0,0,0,0,0,1,F
20116,1,0,0,0,0,0,0,0,0,0,1,F
20117,1,0,0,0,0,0,0,0,0,0,1,F
20118,1,0,0,0,0,0,0,0,0,0,1,F
20119,1,0,0,0,0,0,0,0,0,0,1,F
20120,1,0,0,0,0,0,0,0,0,0,1,F
20121,1,0,0,0,0,0,0,0,0,0,1,F
20122,1,0,0,0,0,0,0,0,0,0,1,F
20123,1,0,0,0,0,0,0,0,0,0,1,F
20124,1,0,0,0,0,0,0,0,0,0,1,F
20125,1,0,0,0,0,0,0,0,0,0,1,F
20126,1,0,0,0,0,0,0,0,0,0,1,F
20127,1,0,0,0,0,0,0,0,0,0,1,F
20128,1,0,0,0,0,0,0,0,0,0,1,F
20129,1,0,0,0,0,0,0,0,0,0,1,F
20130,1,0,0,0,0,0,0,0,0,0,1,F
20131,1,0,0,0,0,0,0,0,0,0,1,F
20132,1,0,0,0,0,0,0,0,0,0,1,F
20133,1,0,0,0,0,0,0,0,0,0,1,F
20134,1,0,0,0,0,0,0,0,0,0,1,F
20135,1,0,0,0,0,0,0,0,0,0,1,F
20136,1,0,0,0,0,0,0,0,0,0,1,F
20137,1,0,0,0,0,0,0,0,0,0,1,F
20138,1,0,0,0,0,0,0,0,0,0,1,F
20139,1,0,0,0,0,0,0,0,0,0,1,F
20140,1,0,0,0,0,0,0,0,0,0,1,F
20141,1,0,0,0,0,0,0,0,0,0,1,F
20142,1,0,0,0,0,0,0,0,0,0,1,F
20143,1,0,0,0,0,0,0,0,0,0,1,F
20144,1,0,0,0,0,0,0,0,0,0,1,F
20145,1,0,0,0,0,0,0,0,0,0,1,F
20146,1,0,0,0,0,0,0,0,0,0,1,F
20147,1,0,0,0,0,0,0,0,0,0,1,F
20148,1,0,0,0,0,0,0,0,0,0,1,F
20149,1,0,0,0,0,0,0,0,0,0,1,F
20150,1,0,0,0,0,0,0,0,0,0,1,F
20151,1,0,0,0,0,0,0,0,0,0,1,F
20152,1,0,0,0,0,0,0,0,0,0,1,F
20153,1,0,0,0,0,0,0,0,0,0,1,F
20154,1,0,0,0,0,0,0,0,0,0,1,F
20155,1,0,0,0,0,0,0,0,0,0,1,F
20156,1,0,0,0,0,0,0,0,0,0,1,F
20157,1,0,0,0,0,0,0,0,0,0,1,F
20158,1,0,0,0,0,0,0,0,0,0,1,F
20159,1,0,0,0,0,0,0,0,0,0,1,F
20160,1,0,0,0,0,0,0,0,0,0,1,F
20161,1,0,0,0,0,0,0,0,0,0,1,F
20162,1,0,0,0,0,0,0,0,0,0,1,F
20163,1,0,0,0,0,0,0,0,0,0,1,F
20164,1,0,0,0,0,0,0,0,0,0,1,F
20165,1,0,0,0,0,0,0,0,0,0,1,F
20166,1,0,0,0,0,0,0,0,0,0,1,F
20167,1,0,0,0,0,0,0,0,0,0,1,F
20168,1,0,0,0,0,0,0,0,0,0,1,F
20169,1,0,0,0,0,0,0,0,0,0,1,F
20170,1,0,0,0,0,0,0,0,0,0,1,F
20171,1,0,0,0,0,0,0,0,0,0,1,F
20172,1,0,0,0,0,0,0,0,0,0,1,F
20173,1,0,0,0,0,0,0,0,0,0,1,F
20174,1,0,0,0,0,0,0,0,0,0,1,F
20175,1,0,0,0,0,0,0,0,0,0,1,F
20176,1,0,0,0,0,0,0,0,0,0,1,F
20177,1,0,0,0,0,0,0,0,0,0,1,F
20178,1,0,0,0,0,0,0,0,0,0,1,F
20179,1,0,0,0,0,0,0,0,0,0,1,F
20180,1,0,0,0,0,0,0,0,0,0,1,F
20181,1,0,0,0,0,0,0,0,0,0,1,F
20182,1,0,0,0,0,0,0,0,0,0,1,F
20183,1,0,0,0,0,0,0,0,0,0,1,F
20184,1,0,0,0,0,0,0,0,0,0,1,F
20185,1,0,0,0,0,0,0,0,0,0,1,F
20186,1,0,0,0,0,0,0,0,0,0,1,F
20187,1,0,0,0,0,0,0,0,0,0,1,F
20188,1,0,0,0,0,0,0,0,0,0,1,F
20189,1,0,0,0,0,0,0,0,0,0,1,F
20190,1,0,0,0,0,0,0,0,0,0,1,F
20191,1,0,0,0,0,0,0,0,0,0,1,F
20192,1,0,0,0,0,0,0,0,0,0,1,F
20193,1,0,0,0,0,0,0,0,0,0,1,F
20194,1,0,0,0,0,0,0,0,0,0,1,F
20195,1,0,0,0,0,0,0,0,0,0,1,F
20196,1,0,0,0,0,0,0,0,0,0,1,F
20197,1,0,0,0,0,0,0,0,0,0,1,F
20198,1,0,0,0,0,0,0,0,0,0,1,F
20199,1,0,0,0,0,0,0,0,0,0,1,F
20200,1,0,0,0,0,0,0,0,0,0,1,F
20201,1,0,0,0,0,0,0,0,0,0,1,F
20202,1,0,0,0,0,0,0,0,0,0,1,F
20203,1,0,0,0,0,0,0,0,0,0,1,F
20204,1,0,0,0,0,0,0,0,0,0,1,F
20205,1,0,0,0,0,0,0,0,0,0,1,F
20206,1,0,0,0,0,0,0,0,0,0,1,F
20207,1,0,0,0,0,0,0,0,0,0,1,F
20208,1,0,0,0,0,0,0,0,0,0,1,F
20209,1,0,0,0,0,0,0,0,0,0,1,F
20210,1,0,0,0,0,0,0,0,0,0,1,F
20211,1,0,0,0,0,0,0,0,0,0,1,F
20212,1,0,0,0,0,0,0,0,0,0,1,F
20213,1,0,0,0,0,0,0,0,0,0,1,F
20214,1,0,0,0,0,0,0,0,0,0,1,F
20215,1,0,0,0,0,0,0,0,0,0,1,F
20216,1,0,0,0,0,0,0,0,0,0,1,F
20217,1,0,0,0,0,0,0,0,0,0,1,F
20218,1,0,0,0,0,0,0,0,0,0,1,F
20219,1,0,0,0,0,0,0,0,0,0,1,F
20220,1,0,0,0,0,0,0,0,0,0,1,F
20221,1,0,0,0,0,0,0,0,0,0,1,F
20222,1,0,0,0,0,0,0,0,0,0,1,F
20223,1,0,0,0,0,0,0,0,0,0,1,F
20224,1,0,0,0,0,0,0,0,0,0,1,F
20225,1,0,0,0,0,0,0,0,0,0,1,F
20226,1,0,0,0,0,0,0,0,0,0,1,F
20227,1,0,0,0,0,0,0,0,0,0,1,F
20228,1,0,0,0,0,0,0,0,0,0,1,F
20229,1,0,0,0,0,0,0,0,0,0,1,F
20230,1,0,0,0,0,0,0,0,0,0,1,F
20231,1,0,0,0,0,0,0,0,0,0,1,F
20232,1,0,0,0,0,0,0,0,0,0,1,F
20233,1,0,0,0,0,0,0,0,0,0,1,F
20234,1,0,0,0,0,0,0,0,0,0,1,F
20235,1,0,0,0,0,0,0,0,0,0,1,F
20236,1,0,0,0,0,0,0,0,0,0,1,F
20237,1,0,0,0,0,0,0,0,0,0,1,F
20238,1,0,0,0,0,0,0,0,0,0,1,F
20239,1,0,0,0,0,0,0,0,0,0,1,F
20240,1,0,0,0,0,0,0,0,0,0,1,F
20241,1,0,0,0,0,0,0,0,0,0,1,F
20242,1,0,0,0,0,0,0,0,0,0,1,F
20243,1,0,0,0,0,0,0,0,0,0,1,F
20244,1,0,0,0,0,0,0,0,0,0,1,F
20245,1,0,0,0,0,0,0,0,0,0,1,F
20246,1,0,0,0,0,0,0,0,0,0,1,F
20247,1,0,0,0,0,0,0,0,0,0,1,F
20248,1,0,0,0,0,0,0,0,0,0,1,F
20249,1,0,0,0,0,0,0,0,0,0,1,F
20250,1,0,0,0,0,0,0,0,0,0,1,F
20251,1,0,0,0,0,0,0,0,0,0,1,F
20252,1,0,0,0,0,0,0,0,0,0,1,F
20253,1,0,0,0,0,0,0,0,0,0,1,F
20254,1,0,0,0,0,0,0,0,0,0,1,F
20255,1,0,0,0,0,0,0,0,0,0,1,F
20256,1,0,0,0,0,0,0,0,0,0,1,F
20257,1,0,0,0,0,0,0,0,0,0,1,F
20258,1,0,0,0,0,0,0,0,0,0,1,F
20259,1,0,0,0,0,0,0,0,0,0,1,F
20260,1,0,0,0,0,0,0,0,0,0,1,F
20261,1,0,0,0,0,0,0,0,0,0,1,F
20262,1,0,0,0,0,0,0,0,0,0,1,F
20263,1,0,0,0,0,0,0,0,0,0,1,F
20264,1,0,0,0,0,0,0,0,0,0,1,F
20265,1,0,0,0,0,0,0,0,0,0,1,F
20266,1,0,0,0,0,0,0,0,0,0,1,F
20267,1,0,0,0,0,0,0,0,0,0,1,F
20268,1,0,0,0,0,0,0,0,0,0,1,F
20269,1,0,0,0,0,0,0,0,0,0,1,F
20270,1,0,0,0,0,0,0,0,0,0,1,F
20271,1,0,0,0,0,0,0,0,0,0,1,F
20272,1,0,0,0,0,0,0,0,0,0,1,F
20273,1,0,0,0,0,0,0,0,0,0,1,F
20274,1,0,0,0,0,0,0,0,0,0,1,F
20275,1,0,0,0,0,0,0,0,0,0,1,F
20276,1,0,0,0,0,0,0,0,0,0,1,F
20277,1,0,0,0,0,0,0,0,0,0,1,F
20278,1,0,0,0,0,0,0,0,0,0,1,F
20279,1,0,0,0,0,0,0,0,0,0,1,F
20280,1,0,0,0,0,0,0,0,0,0,1,F
20281,1,0,0,0,0,0,0,0,0,0,1,F
20282,1,0,0,0,0,0,0,0,0,0,1,F
20283,1,0,0,0,0,0,0,0,0,0,1,F
20284,1,0,0,0,0,0,0,0,0,0,1,F
20285,1,0,0,0,0,0,0,0,0,0,1,F
20286,1,0,0,0,0,0,0,0,0,0,1,F
20287,1,0,0,0,0,0,0,0,0,0,1,F
20288,1,0,0,0,0,0,0,0,0,0,1,F
20289,1,0,0,0,0,0,0,0,0,0,1,F
20290,1,0,0,0,0,0,0,0,0,0,1,F
20291,1,0,0,0,0,0,0,0,0,0,1,F
20292,1,0,0,0,0,0,0,0,0,0,1,F
20293,1,0,0,0,0,0,0,0,0,0,1,F
20294,1,0,0,0,0,0,0,0,0,0,1,F
20295,1,0,0,0,0,0,0,0,0,0,1,F
20296,1,0,0,0,0,0,0,0,0,0,1,F
20297,1,0,0,0,0,0,0,0,0,0,1,F
20298,1,0,0,0,0,0,0,0,0,0,1,F
20299,1,0,0,0,0,0,0,0,0,0,1,F
20300,1,0,0,0,0,0,0,0,0,0,1,F
20301,1,0,0,0,0,0,0,0,0,0,1,F
20302,1,0,0,0,0,0,0,0,0,0,1,F
20303,1,0,0,0,0,0,0,0,0,0,1,F
20304,1,0,0,0,0,0,0,0,0,0,1,F
20305,1,0,0,0,0,0,0,0,0,0,1,F
20306,1,0,0,0,0,0,0,0,0,0,1,F
20307,1,0,0,0,0,0,0,0,0,0,1,F
20308,1,0,0,0,0,0,0,0,0,0,1,F
20309,1,0,0,0,0,0,0,0,0,0,1,F
20310,1,0,0,0,0,0,0,0,0,0,1,F
20311,1,0,0,0,0,0,0,0,0,0,1,F
20312,1,0,0,0,0,0,0,0,0,0,1,F
20313,1,0,0,0,0,0,0,0,0,0,1,F
20314,1,0,0,0,0,0,0,0,0,0,1,F
20315,1,0,0,0,0,0,0,0,0,0,1,F
20316,1,0,0,0,0,0,0,0,0,0,1,F
20317,1,0,0,0,0,0,0,0,0,0,1,F
20318,1,0,0,0,0,0,0,0,0,0,1,F
20319,1,0,0,0,0,0,0,0,0,0,1,F
20320,1,0,0,0,0,0,0,0,0,0,1,F
20321,1,0,0,0,0,0,0,0,0,0,1,F
20322,1,0,0,0,0,0,0,0,0,0,1,F
20323,1,0,0,0,0,0,0,0,0,0,1,F
20324,1,0,0,0,0,0,0,0,0,0,1,F
20325,1,0,0,0,0,0,0,0,0,0,1,F
20326,1,0,0,0,0,0,0,0,0,0,1,F
20327,1,0,0,0,0,0,0,0,0,0,1,F
20328,1,0,0,0,0,0,0,0,0,0,1,F
20329,1,0,0,0,0,0,0,0,0,0,1,F
20330,1,0,0,0,0,0,0,0,0,0,1,F
20331,1,0,0,0,0,0,0,0,0,0,1,F
20332,1,0,0,0,0,0,0,0,0,0,1,F
20333,1,0,0,0,0,0,0,0,0,0,1,F
20334,1,0,0,0,0,0,0,0,0,0,1,F
20335,1,0,0,0,0,0,0,0,0,0,1,F
20336,1,0,0,0,0,0,0,0,0,0,1,F
20337,1,0,0,0,0,0,0,0,0,0,1,F
20338,1,0,0,0,0,0,0,0,0,0,1,F
20339,1,0,0,0,0,0,0,0,0,0,1,F
20340,1,0,0,0,0,0,0,0,0,0,1,F
20341,1,0,0,0,0,0,0,0,0,0,1,F
20342,1,0,0,0,0,0,0,0,0,0,1,F
20343,1,0,0,0,0,0,0,0,0,0,1,F
20344,1,0,0,0,0,0,0,0,0,0,1,F
20345,1,0,0,0,0,0,0,0,0,0,1,F
20346,1,0,0,0,0,0,0,0,0,0,1,F
20347,1,0,0,0,0,0,0,0,0,0,1,F
20348,1,0,0,0,0,0,0,0,0,0,1,F
20349,1,0,0,0,0,0,0,0,0,0,1,F
20350,1,0,0,0,0,0,0,0,0,0,1,F
20351,1,0,0,0,0,0,0,0,0,0,1,F
20352,1,0,0,0,0,0,0,0,0,0,1,F
20353,1,0,0,0,0,0,0,0,0,0,1,F
20354,1,0,0,0,0,0,0,0,0,0,1,F
20355,1,0,0,0,0,0,0,0,0,0,1,F
20356,1,0,0,0,0,0,0,0,0,0,1,F
20357,1,0,0,0,0,0,0,0,0,0,1,F
20358,1,0,0,0,0,0,0,0,0,0,1,F
20359,1,0,0,0,0,0,0,0,0,0,1,F
20360,1,0,0,0,0,0,0,0,0,0,1,F
20361,1,0,0,0,0,0,0,0,0,0,1,F
20362,1,0,0,0,0,0,0,0,0,0,1,F
20363,1,0,0,0,0,0,0,0,0,0,1,F
20364,1,0,0,0,0,0,0,0,0,0,1,F
20365,1,0,0,0,0,0,0,0,0,0,1,F
20366,1,0,0,0,0,0,0,0,0,0,1,F
20367,1,0,0,0,0,0,0,0,0,0,1,F
20368,1,0,0,0,0,0,0,0,0,0,1,F
20369,1,0,0,0,0,0,0,0,0,0,1,F
20370,1,0,0,0,0,0,0,0,0,0,1,F
20371,1,0,0,0,0,0,0,0,0,0,1,F
20372,1,0,0,0,0,0,0,0,0,0,1,F
20373,1,0,0,0,0,0,0,0,0,0,1,F
20374,1,0,0,0,0,0,0,0,0,0,1,F
20375,1,0,0,0,0,0,0,0,0,0,1,F
20376,1,0,0,0,0,0,0,0,0,0,1,F
20377,1,0,0,0,0,0,0,0,0,0,1,F
20378,1,0,0,0,0,0,0,0,0,0,1,F
20379,1,0,0,0,0,0,0,0,0,0,1,F
20380,1,0,0,0,0,0,0,0,0,0,1,F
20381,1,0,0,0,0,0,0,0,0,0,1,F
20382,1,0,0,0,0,0,0,0,0,0,1,F
20383,1,0,0,0,0,0,0,0,0,0,1,F
20384,1,0,0,0,0,0,0,0,0,0,1,F
20385,1,0,0,0,0,0,0,0,0,0,1,F
20386,1,0,0,0,0,0,0,0,0,0,1,F
20387,1,0,0,0,0,0,0,0,0,0,1,F
20388,1,0,0,0,0,0,0,0,0,0,1,F
20389,1,0,0,0,0,0,0,0,0,0,1,F
20390,1,0,0,0,0,0,0,0,0,0,1,F
20391,1,0,0,0,0,0,0,0,0,0,1,F
20392,1,0,0,0,0,0,0,0,0,0,1,F
20393,1,0,0,0,0,0,0,0,0,0,1,F
20394,1,0,0,0,0,0,0,0,0,0,1,F
20395,1,0,0,0,0,0,0,0,0,0,1,F
20396,1,0,0,0,0,0,0,0,0,0,1,F
20397,1,0,0,0,0,0,0,0,0,0,1,F
20398,1,0,0,0,0,0,0,0,0,0,1,F
20399,1,0,0,0,0,0,0,0,0,0,1,F
20400,1,0,0,0,0,0,0,0,0,0,1,F
20401,1,0,0,0,0,0,0,0,0,0,1,F
20402,1,0,0,0,0,0,0,0,0,0,1,F
20403,1,0,0,0,0,0,0,0,0,0,1,F
20404,1,0,0,0,0,0,0,0,0,0,1,F
20405,1,0,0,0,0,0,0,0,0,0,1,F
20406,1,0,0,0,0,0,0,0,0,0,1,F
20407,1,0,0,0,0,0,0,0,0,0,1,F
20408,1,0,0,0,0,0,0,0,0,0,1,F
20409,1,0,0,0,0,0,0,0,0,0,1,F
20410,1,0,0,0,0,0,0,0,0,0,1,F
20411,1,0,0,0,0,0,0,0,0,0,1,F
20412,1,0,0,0,0,0,0,0,0,0,1,F
20413,1,0,0,0,0,0,0,0,0,0,1,F
20414,1,0,0,0,0,0,0,0,0,0,1,F
20415,1,0,0,0,0,0,0,0,0,0,1,F
20416,1,0,0,0,0,0,0,0,0,0,1,F
20417,1,0,0,0,0,0,0,0,0,0,1,F
20418,1,0,0,0,0,0,0,0,0,0,1,F
20419,1,0,0,0,0,0,0,0,0,0,1,F
20420,1,0,0,0,0,0,0,0,0,0,1,F
20421,1,0,0,0,0,0,0,0,0,0,1,F
20422,1,0,0,0,0,0,0,0,0,0,1,F
20423,1,0,0,0,0,0,0,0,0,0,1,F
20424,1,0,0,0,0,0,0,0,0,0,1,F
20425,1,0,0,0,0,0,0,0,0,0,1,F
20426,1,0,0,0,0,0,0,0,0,0,1,F
20427,1,0,0,0,0,0,0,0,0,0,1,F
20428,1,0,0,0,0,0,0,0,0,0,1,F
20429,1,0,0,0,0,0,0,0,0,0,1,F
20430,1,0,0,0,0,0,0,0,0,0,1,F
20431,1,0,0,0,0,0,0,0,0,0,1,F
20432,1,0,0,0,0,0,0,0,0,0,1,F
20433,1,0,0,0,0,0,0,0,0,0,1,F
20434,1,0,0,0,0,0,0,0,0,0,1,F
20435,1,0,0,0,0,0,0,0,0,0,1,F
20436,1,0,0,0,0,0,0,0,0,0,1,F
20437,1,0,0,0,0,0,0,0,0,0,1,F
20438,1,0,0,0,0,0,0,0,0,0,1,F
20439,1,0,0,0,0,0,0,0,0,0,1,F
20440,1,0,0,0,0,0,0,0,0,0,1,F
20441,1,0,0,0,0,0,0,0,0,0,1,F
20442,1,0,0,0,0,0,0,0,0,0,1,F
20443,1,0,0,0,0,0,0,0,0,0,1,F
20444,1,0,0,0,0,0,0,0,0,0,1,F
20445,1,0,0,0,0,0,0,0,0,0,1,F
20446,1,0,0,0,0,0,0,0,0,0,1,F
20447,1,0,0,0,0,0,0,0,0,0,1,F
20448,1,0,0,0,0,0,0,0,0,0,1,F
20449,1,0,0,0,0,0,0,0,0,0,1,F
20450,1,0,0,0,0,0,0,0,0,0,1,F
20451,1,0,0,0,0,0,0,0,0,0,1,F
20452,1,0,0,0,0,0,0,0,0,0,1,F
20453,1,0,0,0,0,0,0,0,0,0,1,F
20454,1,0,0,0,0,0,0,0,0,0,1,F
20455,1,0,0,0,0,0,0,0,0,0,1,F
20456,1,0,0,0,0,0,0,0,0,0,1,F
20457,1,0,0,0,0,0,0,0,0,0,1,F
20458,1,0,0,0,0,0,0,0,0,0,1,F
20459,1,0,0,0,0,0,0,0,0,0,1,F
20460,1,0,0,0,0,0,0,0,0,0,1,F
20461,1,0,0,0,0,0,0,0,0,0,1,F
20462,1,0,0,0,0,0,0,0,0,0,1,F
20463,1,0,0,0,0,0,0,0,0,0,1,F
20464,1,0,0,0,0,0,0,0,0,0,1,F
20465,1,0,0,0,0,0,0,0,0,0,1,F
20466,1,0,0,0,0,0,0,0,0,0,1,F
20467,1,0,0,0,0,0,0,0,0,0,1,F
20468,1,0,0,0,0,0,0,0,0,0,1,F
20469,1,0,0,0,0,0,0,0,0,0,1,F
20470,1,0,0,0,0,0,0,0,0,0,1,F
20471,1,0,0,0,0,0,0,0,0,0,1,F
20472,1,0,0,0,0,0,0,0,0,0,1,F
20473,1,0,0,0,0,0,0,0,0,0,1,F
20474,1,0,0,0,0,0,0,0,0,0,1,F
20475,1,0,0,0,0,0,0,0,0,0,1,F
20476,1,0,0,0,0,0,0,0,0,0,1,F
20477,1,0,0,0,0,0,0,0,0,0,1,F
20478,1,0,0,0,0,0,0,0,0,0,1,F
20479,1,0,0,0,0,0,0,0,0,0,1,F
20480,1,0,0,0,0,0,0,0,0,0,1,F
20481,1,0,0,0,0,0,0,0,0,0,1,F
20482,1,0,0,0,0,0,0,0,0,0,1,F
20483,1,0,0,0,0,0,0,0,0,0,1,F
20484,1,0,0,0,0,0,0,0,0,0,1,F
20485,1,0,0,0,0,0,0,0,0,0,1,F
20486,1,0,0,0,0,0,0,0,0,0,1,F
20487,1,0,0,0,0,0,0,0,0,0,1,F
20488,1,0,0,0,0,0,0,0,0,0,1,F
20489,1,0,0,0,0,0,0,0,0,0,1,F
20490,1,0,0,0,0,0,0,0,0,0,1,F
20491,1,0,0,0,0,0,0,0,0,0,1,F
20492,1,0,0,0,0,0,0,0,0,0,1,F
20493,1,0,0,0,0,0,0,0,0,0,1,F
20494,1,0,0,0,0,0,0,0,0,0,1,F
20495,1,0,0,0,0,0,0,0,0,0,1,F
20496,1,0,0,0,0,0,0,0,0,0,1,F
20497,1,0,0,0,0,0,0,0,0,0,1,F
20498,1,0,0,0,0,0,0,0,0,0,1,F
20499,1,0,0,0,0,0,0,0,0,0,1,F
20500,1,0,0,0,0,0,0,0,0,0,1,F
20501,1,0,0,0,0,0,0,0,0,0,1,F
20502,1,0,0,0,0,0,0,0,0,0,1,F
20503,1,0,0,0,0,0,0,0,0,0,1,F
20504,1,0,0,0,0,0,0,0,0,0,1,F
20505,1,0,0,0,0,0,0,0,0,0,1,F
20506,1,0,0,0,0,0,0,0,0,0,1,F
20507,1,0,0,0,0,0,0,0,0,0,1,F
20508,1,0,0,0,0,0,0,0,0,0,1,F
20509,1,0,0,0,0,0,0,0,0,0,1,F
20510,1,0,0,0,0,0,0,0,0,0,1,F
20511,1,0,0,0,0,0,0,0,0,0,1,F
20512,1,0,0,0,0,0,0,0,0,0,1,F
20513,1,0,0,0,0,0,0,0,0,0,1,F
20514,1,0,0,0,0,0,0,0,0,0,1,F
20515,1,0,0,0,0,0,0,0,0,0,1,F
20516,1,0,0,0,0,0,0,0,0,0,1,F
20517,1,0,0,0,0,0,0,0,0,0,1,F
20518,1,0,0,0,0,0,0,0,0,0,1,F
20519,1,0,0,0,0,0,0,0,0,0,1,F
20520,1,0,0,0,0,0,0,0,0,0,1,F
20521,1,0,0,0,0,0,0,0,0,0,1,F
20522,1,0,0,0,0,0,0,0,0,0,1,F
20523,1,0,0,0,0,0,0,0,0,0,1,F
20524,1,0,0,0,0,0,0,0,0,0,1,F
20525,1,0,0,0,0,0,0,0,0,0,1,F
20526,1,0,0,0,0,0,0,0,0,0,1,F
20527,1,0,0,0,0,0,0,0,0,0,1,F
20528,1,0,0,0,0,0,0,0,0,0,1,F
20529,1,0,0,0,0,0,0,0,0,0,1,F
20530,1,0,0,0,0,0,0,0,0,0,1,F
20531,1,0,0,0,0,0,0,0,0,0,1,F
20532,1,0,0,0,0,0,0,0,0,0,1,F
20533,1,0,0,0,0,0,0,0,0,0,1,F
20534,1,0,0,0,0,0,0,0,0,0,1,F
20535,1,0,0,0,0,0,0,0,0,0,1,F
20536,1,0,0,0,0,0,0,0,0,0,1,F
20537,1,0,0,0,0,0,0,0,0,0,1,F
20538,1,0,0,0,0,0,0,0,0,0,1,F
20539,1,0,0,0,0,0,0,0,0,0,1,F
20540,1,0,0,0,0,0,0,0,0,0,1,F
20541,1,0,0,0,0,0,0,0,0,0,1,F
20542,1,0,0,0,0,0,0,0,0,0,1,F
20543,1,0,0,0,0,0,0,0,0,0,1,F
20544,1,0,0,0,0,0,0,0,0,0,1,F
20545,1,0,0,0,0,0,0,0,0,0,1,F
20546,1,0,0,0,0,0,0,0,0,0,1,F
20547,1,0,0,0,0,0,0,0,0,0,1,F
20548,1,0,0,0,0,0,0,0,0,0,1,F
20549,1,0,0,0,0,0,0,0,0,0,1,F
20550,1,0,0,0,0,0,0,0,0,0,1,F
20551,1,0,0,0,0,0,0,0,0,0,1,F
20552,1,0,0,0,0,0,0,0,0,0,1,F
20553,1,0,0,0,0,0,0,0,0,0,1,F
20554,1,0,0,0,0,0,0,0,0,0,1,F
20555,1,0,0,0,0,0,0,0,0,0,1,F
20556,1,0,0,0,0,0,0,0,0,0,1,F
20557,1,0,0,0,0,0,0,0,0,0,1,F
20558,1,0,0,0,0,0,0,0,0,0,1,F
20559,1,0,0,0,0,0,0,0,0,0,1,F
20560,1,0,0,0,0,0,0,0,0,0,1,F
20561,1,0,0,0,0,0,0,0,0,0,1,F
20562,1,0,0,0,0,0,0,0,0,0,1,F
20563,1,0,0,0,0,0,0,0,0,0,1,F
20564,1,0,0,0,0,0,0,0,0,0,1,F
20565,1,0,0,0,0,0,0,0,0,0,1,F
20566,1,0,0,0,0,0,0,0,0,0,1,F
20567,1,0,0,0,0,0,0,0,0,0,1,F
20568,1,0,0,0,0,0,0,0,0,0,1,F
20569,1,0,0,0,0,0,0,0,0,0,1,F
20570,1,0,0,0,0,0,0,0,0,0,1,F
20571,1,0,0,0,0,0,0,0,0,0,1,F
20572,1,0,0,0,0,0,0,0,0,0,1,F
20573,1,0,0,0,0,0,0,0,0,0,1,F
20574,1,0,0,0,0,0,0,0,0,0,1,F
20575,1,0,0,0,0,0,0,0,0,0,1,F
20576,1,0,0,0,0,0,0,0,0,0,1,F
20577,1,0,0,0,0,0,0,0,0,0,1,F
20578,1,0,0,0,0,0,0,0,0,0,1,F
20579,1,0,0,0,0,0,0,0,0,0,1,F
20580,1,0,0,0,0,0,0,0,0,0,1,F
20581,1,0,0,0,0,0,0,0,0,0,1,F
20582,1,0,0,0,0,0,0,0,0,0,1,F
20583,1,0,0,0,0,0,0,0,0,0,1,F
20584,1,0,0,0,0,0,0,0,0,0,1,F
20585,1,0,0,0,0,0,0,0,0,0,1,F
20586,1,0,0,0,0,0,0,0,0,0,1,F
20587,1,0,0,0,0,0,0,0,0,0,1,F
20588,1,0,0,0,0,0,0,0,0,0,1,F
20589,1,0,0,0,0,0,0,0,0,0,1,F
20590,1,0,0,0,0,0,0,0,0,0,1,F
20591,1,0,0,0,0,0,0,0,0,0,1,F
20592,1,0,0,0,0,0,0,0,0,0,1,F
20593,1,0,0,0,0,0,0,0,0,0,1,F
20594,1,0,0,0,0,0,0,0,0,0,1,F
20595,1,0,0,0,0,0,0,0,0,0,1,F
20596,1,0,0,0,0,0,0,0,0,0,1,F
20597,1,0,0,0,0,0,0,0,0,0,1,F
20598,1,0,0,0,0,0,0,0,0,0,1,F
20599,1,0,0,0,0,0,0,0,0,0,1,F
20600,1,0,0,0,0,0,0,0,0,0,1,F
20601,1,0,0,0,0,0,0,0,0,0,1,F
20602,1,0,0,0,0,0,0,0,0,0,1,F
20603,1,0,0,0,0,0,0,0,0,0,1,F
20604,1,0,0,0,0,0,0,0,0,0,1,F
20605,1,0,0,0,0,0,0,0,0,0,1,F
20606,1,0,0,0,0,0,0,0,0,0,1,F
20607,1,0,0,0,0,0,0,0,0,0,1,F
20608,1,0,0,0,0,0,0,0,0,0,1,F
20609,1,0,0,0,0,0,0,0,0,0,1,F
20610,1,0,0,0,0,0,0,0,0,0,1,F
20611,1,0,0,0,0,0,0,0,0,0,1,F
20612,1,0,0,0,0,0,0,0,0,0,1,F
20613,1,0,0,0,0,0,0,0,0,0,1,F
20614,1,0,0,0,0,0,0,0,0,0,1,F
20615,1,0,0,0,0,0,0,0,0,0,1,F
20616,1,0,0,0,0,0,0,0,0,0,1,F
20617,1,0,0,0,0,0,0,0,0,0,1,F
20618,1,0,0,0,0,0,0,0,0,0,1,F
20619,1,0,0,0,0,0,0,0,0,0,1,F
20620,1,0,0,0,0,0,0,0,0,0,1,F
20621,1,0,0,0,0,0,0,0,0,0,1,F
20622,1,0,0,0,0,0,0,0,0,0,1,F
20623,1,0,0,0,0,0,0,0,0,0,1,F
20624,1,0,0,0,0,0,0,0,0,0,1,F
20625,1,0,0,0,0,0,0,0,0,0,1,F
20626,1,0,0,0,0,0,0,0,0,0,1,F
20627,1,0,0,0,0,0,0,0,0,0,1,F
20628,1,0,0,0,0,0,0,0,0,0,1,F
20629,1,0,0,0,0,0,0,0,0,0,1,F
20630,1,0,0,0,0,0,0,0,0,0,1,F
20631,1,0,0,0,0,0,0,0,0,0,1,F
20632,1,0,0,0,0,0,0,0,0,0,1,F
20633,1,0,0,0,0,0,0,0,0,0,1,F
20634,1,0,0,0,0,0,0,0,0,0,1,F
20635,1,0,0,0,0,0,0,0,0,0,1,F
20636,1,0,0,0,0,0,0,0,0,0,1,F
20637,1,0,0,0,0,0,0,0,0,0,1,F
20638,1,0,0,0,0,0,0,0,0,0,1,F
20639,1,0,0,0,0,0,0,0,0,0,1,F
20640,1,0,0,0,0,0,0,0,0,0,1,F
20641,1,0,0,0,0,0,0,0,0,0,1,F
20642,1,0,0,0,0,0,0,0,0,0,1,F
20643,1,0,0,0,0,0,0,0,0,0,1,F
20644,1,0,0,0,0,0,0,0,0,0,1,F
20645,1,0,0,0,0,0,0,0,0,0,1,F
20646,1,0,0,0,0,0,0,0,0,0,1,F
20647,1,0,0,0,0,0,0,0,0,0,1,F
20648,1,0,0,0,0,0,0,0,0,0,1,F
20649,1,0,0,0,0,0,0,0,0,0,1,F
20650,1,0,0,0,0,0,0,0,0,0,1,F
20651,1,0,0,0,0,0,0,0,0,0,1,F
20652,1,0,0,0,0,0,0,0,0,0,1,F
20653,1,0,0,0,0,0,0,0,0,0,1,F
20654,1,0,0,0,0,0,0,0,0,0,1,F
20655,1,0,0,0,0,0,0,0,0,0,1,F
20656,1,0,0,0,0,0,0,0,0,0,1,F
20657,1,0,0,0,0,0,0,0,0,0,1,F
20658,1,0,0,0,0,0,0,0,0,0,1,F
20659,1,0,0,0,0,0,0,0,0,0,1,F
20660,1,0,0,0,0,0,0,0,0,0,1,F
20661,1,0,0,0,0,0,0,0,0,0,1,F
20662,1,0,0,0,0,0,0,0,0,0,1,F
20663,1,0,0,0,0,0,0,0,0,0,1,F
20664,1,0,0,0,0,0,0,0,0,0,1,F
20665,1,0,0,0,0,0,0,0,0,0,1,F
20666,1,0,0,0,0,0,0,0,0,0,1,F
20667,1,0,0,0,0,0,0,0,0,0,1,F
20668,1,0,0,0,0,0,0,0,0,0,1,F
20669,1,0,0,0,0,0,0,0,0,0,1,F
20670,1,0,0,0,0,0,0,0,0,0,1,F
20671,1,0,0,0,0,0,0,0,0,0,1,F
20672,1,0,0,0,0,0,0,0,0,0,1,F
20673,1,0,0,0,0,0,0,0,0,0,1,F
20674,1,0,0,0,0,0,0,0,0,0,1,F
20675,1,0,0,0,0,0,0,0,0,0,1,F
20676,1,0,0,0,0,0,0,0,0,0,1,F
20677,1,0,0,0,0,0,0,0,0,0,1,F
20678,1,0,0,0,0,0,0,0,0,0,1,F
20679,1,0,0,0,0,0,0,0,0,0,1,F
20680,1,0,0,0,0,0,0,0,0,0,1,F
20681,1,0,0,0,0,0,0,0,0,0,1,F
20682,1,0,0,0,0,0,0,0,0,0,1,F
20683,1,0,0,0,0,0,0,0,0,0,1,F
20684,1,0,0,0,0,0,0,0,0,0,1,F
20685,1,0,0,0,0,0,0,0,0,0,1,F
20686,1,0,0,0,0,0,0,0,0,0,1,F
20687,1,0,0,0,0,0,0,0,0,0,1,F
20688,1,0,0,0,0,0,0,0,0,0,1,F
20689,1,0,0,0,0,0,0,0,0,0,1,F
20690,1,0,0,0,0,0,0,0,0,0,1,F
20691,1,0,0,0,0,0,0,0,0,0,1,F
20692,1,0,0,0,0,0,0,0,0,0,1,F
20693,1,0,0,0,0,0,0,0,0,0,1,F
20694,1,0,0,0,0,0,0,0,0,0,1,F
20695,1,0,0,0,0,0,0,0,0,0,1,F
20696,1,0,0,0,0,0,0,0,0,0,1,F
20697,1,0,0,0,0,0,0,0,0,0,1,F
20698,1,0,0,0,0,0,0,0,0,0,1,F
20699,1,0,0,0,0,0,0,0,0,0,1,F
20700,1,0,0,0,0,0,0,0,0,0,1,F
20701,1,0,0,0,0,0,0,0,0,0,1,F
20702,1,0,0,0,0,0,0,0,0,0,1,F
20703,1,0,0,0,0,0,0,0,0,0,1,F
20704,1,0,0,0,0,0,0,0,0,0,1,F
20705,1,0,0,0,0,0,0,0,0,0,1,F
20706,1,0,0,0,0,0,0,0,0,0,1,F
20707,1,0,0,0,0,0,0,0,0,0,1,F
20708,1,0,0,0,0,0,0,0,0,0,1,F
20709,1,0,0,0,0,0,0,0,0,0,1,F
20710,1,0,0,0,0,0,0,0,0,0,1,F
20711,1,0,0,0,0,0,0,0,0,0,1,F
20712,1,0,0,0,0,0,0,0,0,0,1,F
20713,1,0,0,0,0,0,0,0,0,0,1,F
20714,1,0,0,0,0,0,0,0,0,0,1,F
20715,1,0,0,0,0,0,0,0,0,0,1,F
20716,1,0,0,0,0,0,0,0,0,0,1,F
20717,1,0,0,0,0,0,0,0,0,0,1,F
20718,1,0,0,0,0,0,0,0,0,0,1,F
20719,1,0,0,0,0,0,0,0,0,0,1,F
20720,1,0,0,0,0,0,0,0,0,0,1,F
20721,1,0,0,0,0,0,0,0,0,0,1,F
20722,1,0,0,0,0,0,0,0,0,0,1,F
20723,1,0,0,0,0,0,0,0,0,0,1,F
20724,1,0,0,0,0,0,0,0,0,0,1,F
20725,1,0,0,0,0,0,0,0,0,0,1,F
20726,1,0,0,0,0,0,0,0,0,0,1,F
20727,1,0,0,0,0,0,0,0,0,0,1,F
20728,1,0,0,0,0,0,0,0,0,0,1,F
20729,1,0,0,0,0,0,0,0,0,0,1,F
20730,1,0,0,0,0,0,0,0,0,0,1,F
20731,1,0,0,0,0,0,0,0,0,0,1,F
20732,1,0,0,0,0,0,0,0,0,0,1,F
20733,1,0,0,0,0,0,0,0,0,0,1,F
20734,1,0,0,0,0,0,0,0,0,0,1,F
20735,1,0,0,0,0,0,0,0,0,0,1,F
20736,1,0,0,0,0,0,0,0,0,0,1,F
20737,1,0,0,0,0,0,0,0,0,0,1,F
20738,1,0,0,0,0,0,0,0,0,0,1,F
20739,1,0,0,0,0,0,0,0,0,0,1,F
20740,1,0,0,0,0,0,0,0,0,0,1,F
20741,1,0,0,0,0,0,0,0,0,0,1,F
20742,1,0,0,0,0,0,0,0,0,0,1,F
20743,1,0,0,0,0,0,0,0,0,0,1,F
20744,1,0,0,0,0,0,0,0,0,0,1,F
20745,1,0,0,0,0,0,0,0,0,0,1,F
20746,1,0,0,0,0,0,0,0,0,0,1,F
20747,1,0,0,0,0,0,0,0,0,0,1,F
20748,1,0,0,0,0,0,0,0,0,0,1,F
20749,1,0,0,0,0,0,0,0,0,0,1,F
20750,1,0,0,0,0,0,0,0,0,0,1,F
20751,1,0,0,0,0,0,0,0,0,0,1,F
20752,1,0,0,0,0,0,0,0,0,0,1,F
20753,1,0,0,0,0,0,0,0,0,0,1,F
20754,1,0,0,0,0,0,0,0,0,0,1,F
20755,1,0,0,0,0,0,0,0,0,0,1,F
20756,1,0,0,0,0,0,0,0,0,0,1,F
20757,1,0,0,0,0,0,0,0,0,0,1,F
20758,1,0,0,0,0,0,0,0,0,0,1,F
20759,1,0,0,0,0,0,0,0,0,0,1,F
20760,1,0,0,0,0,0,0,0,0,0,1,F
20761,1,0,0,0,0,0,0,0,0,0,1,F
20762,1,0,0,0,0,0,0,0,0,0,1,F
20763,1,0,0,0,0,0,0,0,0,0,1,F
20764,1,0,0,0,0,0,0,0,0,0,1,F
20765,1,0,0,0,0,0,0,0,0,0,1,F
20766,1,0,0,0,0,0,0,0,0,0,1,F
20767,1,0,0,0,0,0,0,0,0,0,1,F
20768,1,0,0,0,0,0,0,0,0,0,1,F
20769,1,0,0,0,0,0,0,0,0,0,1,F
20770,1,0,0,0,0,0,0,0,0,0,1,F
20771,1,0,0,0,0,0,0,0,0,0,1,F
20772,1,0,0,0,0,0,0,0,0,0,1,F
20773,1,0,0,0,0,0,0,0,0,0,1,F
20774,1,0,0,0,0,0,0,0,0,0,1,F
20775,1,0,0,0,0,0,0,0,0,0,1,F
20776,1,0,0,0,0,0,0,0,0,0,1,F
20777,1,0,0,0,0,0,0,0,0,0,1,F
20778,1,0,0,0,0,0,0,0,0,0,1,F
20779,1,0,0,0,0,0,0,0,0,0,1,F
20780,1,0,0,0,0,0,0,0,0,0,1,F
20781,1,0,0,0,0,0,0,0,0,0,1,F
20782,1,0,0,0,0,0,0,0,0,0,1,F
20783,1,0,0,0,0,0,0,0,0,0,1,F
20784,1,0,0,0,0,0,0,0,0,0,1,F
20785,1,0,0,0,0,0,0,0,0,0,1,F
20786,1,0,0,0,0,0,0,0,0,0,1,F
20787,1,0,0,0,0,0,0,0,0,0,1,F
20788,1,0,0,0,0,0,0,0,0,0,1,F
20789,1,0,0,0,0,0,0,0,0,0,1,F
20790,1,0,0,0,0,0,0,0,0,0,1,F
20791,1,0,0,0,0,0,0,0,0,0,1,F
20792,1,0,0,0,0,0,0,0,0,0,1,F
20793,1,0,0,0,0,0,0,0,0,0,1,F
20794,1,0,0,0,0,0,0,0,0,0,1,F
20795,1,0,0,0,0,0,0,0,0,0,1,F
20796,1,0,0,0,0,0,0,0,0,0,1,F
20797,1,0,0,0,0,0,0,0,0,0,1,F
20798,1,0,0,0,0,0,0,0,0,0,1,F
20799,1,0,0,0,0,0,0,0,0,0,1,F
20800,1,0,0,0,0,0,0,0,0,0,1,F
20801,1,0,0,0,0,0,0,0,0,0,1,F
20802,1,0,0,0,0,0,0,0,0,0,1,F
20803,1,0,0,0,0,0,0,0,0,0,1,F
20804,1,0,0,0,0,0,0,0,0,0,1,F
20805,1,0,0,0,0,0,0,0,0,0,1,F
20806,1,0,0,0,0,0,0,0,0,0,1,F
20807,1,0,0,0,0,0,0,0,0,0,1,F
20808,1,0,0,0,0,0,0,0,0,0,1,F
20809,1,0,0,0,0,0,0,0,0,0,1,F
20810,1,0,0,0,0,0,0,0,0,0,1,F
20811,1,0,0,0,0,0,0,0,0,0,1,F
20812,1,0,0,0,0,0,0,0,0,0,1,F
20813,1,0,0,0,0,0,0,0,0,0,1,F
20814,1,0,0,0,0,0,0,0,0,0,1,F
20815,1,0,0,0,0,0,0,0,0,0,1,F
20816,1,0,0,0,0,0,0,0,0,0,1,F
20817,1,0,0,0,0,0,0,0,0,0,1,F
20818,1,0,0,0,0,0,0,0,0,0,1,F
20819,1,0,0,0,0,0,0,0,0,0,1,F
20820,1,0,0,0,0,0,0,0,0,0,1,F
20821,1,0,0,0,0,0,0,0,0,0,1,F
20822,1,0,0,0,0,0,0,0,0,0,1,F
20823,1,0,0,0,0,0,0,0,0,0,1,F
20824,1,0,0,0,0,0,0,0,0,0,1,F
20825,1,0,0,0,0,0,0,0,0,0,1,F
20826,1,0,0,0,0,0,0,0,0,0,1,F
20827,1,0,0,0,0,0,0,0,0,0,1,F
20828,1,0,0,0,0,0,0,0,0,0,1,F
20829,1,0,0,0,0,0,0,0,0,0,1,F
20830,1,0,0,0,0,0,0,0,0,0,1,F
20831,1,0,0,0,0,0,0,0,0,0,1,F
20832,1,0,0,0,0,0,0,0,0,0,1,F
20833,1,0,0,0,0,0,0,0,0,0,1,F
20834,1,0,0,0,0,0,0,0,0,0,1,F
20835,1,0,0,0,0,0,0,0,0,0,1,F
20836,1,0,0,0,0,0,0,0,0,0,1,F
20837,1,0,0,0,0,0,0,0,0,0,1,F
20838,1,0,0,0,0,0,0,0,0,0,1,F
20839,1,0,0,0,0,0,0,0,0,0,1,F
20840,1,0,0,0,0,0,0,0,0,0,1,F
20841,1,0,0,0,0,0,0,0,0,0,1,F
20842,1,0,0,0,0,0,0,0,0,0,1,F
20843,1,0,0,0,0,0,0,0,0,0,1,F
20844,1,0,0,0,0,0,0,0,0,0,1,F
20845,1,0,0,0,0,0,0,0,0,0,1,F
20846,1,0,0,0,0,0,0,0,0,0,1,F
20847,1,0,0,0,0,0,0,0,0,0,1,F
20848,1,0,0,0,0,0,0,0,0,0,1,F
20849,1,0,0,0,0,0,0,0,0,0,1,F
20850,1,0,0,0,0,0,0,0,0,0,1,F
20851,1,0,0,0,0,0,0,0,0,0,1,F
20852,1,0,0,0,0,0,0,0,0,0,1,F
20853,1,0,0,0,0,0,0,0,0,0,1,F
20854,1,0,0,0,0,0,0,0,0,0,1,F
20855,1,0,0,0,0,0,0,0,0,0,1,F
20856,1,0,0,0,0,0,0,0,0,0,1,F
20857,1,0,0,0,0,0,0,0,0,0,1,F
20858,1,0,0,0,0,0,0,0,0,0,1,F
20859,1,0,0,0,0,0,0,0,0,0,1,F
20860,1,0,0,0,0,0,0,0,0,0,1,F
20861,1,0,0,0,0,0,0,0,0,0,1,F
20862,1,0,0,0,0,0,0,0,0,0,1,F
20863,1,0,0,0,0,0,0,0,0,0,1,F
20864,1,0,0,0,0,0,0,0,0,0,1,F
20865,1,0,0,0,0,0,0,0,0,0,1,F
20866,1,0,0,0,0,0,0,0,0,0,1,F
20867,1,0,0,0,0,0,0,0,0,0,1,F
20868,1,0,0,0,0,0,0,0,0,0,1,F
20869,1,0,0,0,0,0,0,0,0,0,1,F
20870,1,0,0,0,0,0,0,0,0,0,1,F
20871,1,0,0,0,0,0,0,0,0,0,1,F
20872,1,0,0,0,0,0,0,0,0,0,1,F
20873,1,0,0,0,0,0,0,0,0,0,1,F
20874,1,0,0,0,0,0,0,0,0,0,1,F
20875,1,0,0,0,0,0,0,0,0,0,1,F
20876,1,0,0,0,0,0,0,0,0,0,1,F
20877,1,0,0,0,0,0,0,0,0,0,1,F
20878,1,0,0,0,0,0,0,0,0,0,1,F
20879,1,0,0,0,0,0,0,0,0,0,1,F
20880,1,0,0,0,0,0,0,0,0,0,1,F
20881,1,0,0,0,0,0,0,0,0,0,1,F
20882,1,0,0,0,0,0,0,0,0,0,1,F
20883,1,0,0,0,0,0,0,0,0,0,1,F
20884,1,0,0,0,0,0,0,0,0,0,1,F
20885,1,0,0,0,0,0,0,0,0,0,1,F
20886,1,0,0,0,0,0,0,0,0,0,1,F
20887,1,0,0,0,0,0,0,0,0,0,1,F
20888,1,0,0,0,0,0,0,0,0,0,1,F
20889,1,0,0,0,0,0,0,0,0,0,1,F
20890,1,0,0,0,0,0,0,0,0,0,1,F
20891,1,0,0,0,0,0,0,0,0,0,1,F
20892,1,0,0,0,0,0,0,0,0,0,1,F
20893,1,0,0,0,0,0,0,0,0,0,1,F
20894,1,0,0,0,0,0,0,0,0,0,1,F
20895,1,0,0,0,0,0,0,0,0,0,1,F
20896,1,0,0,0,0,0,0,0,0,0,1,F
20897,1,0,0,0,0,0,0,0,0,0,1,F
20898,1,0,0,0,0,0,0,0,0,0,1,F
20899,1,0,0,0,0,0,0,0,0,0,1,F
20900,1,0,0,0,0,0,0,0,0,0,1,F
20901,1,0,0,0,0,0,0,0,0,0,1,F
20902,1,0,0,0,0,0,0,0,0,0,1,F
20903,1,0,0,0,0,0,0,0,0,0,1,F
20904,1,0,0,0,0,0,0,0,0,0,1,F
20905,1,0,0,0,0,0,0,0,0,0,1,F
20906,1,0,0,0,0,0,0,0,0,0,1,F
20907,1,0,0,0,0,0,0,0,0,0,1,F
20908,1,0,0,0,0,0,0,0,0,0,1,F
20909,1,0,0,0,0,0,0,0,0,0,1,F
20910,1,0,0,0,0,0,0,0,0,0,1,F
20911,1,0,0,0,0,0,0,0,0,0,1,F
20912,1,0,0,0,0,0,0,0,0,0,1,F
20913,1,0,0,0,0,0,0,0,0,0,1,F
20914,1,0,0,0,0,0,0,0,0,0,1,F
20915,1,0,0,0,0,0,0,0,0,0,1,F
20916,1,0,0,0,0,0,0,0,0,0,1,F
20917,1,0,0,0,0,0,0,0,0,0,1,F
20918,1,0,0,0,0,0,0,0,0,0,1,F
20919,1,0,0,0,0,0,0,0,0,0,1,F
20920,1,0,0,0,0,0,0,0,0,0,1,F
20921,1,0,0,0,0,0,0,0,0,0,1,F
20922,1,0,0,0,0,0,0,0,0,0,1,F
20923,1,0,0,0,0,0,0,0,0,0,1,F
20924,1,0,0,0,0,0,0,0,0,0,1,F
20925,1,0,0,0,0,0,0,0,0,0,1,F
20926,1,0,0,0,0,0,0,0,0,0,1,F
20927,1,0,0,0,0,0,0,0,0,0,1,F
20928,1,0,0,0,0,0,0,0,0,0,1,F
20929,1,0,0,0,0,0,0,0,0,0,1,F
20930,1,0,0,0,0,0,0,0,0,0,1,F
20931,1,0,0,0,0,0,0,0,0,0,1,F
20932,1,0,0,0,0,0,0,0,0,0,1,F
20933,1,0,0,0,0,0,0,0,0,0,1,F
20934,1,0,0,0,0,0,0,0,0,0,1,F
20935,1,0,0,0,0,0,0,0,0,0,1,F
20936,1,0,0,0,0,0,0,0,0,0,1,F
20937,1,0,0,0,0,0,0,0,0,0,1,F
20938,1,0,0,0,0,0,0,0,0,0,1,F
20939,1,0,0,0,0,0,0,0,0,0,1,F
20940,1,0,0,0,0,0,0,0,0,0,1,F
20941,1,0,0,0,0,0,0,0,0,0,1,F
20942,1,0,0,0,0,0,0,0,0,0,1,F
20943,1,0,0,0,0,0,0,0,0,0,1,F
20944,1,0,0,0,0,0,0,0,0,0,1,F
20945,1,0,0,0,0,0,0,0,0,0,1,F
20946,1,0,0,0,0,0,0,0,0,0,1,F
20947,1,0,0,0,0,0,0,0,0,0,1,F
20948,1,0,0,0,0,0,0,0,0,0,1,F
20949,1,0,0,0,0,0,0,0,0,0,1,F
20950,1,0,0,0,0,0,0,0,0,0,1,F
20951,1,0,0,0,0,0,0,0,0,0,1,F
20952,1,0,0,0,0,0,0,0,0,0,1,F
20953,1,0,0,0,0,0,0,0,0,0,1,F
20954,1,0,0,0,0,0,0,0,0,0,1,F
20955,1,0,0,0,0,0,0,0,0,0,1,F
20956,1,0,0,0,0,0,0,0,0,0,1,F
20957,1,0,0,0,0,0,0,0,0,0,1,F
20958,1,0,0,0,0,0,0,0,0,0,1,F
20959,1,0,0,0,0,0,0,0,0,0,1,F
20960,1,0,0,0,0,0,0,0,0,0,1,F
20961,1,0,0,0,0,0,0,0,0,0,1,F
20962,1,0,0,0,0,0,0,0,0,0,1,F
20963,1,0,0,0,0,0,0,0,0,0,1,F
20964,1,0,0,0,0,0,0,0,0,0,1,F
20965,1,0,0,0,0,0,0,0,0,0,1,F
20966,1,0,0,0,0,0,0,0,0,0,1,F
20967,1,0,0,0,0,0,0,0,0,0,1,F
20968,1,0,0,0,0,0,0,0,0,0,1,F
20969,1,0,0,0,0,0,0,0,0,0,1,F
20970,1,0,0,0,0,0,0,0,0,0,1,F
20971,1,0,0,0,0,0,0,0,0,0,1,F
20972,1,0,0,0,0,0,0,0,0,0,1,F
20973,1,0,0,0,0,0,0,0,0,0,1,F
20974,1,0,0,0,0,0,0,0,0,0,1,F
20975,1,0,0,0,0,0,0,0,0,0,1,F
20976,1,0,0,0,0,0,0,0,0,0,1,F
20977,1,0,0,0,0,0,0,0,0,0,1,F
20978,1,0,0,0,0,0,0,0,0,0,1,F
20979,1,0,0,0,0,0,0,0,0,0,1,F
20980,1,0,0,0,0,0,0,0,0,0,1,F
20981,1,0,0,0,0,0,0,0,0,0,1,F
20982,1,0,0,0,0,0,0,0,0,0,1,F
20983,1,0,0,0,0,0,0,0,0,0,1,F
20984,1,0,0,0,0,0,0,0,0,0,1,F
20985,1,0,0,0,0,0,0,0,0,0,1,F
20986,1,0,0,0,0,0,0,0,0,0,1,F
20987,1,0,0,0,0,0,0,0,0,0,1,F
20988,1,0,0,0,0,0,0,0,0,0,1,F
20989,1,0,0,0,0,0,0,0,0,0,1,F
20990,1,0,0,0,0,0,0,0,0,0,1,F
20991,1,0,0,0,0,0,0,0,0,0,1,F
20992,1,0,0,0,0,0,0,0,0,0,1,F
20993,1,0,0,0,0,0,0,0,0,0,1,F
20994,1,0,0,0,0,0,0,0,0,0,1,F
20995,1,0,0,0,0,0,0,0,0,0,1,F
20996,1,0,0,0,0,0,0,0,0,0,1,F
20997,1,0,0,0,0,0,0,0,0,0,1,F
20998,1,0,0,0,0,0,0,0,0,0,1,F
20999,1,0,0,0,0,0,0,0,0,0,1,F
21000,1,0,0,0,0,0,0,0,0,0,1,F
21001,1,0,0,0,0,0,0,0,0,0,1,F
21002,1,0,0,0,0,0,0,0,0,0,1,F
21003,1,0,0,0,0,0,0,0,0,0,1,F
21004,1,0,0,0,0,0,0,0,0,0,1,F
21005,1,0,0,0,0,0,0,0,0,0,1,F
21006,1,0,0,0,0,0,0,0,0,0,1,F
21007,1,0,0,0,0,0,0,0,0,0,1,F
21008,1,0,0,0,0,0,0,0,0,0,1,F
21009,1,0,0,0,0,0,0,0,0,0,1,F
21010,1,0,0,0,0,0,0,0,0,0,1,F
21011,1,0,0,0,0,0,0,0,0,0,1,F
21012,1,0,0,0,0,0,0,0,0,0,1,F
21013,1,0,0,0,0,0,0,0,0,0,1,F
21014,1,0,0,0,0,0,0,0,0,0,1,F
21015,1,0,0,0,0,0,0,0,0,0,1,F
21016,1,0,0,0,0,0,0,0,0,0,1,F
21017,1,0,0,0,0,0,0,0,0,0,1,F
21018,1,0,0,0,0,0,0,0,0,0,1,F
21019,1,0,0,0,0,0,0,0,0,0,1,F
21020,1,0,0,0,0,0,0,0,0,0,1,F
21021,1,0,0,0,0,0,0,0,0,0,1,F
21022,1,0,0,0,0,0,0,0,0,0,1,F
21023,1,0,0,0,0,0,0,0,0,0,1,F
21024,1,0,0,0,0,0,0,0,0,0,1,F
21025,1,0,0,0,0,0,0,0,0,0,1,F
21026,1,0,0,0,0,0,0,0,0,0,1,F
21027,1,0,0,0,0,0,0,0,0,0,1,F
21028,1,0,0,0,0,0,0,0,0,0,1,F
21029,1,0,0,0,0,0,0,0,0,0,1,F
21030,1,0,0,0,0,0,0,0,0,0,1,F
21031,1,0,0,0,0,0,0,0,0,0,1,F
21032,1,0,0,0,0,0,0,0,0,0,1,F
21033,1,0,0,0,0,0,0,0,0,0,1,F
21034,1,0,0,0,0,0,0,0,0,0,1,F
21035,1,0,0,0,0,0,0,0,0,0,1,F
21036,1,0,0,0,0,0,0,0,0,0,1,F
21037,1,0,0,0,0,0,0,0,0,0,1,F
21038,1,0,0,0,0,0,0,0,0,0,1,F
21039,1,0,0,0,0,0,0,0,0,0,1,F
21040,1,0,0,0,0,0,0,0,0,0,1,F
21041,1,0,0,0,0,0,0,0,0,0,1,F
21042,1,0,0,0,0,0,0,0,0,0,1,F
21043,1,0,0,0,0,0,0,0,0,0,1,F
21044,1,0,0,0,0,0,0,0,0,0,1,F
21045,1,0,0,0,0,0,0,0,0,0,1,F
21046,1,0,0,0,0,0,0,0,0,0,1,F
21047,1,0,0,0,0,0,0,0,0,0,1,F
21048,1,0,0,0,0,0,0,0,0,0,1,F
21049,1,0,0,0,0,0,0,0,0,0,1,F
21050,1,0,0,0,0,0,0,0,0,0,1,F
21051,1,0,0,0,0,0,0,0,0,0,1,F
21052,1,0,0,0,0,0,0,0,0,0,1,F
21053,1,0,0,0,0,0,0,0,0,0,1,F
21054,1,0,0,0,0,0,0,0,0,0,1,F
21055,1,0,0,0,0,0,0,0,0,0,1,F
21056,1,0,0,0,0,0,0,0,0,0,1,F
21057,1,0,0,0,0,0,0,0,0,0,1,F
21058,1,0,0,0,0,0,0,0,0,0,1,F
21059,1,0,0,0,0,0,0,0,0,0,1,F
21060,1,0,0,0,0,0,0,0,0,0,1,F
21061,1,0,0,0,0,0,0,0,0,0,1,F
21062,1,0,0,0,0,0,0,0,0,0,1,F
21063,1,0,0,0,0,0,0,0,0,0,1,F
21064,1,0,0,0,0,0,0,0,0,0,1,F
21065,1,0,0,0,0,0,0,0,0,0,1,F
21066,1,0,0,0,0,0,0,0,0,0,1,F
21067,1,0,0,0,0,0,0,0,0,0,1,F
21068,1,0,0,0,0,0,0,0,0,0,1,F
21069,1,0,0,0,0,0,0,0,0,0,1,F
21070,1,0,0,0,0,0,0,0,0,0,1,F
21071,1,0,0,0,0,0,0,0,0,0,1,F
21072,1,0,0,0,0,0,0,0,0,0,1,F
21073,1,0,0,0,0,0,0,0,0,0,1,F
21074,1,0,0,0,0,0,0,0,0,0,1,F
21075,1,0,0,0,0,0,0,0,0,0,1,F
21076,1,0,0,0,0,0,0,0,0,0,1,F
21077,1,0,0,0,0,0,0,0,0,0,1,F
21078,1,0,0,0,0,0,0,0,0,0,1,F
21079,1,0,0,0,0,0,0,0,0,0,1,F
21080,1,0,0,0,0,0,0,0,0,0,1,F
21081,1,0,0,0,0,0,0,0,0,0,1,F
21082,1,0,0,0,0,0,0,0,0,0,1,F
21083,1,0,0,0,0,0,0,0,0,0,1,F
21084,1,0,0,0,0,0,0,0,0,0,1,F
21085,1,0,0,0,0,0,0,0,0,0,1,F
21086,1,0,0,0,0,0,0,0,0,0,1,F
21087,1,0,0,0,0,0,0,0,0,0,1,F
21088,1,0,0,0,0,0,0,0,0,0,1,F
21089,1,0,0,0,0,0,0,0,0,0,1,F
21090,1,0,0,0,0,0,0,0,0,0,1,F
21091,1,0,0,0,0,0,0,0,0,0,1,F
21092,1,0,0,0,0,0,0,0,0,0,1,F
21093,1,0,0,0,0,0,0,0,0,0,1,F
21094,1,0,0,0,0,0,0,0,0,0,1,F
21095,1,0,0,0,0,0,0,0,0,0,1,F
21096,1,0,0,0,0,0,0,0,0,0,1,F
21097,1,0,0,0,0,0,0,0,0,0,1,F
21098,1,0,0,0,0,0,0,0,0,0,1,F
21099,1,0,0,0,0,0,0,0,0,0,1,F
21100,1,0,0,0,0,0,0,0,0,0,1,F
21101,1,0,0,0,0,0,0,0,0,0,1,F
21102,1,0,0,0,0,0,0,0,0,0,1,F
21103,1,0,0,0,0,0,0,0,0,0,1,F
21104,1,0,0,0,0,0,0,0,0,0,1,F
21105,1,0,0,0,0,0,0,0,0,0,1,F
21106,1,0,0,0,0,0,0,0,0,0,1,F
21107,1,0,0,0,0,0,0,0,0,0,1,F
21108,1,0,0,0,0,0,0,0,0,0,1,F
21109,1,0,0,0,0,0,0,0,0,0,1,F
21110,1,0,0,0,0,0,0,0,0,0,1,F
21111,1,0,0,0,0,0,0,0,0,0,1,F
21112,1,0,0,0,0,0,0,0,0,0,1,F
21113,1,0,0,0,0,0,0,0,0,0,1,F
21114,1,0,0,0,0,0,0,0,0,0,1,F
21115,1,0,0,0,0,0,0,0,0,0,1,F
21116,1,0,0,0,0,0,0,0,0,0,1,F
21117,1,0,0,0,0,0,0,0,0,0,1,F
21118,1,0,0,0,0,0,0,0,0,0,1,F
21119,1,0,0,0,0,0,0,0,0,0,1,F
21120,1,0,0,0,0,0,0,0,0,0,1,F
21121,1,0,0,0,0,0,0,0,0,0,1,F
21122,1,0,0,0,0,0,0,0,0,0,1,F
21123,1,0,0,0,0,0,0,0,0,0,1,F
21124,1,0,0,0,0,0,0,0,0,0,1,F
21125,1,0,0,0,0,0,0,0,0,0,1,F
21126,1,0,0,0,0,0,0,0,0,0,1,F
21127,1,0,0,0,0,0,0,0,0,0,1,F
21128,1,0,0,0,0,0,0,0,0,0,1,F
21129,1,0,0,0,0,0,0,0,0,0,1,F
21130,1,0,0,0,0,0,0,0,0,0,1,F
21131,1,0,0,0,0,0,0,0,0,0,1,F
21132,1,0,0,0,0,0,0,0,0,0,1,F
21133,1,0,0,0,0,0,0,0,0,0,1,F
21134,1,0,0,0,0,0,0,0,0,0,1,F
21135,1,0,0,0,0,0,0,0,0,0,1,F
21136,1,0,0,0,0,0,0,0,0,0,1,F
21137,1,0,0,0,0,0,0,0,0,0,1,F
21138,1,0,0,0,0,0,0,0,0,0,1,F
21139,1,0,0,0,0,0,0,0,0,0,1,F
21140,1,0,0,0,0,0,0,0,0,0,1,F
21141,1,0,0,0,0,0,0,0,0,0,1,F
21142,1,0,0,0,0,0,0,0,0,0,1,F
21143,1,0,0,0,0,0,0,0,0,0,1,F
21144,1,0,0,0,0,0,0,0,0,0,1,F
21145,1,0,0,0,0,0,0,0,0,0,1,F
21146,1,0,0,0,0,0,0,0,0,0,1,F
21147,1,0,0,0,0,0,0,0,0,0,1,F
21148,1,0,0,0,0,0,0,0,0,0,1,F
21149,1,0,0,0,0,0,0,0,0,0,1,F
21150,1,0,0,0,0,0,0,0,0,0,1,F
21151,1,0,0,0,0,0,0,0,0,0,1,F
21152,1,0,0,0,0,0,0,0,0,0,1,F
21153,1,0,0,0,0,0,0,0,0,0,1,F
21154,1,0,0,0,0,0,0,0,0,0,1,F
21155,1,0,0,0,0,0,0,0,0,0,1,F
21156,1,0,0,0,0,0,0,0,0,0,1,F
21157,1,0,0,0,0,0,0,0,0,0,1,F
21158,1,0,0,0,0,0,0,0,0,0,1,F
21159,1,0,0,0,0,0,0,0,0,0,1,F
21160,1,0,0,0,0,0,0,0,0,0,1,F
21161,1,0,0,0,0,0,0,0,0,0,1,F
21162,1,0,0,0,0,0,0,0,0,0,1,F
21163,1,0,0,0,0,0,0,0,0,0,1,F
21164,1,0,0,0,0,0,0,0,0,0,1,F
21165,1,0,0,0,0,0,0,0,0,0,1,F
21166,1,0,0,0,0,0,0,0,0,0,1,F
21167,1,0,0,0,0,0,0,0,0,0,1,F
21168,1,0,0,0,0,0,0,0,0,0,1,F
21169,1,0,0,0,0,0,0,0,0,0,1,F
21170,1,0,0,0,0,0,0,0,0,0,1,F
21171,1,0,0,0,0,0,0,0,0,0,1,F
21172,1,0,0,0,0,0,0,0,0,0,1,F
21173,1,0,0,0,0,0,0,0,0,0,1,F
21174,1,0,0,0,0,0,0,0,0,0,1,F
21175,1,0,0,0,0,0,0,0,0,0,1,F
21176,1,0,0,0,0,0,0,0,0,0,1,F
21177,1,0,0,0,0,0,0,0,0,0,1,F
21178,1,0,0,0,0,0,0,0,0,0,1,F
21179,1,0,0,0,0,0,0,0,0,0,1,F
21180,1,0,0,0,0,0,0,0,0,0,1,F
21181,1,0,0,0,0,0,0,0,0,0,1,F
21182,1,0,0,0,0,0,0,0,0,0,1,F
21183,1,0,0,0,0,0,0,0,0,0,1,F
21184,1,0,0,0,0,0,0,0,0,0,1,F
21185,1,0,0,0,0,0,0,0,0,0,1,F
21186,1,0,0,0,0,0,0,0,0,0,1,F
21187,1,0,0,0,0,0,0,0,0,0,1,F
21188,1,0,0,0,0,0,0,0,0,0,1,F
21189,1,0,0,0,0,0,0,0,0,0,1,F
21190,1,0,0,0,0,0,0,0,0,0,1,F
21191,1,0,0,0,0,0,0,0,0,0,1,F
21192,1,0,0,0,0,0,0,0,0,0,1,F
21193,1,0,0,0,0,0,0,0,0,0,1,F
21194,1,0,0,0,0,0,0,0,0,0,1,F
21195,1,0,0,0,0,0,0,0,0,0,1,F
21196,1,0,0,0,0,0,0,0,0,0,1,F
21197,1,0,0,0,0,0,0,0,0,0,1,F
21198,1,0,0,0,0,0,0,0,0,0,1,F
21199,1,0,0,0,0,0,0,0,0,0,1,F
21200,1,0,0,0,0,0,0,0,0,0,1,F
21201,1,0,0,0,0,0,0,0,0,0,1,F
21202,1,0,0,0,0,0,0,0,0,0,1,F
21203,1,0,0,0,0,0,0,0,0,0,1,F
21204,1,0,0,0,0,0,0,0,0,0,1,F
21205,1,0,0,0,0,0,0,0,0,0,1,F
21206,1,0,0,0,0,0,0,0,0,0,1,F
21207,1,0,0,0,0,0,0,0,0,0,1,F
21208,1,0,0,0,0,0,0,0,0,0,1,F
21209,1,0,0,0,0,0,0,0,0,0,1,F
21210,1,0,0,0,0,0,0,0,0,0,1,F
21211,1,0,0,0,0,0,0,0,0,0,1,F
21212,1,0,0,0,0,0,0,0,0,0,1,F
21213,1,0,0,0,0,0,0,0,0,0,1,F
21214,1,0,0,0,0,0,0,0,0,0,1,F
21215,1,0,0,0,0,0,0,0,0,0,1,F
21216,1,0,0,0,0,0,0,0,0,0,1,F
21217,1,0,0,0,0,0,0,0,0,0,1,F
21218,1,0,0,0,0,0,0,0,0,0,1,F
21219,1,0,0,0,0,0,0,0,0,0,1,F
21220,1,0,0,0,0,0,0,0,0,0,1,F
21221,1,0,0,0,0,0,0,0,0,0,1,F
21222,1,0,0,0,0,0,0,0,0,0,1,F
21223,1,0,0,0,0,0,0,0,0,0,1,F
21224,1,0,0,0,0,0,0,0,0,0,1,F
21225,1,0,0,0,0,0,0,0,0,0,1,F
21226,1,0,0,0,0,0,0,0,0,0,1,F
21227,1,0,0,0,0,0,0,0,0,0,1,F
21228,1,0,0,0,0,0,0,0,0,0,1,F
21229,1,0,0,0,0,0,0,0,0,0,1,F
21230,1,0,0,0,0,0,0,0,0,0,1,F
21231,1,0,0,0,0,0,0,0,0,0,1,F
21232,1,0,0,0,0,0,0,0,0,0,1,F
21233,1,0,0,0,0,0,0,0,0,0,1,F
21234,1,0,0,0,0,0,0,0,0,0,1,F
21235,1,0,0,0,0,0,0,0,0,0,1,F
21236,1,0,0,0,0,0,0,0,0,0,1,F
21237,1,0,0,0,0,0,0,0,0,0,1,F
21238,1,0,0,0,0,0,0,0,0,0,1,F
21239,1,0,0,0,0,0,0,0,0,0,1,F
21240,1,0,0,0,0,0,0,0,0,0,1,F
21241,1,0,0,0,0,0,0,0,0,0,1,F
21242,1,0,0,0,0,0,0,0,0,0,1,F
21243,1,0,0,0,0,0,0,0,0,0,1,F
21244,1,0,0,0,0,0,0,0,0,0,1,F
21245,1,0,0,0,0,0,0,0,0,0,1,F
21246,1,0,0,0,0,0,0,0,0,0,1,F
21247,1,0,0,0,0,0,0,0,0,0,1,F
21248,1,0,0,0,0,0,0,0,0,0,1,F
21249,1,0,0,0,0,0,0,0,0,0,1,F
21250,1,0,0,0,0,0,0,0,0,0,1,F
21251,1,0,0,0,0,0,0,0,0,0,1,F
21252,1,0,0,0,0,0,0,0,0,0,1,F
21253,1,0,0,0,0,0,0,0,0,0,1,F
21254,1,0,0,0,0,0,0,0,0,0,1,F
21255,1,0,0,0,0,0,0,0,0,0,1,F
21256,1,0,0,0,0,0,0,0,0,0,1,F
21257,1,0,0,0,0,0,0,0,0,0,1,F
21258,1,0,0,0,0,0,0,0,0,0,1,F
21259,1,0,0,0,0,0,0,0,0,0,1,F
21260,1,0,0,0,0,0,0,0,0,0,1,F
21261,1,0,0,0,0,0,0,0,0,0,1,F
21262,1,0,0,0,0,0,0,0,0,0,1,F
21263,1,0,0,0,0,0,0,0,0,0,1,F
21264,1,0,0,0,0,0,0,0,0,0,1,F
21265,1,0,0,0,0,0,0,0,0,0,1,F
21266,1,0,0,0,0,0,0,0,0,0,1,F
21267,1,0,0,0,0,0,0,0,0,0,1,F
21268,1,0,0,0,0,0,0,0,0,0,1,F
21269,1,0,0,0,0,0,0,0,0,0,1,F
21270,1,0,0,0,0,0,0,0,0,0,1,F
21271,1,0,0,0,0,0,0,0,0,0,1,F
21272,1,0,0,0,0,0,0,0,0,0,1,F
21273,1,0,0,0,0,0,0,0,0,0,1,F
21274,1,0,0,0,0,0,0,0,0,0,1,F
21275,1,0,0,0,0,0,0,0,0,0,1,F
21276,1,0,0,0,0,0,0,0,0,0,1,F
21277,1,0,0,0,0,0,0,0,0,0,1,F
21278,1,0,0,0,0,0,0,0,0,0,1,F
21279,1,0,0,0,0,0,0,0,0,0,1,F
21280,1,0,0,0,0,0,0,0,0,0,1,F
21281,1,0,0,0,0,0,0,0,0,0,1,F
21282,1,0,0,0,0,0,0,0,0,0,1,F
21283,1,0,0,0,0,0,0,0,0,0,1,F
21284,1,0,0,0,0,0,0,0,0,0,1,F
21285,1,0,0,0,0,0,0,0,0,0,1,F
21286,1,0,0,0,0,0,0,0,0,0,1,F
21287,1,0,0,0,0,0,0,0,0,0,1,F
21288,1,0,0,0,0,0,0,0,0,0,1,F
21289,1,0,0,0,0,0,0,0,0,0,1,F
21290,1,0,0,0,0,0,0,0,0,0,1,F
21291,1,0,0,0,0,0,0,0,0,0,1,F
21292,1,0,0,0,0,0,0,0,0,0,1,F
21293,1,0,0,0,0,0,0,0,0,0,1,F
21294,1,0,0,0,0,0,0,0,0,0,1,F
21295,1,0,0,0,0,0,0,0,0,0,1,F
21296,1,0,0,0,0,0,0,0,0,0,1,F
21297,1,0,0,0,0,0,0,0,0,0,1,F
21298,1,0,0,0,0,0,0,0,0,0,1,F
21299,1,0,0,0,0,0,0,0,0,0,1,F
21300,1,0,0,0,0,0,0,0,0,0,1,F
21301,1,0,0,0,0,0,0,0,0,0,1,F
21302,1,0,0,0,0,0,0,0,0,0,1,F
21303,1,0,0,0,0,0,0,0,0,0,1,F
21304,1,0,0,0,0,0,0,0,0,0,1,F
21305,1,0,0,0,0,0,0,0,0,0,1,F
21306,1,0,0,0,0,0,0,0,0,0,1,F
21307,1,0,0,0,0,0,0,0,0,0,1,F
21308,1,0,0,0,0,0,0,0,0,0,1,F
21309,1,0,0,0,0,0,0,0,0,0,1,F
21310,1,0,0,0,0,0,0,0,0,0,1,F
21311,1,0,0,0,0,0,0,0,0,0,1,F
21312,1,0,0,0,0,0,0,0,0,0,1,F
21313,1,0,0,0,0,0,0,0,0,0,1,F
21314,1,0,0,0,0,0,0,0,0,0,1,F
21315,1,0,0,0,0,0,0,0,0,0,1,F
21316,1,0,0,0,0,0,0,0,0,0,1,F
21317,1,0,0,0,0,0,0,0,0,0,1,F
21318,1,0,0,0,0,0,0,0,0,0,1,F
21319,1,0,0,0,0,0,0,0,0,0,1,F
21320,1,0,0,0,0,0,0,0,0,0,1,F
21321,1,0,0,0,0,0,0,0,0,0,1,F
21322,1,0,0,0,0,0,0,0,0,0,1,F
21323,1,0,0,0,0,0,0,0,0,0,1,F
21324,1,0,0,0,0,0,0,0,0,0,1,F
21325,1,0,0,0,0,0,0,0,0,0,1,F
21326,1,0,0,0,0,0,0,0,0,0,1,F
21327,1,0,0,0,0,0,0,0,0,0,1,F
21328,1,0,0,0,0,0,0,0,0,0,1,F
21329,1,0,0,0,0,0,0,0,0,0,1,F
21330,1,0,0,0,0,0,0,0,0,0,1,F
21331,1,0,0,0,0,0,0,0,0,0,1,F
21332,1,0,0,0,0,0,0,0,0,0,1,F
21333,1,0,0,0,0,0,0,0,0,0,1,F
21334,1,0,0,0,0,0,0,0,0,0,1,F
21335,1,0,0,0,0,0,0,0,0,0,1,F
21336,1,0,0,0,0,0,0,0,0,0,1,F
21337,1,0,0,0,0,0,0,0,0,0,1,F
21338,1,0,0,0,0,0,0,0,0,0,1,F
21339,1,0,0,0,0,0,0,0,0,0,1,F
21340,1,0,0,0,0,0,0,0,0,0,1,F
21341,1,0,0,0,0,0,0,0,0,0,1,F
21342,1,0,0,0,0,0,0,0,0,0,1,F
21343,1,0,0,0,0,0,0,0,0,0,1,F
21344,1,0,0,0,0,0,0,0,0,0,1,F
21345,1,0,0,0,0,0,0,0,0,0,1,F
21346,1,0,0,0,0,0,0,0,0,0,1,F
21347,1,0,0,0,0,0,0,0,0,0,1,F
21348,1,0,0,0,0,0,0,0,0,0,1,F
21349,1,0,0,0,0,0,0,0,0,0,1,F
21350,1,0,0,0,0,0,0,0,0,0,1,F
21351,1,0,0,0,0,0,0,0,0,0,1,F
21352,1,0,0,0,0,0,0,0,0,0,1,F
21353,1,0,0,0,0,0,0,0,0,0,1,F
21354,1,0,0,0,0,0,0,0,0,0,1,F
21355,1,0,0,0,0,0,0,0,0,0,1,F
21356,1,0,0,0,0,0,0,0,0,0,1,F
21357,1,0,0,0,0,0,0,0,0,0,1,F
21358,1,0,0,0,0,0,0,0,0,0,1,F
21359,1,0,0,0,0,0,0,0,0,0,1,F
21360,1,0,0,0,0,0,0,0,0,0,1,F
21361,1,0,0,0,0,0,0,0,0,0,1,F
21362,1,0,0,0,0,0,0,0,0,0,1,F
21363,1,0,0,0,0,0,0,0,0,0,1,F
21364,1,0,0,0,0,0,0,0,0,0,1,F
21365,1,0,0,0,0,0,0,0,0,0,1,F
21366,1,0,0,0,0,0,0,0,0,0,1,F
21367,1,0,0,0,0,0,0,0,0,0,1,F
21368,1,0,0,0,0,0,0,0,0,0,1,F
21369,1,0,0,0,0,0,0,0,0,0,1,F
21370,1,0,0,0,0,0,0,0,0,0,1,F
21371,1,0,0,0,0,0,0,0,0,0,1,F
21372,1,0,0,0,0,0,0,0,0,0,1,F
21373,1,0,0,0,0,0,0,0,0,0,1,F
21374,1,0,0,0,0,0,0,0,0,0,1,F
21375,1,0,0,0,0,0,0,0,0,0,1,F
21376,1,0,0,0,0,0,0,0,0,0,1,F
21377,1,0,0,0,0,0,0,0,0,0,1,F
21378,1,0,0,0,0,0,0,0,0,0,1,F
21379,1,0,0,0,0,0,0,0,0,0,1,F
21380,1,0,0,0,0,0,0,0,0,0,1,F
21381,1,0,0,0,0,0,0,0,0,0,1,F
21382,1,0,0,0,0,0,0,0,0,0,1,F
21383,1,0,0,0,0,0,0,0,0,0,1,F
21384,1,0,0,0,0,0,0,0,0,0,1,F
21385,1,0,0,0,0,0,0,0,0,0,1,F
21386,1,0,0,0,0,0,0,0,0,0,1,F
21387,1,0,0,0,0,0,0,0,0,0,1,F
21388,1,0,0,0,0,0,0,0,0,0,1,F
21389,1,0,0,0,0,0,0,0,0,0,1,F
21390,1,0,0,0,0,0,0,0,0,0,1,F
21391,1,0,0,0,0,0,0,0,0,0,1,F
21392,1,0,0,0,0,0,0,0,0,0,1,F
21393,1,0,0,0,0,0,0,0,0,0,1,F
21394,1,0,0,0,0,0,0,0,0,0,1,F
21395,1,0,0,0,0,0,0,0,0,0,1,F
21396,1,0,0,0,0,0,0,0,0,0,1,F
21397,1,0,0,0,0,0,0,0,0,0,1,F
21398,1,0,0,0,0,0,0,0,0,0,1,F
21399,1,0,0,0,0,0,0,0,0,0,1,F
21400,1,0,0,0,0,0,0,0,0,0,1,F
21401,1,0,0,0,0,0,0,0,0,0,1,F
21402,1,0,0,0,0,0,0,0,0,0,1,F
21403,1,0,0,0,0,0,0,0,0,0,1,F
21404,1,0,0,0,0,0,0,0,0,0,1,F
21405,1,0,0,0,0,0,0,0,0,0,1,F
21406,1,0,0,0,0,0,0,0,0,0,1,F
21407,1,0,0,0,0,0,0,0,0,0,1,F
21408,1,0,0,0,0,0,0,0,0,0,1,F
21409,1,0,0,0,0,0,0,0,0,0,1,F
21410,1,0,0,0,0,0,0,0,0,0,1,A
21411,1,0,0,0,0,0,0,0,0,0,1,A
21412,1,0,0,0,0,0,0,0,0,0,0,A
21413,1,0,0,0,0,0,0,0,0,0,0,A
21414,1,0,0,0,0,0,0,0,0,0,0,A
21415,1,0,0,0,0,0,0,0,0,0,0,A
21416,1,0,0,0,0,0,0,0,0,0,0,A
21417,1,0,0,0,0,0,0,0,0,0,0,A
21418,1,0,0,0,0,0,0,0,0,0,0,A
21419,1,0,0,0,0,0,0,0,0,0,0,A
21420,1,0,0,0,0,0,0,0,0,0,0,A
21421,1,0,0,0,0,0,0,0,0,0,0,A
21422,1,0,0,0,0,0,0,0,0,0,0,A
21423,1,0,0,0,0,0,0,0,0,0,0,A
21424,1,0,0,0,0,0,0,0,0,0,0,A
21425,1,0,0,0,0,0,0,0,0,0,0,A
21426,1,0,0,0,0,0,0,0,0,0,0,A
21427,1,0,0,0,0,0,0,0,0,0,0,A
21428,1,0,0,0,0,0,0,0,0,0,0,A
21429,1,0,0,0,0,0,0,0,0,0,0,A
