,drill_jumbo,gunpowder_carrier,work platform,breaker,excavator,payloader,dump_truck,sprayer,h_beam_holder,mixer_truck,mortar_trolley_truck,predict_class
0,1,0,0,0,0,0,0,0,0,0,0,A
1,1,0,0,0,0,0,0,0,0,0,0,A
2,1,0,0,0,0,0,0,0,0,0,0,A
3,1,0,0,0,0,0,0,0,0,0,0,A
4,1,0,0,0,0,0,0,0,0,0,0,A
5,1,0,0,0,0,0,0,0,0,0,0,A
6,1,0,0,0,0,0,0,0,0,0,0,A
7,1,0,0,0,0,0,0,0,0,0,0,A
8,1,0,0,0,0,0,0,0,0,0,0,A
9,1,0,0,0,0,0,0,0,0,0,0,A
10,1,0,0,0,0,0,0,0,0,0,0,A
11,1,0,0,0,0,0,0,0,0,0,0,A
12,1,0,0,0,0,0,0,0,0,0,0,A
13,1,0,0,0,0,0,0,0,0,0,0,A
14,1,0,0,0,0,0,0,0,0,0,0,A
15,1,0,0,0,0,0,0,0,0,0,0,A
16,1,0,0,0,0,0,0,0,0,0,0,A
17,1,0,0,0,0,0,0,0,0,0,0,A
18,1,0,0,0,0,0,0,0,0,0,0,A
19,1,0,0,0,0,0,0,0,0,0,0,A
20,1,0,0,0,0,0,0,0,0,0,0,A
21,1,0,0,0,0,0,0,0,0,0,0,A
22,1,0,0,0,0,0,0,0,0,0,0,A
23,1,0,0,0,0,0,0,0,0,0,0,A
24,1,0,0,0,0,0,0,0,0,0,0,A
25,1,0,0,0,0,0,0,0,0,0,0,A
26,1,0,0,0,0,0,0,0,0,0,0,A
27,1,0,0,0,0,0,0,0,0,0,0,A
28,1,0,0,0,0,0,0,0,0,0,0,A
29,1,0,0,0,0,0,0,0,0,0,0,A
30,1,0,0,0,0,0,0,0,0,0,0,A
31,1,0,0,0,0,0,0,0,0,0,0,A
32,1,0,0,0,0,0,0,0,0,0,0,A
33,1,0,0,0,0,0,0,0,0,0,0,A
34,1,1,0,0,0,0,0,0,0,0,0,A
35,1,1,0,0,0,0,0,0,0,0,0,A
36,1,1,0,0,0,0,0,0,0,0,0,A
37,1,1,0,0,0,0,0,0,0,0,0,A
38,1,1,0,0,0,0,0,0,0,0,0,A
39,1,1,0,0,0,0,0,0,0,0,0,A
40,1,1,0,0,0,0,0,0,0,0,0,A
41,1,1,0,0,0,0,0,0,0,0,0,A
42,1,1,0,0,0,0,0,0,0,0,0,A
43,1,1,0,0,0,0,0,0,0,0,0,A
44,1,1,0,0,0,0,0,0,0,0,0,A
45,1,1,0,0,0,0,0,0,0,0,0,A
46,1,1,0,0,0,0,0,0,0,0,0,A
47,1,1,0,0,0,0,0,0,0,0,0,A
48,1,1,0,0,0,0,0,0,0,0,0,A
49,1,1,0,0,0,0,0,0,0,0,0,A
50,1,1,0,0,0,0,0,0,0,0,0,A
51,1,1,0,0,0,0,0,0,0,0,0,A
52,1,1,0,0,0,0,0,0,0,0,0,A
53,1,1,0,0,0,0,0,0,0,0,0,A
54,1,1,0,0,0,0,0,0,0,0,0,A
55,1,1,0,0,0,0,0,0,0,0,0,A
56,1,1,0,0,0,0,0,0,0,0,0,A
57,1,1,0,0,0,0,0,0,0,0,0,A
58,1,1,0,0,0,0,0,0,0,0,0,A
59,1,1,0,0,0,0,0,0,0,0,0,A
60,1,1,0,0,0,0,0,0,0,0,0,A
61,1,1,0,0,0,0,0,0,0,0,0,A
62,1,1,0,0,0,0,0,0,0,0,0,A
63,1,1,0,0,0,0,0,0,0,0,0,A
64,1,1,0,0,0,0,0,0,0,0,0,A
65,1,1,0,0,0,0,0,0,0,0,0,A
66,1,1,0,0,0,0,0,0,0,0,0,A
67,1,1,0,0,0,0,0,0,0,0,0,A
68,1,1,0,0,0,0,0,0,0,0,0,A
69,1,1,0,0,0,0,0,0,0,0,0,A
70,1,1,0,0,0,0,0,0,0,0,0,A
71,1,1,0,0,0,0,0,0,0,0,0,A
72,1,1,0,0,0,0,0,0,0,0,0,A
73,1,1,0,0,0,0,0,0,0,0,0,A
74,1,1,0,0,0,0,0,0,0,0,0,A
75,1,1,0,0,0,0,0,0,0,0,0,A
76,1,1,0,0,0,0,0,0,0,0,0,A
77,1,1,0,0,0,0,0,0,0,0,0,A
78,1,1,0,0,0,0,0,0,0,0,0,A
79,1,1,0,0,0,0,0,0,0,0,0,A
80,1,1,0,0,0,0,0,0,0,0,0,A
81,1,1,0,0,0,0,0,0,0,0,0,A
82,1,1,0,0,0,0,0,0,0,0,0,A
83,1,1,0,0,0,0,0,0,0,0,0,A
84,1,1,0,0,0,0,0,0,0,0,0,A
85,1,1,0,0,0,0,0,0,0,0,0,A
86,1,1,0,0,0,0,0,0,0,0,0,A
87,1,1,0,0,0,0,0,0,0,0,0,A
88,1,1,0,0,0,0,0,0,0,0,0,A
89,1,1,0,0,0,0,0,0,0,0,0,A
90,1,1,0,0,0,0,0,0,0,0,0,A
91,1,1,0,0,0,0,0,0,0,0,0,A
92,1,1,0,0,0,0,0,0,0,0,0,A
93,1,1,0,0,0,0,0,0,0,0,0,A
94,1,1,0,0,0,0,0,0,0,0,0,A
95,1,1,0,0,0,0,0,0,0,0,0,A
96,1,1,0,0,0,0,0,0,0,0,0,A
97,1,1,0,0,0,0,0,0,0,0,0,A
98,1,1,0,0,0,0,0,0,0,0,0,A
99,1,1,0,0,0,0,0,0,0,0,0,A
100,1,1,0,0,0,0,0,0,0,0,0,A
101,1,1,0,0,0,0,0,0,0,0,0,A
102,1,1,0,0,0,0,0,0,0,0,0,A
103,1,1,0,0,0,0,0,0,0,0,0,A
104,1,1,0,0,0,0,0,0,0,0,0,A
105,1,1,0,0,0,0,0,0,0,0,0,A
106,1,1,0,0,0,0,0,0,0,0,0,A
107,1,1,0,0,0,0,0,0,0,0,0,A
108,1,1,0,0,0,0,0,0,0,0,0,A
109,1,1,0,0,0,0,0,0,0,0,0,A
110,1,1,0,0,0,0,0,0,0,0,0,A
111,1,1,0,0,0,0,0,0,0,0,0,A
112,1,1,0,0,0,0,0,0,0,0,0,A
113,1,1,0,0,0,0,0,0,0,0,0,A
114,1,1,0,0,0,0,0,0,0,0,0,A
115,1,1,0,0,0,0,0,0,0,0,0,A
116,1,1,0,0,0,0,0,0,0,0,0,A
117,1,1,0,0,0,0,0,0,0,0,0,A
118,1,1,0,0,0,0,0,0,0,0,0,A
119,1,1,0,0,0,0,0,0,0,0,0,A
120,1,1,0,0,0,0,0,0,0,0,0,A
121,1,1,0,0,0,0,0,0,0,0,0,A
122,1,1,0,0,0,0,0,0,0,0,0,A
123,1,1,0,0,0,0,0,0,0,0,0,A
124,1,1,0,0,0,0,0,0,0,0,0,A
125,1,1,0,0,0,0,0,0,0,0,0,A
126,1,1,0,0,0,0,0,0,0,0,0,A
127,1,1,0,0,0,0,0,0,0,0,0,A
128,1,1,0,0,0,0,0,0,0,0,0,A
129,1,1,0,0,0,0,0,0,0,0,0,A
130,1,1,0,0,0,0,0,0,0,0,0,A
131,1,1,0,0,0,0,0,0,0,0,0,A
132,1,1,0,0,0,0,0,0,0,0,0,A
133,1,1,0,0,0,0,0,0,0,0,0,A
134,1,1,0,0,0,0,0,0,0,0,0,A
135,1,1,0,0,0,0,0,0,0,0,0,A
136,1,1,0,0,0,0,0,0,0,0,0,A
137,1,1,0,0,0,0,0,0,0,0,0,A
138,1,1,0,0,0,0,0,0,0,0,0,A
139,1,1,0,0,0,0,0,0,0,0,0,A
140,1,1,0,0,0,0,0,0,0,0,0,A
141,1,1,0,0,0,0,0,0,0,0,0,A
142,1,1,0,0,0,0,0,0,0,0,0,A
143,1,1,0,0,0,0,0,0,0,0,0,A
144,1,1,0,0,0,0,0,0,0,0,0,A
145,1,1,0,0,0,0,0,0,0,0,0,A
146,1,1,0,0,0,0,0,0,0,0,0,A
147,1,1,0,0,0,0,0,0,0,0,0,A
148,1,1,0,0,0,0,0,0,0,0,0,A
149,1,1,0,0,0,0,0,0,0,0,0,A
150,1,1,0,0,0,0,0,0,0,0,0,A
151,1,1,0,0,0,0,0,0,0,0,0,A
152,1,1,0,0,0,0,0,0,0,0,0,A
153,1,1,0,0,0,0,0,0,0,0,0,A
154,1,1,0,0,0,0,0,0,0,0,0,A
155,1,1,0,0,0,0,0,0,0,0,0,A
156,1,1,0,0,0,0,0,0,0,0,0,A
157,1,1,0,0,0,0,0,0,0,0,0,A
158,1,1,0,0,0,0,0,0,0,0,0,A
159,1,1,0,0,0,0,0,0,0,0,0,A
160,1,1,0,0,0,0,0,0,0,0,0,A
161,1,1,0,0,0,0,0,0,0,0,0,A
162,1,1,0,0,0,0,0,0,0,0,0,A
163,1,1,0,0,0,0,0,0,0,0,0,A
164,1,1,0,0,0,0,0,0,0,0,0,A
165,1,1,0,0,0,0,0,0,0,0,0,A
166,1,1,0,0,0,0,0,0,0,0,0,A
167,1,1,0,0,0,0,0,0,0,0,0,A
168,1,1,0,0,0,0,0,0,0,0,0,A
169,1,1,0,0,0,0,0,0,0,0,0,A
170,1,1,0,0,0,0,0,0,0,0,0,A
171,1,1,0,0,0,0,0,0,0,0,0,A
172,1,1,0,0,0,0,0,0,0,0,0,A
173,1,1,0,0,0,0,0,0,0,0,0,A
174,1,1,0,0,0,0,0,0,0,0,0,A
175,1,1,0,0,0,0,0,0,0,0,0,A
176,1,1,0,0,0,0,0,0,0,0,0,A
177,1,1,0,0,0,0,0,0,0,0,0,A
178,1,1,0,0,0,0,0,0,0,0,0,A
179,1,1,0,0,0,0,0,0,0,0,0,A
180,1,1,0,0,0,0,0,0,0,0,0,A
181,1,1,0,0,0,0,0,0,0,0,0,A
182,1,1,0,0,0,0,0,0,0,0,0,A
183,1,1,0,0,0,0,0,0,0,0,0,A
184,1,1,0,0,0,0,0,0,0,0,0,A
185,1,1,0,0,0,0,0,0,0,0,0,A
186,1,1,0,0,0,0,0,0,0,0,0,A
187,1,1,0,0,0,0,0,0,0,0,0,A
188,1,1,0,0,0,0,0,0,0,0,0,A
189,1,1,0,0,0,0,0,0,0,0,0,A
190,1,1,0,0,0,0,0,0,0,0,0,A
191,1,1,0,0,0,0,0,0,0,0,0,A
192,1,1,0,0,0,0,0,0,0,0,0,A
193,1,1,0,0,0,0,0,0,0,0,0,A
194,1,1,0,0,0,0,0,0,0,0,0,A
195,1,1,0,0,0,0,0,0,0,0,0,A
196,1,1,0,0,0,0,0,0,0,0,0,A
197,1,1,0,0,0,0,0,0,0,0,0,A
198,1,1,0,0,0,0,0,0,0,0,0,A
199,1,1,0,0,0,0,0,0,0,0,0,A
200,1,1,0,0,0,0,0,0,0,0,0,A
201,1,1,0,0,0,0,0,0,0,0,0,A
202,1,1,0,0,0,0,0,0,0,0,0,A
203,1,1,0,0,0,0,0,0,0,0,0,A
204,1,1,0,0,0,0,0,0,0,0,0,A
205,1,1,0,0,0,0,0,0,0,0,0,A
206,1,1,0,0,0,0,0,0,0,0,0,A
207,1,1,0,0,0,0,0,0,0,0,0,A
208,1,1,0,0,0,0,0,0,0,0,0,A
209,1,1,0,0,0,0,0,0,0,0,0,A
210,1,1,0,0,0,0,0,0,0,0,0,A
211,1,1,0,0,0,0,0,0,0,0,0,A
212,1,1,0,0,0,0,0,0,0,0,0,A
213,1,1,0,0,0,0,0,0,0,0,0,A
214,1,1,0,0,0,0,0,0,0,0,0,A
215,1,1,0,0,0,0,0,0,0,0,0,A
216,1,1,0,0,0,0,0,0,0,0,0,A
217,1,1,0,0,0,0,0,0,0,0,0,A
218,1,1,0,0,0,0,0,0,0,0,0,A
219,1,1,0,0,0,0,0,0,0,0,0,A
220,1,1,0,0,0,0,0,0,0,0,0,A
221,1,1,0,0,0,0,0,0,0,0,0,A
222,1,1,0,0,0,0,0,0,0,0,0,A
223,1,1,0,0,0,0,0,0,0,0,0,A
224,1,1,0,0,0,0,0,0,0,0,0,A
225,1,1,0,0,0,0,0,0,0,0,0,A
226,1,1,0,0,0,0,0,0,0,0,0,A
227,1,1,0,0,0,0,0,0,0,0,0,A
228,1,1,0,0,0,0,0,0,0,0,0,A
229,1,1,0,0,0,0,0,0,0,0,0,A
230,1,1,0,0,0,0,0,0,0,0,0,A
231,1,1,0,0,0,0,0,0,0,0,0,A
232,1,1,0,0,0,0,0,0,0,0,0,A
233,1,1,0,0,0,0,0,0,0,0,0,A
234,1,1,0,0,0,0,0,0,0,0,0,A
235,1,1,0,0,0,0,0,0,0,0,0,A
236,1,1,0,0,0,0,0,0,0,0,0,A
237,1,1,0,0,0,0,0,0,0,0,0,A
238,1,1,0,0,0,0,0,0,0,0,0,A
239,1,1,0,0,0,0,0,0,0,0,0,A
240,1,1,0,0,0,0,0,0,0,0,0,A
241,1,1,0,0,0,0,0,0,0,0,0,A
242,1,1,0,0,0,0,0,0,0,0,0,A
243,1,1,0,0,0,0,0,0,0,0,0,A
244,1,1,0,0,0,0,0,0,0,0,0,A
245,1,1,0,0,0,0,0,0,0,0,0,A
246,1,1,0,0,0,0,0,0,0,0,0,A
247,1,1,0,0,0,0,0,0,0,0,0,A
248,1,1,0,0,0,0,0,0,0,0,0,A
249,1,1,0,0,0,0,0,0,0,0,0,A
250,1,1,0,0,0,0,0,0,0,0,0,A
251,1,1,0,0,0,0,0,0,0,0,0,A
252,1,1,0,0,0,0,0,0,0,0,0,A
253,1,1,0,0,0,0,0,0,0,0,0,A
254,1,1,0,0,0,0,0,0,0,0,0,A
255,1,1,0,0,0,0,0,0,0,0,0,A
256,1,1,0,0,0,0,0,0,0,0,0,A
257,1,1,0,0,0,0,0,0,0,0,0,A
258,1,1,0,0,0,0,0,0,0,0,0,A
259,1,1,0,0,0,0,0,0,0,0,0,A
260,1,1,0,0,0,0,0,0,0,0,0,A
261,1,1,0,0,0,0,0,0,0,0,0,A
262,1,1,0,0,0,0,0,0,0,0,0,A
263,1,1,0,0,0,0,0,0,0,0,0,A
264,1,1,0,0,0,0,0,0,0,0,0,A
265,1,1,0,0,0,0,0,0,0,0,0,A
266,1,1,0,0,0,0,0,0,0,0,0,A
267,1,1,0,0,0,0,0,0,0,0,0,A
268,1,1,0,0,0,0,0,0,0,0,0,A
269,1,1,0,0,0,0,0,0,0,0,0,A
270,1,1,0,0,0,0,0,0,0,0,0,A
271,1,1,0,0,0,0,0,0,0,0,0,A
272,1,1,0,0,0,0,0,0,0,0,0,A
273,1,1,0,0,0,0,0,0,0,0,0,A
274,1,1,0,0,0,0,0,0,0,0,0,A
275,1,1,0,0,0,0,0,0,0,0,0,A
276,1,1,0,0,0,0,0,0,0,0,0,A
277,1,1,0,0,0,0,0,0,0,0,0,A
278,1,1,0,0,0,0,0,0,0,0,0,A
279,1,1,0,0,0,0,0,0,0,0,0,A
280,1,1,0,0,0,0,0,0,0,0,0,A
281,1,1,0,0,0,0,0,0,0,0,0,A
282,1,1,0,0,0,0,0,0,0,0,0,A
283,1,1,0,0,0,0,0,0,0,0,0,A
284,1,1,0,0,0,0,0,0,0,0,0,A
285,1,1,0,0,0,0,0,0,0,0,0,A
286,1,1,0,0,0,0,0,0,0,0,0,A
287,1,1,0,0,0,0,0,0,0,0,0,A
288,1,1,0,0,0,0,0,0,0,0,0,A
289,1,1,0,0,0,0,0,0,0,0,0,A
290,1,1,0,0,0,0,0,0,0,0,0,A
291,1,1,0,0,0,0,0,0,0,0,0,A
292,1,1,0,0,0,0,0,0,0,0,0,A
293,1,1,0,0,0,0,0,0,0,0,0,A
294,1,1,0,0,0,0,0,0,0,0,0,A
295,1,1,0,0,0,0,0,0,0,0,0,A
296,1,1,0,0,0,0,0,0,0,0,0,A
297,1,1,0,0,0,0,0,0,0,0,0,A
298,1,1,0,0,0,0,0,0,0,0,0,A
299,1,1,0,0,0,0,0,0,0,0,0,A
300,1,1,0,0,0,0,0,0,0,0,0,A
301,1,1,0,0,0,0,0,0,0,0,0,A
302,1,1,0,0,0,0,0,0,0,0,0,A
303,1,1,0,0,0,0,0,0,0,0,0,A
304,1,1,0,0,0,0,0,0,0,0,0,A
305,1,1,0,0,0,0,0,0,0,0,0,A
306,1,1,0,0,0,0,0,0,0,0,0,A
307,1,1,0,0,0,0,0,0,0,0,0,A
308,1,1,0,0,0,0,0,0,0,0,0,A
309,1,1,0,0,0,0,0,0,0,0,0,A
310,1,1,0,0,0,0,0,0,0,0,0,A
311,1,1,0,0,0,0,0,0,0,0,0,A
312,1,1,0,0,0,0,0,0,0,0,0,A
313,1,1,0,0,0,0,0,0,0,0,0,A
314,1,1,0,0,0,0,0,0,0,0,0,A
315,1,1,0,0,0,0,0,0,0,0,0,A
316,1,1,0,0,0,0,0,0,0,0,0,A
317,1,1,0,0,0,0,0,0,0,0,0,A
318,1,1,0,0,0,0,0,0,0,0,0,A
319,1,1,0,0,0,0,0,0,0,0,0,A
320,1,1,0,0,0,0,0,0,0,0,0,A
321,1,1,0,0,0,0,0,0,0,0,0,A
322,1,1,0,0,0,0,0,0,0,0,0,A
323,1,1,0,0,0,0,0,0,0,0,0,A
324,1,1,0,0,0,0,0,0,0,0,0,A
325,1,1,0,0,0,0,0,0,0,0,0,A
326,1,1,0,0,0,0,0,0,0,0,0,A
327,1,1,0,0,0,0,0,0,0,0,0,A
328,1,1,0,0,0,0,0,0,0,0,0,A
329,1,1,0,0,0,0,0,0,0,0,0,A
330,1,1,0,0,0,0,0,0,0,0,0,A
331,1,1,0,0,0,0,0,0,0,0,0,A
332,1,1,0,0,0,0,0,0,0,0,0,A
333,1,1,0,0,0,0,0,0,0,0,0,A
334,1,1,0,0,0,0,0,0,0,0,0,A
335,1,1,0,0,0,0,0,0,0,0,0,A
336,1,1,0,0,0,0,0,0,0,0,0,A
337,1,1,0,0,0,0,0,0,0,0,0,A
338,1,1,0,0,0,0,0,0,0,0,0,A
339,1,1,0,0,0,0,0,0,0,0,0,A
340,1,1,0,0,0,0,0,0,0,0,0,A
341,1,1,0,0,0,0,0,0,0,0,0,A
342,1,1,0,0,0,0,0,0,0,0,0,A
343,1,1,0,0,0,0,0,0,0,0,0,A
344,1,1,0,0,0,0,0,0,0,0,0,A
345,1,1,0,0,0,0,0,0,0,0,0,A
346,1,1,0,0,0,0,0,0,0,0,0,A
347,1,1,0,0,0,0,0,0,0,0,0,A
348,1,1,0,0,0,0,0,0,0,0,0,A
349,1,1,0,0,0,0,0,0,0,0,0,A
350,1,1,0,0,0,0,0,0,0,0,0,A
351,1,1,0,0,0,0,0,0,0,0,0,A
352,1,1,0,0,0,0,0,0,0,0,0,A
353,1,1,0,0,0,0,0,0,0,0,0,A
354,1,1,0,0,0,0,0,0,0,0,0,A
355,1,1,0,0,0,0,0,0,0,0,0,A
356,1,1,0,0,0,0,0,0,0,0,0,A
357,1,1,0,0,0,0,0,0,0,0,0,A
358,1,1,0,0,0,0,0,0,0,0,0,A
359,1,1,0,0,0,0,0,0,0,0,0,A
360,1,1,0,0,0,0,0,0,0,0,0,A
361,1,1,0,0,0,0,0,0,0,0,0,A
362,1,1,0,0,0,0,0,0,0,0,0,A
363,1,1,0,0,0,0,0,0,0,0,0,A
364,1,1,0,0,0,0,0,0,0,0,0,A
365,1,1,0,0,0,0,0,0,0,0,0,A
366,1,1,0,0,0,0,0,0,0,0,0,A
367,1,1,0,0,0,0,0,0,0,0,0,A
368,1,1,0,0,0,0,0,0,0,0,0,A
369,1,1,0,0,0,0,0,0,0,0,0,A
370,1,1,0,0,0,0,0,0,0,0,0,A
371,1,1,0,0,0,0,0,0,0,0,0,A
372,1,1,0,0,0,0,0,0,0,0,0,A
373,1,1,0,0,0,0,0,0,0,0,0,A
374,1,1,0,0,0,0,0,0,0,0,0,A
375,1,1,0,0,0,0,0,0,0,0,0,A
376,1,1,0,0,0,0,0,0,0,0,0,A
377,1,1,0,0,0,0,0,0,0,0,0,A
378,1,1,0,0,0,0,0,0,0,0,0,A
379,1,1,0,0,0,0,0,0,0,0,0,A
380,1,1,0,0,0,0,0,0,0,0,0,A
381,1,1,0,0,0,0,0,0,0,0,0,A
382,1,1,0,0,0,0,0,0,0,0,0,A
383,1,1,0,0,0,0,0,0,0,0,0,A
384,1,1,0,0,0,0,0,0,0,0,0,A
385,1,1,0,0,0,0,0,0,0,0,0,A
386,1,1,0,0,0,0,0,0,0,0,0,A
387,1,1,0,0,0,0,0,0,0,0,0,A
388,1,1,0,0,0,0,0,0,0,0,0,A
389,1,1,0,0,0,0,0,0,0,0,0,A
390,1,1,0,0,0,0,0,0,0,0,0,A
391,1,1,0,0,0,0,0,0,0,0,0,A
392,1,1,0,0,0,0,0,0,0,0,0,A
393,1,1,0,0,0,0,0,0,0,0,0,A
394,1,1,0,0,0,0,0,0,0,0,0,A
395,1,1,0,0,0,0,0,0,0,0,0,A
396,1,1,0,0,0,0,0,0,0,0,0,A
397,1,1,0,0,0,0,0,0,0,0,0,A
398,1,1,0,0,0,0,0,0,0,0,0,A
399,1,1,0,0,0,0,0,0,0,0,0,A
400,1,1,0,0,0,0,0,0,0,0,0,A
401,1,1,0,0,0,0,0,0,0,0,0,A
402,1,1,0,0,0,0,0,0,0,0,0,A
403,1,1,0,0,0,0,0,0,0,0,0,A
404,1,1,0,0,0,0,0,0,0,0,0,A
405,1,1,0,0,0,0,0,0,0,0,0,A
406,1,1,0,0,0,0,0,0,0,0,0,A
407,1,1,0,0,0,0,0,0,0,0,0,A
408,1,1,0,0,0,0,0,0,0,0,0,A
409,1,1,0,0,0,0,0,0,0,0,0,A
410,1,1,0,0,0,0,0,0,0,0,0,A
411,1,1,0,0,0,0,0,0,0,0,0,A
412,1,1,0,0,0,0,0,0,0,0,0,A
413,1,1,0,0,0,0,0,0,0,0,0,A
414,1,1,0,0,0,0,0,0,0,0,0,A
415,1,1,0,0,0,0,0,0,0,0,0,A
416,1,1,0,0,0,0,0,0,0,0,0,A
417,1,1,0,0,0,0,0,0,0,0,0,A
418,1,1,0,0,0,0,0,0,0,0,0,A
419,1,1,0,0,0,0,0,0,0,0,0,A
420,1,1,0,0,0,0,0,0,0,0,0,A
421,1,1,0,0,0,0,0,0,0,0,0,A
422,1,1,0,0,0,0,0,0,0,0,0,A
423,1,1,0,0,0,0,0,0,0,0,0,A
424,1,1,0,0,0,0,0,0,0,0,0,A
425,1,1,0,0,0,0,0,0,0,0,0,A
426,1,1,0,0,0,0,0,0,0,0,0,A
427,1,1,0,0,0,0,0,0,0,0,0,A
428,1,1,0,0,0,0,0,0,0,0,0,A
429,1,1,0,0,0,0,0,0,0,0,0,A
430,1,1,0,0,0,0,0,0,0,0,0,A
431,1,1,0,0,0,0,0,0,0,0,0,A
432,1,1,0,0,0,0,0,0,0,0,0,A
433,1,1,0,0,0,0,0,0,0,0,0,A
434,1,1,0,0,0,0,0,0,0,0,0,A
435,1,1,0,0,0,0,0,0,0,0,0,A
436,1,1,0,0,0,0,0,0,0,0,0,A
437,1,1,0,0,0,0,0,0,0,0,0,A
438,1,1,0,0,0,0,0,0,0,0,0,A
439,1,1,0,0,0,0,0,0,0,0,0,A
440,1,1,0,0,0,0,0,0,0,0,0,A
441,1,1,0,0,0,0,0,0,0,0,0,A
442,1,1,0,0,0,0,0,0,0,0,0,A
443,1,1,0,0,0,0,0,0,0,0,0,A
444,1,1,0,0,0,0,0,0,0,0,0,A
445,1,1,0,0,0,0,0,0,0,0,0,A
446,1,1,0,0,0,0,0,0,0,0,0,A
447,1,1,0,0,0,0,0,0,0,0,0,A
448,1,1,0,0,0,0,0,0,0,0,0,A
449,1,1,0,0,0,0,0,0,0,0,0,A
450,1,1,0,0,0,0,0,0,0,0,0,A
451,1,1,0,0,0,0,0,0,0,0,0,A
452,1,1,0,0,0,0,0,0,0,0,0,A
453,1,1,0,0,0,0,0,0,0,0,0,A
454,1,1,0,0,0,0,0,0,0,0,0,A
455,1,1,0,0,0,0,0,0,0,0,0,A
456,1,1,0,0,0,0,0,0,0,0,0,A
457,1,1,0,0,0,0,0,0,0,0,0,A
458,1,1,0,0,0,0,0,0,0,0,0,A
459,1,1,0,0,0,0,0,0,0,0,0,A
460,1,1,0,0,0,0,0,0,0,0,0,A
461,1,1,0,0,0,0,0,0,0,0,0,A
462,1,1,0,0,0,0,0,0,0,0,0,A
463,1,1,0,0,0,0,0,0,0,0,0,A
464,1,1,0,0,0,0,0,0,0,0,0,A
465,1,1,0,0,0,0,0,0,0,0,0,A
466,1,1,0,0,0,0,0,0,0,0,0,A
467,1,1,0,0,0,0,0,0,0,0,0,A
468,1,1,0,0,0,0,0,0,0,0,0,A
469,1,1,0,0,0,0,0,0,0,0,0,A
470,1,1,0,0,0,0,0,0,0,0,0,A
471,1,1,0,0,0,0,0,0,0,0,0,A
472,1,1,0,0,0,0,0,0,0,0,0,A
473,1,1,0,0,0,0,0,0,0,0,0,A
474,1,1,0,0,0,0,0,0,0,0,0,A
475,1,1,0,0,0,0,0,0,0,0,0,A
476,1,1,0,0,0,0,0,0,0,0,0,A
477,1,1,0,0,0,0,0,0,0,0,0,A
478,1,1,0,0,0,0,0,0,0,0,0,A
479,1,1,0,0,0,0,0,0,0,0,0,A
480,1,1,0,0,0,0,0,0,0,0,0,A
481,1,1,0,0,0,0,0,0,0,0,0,A
482,1,1,0,0,0,0,0,0,0,0,0,A
483,1,1,0,0,0,0,0,0,0,0,0,A
484,1,1,0,0,0,0,0,0,0,0,0,A
485,1,1,0,0,0,0,0,0,0,0,0,A
486,1,1,0,0,0,0,0,0,0,0,0,A
487,1,1,0,0,0,0,0,0,0,0,0,A
488,1,1,0,0,0,0,0,0,0,0,0,A
489,1,1,0,0,0,0,0,0,0,0,0,A
490,1,1,0,0,0,0,0,0,0,0,0,A
491,1,1,0,0,0,0,0,0,0,0,0,A
492,1,1,0,0,0,0,0,0,0,0,0,A
493,1,1,0,0,0,0,0,0,0,0,0,A
494,1,1,0,0,0,0,0,0,0,0,0,A
495,1,1,0,0,0,0,0,0,0,0,0,A
496,1,1,0,0,0,0,0,0,0,0,0,A
497,1,1,0,0,0,0,0,0,0,0,0,A
498,1,1,0,0,0,0,0,0,0,0,0,A
499,1,1,0,0,0,0,0,0,0,0,0,A
500,1,1,0,0,0,0,0,0,0,0,0,A
501,1,1,0,0,0,0,0,0,0,0,0,A
502,1,1,0,0,0,0,0,0,0,0,0,A
503,1,1,0,0,0,0,0,0,0,0,0,A
504,1,1,0,0,0,0,0,0,0,0,0,A
505,1,1,0,0,0,0,0,0,0,0,0,A
506,1,1,0,0,0,0,0,0,0,0,0,A
507,1,1,0,0,0,0,0,0,0,0,0,A
508,1,1,0,0,0,0,0,0,0,0,0,A
509,1,1,0,0,0,0,0,0,0,0,0,A
510,1,1,0,0,0,0,0,0,0,0,0,A
511,1,1,0,0,0,0,0,0,0,0,0,A
512,1,1,0,0,0,0,0,0,0,0,0,A
513,1,1,0,0,0,0,0,0,0,0,0,A
514,1,1,0,0,0,0,0,0,0,0,0,A
515,1,1,0,0,0,0,0,0,0,0,0,A
516,1,1,0,0,0,0,0,0,0,0,0,A
517,1,1,0,0,0,0,0,0,0,0,0,A
518,1,1,0,0,0,0,0,0,0,0,0,A
519,1,1,0,0,0,0,0,0,0,0,0,A
520,1,1,0,0,0,0,0,0,0,0,0,A
521,1,1,0,0,0,0,0,0,0,0,0,A
522,1,1,0,0,0,0,0,0,0,0,0,A
523,1,1,0,0,0,0,0,0,0,0,0,A
524,1,1,0,0,0,0,0,0,0,0,0,A
525,1,1,0,0,0,0,0,0,0,0,0,A
526,1,1,0,0,0,0,0,0,0,0,0,A
527,1,1,0,0,0,0,0,0,0,0,0,A
528,1,1,0,0,0,0,0,0,0,0,0,A
529,1,1,0,0,0,0,0,0,0,0,0,A
530,1,1,0,0,0,0,0,0,0,0,0,A
531,1,1,0,0,0,0,0,0,0,0,0,A
532,1,1,0,0,0,0,0,0,0,0,0,A
533,1,1,0,0,0,0,0,0,0,0,0,A
534,1,1,0,0,0,0,0,0,0,0,0,A
535,1,1,0,0,0,0,0,0,0,0,0,A
536,1,1,0,0,0,0,0,0,0,0,0,A
537,1,1,0,0,0,0,0,0,0,0,0,A
538,1,1,0,0,0,0,0,0,0,0,0,A
539,1,1,0,0,0,0,0,0,0,0,0,A
540,1,1,0,0,0,0,0,0,0,0,0,A
541,1,1,0,0,0,0,0,0,0,0,0,A
542,1,1,0,0,0,0,0,0,0,0,0,A
543,1,1,0,0,0,0,0,0,0,0,0,A
544,1,1,0,0,0,0,0,0,0,0,0,A
545,1,1,0,0,0,0,0,0,0,0,0,A
546,1,1,0,0,0,0,0,0,0,0,0,A
547,1,1,0,0,0,0,0,0,0,0,0,A
548,1,1,0,0,0,0,0,0,0,0,0,A
549,1,1,0,0,0,0,0,0,0,0,0,A
550,1,1,0,0,0,0,0,0,0,0,0,A
551,1,1,0,0,0,0,0,0,0,0,0,A
552,1,1,0,0,0,0,0,0,0,0,0,A
553,1,1,0,0,0,0,0,0,0,0,0,A
554,1,1,0,0,0,0,0,0,0,0,0,A
555,1,1,0,0,0,0,0,0,0,0,0,A
556,1,1,0,0,0,0,0,0,0,0,0,A
557,1,1,0,0,0,0,0,0,0,0,0,A
558,1,1,0,0,0,0,0,0,0,0,0,A
559,1,1,0,0,0,0,0,0,0,0,0,A
560,1,1,0,0,0,0,0,0,0,0,0,A
561,1,1,0,0,0,0,0,0,0,0,0,A
562,1,1,0,0,0,0,0,0,0,0,0,A
563,1,1,0,0,0,0,0,0,0,0,0,A
564,1,1,0,0,0,0,0,0,0,0,0,A
565,1,1,0,0,0,0,0,0,0,0,0,A
566,1,1,0,0,0,0,0,0,0,0,0,A
567,1,1,0,0,0,0,0,0,0,0,0,A
568,1,1,0,0,0,0,0,0,0,0,0,A
569,1,1,0,0,0,0,0,0,0,0,0,A
570,1,1,0,0,0,0,0,0,0,0,0,A
571,1,1,0,0,0,0,0,0,0,0,0,A
572,1,1,0,0,0,0,0,0,0,0,0,A
573,1,1,0,0,0,0,0,0,0,0,0,A
574,1,1,0,0,0,0,0,0,0,0,0,A
575,1,1,0,0,0,0,0,0,0,0,0,A
576,1,1,0,0,0,0,0,0,0,0,0,A
577,1,1,0,0,0,0,0,0,0,0,0,A
578,1,1,0,0,0,0,0,0,0,0,0,A
579,1,1,0,0,0,0,0,0,0,0,0,A
580,1,1,0,0,0,0,0,0,0,0,0,A
581,1,1,0,0,0,0,0,0,0,0,0,A
582,1,1,0,0,0,0,0,0,0,0,0,A
583,1,1,0,0,0,0,0,0,0,0,0,A
584,1,1,0,0,0,0,0,0,0,0,0,A
585,1,1,0,0,0,0,0,0,0,0,0,A
586,1,1,0,0,0,0,0,0,0,0,0,A
587,1,1,0,0,0,0,0,0,0,0,0,A
588,1,1,0,0,0,0,0,0,0,0,0,A
589,1,1,0,0,0,0,0,0,0,0,0,A
590,1,1,0,0,0,0,0,0,0,0,0,A
591,1,1,0,0,0,0,0,0,0,0,0,A
592,1,1,0,0,0,0,0,0,0,0,0,A
593,1,1,0,0,0,0,0,0,0,0,0,A
594,1,1,0,0,0,0,0,0,0,0,0,A
595,1,1,0,0,0,0,0,0,0,0,0,A
596,1,1,0,0,0,0,0,0,0,0,0,A
597,1,1,0,0,0,0,0,0,0,0,0,A
598,1,1,0,0,0,0,0,0,0,0,0,A
599,1,1,0,0,0,0,0,0,0,0,0,A
600,1,1,0,0,0,0,0,0,0,0,0,A
601,1,1,0,0,0,0,0,0,0,0,0,A
602,1,1,0,0,0,0,0,0,0,0,0,A
603,1,1,0,0,0,0,0,0,0,0,0,A
604,1,1,0,0,0,0,0,0,0,0,0,A
605,1,1,0,0,0,0,0,0,0,0,0,A
606,1,1,0,0,0,0,0,0,0,0,0,A
607,1,1,0,0,0,0,0,0,0,0,0,A
608,1,1,0,0,0,0,0,0,0,0,0,A
609,1,1,0,0,0,0,0,0,0,0,0,A
610,1,1,0,0,0,0,0,0,0,0,0,A
611,1,1,0,0,0,0,0,0,0,0,0,A
612,1,1,0,0,0,0,0,0,0,0,0,A
613,1,1,0,0,0,0,0,0,0,0,0,A
614,1,1,0,0,0,0,0,0,0,0,0,A
615,1,1,0,0,0,0,0,0,0,0,0,A
616,1,1,0,0,0,0,0,0,0,0,0,A
617,1,1,0,0,0,0,0,0,0,0,0,A
618,1,1,0,0,0,0,0,0,0,0,0,A
619,1,1,0,0,0,0,0,0,0,0,0,A
620,1,1,0,0,0,0,0,0,0,0,0,A
621,1,1,0,0,0,0,0,0,0,0,0,A
622,1,1,0,0,0,0,0,0,0,0,0,A
623,1,1,0,0,0,0,0,0,0,0,0,A
624,1,1,0,0,0,0,0,0,0,0,0,A
625,1,1,0,0,0,0,0,0,0,0,0,A
626,1,1,0,0,0,0,0,0,0,0,0,A
627,1,1,0,0,0,0,0,0,0,0,0,A
628,1,1,0,0,0,0,0,0,0,0,0,A
629,1,1,0,0,0,0,0,0,0,0,0,A
630,1,1,0,0,0,0,0,0,0,0,0,A
631,1,1,0,0,0,0,0,0,0,0,0,A
632,1,1,0,0,0,0,0,0,0,0,0,A
633,1,1,0,0,0,0,0,0,0,0,0,A
634,1,1,0,0,0,0,0,0,0,0,0,A
635,1,1,0,0,0,0,0,0,0,0,0,A
636,1,1,0,0,0,0,0,0,0,0,0,A
637,1,1,0,0,0,0,0,0,0,0,0,A
638,1,1,0,0,0,0,0,0,0,0,0,A
639,1,1,0,0,0,0,0,0,0,0,0,A
640,1,1,0,0,0,0,0,0,0,0,0,A
641,1,1,0,0,0,0,0,0,0,0,0,A
642,1,1,0,0,0,0,0,0,0,0,0,A
643,1,1,0,0,0,0,0,0,0,0,0,A
644,1,1,0,0,0,0,0,0,0,0,0,A
645,1,1,0,0,0,0,0,0,0,0,0,A
646,1,1,0,0,0,0,0,0,0,0,0,A
647,1,1,0,0,0,0,0,0,0,0,0,A
648,1,1,0,0,0,0,0,0,0,0,0,A
649,1,1,0,0,0,0,0,0,0,0,0,A
650,1,1,0,0,0,0,0,0,0,0,0,A
651,1,1,0,0,0,0,0,0,0,0,0,A
652,1,1,0,0,0,0,0,0,0,0,0,A
653,1,1,0,0,0,0,0,0,0,0,0,A
654,1,1,0,0,0,0,0,0,0,0,0,A
655,1,1,0,0,0,0,0,0,0,0,0,A
656,1,1,0,0,0,0,0,0,0,0,0,A
657,1,1,0,0,0,0,0,0,0,0,0,A
658,1,1,0,0,0,0,0,0,0,0,0,A
659,1,1,0,0,0,0,0,0,0,0,0,A
660,1,1,0,0,0,0,0,0,0,0,0,A
661,1,1,0,0,0,0,0,0,0,0,0,A
662,1,1,0,0,0,0,0,0,0,0,0,A
663,1,1,0,0,0,0,0,0,0,0,0,A
664,1,1,0,0,0,0,0,0,0,0,0,A
665,1,1,0,0,0,0,0,0,0,0,0,A
666,1,1,0,0,0,0,0,0,0,0,0,A
667,1,1,0,0,0,0,0,0,0,0,0,A
668,1,1,0,0,0,0,0,0,0,0,0,A
669,1,1,0,0,0,0,0,0,0,0,0,A
670,1,1,0,0,0,0,0,0,0,0,0,A
671,1,1,0,0,0,0,0,0,0,0,0,A
672,1,1,0,0,0,0,0,0,0,0,0,A
673,1,1,0,0,0,0,0,0,0,0,0,A
674,1,1,0,0,0,0,0,0,0,0,0,A
675,1,1,0,0,0,0,0,0,0,0,0,A
676,1,1,0,0,0,0,0,0,0,0,0,A
677,1,1,0,0,0,0,0,0,0,0,0,A
678,1,1,0,0,0,0,0,0,0,0,0,A
679,1,1,0,0,0,0,0,0,0,0,0,A
680,1,1,0,0,0,0,0,0,0,0,0,A
681,1,1,0,0,0,0,0,0,0,0,0,A
682,1,1,0,0,0,0,0,0,0,0,0,A
683,1,1,0,0,0,0,0,0,0,0,0,A
684,1,1,0,0,0,0,0,0,0,0,0,A
685,1,1,0,0,0,0,0,0,0,0,0,A
686,1,1,0,0,0,0,0,0,0,0,0,A
687,1,1,0,0,0,0,0,0,0,0,0,A
688,1,1,0,0,0,0,0,0,0,0,0,A
689,1,1,0,0,0,0,0,0,0,0,0,A
690,1,1,0,0,0,0,0,0,0,0,0,A
691,1,1,0,0,0,0,0,0,0,0,0,A
692,1,1,0,0,0,0,0,0,0,0,0,A
693,1,1,0,0,0,0,0,0,0,0,0,A
694,1,1,0,0,0,0,0,0,0,0,0,A
695,1,1,0,0,0,0,0,0,0,0,0,A
696,1,1,0,0,0,0,0,0,0,0,0,A
697,1,1,0,0,0,0,0,0,0,0,0,A
698,1,1,0,0,0,0,0,0,0,0,0,A
699,1,1,0,0,0,0,0,0,0,0,0,A
700,1,1,0,0,0,0,0,0,0,0,0,A
701,1,1,0,0,0,0,0,0,0,0,0,A
702,1,1,0,0,0,0,0,0,0,0,0,A
703,1,1,0,0,0,0,0,0,0,0,0,A
704,1,1,0,0,0,0,0,0,0,0,0,A
705,1,1,0,0,0,0,0,0,0,0,0,A
706,1,1,0,0,0,0,0,0,0,0,0,A
707,1,1,0,0,0,0,0,0,0,0,0,A
708,1,1,0,0,0,0,0,0,0,0,0,A
709,1,1,0,0,0,0,0,0,0,0,0,A
710,1,1,0,0,0,0,0,0,0,0,0,A
711,1,1,0,0,0,0,0,0,0,0,0,A
712,1,1,0,0,0,0,0,0,0,0,0,A
713,1,1,0,0,0,0,0,0,0,0,0,A
714,1,1,0,0,0,0,0,0,0,0,0,A
715,1,1,0,0,0,0,0,0,0,0,0,A
716,1,1,0,0,0,0,0,0,0,0,0,A
717,1,1,0,0,0,0,0,0,0,0,0,A
718,1,1,0,0,0,0,0,0,0,0,0,A
719,1,1,0,0,0,0,0,0,0,0,0,A
720,1,1,0,0,0,0,0,0,0,0,0,A
721,1,1,0,0,0,0,0,0,0,0,0,A
722,1,1,0,0,0,0,0,0,0,0,0,A
723,1,1,0,0,0,0,0,0,0,0,0,A
724,1,1,0,0,0,0,0,0,0,0,0,A
725,1,1,0,0,0,0,0,0,0,0,0,A
726,1,1,0,0,0,0,0,0,0,0,0,A
727,1,1,0,0,0,0,0,0,0,0,0,A
728,1,1,0,0,0,0,0,0,0,0,0,A
729,1,1,0,0,0,0,0,0,0,0,0,A
730,1,1,0,0,0,0,0,0,0,0,0,A
731,1,1,0,0,0,0,0,0,0,0,0,A
732,1,1,0,0,0,0,0,0,0,0,0,A
733,1,1,0,0,0,0,0,0,0,0,0,A
734,1,1,0,0,0,0,0,0,0,0,0,A
735,1,1,0,0,0,0,0,0,0,0,0,A
736,1,1,0,0,0,0,0,0,0,0,0,A
737,1,1,0,0,0,0,0,0,0,0,0,A
738,1,1,0,0,0,0,0,0,0,0,0,A
739,1,1,0,0,0,0,0,0,0,0,0,A
740,1,1,0,0,0,0,0,0,0,0,0,A
741,1,1,0,0,0,0,0,0,0,0,0,A
742,1,1,0,0,0,0,0,0,0,0,0,A
743,1,1,0,0,0,0,0,0,0,0,0,A
744,1,1,0,0,0,0,0,0,0,0,0,A
745,1,1,0,0,0,0,0,0,0,0,0,A
746,1,1,0,0,0,0,0,0,0,0,0,A
747,1,1,0,0,0,0,0,0,0,0,0,A
748,1,1,0,0,0,0,0,0,0,0,0,A
749,1,1,0,0,0,0,0,0,0,0,0,A
750,1,1,0,0,0,0,0,0,0,0,0,A
751,1,1,0,0,0,0,0,0,0,0,0,A
752,1,1,0,0,0,0,0,0,0,0,0,A
753,1,1,0,0,0,0,0,0,0,0,0,A
754,1,1,0,0,0,0,0,0,0,0,0,A
755,1,1,0,0,0,0,0,0,0,0,0,A
756,1,1,0,0,0,0,0,0,0,0,0,A
757,1,1,0,0,0,0,0,0,0,0,0,A
758,1,1,0,0,0,0,0,0,0,0,0,A
759,1,1,0,0,0,0,0,0,0,0,0,A
760,1,1,0,0,0,0,0,0,0,0,0,A
761,1,1,0,0,0,0,0,0,0,0,0,A
762,1,1,0,0,0,0,0,0,0,0,0,A
763,1,1,0,0,0,0,0,0,0,0,0,A
764,1,1,0,0,0,0,0,0,0,0,0,A
765,1,1,0,0,0,0,0,0,0,0,0,A
766,1,1,0,0,0,0,0,0,0,0,0,A
767,1,1,0,0,0,0,0,0,0,0,0,A
768,1,1,0,0,0,0,0,0,0,0,0,A
769,1,1,0,0,0,0,0,0,0,0,0,A
770,1,1,0,0,0,0,0,0,0,0,0,A
771,1,1,0,0,0,0,0,0,0,0,0,A
772,1,1,0,0,0,0,0,0,0,0,0,A
773,1,1,0,0,0,0,0,0,0,0,0,A
774,1,1,0,0,0,0,0,0,0,0,0,A
775,1,1,0,0,0,0,0,0,0,0,0,A
776,1,1,0,0,0,0,0,0,0,0,0,A
777,1,1,0,0,0,0,0,0,0,0,0,A
778,1,1,0,0,0,0,0,0,0,0,0,A
779,1,1,0,0,0,0,0,0,0,0,0,A
780,1,1,0,0,0,0,0,0,0,0,0,A
781,1,1,0,0,0,0,0,0,0,0,0,A
782,1,1,0,0,0,0,0,0,0,0,0,A
783,1,1,0,0,0,0,0,0,0,0,0,A
784,1,1,0,0,0,0,0,0,0,0,0,A
785,1,1,0,0,0,0,0,0,0,0,0,A
786,1,1,0,0,0,0,0,0,0,0,0,A
787,1,1,0,0,0,0,0,0,0,0,0,A
788,1,1,0,0,0,0,0,0,0,0,0,A
789,1,1,0,0,0,0,0,0,0,0,0,A
790,1,1,0,0,0,0,0,0,0,0,0,A
791,1,1,0,0,0,0,0,0,0,0,0,A
792,1,1,0,0,0,0,0,0,0,0,0,A
793,1,1,0,0,0,0,0,0,0,0,0,A
794,1,1,0,0,0,0,0,0,0,0,0,A
795,1,1,0,0,0,0,0,0,0,0,0,A
796,1,1,0,0,0,0,0,0,0,0,0,A
797,1,1,0,0,0,0,0,0,0,0,0,A
798,1,1,0,0,0,0,0,0,0,0,0,A
799,1,1,0,0,0,0,0,0,0,0,0,A
800,1,1,0,0,0,0,0,0,0,0,0,A
801,1,1,0,0,0,0,0,0,0,0,0,A
802,1,1,0,0,0,0,0,0,0,0,0,A
803,1,1,0,0,0,0,0,0,0,0,0,A
804,1,1,0,0,0,0,0,0,0,0,0,A
805,1,1,0,0,0,0,0,0,0,0,0,A
806,1,1,0,0,0,0,0,0,0,0,0,A
807,1,1,0,0,0,0,0,0,0,0,0,A
808,1,1,0,0,0,0,0,0,0,0,0,A
809,1,1,0,0,0,0,0,0,0,0,0,A
810,1,1,0,0,0,0,0,0,0,0,0,A
811,1,1,0,0,0,0,0,0,0,0,0,A
812,1,1,0,0,0,0,0,0,0,0,0,A
813,1,1,0,0,0,0,0,0,0,0,0,A
814,1,1,0,0,0,0,0,0,0,0,0,A
815,1,1,0,0,0,0,0,0,0,0,0,A
816,1,1,0,0,0,0,0,0,0,0,0,A
817,1,1,0,0,0,0,0,0,0,0,0,A
818,1,1,0,0,0,0,0,0,0,0,0,A
819,1,1,0,0,0,0,0,0,0,0,0,A
820,1,1,0,0,0,0,0,0,0,0,0,A
821,1,1,0,0,0,0,0,0,0,0,0,A
822,1,1,0,0,0,0,0,0,0,0,0,A
823,1,1,0,0,0,0,0,0,0,0,0,A
824,1,1,0,0,0,0,0,0,0,0,0,A
825,1,1,0,0,0,0,0,0,0,0,0,A
826,1,1,0,0,0,0,0,0,0,0,0,A
827,1,1,0,0,0,0,0,0,0,0,0,A
828,1,1,0,0,0,0,0,0,0,0,0,A
829,1,1,0,0,0,0,0,0,0,0,0,A
830,1,1,0,0,0,0,0,0,0,0,0,A
831,1,1,0,0,0,0,0,0,0,0,0,A
832,1,1,0,0,0,0,0,0,0,0,0,A
833,1,1,0,0,0,0,0,0,0,0,0,A
834,1,1,0,0,0,0,0,0,0,0,0,A
835,1,1,0,0,0,0,0,0,0,0,0,A
836,1,1,0,0,0,0,0,0,0,0,0,A
837,1,1,0,0,0,0,0,0,0,0,0,A
838,1,1,0,0,0,0,0,0,0,0,0,A
839,1,1,0,0,0,0,0,0,0,0,0,A
840,1,1,0,0,0,0,0,0,0,0,0,A
841,1,1,0,0,0,0,0,0,0,0,0,A
842,1,1,0,0,0,0,0,0,0,0,0,A
843,1,1,0,0,0,0,0,0,0,0,0,A
844,1,1,0,0,0,0,0,0,0,0,0,A
845,1,1,0,0,0,0,0,0,0,0,0,A
846,1,1,0,0,0,0,0,0,0,0,0,A
847,1,1,0,0,0,0,0,0,0,0,0,A
848,1,1,0,0,0,0,0,0,0,0,0,A
849,1,1,0,0,0,0,0,0,0,0,0,A
850,1,1,0,0,0,0,0,0,0,0,0,A
851,1,1,0,0,0,0,0,0,0,0,0,A
852,1,1,0,0,0,0,0,0,0,0,0,A
853,1,1,0,0,0,0,0,0,0,0,0,A
854,1,1,0,0,0,0,0,0,0,0,0,A
855,1,1,0,0,0,0,0,0,0,0,0,A
856,1,1,0,0,0,0,0,0,0,0,0,A
857,1,1,0,0,0,0,0,0,0,0,0,A
858,1,1,0,0,0,0,0,0,0,0,0,A
859,1,1,0,0,0,0,0,0,0,0,0,A
860,1,1,0,0,0,0,0,0,0,0,0,A
861,1,1,0,0,0,0,0,0,0,0,0,A
862,1,1,0,0,0,0,0,0,0,0,0,A
863,1,1,0,0,0,0,0,0,0,0,0,A
864,1,1,0,0,0,0,0,0,0,0,0,A
865,1,1,0,0,0,0,0,0,0,0,0,A
866,1,1,0,0,0,0,0,0,0,0,0,A
867,1,1,0,0,0,0,0,0,0,0,0,A
868,1,1,0,0,0,0,0,0,0,0,0,A
869,1,1,0,0,0,0,0,0,0,0,0,A
870,1,1,0,0,0,0,0,0,0,0,0,A
871,1,1,0,0,0,0,0,0,0,0,0,A
872,1,1,0,0,0,0,0,0,0,0,0,A
873,1,1,0,0,0,0,0,0,0,0,0,A
874,1,1,0,0,0,0,0,0,0,0,0,A
875,1,1,0,0,0,0,0,0,0,0,0,A
876,1,1,0,0,0,0,0,0,0,0,0,A
877,1,1,0,0,0,0,0,0,0,0,0,A
878,1,1,0,0,0,0,0,0,0,0,0,A
879,1,1,0,0,0,0,0,0,0,0,0,A
880,1,1,0,0,0,0,0,0,0,0,0,A
881,1,1,0,0,0,0,0,0,0,0,0,A
882,1,1,0,0,0,0,0,0,0,0,0,A
883,1,1,0,0,0,0,0,0,0,0,0,A
884,1,1,0,0,0,0,0,0,0,0,0,A
885,1,1,0,0,0,0,0,0,0,0,0,A
886,1,1,0,0,0,0,0,0,0,0,0,A
887,1,1,0,0,0,0,0,0,0,0,0,A
888,1,1,0,0,0,0,0,0,0,0,0,A
889,1,1,0,0,0,0,0,0,0,0,0,A
890,1,1,0,0,0,0,0,0,0,0,0,A
891,1,1,0,0,0,0,0,0,0,0,0,A
892,1,1,0,0,0,0,0,0,0,0,0,A
893,1,1,0,0,0,0,0,0,0,0,0,A
894,1,1,0,0,0,0,0,0,0,0,0,A
895,1,1,0,0,0,0,0,0,0,0,0,A
896,1,1,0,0,0,0,0,0,0,0,0,A
897,1,1,0,0,0,0,0,0,0,0,0,A
898,1,1,0,0,0,0,0,0,0,0,0,A
899,1,1,0,0,0,0,0,0,0,0,0,A
900,1,1,0,0,0,0,0,0,0,0,0,A
901,1,1,0,0,0,0,0,0,0,0,0,A
902,1,1,0,0,0,0,0,0,0,0,0,A
903,1,1,0,0,0,0,0,0,0,0,0,A
904,1,1,0,0,0,0,0,0,0,0,0,A
905,1,1,0,0,0,0,0,0,0,0,0,A
906,1,1,0,0,0,0,0,0,0,0,0,A
907,1,1,0,0,0,0,0,0,0,0,0,A
908,1,1,0,0,0,0,0,0,0,0,0,A
909,1,1,0,0,0,0,0,0,0,0,0,A
910,1,1,0,0,0,0,0,0,0,0,0,A
911,1,1,0,0,0,0,0,0,0,0,0,A
912,1,1,0,0,0,0,0,0,0,0,0,A
913,1,1,0,0,0,0,0,0,0,0,0,A
914,1,1,0,0,0,0,0,0,0,0,0,A
915,1,1,0,0,0,0,0,0,0,0,0,A
916,1,1,0,0,0,0,0,0,0,0,0,A
917,1,1,0,0,0,0,0,0,0,0,0,A
918,1,1,0,0,0,0,0,0,0,0,0,A
919,1,1,0,0,0,0,0,0,0,0,0,A
920,1,1,0,0,0,0,0,0,0,0,0,A
921,1,1,0,0,0,0,0,0,0,0,0,A
922,1,1,0,0,0,0,0,0,0,0,0,A
923,1,1,0,0,0,0,0,0,0,0,0,A
924,1,1,0,0,0,0,0,0,0,0,0,A
925,1,1,0,0,0,0,0,0,0,0,0,A
926,1,1,0,0,0,0,0,0,0,0,0,A
927,1,1,0,0,0,0,0,0,0,0,0,A
928,1,1,0,0,0,0,0,0,0,0,0,A
929,1,1,0,0,0,0,0,0,0,0,0,A
930,1,1,0,0,0,0,0,0,0,0,0,A
931,1,1,0,0,0,0,0,0,0,0,0,A
932,1,1,0,0,0,0,0,0,0,0,0,A
933,1,1,0,0,0,0,0,0,0,0,0,A
934,1,1,0,0,0,0,0,0,0,0,0,A
935,1,1,0,0,0,0,0,0,0,0,0,A
936,1,1,0,0,0,0,0,0,0,0,0,A
937,1,1,0,0,0,0,0,0,0,0,0,A
938,1,1,0,0,0,0,0,0,0,0,0,A
939,1,1,0,0,0,0,0,0,0,0,0,A
940,1,1,0,0,0,0,0,0,0,0,0,A
941,1,1,0,0,0,0,0,0,0,0,0,A
942,1,1,0,0,0,0,0,0,0,0,0,A
943,1,1,0,0,0,0,0,0,0,0,0,A
944,1,1,0,0,0,0,0,0,0,0,0,A
945,1,1,0,0,0,0,0,0,0,0,0,A
946,1,1,0,0,0,0,0,0,0,0,0,A
947,1,1,0,0,0,0,0,0,0,0,0,A
948,1,1,0,0,0,0,0,0,0,0,0,A
949,1,1,0,0,0,0,0,0,0,0,0,A
950,1,1,0,0,0,0,0,0,0,0,0,A
951,1,1,0,0,0,0,0,0,0,0,0,A
952,1,1,0,0,0,0,0,0,0,0,0,A
953,1,1,0,0,0,0,0,0,0,0,0,A
954,1,1,0,0,0,0,0,0,0,0,0,A
955,1,1,0,0,0,0,0,0,0,0,0,A
956,1,1,0,0,0,0,0,0,0,0,0,A
957,1,1,0,0,0,0,0,0,0,0,0,A
958,1,1,0,0,0,0,0,0,0,0,0,A
959,1,1,0,0,0,0,0,0,0,0,0,A
960,1,1,0,0,0,0,0,0,0,0,0,A
961,1,1,0,0,0,0,0,0,0,0,0,A
962,1,1,0,0,0,0,0,0,0,0,0,A
963,1,1,0,0,0,0,0,0,0,0,0,A
964,1,1,0,0,0,0,0,0,0,0,0,A
965,1,1,0,0,0,0,0,0,0,0,0,A
966,1,1,0,0,0,0,0,0,0,0,0,A
967,1,1,0,0,0,0,0,0,0,0,0,A
968,1,1,0,0,0,0,0,0,0,0,0,A
969,1,1,0,0,0,0,0,0,0,0,0,A
970,1,1,0,0,0,0,0,0,0,0,0,A
971,1,1,0,0,0,0,0,0,0,0,0,A
972,1,1,0,0,0,0,0,0,0,0,0,A
973,1,1,0,0,0,0,0,0,0,0,0,A
974,1,1,0,0,0,0,0,0,0,0,0,A
975,1,1,0,0,0,0,0,0,0,0,0,A
976,1,1,0,0,0,0,0,0,0,0,0,A
977,1,1,0,0,0,0,0,0,0,0,0,A
978,1,1,0,0,0,0,0,0,0,0,0,A
979,1,1,0,0,0,0,0,0,0,0,0,A
980,1,1,0,0,0,0,0,0,0,0,0,A
981,1,1,0,0,0,0,0,0,0,0,0,A
982,1,1,0,0,0,0,0,0,0,0,0,A
983,1,1,0,0,0,0,0,0,0,0,0,A
984,1,1,0,0,0,0,0,0,0,0,0,A
985,1,1,0,0,0,0,0,0,0,0,0,A
986,1,1,0,0,0,0,0,0,0,0,0,A
987,1,1,0,0,0,0,0,0,0,0,0,A
988,1,1,0,0,0,0,0,0,0,0,0,A
989,1,1,0,0,0,0,0,0,0,0,0,A
990,1,1,0,0,0,0,0,0,0,0,0,A
991,1,1,0,0,0,0,0,0,0,0,0,A
992,1,1,0,0,0,0,0,0,0,0,0,A
993,1,1,0,0,0,0,0,0,0,0,0,A
994,1,1,0,0,0,0,0,0,0,0,0,A
995,1,1,0,0,0,0,0,0,0,0,0,A
996,1,1,0,0,0,0,0,0,0,0,0,A
997,1,1,0,0,0,0,0,0,0,0,0,A
998,1,1,0,0,0,0,0,0,0,0,0,A
999,1,1,0,0,0,0,0,0,0,0,0,A
1000,1,1,0,0,0,0,0,0,0,0,0,A
1001,1,1,0,0,0,0,0,0,0,0,0,A
1002,1,1,0,0,0,0,0,0,0,0,0,A
1003,1,1,0,0,0,0,0,0,0,0,0,A
1004,1,1,0,0,0,0,0,0,0,0,0,A
1005,1,1,0,0,0,0,0,0,0,0,0,A
1006,1,1,0,0,0,0,0,0,0,0,0,A
1007,1,1,0,0,0,0,0,0,0,0,0,A
1008,1,1,0,0,0,0,0,0,0,0,0,A
1009,1,1,0,0,0,0,0,0,0,0,0,A
1010,1,1,0,0,0,0,0,0,0,0,0,A
1011,1,1,0,0,0,0,0,0,0,0,0,A
1012,1,1,0,0,0,0,0,0,0,0,0,A
1013,1,1,0,0,0,0,0,0,0,0,0,A
1014,1,1,0,0,0,0,0,0,0,0,0,A
1015,1,1,0,0,0,0,0,0,0,0,0,A
1016,1,1,0,0,0,0,0,0,0,0,0,A
1017,1,1,0,0,0,0,0,0,0,0,0,A
1018,1,1,0,0,0,0,0,0,0,0,0,A
1019,1,1,0,0,0,0,0,0,0,0,0,A
1020,1,1,0,0,0,0,0,0,0,0,0,A
1021,1,1,0,0,0,0,0,0,0,0,0,A
1022,1,1,0,0,0,0,0,0,0,0,0,A
1023,1,1,0,0,0,0,0,0,0,0,0,A
1024,1,1,0,0,0,0,0,0,0,0,0,A
1025,1,1,0,0,0,0,0,0,0,0,0,A
1026,1,1,0,0,0,0,0,0,0,0,0,A
1027,1,1,0,0,0,0,0,0,0,0,0,A
1028,1,1,0,0,0,0,0,0,0,0,0,A
1029,1,1,0,0,0,0,0,0,0,0,0,A
1030,1,1,0,0,0,0,0,0,0,0,0,A
1031,1,1,0,0,0,0,0,0,0,0,0,A
1032,1,1,0,0,0,0,0,0,0,0,0,A
1033,1,1,0,0,0,0,0,0,0,0,0,A
1034,1,1,0,0,0,0,0,0,0,0,0,A
1035,1,1,0,0,0,0,0,0,0,0,0,A
1036,1,1,0,0,0,0,0,0,0,0,0,A
1037,1,1,0,0,0,0,0,0,0,0,0,A
1038,1,1,0,0,0,0,0,0,0,0,0,A
1039,1,1,0,0,0,0,0,0,0,0,0,A
1040,1,1,0,0,0,0,0,0,0,0,0,A
1041,1,1,0,0,0,0,0,0,0,0,0,A
1042,1,1,0,0,0,0,0,0,0,0,0,A
1043,1,1,0,0,0,0,0,0,0,0,0,A
1044,1,1,0,0,0,0,0,0,0,0,0,A
1045,1,1,0,0,0,0,0,0,0,0,0,A
1046,1,1,0,0,0,0,0,0,0,0,0,A
1047,1,1,0,0,0,0,0,0,0,0,0,A
1048,1,1,0,0,0,0,0,0,0,0,0,A
1049,1,1,0,0,0,0,0,0,0,0,0,A
1050,1,1,0,0,0,0,0,0,0,0,0,A
1051,1,1,0,0,0,0,0,0,0,0,0,A
1052,1,1,0,0,0,0,0,0,0,0,0,A
1053,1,1,0,0,0,0,0,0,0,0,0,A
1054,1,1,0,0,0,0,0,0,0,0,0,A
1055,1,1,0,0,0,0,0,0,0,0,0,A
1056,1,1,0,0,0,0,0,0,0,0,0,A
1057,1,1,0,0,0,0,0,0,0,0,0,A
1058,1,1,0,0,0,0,0,0,0,0,0,A
1059,1,1,0,0,0,0,0,0,0,0,0,A
1060,1,1,0,0,0,0,0,0,0,0,0,A
1061,1,1,0,0,0,0,0,0,0,0,0,A
1062,1,1,0,0,0,0,0,0,0,0,0,A
1063,1,1,0,0,0,0,0,0,0,0,0,A
1064,1,1,0,0,0,0,0,0,0,0,0,A
1065,1,1,0,0,0,0,0,0,0,0,0,A
1066,1,1,0,0,0,0,0,0,0,0,0,A
1067,1,1,0,0,0,0,0,0,0,0,0,A
1068,1,1,0,0,0,0,0,0,0,0,0,A
1069,1,1,0,0,0,0,0,0,0,0,0,A
1070,1,1,0,0,0,0,0,0,0,0,0,A
1071,1,1,0,0,0,0,0,0,0,0,0,A
1072,1,1,0,0,0,0,0,0,0,0,0,A
1073,1,1,0,0,0,0,0,0,0,0,0,A
1074,1,1,0,0,0,0,0,0,0,0,0,A
1075,1,1,0,0,0,0,0,0,0,0,0,A
1076,1,1,0,0,0,0,0,0,0,0,0,A
1077,1,1,0,0,0,0,0,0,0,0,0,A
1078,1,1,0,0,0,0,0,0,0,0,0,A
1079,1,1,0,0,0,0,0,0,0,0,0,A
1080,1,1,0,0,0,0,0,0,0,0,0,A
1081,1,1,0,0,0,0,0,0,0,0,0,A
1082,1,1,0,0,0,0,0,0,0,0,0,A
1083,1,1,0,0,0,0,0,0,0,0,0,A
1084,1,1,0,0,0,0,0,0,0,0,0,A
1085,1,1,0,0,0,0,0,0,0,0,0,A
1086,1,1,0,0,0,0,0,0,0,0,0,A
1087,1,1,0,0,0,0,0,0,0,0,0,A
1088,1,1,0,0,0,0,0,0,0,0,0,A
1089,1,1,0,0,0,0,0,0,0,0,0,A
1090,1,1,0,0,0,0,0,0,0,0,0,A
1091,1,1,0,0,0,0,0,0,0,0,0,A
1092,1,1,0,0,0,0,0,0,0,0,0,A
1093,1,1,0,0,0,0,0,0,0,0,0,A
1094,1,1,0,0,0,0,0,0,0,0,0,A
1095,1,1,0,0,0,0,0,0,0,0,0,A
1096,1,1,0,0,0,0,0,0,0,0,0,A
1097,1,1,0,0,0,0,0,0,0,0,0,A
1098,1,1,0,0,0,0,0,0,0,0,0,A
1099,1,1,0,0,0,0,0,0,0,0,0,A
1100,1,1,0,0,0,0,0,0,0,0,0,A
1101,1,1,0,0,0,0,0,0,0,0,0,A
1102,1,1,0,0,0,0,0,0,0,0,0,A
1103,1,1,0,0,0,0,0,0,0,0,0,A
1104,1,1,0,0,0,0,0,0,0,0,0,A
1105,1,1,0,0,0,0,0,0,0,0,0,A
1106,1,1,0,0,0,0,0,0,0,0,0,A
1107,1,1,0,0,0,0,0,0,0,0,0,A
1108,1,1,0,0,0,0,0,0,0,0,0,A
1109,1,1,0,0,0,0,0,0,0,0,0,A
1110,1,1,0,0,0,0,0,0,0,0,0,A
1111,1,1,0,0,0,0,0,0,0,0,0,A
1112,1,1,0,0,0,0,0,0,0,0,0,A
1113,1,1,0,0,0,0,0,0,0,0,0,A
1114,1,1,0,0,0,0,0,0,0,0,0,A
1115,1,1,0,0,0,0,0,0,0,0,0,A
1116,1,1,0,0,0,0,0,0,0,0,0,A
1117,1,1,0,0,0,0,0,0,0,0,0,A
1118,1,1,0,0,0,0,0,0,0,0,0,A
1119,1,1,0,0,0,0,0,0,0,0,0,A
1120,1,1,0,0,0,0,0,0,0,0,0,A
1121,1,1,0,0,0,0,0,0,0,0,0,A
1122,1,1,0,0,0,0,0,0,0,0,0,A
1123,1,1,0,0,0,0,0,0,0,0,0,A
1124,1,1,0,0,0,0,0,0,0,0,0,A
1125,1,1,0,0,0,0,0,0,0,0,0,A
1126,1,1,0,0,0,0,0,0,0,0,0,A
1127,1,1,0,0,0,0,0,0,0,0,0,A
1128,1,1,0,0,0,0,0,0,0,0,0,A
1129,1,1,0,0,0,0,0,0,0,0,0,A
1130,1,1,0,0,0,0,0,0,0,0,0,A
1131,1,1,0,0,0,0,0,0,0,0,0,A
1132,1,1,0,0,0,0,0,0,0,0,0,A
1133,1,1,0,0,0,0,0,0,0,0,0,A
1134,1,1,0,0,0,0,0,0,0,0,0,A
1135,1,1,0,0,0,0,0,0,0,0,0,A
1136,1,1,0,0,0,0,0,0,0,0,0,A
1137,1,1,0,0,0,0,0,0,0,0,0,A
1138,1,1,0,0,0,0,0,0,0,0,0,A
1139,1,1,0,0,0,0,0,0,0,0,0,A
1140,1,1,0,0,0,0,0,0,0,0,0,A
1141,1,1,0,0,0,0,0,0,0,0,0,A
1142,1,1,0,0,0,0,0,0,0,0,0,A
1143,1,1,0,0,0,0,0,0,0,0,0,A
1144,1,1,0,0,0,0,0,0,0,0,0,A
1145,1,1,0,0,0,0,0,0,0,0,0,A
1146,1,1,0,0,0,0,0,0,0,0,0,A
1147,1,1,0,0,0,0,0,0,0,0,0,A
1148,1,1,0,0,0,0,0,0,0,0,0,A
1149,1,1,0,0,0,0,0,0,0,0,0,A
1150,1,1,0,0,0,0,0,0,0,0,0,A
1151,1,1,0,0,0,0,0,0,0,0,0,A
1152,1,1,0,0,0,0,0,0,0,0,0,A
1153,1,1,0,0,0,0,0,0,0,0,0,A
1154,1,1,0,0,0,0,0,0,0,0,0,A
1155,1,1,0,0,0,0,0,0,0,0,0,A
1156,1,1,0,0,0,0,0,0,0,0,0,A
1157,1,1,0,0,0,0,0,0,0,0,0,A
1158,1,1,0,0,0,0,0,0,0,0,0,A
1159,1,1,0,0,0,0,0,0,0,0,0,A
1160,1,1,0,0,0,0,0,0,0,0,0,A
1161,1,1,0,0,0,0,0,0,0,0,0,A
1162,1,1,0,0,0,0,0,0,0,0,0,A
1163,1,1,0,0,0,0,0,0,0,0,0,A
1164,1,1,0,0,0,0,0,0,0,0,0,A
1165,1,1,0,0,0,0,0,0,0,0,0,A
1166,1,1,0,0,0,0,0,0,0,0,0,A
1167,1,1,0,0,0,0,0,0,0,0,0,A
1168,1,1,0,0,0,0,0,0,0,0,0,A
1169,1,1,0,0,0,0,0,0,0,0,0,A
1170,1,1,0,0,0,0,0,0,0,0,0,A
1171,1,1,0,0,0,0,0,0,0,0,0,A
1172,1,1,0,0,0,0,0,0,0,0,0,A
1173,1,1,0,0,0,0,0,0,0,0,0,A
1174,1,1,0,0,0,0,0,0,0,0,0,A
1175,1,1,0,0,0,0,0,0,0,0,0,A
1176,1,1,0,0,0,0,0,0,0,0,0,A
1177,1,1,0,0,0,0,0,0,0,0,0,A
1178,1,1,0,0,0,0,0,0,0,0,0,A
1179,1,1,0,0,0,0,0,0,0,0,0,A
1180,1,1,0,0,0,0,0,0,0,0,0,A
1181,1,1,0,0,0,0,0,0,0,0,0,A
1182,1,1,0,0,0,0,0,0,0,0,0,A
1183,1,1,0,0,0,0,0,0,0,0,0,A
1184,1,1,0,0,0,0,0,0,0,0,0,A
1185,1,1,0,0,0,0,0,0,0,0,0,A
1186,1,1,0,0,0,0,0,0,0,0,0,A
1187,1,1,0,0,0,0,0,0,0,0,0,A
1188,1,1,0,0,0,0,0,0,0,0,0,A
1189,1,1,0,0,0,0,0,0,0,0,0,A
1190,1,1,0,0,0,0,0,0,0,0,0,A
1191,1,1,0,0,0,0,0,0,0,0,0,A
1192,1,1,0,0,0,0,0,0,0,0,0,A
1193,1,1,0,0,0,0,0,0,0,0,0,A
1194,1,1,0,0,0,0,0,0,0,0,0,A
1195,1,1,0,0,0,0,0,0,0,0,0,A
1196,1,1,0,0,0,0,0,0,0,0,0,A
1197,1,1,0,0,0,0,0,0,0,0,0,A
1198,1,1,0,0,0,0,0,0,0,0,0,A
1199,1,1,0,0,0,0,0,0,0,0,0,A
1200,1,1,0,0,0,0,0,0,0,0,0,A
1201,1,1,0,0,0,0,0,0,0,0,0,A
1202,1,1,0,0,0,0,0,0,0,0,0,A
1203,1,1,0,0,0,0,0,0,0,0,0,A
1204,1,1,0,0,0,0,0,0,0,0,0,A
1205,1,1,0,0,0,0,0,0,0,0,0,A
1206,1,1,0,0,0,0,0,0,0,0,0,A
1207,1,1,0,0,0,0,0,0,0,0,0,A
1208,1,1,0,0,0,0,0,0,0,0,0,A
1209,1,1,0,0,0,0,0,0,0,0,0,A
1210,1,1,0,0,0,0,0,0,0,0,0,A
1211,1,1,0,0,0,0,0,0,0,0,0,A
1212,1,1,0,0,0,0,0,0,0,0,0,A
1213,1,1,0,0,0,0,0,0,0,0,0,A
1214,1,1,0,0,0,0,0,0,0,0,0,A
1215,1,1,0,0,0,0,0,0,0,0,0,A
1216,1,1,0,0,0,0,0,0,0,0,0,A
1217,1,1,0,0,0,0,0,0,0,0,0,A
1218,1,1,0,0,0,0,0,0,0,0,0,A
1219,1,1,0,0,0,0,0,0,0,0,0,A
1220,1,1,0,0,0,0,0,0,0,0,0,A
1221,1,1,0,0,0,0,0,0,0,0,0,A
1222,1,1,0,0,0,0,0,0,0,0,0,A
1223,1,1,0,0,0,0,0,0,0,0,0,A
1224,1,1,0,0,0,0,0,0,0,0,0,A
1225,1,1,0,0,0,0,0,0,0,0,0,A
1226,1,1,0,0,0,0,0,0,0,0,0,A
1227,1,1,0,0,0,0,0,0,0,0,0,A
1228,1,1,0,0,0,0,0,0,0,0,0,A
1229,1,1,0,0,0,0,0,0,0,0,0,A
1230,1,1,0,0,0,0,0,0,0,0,0,A
1231,1,1,0,0,0,0,0,0,0,0,0,A
1232,1,1,0,0,0,0,0,0,0,0,0,A
1233,1,1,0,0,0,0,0,0,0,0,0,A
1234,1,1,0,0,0,0,0,0,0,0,0,A
1235,1,1,0,0,0,0,0,0,0,0,0,A
1236,1,1,0,0,0,0,0,0,0,0,0,A
1237,1,1,0,0,0,0,0,0,0,0,0,A
1238,1,1,0,0,0,0,0,0,0,0,0,A
1239,1,1,0,0,0,0,0,0,0,0,0,A
1240,1,1,0,0,0,0,0,0,0,0,0,A
1241,1,1,0,0,0,0,0,0,0,0,0,A
1242,1,1,0,0,0,0,0,0,0,0,0,A
1243,1,1,0,0,0,0,0,0,0,0,0,A
1244,1,1,0,0,0,0,0,0,0,0,0,A
1245,1,1,0,0,0,0,0,0,0,0,0,A
1246,1,1,0,0,0,0,0,0,0,0,0,A
1247,1,1,0,0,0,0,0,0,0,0,0,A
1248,1,1,0,0,0,0,0,0,0,0,0,A
1249,1,1,0,0,0,0,0,0,0,0,0,A
1250,1,1,0,0,0,0,0,0,0,0,0,A
1251,1,1,0,0,0,0,0,0,0,0,0,A
1252,1,1,0,0,0,0,0,0,0,0,0,A
1253,1,1,0,0,0,0,0,0,0,0,0,A
1254,1,1,0,0,0,0,0,0,0,0,0,A
1255,1,1,0,0,0,0,0,0,0,0,0,A
1256,1,1,0,0,0,0,0,0,0,0,0,A
1257,1,1,0,0,0,0,0,0,0,0,0,A
1258,1,1,0,0,0,0,0,0,0,0,0,A
1259,1,1,0,0,0,0,0,0,0,0,0,A
1260,1,1,0,0,0,0,0,0,0,0,0,A
1261,1,1,0,0,0,0,0,0,0,0,0,A
1262,1,1,0,0,0,0,0,0,0,0,0,A
1263,1,1,0,0,0,0,0,0,0,0,0,A
1264,1,1,0,0,0,0,0,0,0,0,0,A
1265,1,1,0,0,0,0,0,0,0,0,0,A
1266,1,1,0,0,0,0,0,0,0,0,0,A
1267,1,1,0,0,0,0,0,0,0,0,0,A
1268,1,1,0,0,0,0,0,0,0,0,0,A
1269,1,1,0,0,0,0,0,0,0,0,0,A
1270,1,1,0,0,0,0,0,0,0,0,0,A
1271,1,1,0,0,0,0,0,0,0,0,0,A
1272,1,1,0,0,0,0,0,0,0,0,0,A
1273,1,1,0,0,0,0,0,0,0,0,0,A
1274,1,1,0,0,0,0,0,0,0,0,0,A
1275,1,1,0,0,0,0,0,0,0,0,0,A
1276,1,1,0,0,0,0,0,0,0,0,0,A
1277,1,1,0,0,0,0,0,0,0,0,0,A
1278,1,1,0,0,0,0,0,0,0,0,0,A
1279,1,1,0,0,0,0,0,0,0,0,0,A
1280,1,1,0,0,0,0,0,0,0,0,0,A
1281,1,1,0,0,0,0,0,0,0,0,0,A
1282,1,1,0,0,0,0,0,0,0,0,0,A
1283,1,1,0,0,0,0,0,0,0,0,0,A
1284,1,1,0,0,0,0,0,0,0,0,0,A
1285,1,1,0,0,0,0,0,0,0,0,0,A
1286,1,1,0,0,0,0,0,0,0,0,0,A
1287,1,1,0,0,0,0,0,0,0,0,0,A
1288,1,1,0,0,0,0,0,0,0,0,0,A
1289,1,1,0,0,0,0,0,0,0,0,0,A
1290,1,1,0,0,0,0,0,0,0,0,0,A
1291,1,1,0,0,0,0,0,0,0,0,0,A
1292,1,1,0,0,0,0,0,0,0,0,0,A
1293,1,1,0,0,0,0,0,0,0,0,0,A
1294,1,1,0,0,0,0,0,0,0,0,0,A
1295,1,1,0,0,0,0,0,0,0,0,0,A
1296,1,1,0,0,0,0,0,0,0,0,0,A
1297,1,1,0,0,0,0,0,0,0,0,0,A
1298,1,1,0,0,0,0,0,0,0,0,0,A
1299,1,1,0,0,0,0,0,0,0,0,0,A
1300,1,1,0,0,0,0,0,0,0,0,0,A
1301,1,1,0,0,0,0,0,0,0,0,0,A
1302,1,1,0,0,0,0,0,0,0,0,0,A
1303,1,1,0,0,0,0,0,0,0,0,0,A
1304,1,1,0,0,0,0,0,0,0,0,0,A
1305,1,1,0,0,0,0,0,0,0,0,0,A
1306,1,1,0,0,0,0,0,0,0,0,0,A
1307,1,1,0,0,0,0,0,0,0,0,0,A
1308,1,1,0,0,0,0,0,0,0,0,0,A
1309,1,1,0,0,0,0,0,0,0,0,0,A
1310,1,1,0,0,0,0,0,0,0,0,0,A
1311,1,1,0,0,0,0,0,0,0,0,0,A
1312,1,1,0,0,0,0,0,0,0,0,0,A
1313,1,1,0,0,0,0,0,0,0,0,0,A
1314,1,1,0,0,0,0,0,0,0,0,0,A
1315,1,1,0,0,0,0,0,0,0,0,0,A
1316,1,1,0,0,0,0,0,0,0,0,0,A
1317,1,1,0,0,0,0,0,0,0,0,0,A
1318,1,1,0,0,0,0,0,0,0,0,0,A
1319,1,1,0,0,0,0,0,0,0,0,0,A
1320,1,1,0,0,0,0,0,0,0,0,0,A
1321,1,1,0,0,0,0,0,0,0,0,0,A
1322,1,1,0,0,0,0,0,0,0,0,0,A
1323,1,1,0,0,0,0,0,0,0,0,0,A
1324,1,1,0,0,0,0,0,0,0,0,0,A
1325,1,1,0,0,0,0,0,0,0,0,0,A
1326,1,1,0,0,0,0,0,0,0,0,0,A
1327,1,1,0,0,0,0,0,0,0,0,0,A
1328,1,1,0,0,0,0,0,0,0,0,0,A
1329,1,1,0,0,0,0,0,0,0,0,0,A
1330,1,1,0,0,0,0,0,0,0,0,0,A
1331,1,1,0,0,0,0,0,0,0,0,0,A
1332,1,1,0,0,0,0,0,0,0,0,0,A
1333,1,1,0,0,0,0,0,0,0,0,0,A
1334,1,1,0,0,0,0,0,0,0,0,0,A
1335,1,1,0,0,0,0,0,0,0,0,0,A
1336,1,1,0,0,0,0,0,0,0,0,0,A
1337,1,1,0,0,0,0,0,0,0,0,0,A
1338,1,1,0,0,0,0,0,0,0,0,0,A
1339,1,1,0,0,0,0,0,0,0,0,0,A
1340,1,1,0,0,0,0,0,0,0,0,0,A
1341,1,1,0,0,0,0,0,0,0,0,0,A
1342,1,1,0,0,0,0,0,0,0,0,0,A
1343,1,1,0,0,0,0,0,0,0,0,0,A
1344,1,1,0,0,0,0,0,0,0,0,0,A
1345,1,1,0,0,0,0,0,0,0,0,0,A
1346,1,1,0,0,0,0,0,0,0,0,0,A
1347,1,1,0,0,0,0,0,0,0,0,0,A
1348,1,1,0,0,0,0,0,0,0,0,0,A
1349,1,1,0,0,0,0,0,0,0,0,0,A
1350,1,1,0,0,0,0,0,0,0,0,0,A
1351,1,1,0,0,0,0,0,0,0,0,0,A
1352,1,1,0,0,0,0,0,0,0,0,0,A
1353,1,1,0,0,0,0,0,0,0,0,0,A
1354,1,1,0,0,0,0,0,0,0,0,0,A
1355,1,1,0,0,0,0,0,0,0,0,0,A
1356,1,1,0,0,0,0,0,0,0,0,0,A
1357,1,1,0,0,0,0,0,0,0,0,0,A
1358,1,1,0,0,0,0,0,0,0,0,0,A
1359,1,1,0,0,0,0,0,0,0,0,0,A
1360,1,1,0,0,0,0,0,0,0,0,0,A
1361,1,1,0,0,0,0,0,0,0,0,0,A
1362,1,1,0,0,0,0,0,0,0,0,0,A
1363,1,1,0,0,0,0,0,0,0,0,0,A
1364,1,1,0,0,0,0,0,0,0,0,0,A
1365,1,1,0,0,0,0,0,0,0,0,0,A
1366,1,1,0,0,0,0,0,0,0,0,0,A
1367,1,1,0,0,0,0,0,0,0,0,0,A
1368,1,1,0,0,0,0,0,0,0,0,0,A
1369,1,1,0,0,0,0,0,0,0,0,0,A
1370,1,1,0,0,0,0,0,0,0,0,0,A
1371,1,1,0,0,0,0,0,0,0,0,0,A
1372,1,1,0,0,0,0,0,0,0,0,0,A
1373,1,1,0,0,0,0,0,0,0,0,0,A
1374,1,1,0,0,0,0,0,0,0,0,0,A
1375,1,1,0,0,0,0,0,0,0,0,0,A
1376,1,1,0,0,0,0,0,0,0,0,0,A
1377,1,1,0,0,0,0,0,0,0,0,0,A
1378,1,1,0,0,0,0,0,0,0,0,0,A
1379,1,1,0,0,0,0,0,0,0,0,0,A
1380,1,1,0,0,0,0,0,0,0,0,0,A
1381,1,1,0,0,0,0,0,0,0,0,0,A
1382,1,1,0,0,0,0,0,0,0,0,0,A
1383,1,1,0,0,0,0,0,0,0,0,0,A
1384,1,1,0,0,0,0,0,0,0,0,0,A
1385,1,1,0,0,0,0,0,0,0,0,0,A
1386,1,1,0,0,0,0,0,0,0,0,0,A
1387,1,1,0,0,0,0,0,0,0,0,0,A
1388,1,1,0,0,0,0,0,0,0,0,0,A
1389,1,1,0,0,0,0,0,0,0,0,0,A
1390,1,1,0,0,0,0,0,0,0,0,0,A
1391,1,1,0,0,0,0,0,0,0,0,0,A
1392,1,1,0,0,0,0,0,0,0,0,0,A
1393,1,1,0,0,0,0,0,0,0,0,0,A
1394,1,1,0,0,0,0,0,0,0,0,0,A
1395,1,1,0,0,0,0,0,0,0,0,0,A
1396,1,1,0,0,0,0,0,0,0,0,0,A
1397,1,1,0,0,0,0,0,0,0,0,0,A
1398,1,1,0,0,0,0,0,0,0,0,0,A
1399,1,1,0,0,0,0,0,0,0,0,0,A
1400,1,1,0,0,0,0,0,0,0,0,0,A
1401,1,1,0,0,0,0,0,0,0,0,0,A
1402,1,1,0,0,0,0,0,0,0,0,0,A
1403,1,1,0,0,0,0,0,0,0,0,0,A
1404,1,1,0,0,0,0,0,0,0,0,0,A
1405,1,1,0,0,0,0,0,0,0,0,0,A
1406,1,1,0,0,0,0,0,0,0,0,0,A
1407,1,1,0,0,0,0,0,0,0,0,0,A
1408,1,1,0,0,0,0,0,0,0,0,0,A
1409,1,1,0,0,0,0,0,0,0,0,0,A
1410,1,1,0,0,0,0,0,0,0,0,0,A
1411,1,1,0,0,0,0,0,0,0,0,0,A
1412,1,1,0,0,0,0,0,0,0,0,0,A
1413,1,1,0,0,0,0,0,0,0,0,0,A
1414,1,1,0,0,0,0,0,0,0,0,0,A
1415,1,1,0,0,0,0,0,0,0,0,0,A
1416,1,1,0,0,0,0,0,0,0,0,0,A
1417,1,1,0,0,0,0,0,0,0,0,0,A
1418,1,1,0,0,0,0,0,0,0,0,0,A
1419,1,1,0,0,0,0,0,0,0,0,0,A
1420,1,1,0,0,0,0,0,0,0,0,0,A
1421,1,1,0,0,0,0,0,0,0,0,0,A
1422,1,1,0,0,0,0,0,0,0,0,0,A
1423,1,1,0,0,0,0,0,0,0,0,0,A
1424,1,1,0,0,0,0,0,0,0,0,0,A
1425,1,1,0,0,0,0,0,0,0,0,0,A
1426,1,1,0,0,0,0,0,0,0,0,0,A
1427,1,1,0,0,0,0,0,0,0,0,0,A
1428,1,1,0,0,0,0,0,0,0,0,0,A
1429,1,1,0,0,0,0,0,0,0,0,0,A
1430,1,1,0,0,0,0,0,0,0,0,0,A
1431,1,1,0,0,0,0,0,0,0,0,0,A
1432,1,1,0,0,0,0,0,0,0,0,0,A
1433,1,1,0,0,0,0,0,0,0,0,0,A
1434,1,1,0,0,0,0,0,0,0,0,0,A
1435,1,1,0,0,0,0,0,0,0,0,0,A
1436,1,1,0,0,0,0,0,0,0,0,0,A
1437,1,1,0,0,0,0,0,0,0,0,0,A
1438,1,1,0,0,0,0,0,0,0,0,0,A
1439,1,1,0,0,0,0,0,0,0,0,0,A
1440,1,1,0,0,0,0,0,0,0,0,0,A
1441,1,1,0,0,0,0,0,0,0,0,0,A
1442,1,1,0,0,0,0,0,0,0,0,0,A
1443,1,1,0,0,0,0,0,0,0,0,0,A
1444,1,1,0,0,0,0,0,0,0,0,0,A
1445,1,1,0,0,0,0,0,0,0,0,0,A
1446,1,1,0,0,0,0,0,0,0,0,0,A
1447,1,1,0,0,0,0,0,0,0,0,0,A
1448,1,1,0,0,0,0,0,0,0,0,0,A
1449,1,1,0,0,0,0,0,0,0,0,0,A
1450,1,1,0,0,0,0,0,0,0,0,0,A
1451,1,1,0,0,0,0,0,0,0,0,0,A
1452,1,1,0,0,0,0,0,0,0,0,0,A
1453,1,1,0,0,0,0,0,0,0,0,0,A
1454,1,1,0,0,0,0,0,0,0,0,0,A
1455,1,1,0,0,0,0,0,0,0,0,0,A
1456,1,1,0,0,0,0,0,0,0,0,0,A
1457,1,1,0,0,0,0,0,0,0,0,0,A
1458,1,1,0,0,0,0,0,0,0,0,0,A
1459,1,1,0,0,0,0,0,0,0,0,0,A
1460,1,1,0,0,0,0,0,0,0,0,0,A
1461,1,1,0,0,0,0,0,0,0,0,0,A
1462,1,1,0,0,0,0,0,0,0,0,0,A
1463,1,1,0,0,0,0,0,0,0,0,0,A
1464,1,1,0,0,0,0,0,0,0,0,0,A
1465,1,1,0,0,0,0,0,0,0,0,0,A
1466,1,1,0,0,0,0,0,0,0,0,0,A
1467,1,1,0,0,0,0,0,0,0,0,0,A
1468,1,1,0,0,0,0,0,0,0,0,0,A
1469,1,1,0,0,0,0,0,0,0,0,0,A
1470,1,1,0,0,0,0,0,0,0,0,0,A
1471,1,1,0,0,0,0,0,0,0,0,0,A
1472,1,1,0,0,0,0,0,0,0,0,0,A
1473,1,1,0,0,0,0,0,0,0,0,0,A
1474,1,1,0,0,0,0,0,0,0,0,0,A
1475,1,1,0,0,0,0,0,0,0,0,0,A
1476,1,1,0,0,0,0,0,0,0,0,0,A
1477,1,1,0,0,0,0,0,0,0,0,0,A
1478,1,1,0,0,0,0,0,0,0,0,0,A
1479,1,1,0,0,0,0,0,0,0,0,0,A
1480,1,1,0,0,0,0,0,0,0,0,0,A
1481,1,1,0,0,0,0,0,0,0,0,0,A
1482,1,1,0,0,0,0,0,0,0,0,0,A
1483,1,1,0,0,0,0,0,0,0,0,0,A
1484,1,1,0,0,0,0,0,0,0,0,0,A
1485,1,1,0,0,0,0,0,0,0,0,0,A
1486,1,1,0,0,0,0,0,0,0,0,0,A
1487,1,1,0,0,0,0,0,0,0,0,0,A
1488,1,1,0,0,0,0,0,0,0,0,0,A
1489,1,1,0,0,0,0,0,0,0,0,0,A
1490,1,1,0,0,0,0,0,0,0,0,0,A
1491,1,1,0,0,0,0,0,0,0,0,0,A
1492,1,1,0,0,0,0,0,0,0,0,0,A
1493,1,1,0,0,0,0,0,0,0,0,0,A
1494,1,1,0,0,0,0,0,0,0,0,0,A
1495,1,1,0,0,0,0,0,0,0,0,0,A
1496,1,1,0,0,0,0,0,0,0,0,0,A
1497,1,1,0,0,0,0,0,0,0,0,0,A
1498,1,1,0,0,0,0,0,0,0,0,0,A
1499,1,1,0,0,0,0,0,0,0,0,0,A
1500,1,1,0,0,0,0,0,0,0,0,0,A
1501,1,1,0,0,0,0,0,0,0,0,0,A
1502,1,1,0,0,0,0,0,0,0,0,0,A
1503,1,1,0,0,0,0,0,0,0,0,0,A
1504,1,1,0,0,0,0,0,0,0,0,0,A
1505,1,1,0,0,0,0,0,0,0,0,0,A
1506,1,1,0,0,0,0,0,0,0,0,0,A
1507,1,1,0,0,0,0,0,0,0,0,0,A
1508,1,1,0,0,0,0,0,0,0,0,0,A
1509,1,1,0,0,0,0,0,0,0,0,0,A
1510,1,1,0,0,0,0,0,0,0,0,0,A
1511,1,1,0,0,0,0,0,0,0,0,0,A
1512,1,1,0,0,0,0,0,0,0,0,0,A
1513,1,1,0,0,0,0,0,0,0,0,0,A
1514,1,1,0,0,0,0,0,0,0,0,0,A
1515,1,1,0,0,0,0,0,0,0,0,0,A
1516,1,1,0,0,0,0,0,0,0,0,0,A
1517,1,1,0,0,0,0,0,0,0,0,0,A
1518,1,1,0,0,0,0,0,0,0,0,0,A
1519,1,1,0,0,0,0,0,0,0,0,0,A
1520,1,1,0,0,0,0,0,0,0,0,0,A
1521,1,1,0,0,0,0,0,0,0,0,0,A
1522,1,1,0,0,0,0,0,0,0,0,0,A
1523,1,1,0,0,0,0,0,0,0,0,0,A
1524,1,1,0,0,0,0,0,0,0,0,0,A
1525,1,1,0,0,0,0,0,0,0,0,0,A
1526,1,1,0,0,0,0,0,0,0,0,0,A
1527,1,1,0,0,0,0,0,0,0,0,0,A
1528,1,1,0,0,0,0,0,0,0,0,0,A
1529,1,1,0,0,0,0,0,0,0,0,0,A
1530,1,1,0,0,0,0,0,0,0,0,0,A
1531,1,1,0,0,0,0,0,0,0,0,0,A
1532,1,1,0,0,0,0,0,0,0,0,0,A
1533,1,1,0,0,0,0,0,0,0,0,0,A
1534,1,1,0,0,0,0,0,0,0,0,0,A
1535,1,1,0,0,0,0,0,0,0,0,0,A
1536,1,1,0,0,0,0,0,0,0,0,0,A
1537,1,1,0,0,0,0,0,0,0,0,0,A
1538,1,1,0,0,0,0,0,0,0,0,0,A
1539,1,1,0,0,0,0,0,0,0,0,0,A
1540,1,1,0,0,0,0,0,0,0,0,0,A
1541,1,1,0,0,0,0,0,0,0,0,0,A
1542,1,1,0,0,0,0,0,0,0,0,0,A
1543,1,1,0,0,0,0,0,0,0,0,0,A
1544,1,1,0,0,0,0,0,0,0,0,0,A
1545,1,1,0,0,0,0,0,0,0,0,0,A
1546,1,1,0,0,0,0,0,0,0,0,0,A
1547,1,1,0,0,0,0,0,0,0,0,0,A
1548,1,1,0,0,0,0,0,0,0,0,0,A
1549,1,1,0,0,0,0,0,0,0,0,0,A
1550,1,1,0,0,0,0,0,0,0,0,0,A
1551,1,1,0,0,0,0,0,0,0,0,0,A
1552,1,1,0,0,0,0,0,0,0,0,0,A
1553,1,1,0,0,0,0,0,0,0,0,0,A
1554,1,1,0,0,0,0,0,0,0,0,0,A
1555,1,1,0,0,0,0,0,0,0,0,0,A
1556,1,1,0,0,0,0,0,0,0,0,0,A
1557,1,1,0,0,0,0,0,0,0,0,0,A
1558,1,1,0,0,0,0,0,0,0,0,0,A
1559,1,1,0,0,0,0,0,0,0,0,0,A
1560,1,1,0,0,0,0,0,0,0,0,0,A
1561,1,1,0,0,0,0,0,0,0,0,0,A
1562,1,1,0,0,0,0,0,0,0,0,0,A
1563,1,1,0,0,0,0,0,0,0,0,0,A
1564,1,1,0,0,0,0,0,0,0,0,0,A
1565,1,1,0,0,0,0,0,0,0,0,0,A
1566,1,1,0,0,0,0,0,0,0,0,0,A
1567,1,1,0,0,0,0,0,0,0,0,0,A
1568,1,1,0,0,0,0,0,0,0,0,0,A
1569,1,1,0,0,0,0,0,0,0,0,0,A
1570,1,1,0,0,0,0,0,0,0,0,0,A
1571,1,1,0,0,0,0,0,0,0,0,0,A
1572,1,1,0,0,0,0,0,0,0,0,0,A
1573,1,1,0,0,0,0,0,0,0,0,0,A
1574,1,1,0,0,0,0,0,0,0,0,0,A
1575,1,1,0,0,0,0,0,0,0,0,0,A
1576,1,1,0,0,0,0,0,0,0,0,0,A
1577,1,1,0,0,0,0,0,0,0,0,0,A
1578,1,1,0,0,0,0,0,0,0,0,0,A
1579,1,1,0,0,0,0,0,0,0,0,0,A
1580,1,1,0,0,0,0,0,0,0,0,0,A
1581,1,1,0,0,0,0,0,0,0,0,0,A
1582,1,1,0,0,0,0,0,0,0,0,0,A
1583,1,1,0,0,0,0,0,0,0,0,0,A
1584,1,1,0,0,0,0,0,0,0,0,0,A
1585,1,1,0,0,0,0,0,0,0,0,0,A
1586,1,1,0,0,0,0,0,0,0,0,0,A
1587,1,1,0,0,0,0,0,0,0,0,0,A
1588,1,1,0,0,0,0,0,0,0,0,0,A
1589,1,1,0,0,0,0,0,0,0,0,0,A
1590,1,1,0,0,0,0,0,0,0,0,0,A
1591,1,1,0,0,0,0,0,0,0,0,0,A
1592,1,1,0,0,0,0,0,0,0,0,0,A
1593,1,1,0,0,0,0,0,0,0,0,0,A
1594,1,1,0,0,0,0,0,0,0,0,0,A
1595,1,1,0,0,0,0,0,0,0,0,0,A
1596,1,1,0,0,0,0,0,0,0,0,0,A
1597,1,1,0,0,0,0,0,0,0,0,0,A
1598,1,1,0,0,0,0,0,0,0,0,0,A
1599,1,1,0,0,0,0,0,0,0,0,0,A
1600,1,1,0,0,0,0,0,0,0,0,0,A
1601,1,1,0,0,0,0,0,0,0,0,0,A
1602,1,1,0,0,0,0,0,0,0,0,0,A
1603,1,1,0,0,0,0,0,0,0,0,0,A
1604,1,1,0,0,0,0,0,0,0,0,0,A
1605,1,1,0,0,0,0,0,0,0,0,0,A
1606,1,1,0,0,0,0,0,0,0,0,0,A
1607,1,1,0,0,0,0,0,0,0,0,0,A
1608,1,1,0,0,0,0,0,0,0,0,0,A
1609,1,1,0,0,0,0,0,0,0,0,0,A
1610,1,1,0,0,0,0,0,0,0,0,0,A
1611,1,1,0,0,0,0,0,0,0,0,0,A
1612,1,1,0,0,0,0,0,0,0,0,0,A
1613,1,1,0,0,0,0,0,0,0,0,0,A
1614,1,1,0,0,0,0,0,0,0,0,0,A
1615,1,1,0,0,0,0,0,0,0,0,0,A
1616,1,1,0,0,0,0,0,0,0,0,0,A
1617,1,1,0,0,0,0,0,0,0,0,0,A
1618,1,1,0,0,0,0,0,0,0,0,0,A
1619,1,1,0,0,0,0,0,0,0,0,0,A
1620,1,1,0,0,0,0,0,0,0,0,0,A
1621,1,1,0,0,0,0,0,0,0,0,0,A
1622,1,1,0,0,0,0,0,0,0,0,0,A
1623,1,1,0,0,0,0,0,0,0,0,0,A
1624,1,1,0,0,0,0,0,0,0,0,0,A
1625,1,1,0,0,0,0,0,0,0,0,0,A
1626,1,1,0,0,0,0,0,0,0,0,0,A
1627,1,1,0,0,0,0,0,0,0,0,0,A
1628,1,1,0,0,0,0,0,0,0,0,0,A
1629,1,1,0,0,0,0,0,0,0,0,0,A
1630,1,1,0,0,0,0,0,0,0,0,0,A
1631,1,1,0,0,0,0,0,0,0,0,0,A
1632,1,1,0,0,0,0,0,0,0,0,0,A
1633,1,1,0,0,0,0,0,0,0,0,0,A
1634,1,1,0,0,0,0,0,0,0,0,0,A
1635,1,1,0,0,0,0,0,0,0,0,0,A
1636,1,1,0,0,0,0,0,0,0,0,0,A
1637,1,1,0,0,0,0,0,0,0,0,0,A
1638,1,1,0,0,0,0,0,0,0,0,0,A
1639,1,1,0,0,0,0,0,0,0,0,0,A
1640,1,1,0,0,0,0,0,0,0,0,0,A
1641,1,1,0,0,0,0,0,0,0,0,0,A
1642,1,1,0,0,0,0,0,0,0,0,0,A
1643,1,1,0,0,0,0,0,0,0,0,0,A
1644,1,1,0,0,0,0,0,0,0,0,0,A
1645,1,1,0,0,0,0,0,0,0,0,0,A
1646,1,1,0,0,0,0,0,0,0,0,0,A
1647,1,1,0,0,0,0,0,0,0,0,0,A
1648,1,1,0,0,0,0,0,0,0,0,0,A
1649,1,1,0,0,0,0,0,0,0,0,0,A
1650,1,1,0,0,0,0,0,0,0,0,0,A
1651,1,1,0,0,0,0,0,0,0,0,0,A
1652,1,1,0,0,0,0,0,0,0,0,0,A
1653,1,1,0,0,0,0,0,0,0,0,0,A
1654,1,1,0,0,0,0,0,0,0,0,0,A
1655,1,1,0,0,0,0,0,0,0,0,0,A
1656,1,1,0,0,0,0,0,0,0,0,0,A
1657,1,1,0,0,0,0,0,0,0,0,0,A
1658,1,1,0,0,0,0,0,0,0,0,0,A
1659,1,1,0,0,0,0,0,0,0,0,0,A
1660,1,1,0,0,0,0,0,0,0,0,0,A
1661,1,1,0,0,0,0,0,0,0,0,0,A
1662,1,1,0,0,0,0,0,0,0,0,0,A
1663,1,1,0,0,0,0,0,0,0,0,0,A
1664,1,1,0,0,0,0,0,0,0,0,0,A
1665,1,1,0,0,0,0,0,0,0,0,0,A
1666,1,1,0,0,0,0,0,0,0,0,0,A
1667,1,1,0,0,0,0,0,0,0,0,0,A
1668,1,1,0,0,0,0,0,0,0,0,0,A
1669,1,1,0,0,0,0,0,0,0,0,0,A
1670,1,1,0,0,0,0,0,0,0,0,0,A
1671,1,1,0,0,0,0,0,0,0,0,0,A
1672,1,1,0,0,0,0,0,0,0,0,0,A
1673,1,1,0,0,0,0,0,0,0,0,0,A
1674,1,1,0,0,0,0,0,0,0,0,0,A
1675,1,1,0,0,0,0,0,0,0,0,0,A
1676,1,1,0,0,0,0,0,0,0,0,0,A
1677,1,1,0,0,0,0,0,0,0,0,0,A
1678,1,1,0,0,0,0,0,0,0,0,0,A
1679,1,1,0,0,0,0,0,0,0,0,0,A
1680,1,1,0,0,0,0,0,0,0,0,0,A
1681,1,1,0,0,0,0,0,0,0,0,0,A
1682,1,1,0,0,0,0,0,0,0,0,0,A
1683,1,1,0,0,0,0,0,0,0,0,0,A
1684,1,1,0,0,0,0,0,0,0,0,0,A
1685,1,1,0,0,0,0,0,0,0,0,0,A
1686,1,1,0,0,0,0,0,0,0,0,0,A
1687,1,1,0,0,0,0,0,0,0,0,0,A
1688,1,1,0,0,0,0,0,0,0,0,0,A
1689,1,1,0,0,0,0,0,0,0,0,0,A
1690,1,1,0,0,0,0,0,0,0,0,0,A
1691,1,1,0,0,0,0,0,0,0,0,0,A
1692,1,1,0,0,0,0,0,0,0,0,0,A
1693,1,1,0,0,0,0,0,0,0,0,0,A
1694,1,1,0,0,0,0,0,0,0,0,0,A
1695,1,1,0,0,0,0,0,0,0,0,0,A
1696,1,1,0,0,0,0,0,0,0,0,0,A
1697,1,1,0,0,0,0,0,0,0,0,0,A
1698,1,1,0,0,0,0,0,0,0,0,0,A
1699,1,1,0,0,0,0,0,0,0,0,0,A
1700,1,1,0,0,0,0,0,0,0,0,0,A
1701,1,1,0,0,0,0,0,0,0,0,0,A
1702,1,1,0,0,0,0,0,0,0,0,0,A
1703,1,1,0,0,0,0,0,0,0,0,0,A
1704,1,1,0,0,0,0,0,0,0,0,0,A
1705,1,1,0,0,0,0,0,0,0,0,0,A
1706,1,1,0,0,0,0,0,0,0,0,0,A
1707,1,1,0,0,0,0,0,0,0,0,0,A
1708,1,1,0,0,0,0,0,0,0,0,0,A
1709,1,1,0,0,0,0,0,0,0,0,0,A
1710,1,1,0,0,0,0,0,0,0,0,0,A
1711,1,1,0,0,0,0,0,0,0,0,0,A
1712,1,1,0,0,0,0,0,0,0,0,0,A
1713,1,1,0,0,0,0,0,0,0,0,0,A
1714,1,1,0,0,0,0,0,0,0,0,0,A
1715,1,1,0,0,0,0,0,0,0,0,0,A
1716,1,1,0,0,0,0,0,0,0,0,0,A
1717,1,1,0,0,0,0,0,0,0,0,0,A
1718,1,1,0,0,0,0,0,0,0,0,0,A
1719,1,1,0,0,0,0,0,0,0,0,0,A
1720,1,1,0,0,0,0,0,0,0,0,0,A
1721,1,1,0,0,0,0,0,0,0,0,0,A
1722,1,1,0,0,0,0,0,0,0,0,0,A
1723,1,1,0,0,0,0,0,0,0,0,0,A
1724,1,1,0,0,0,0,0,0,0,0,0,A
1725,1,1,0,0,0,0,0,0,0,0,0,A
1726,1,1,0,0,0,0,0,0,0,0,0,A
1727,1,1,0,0,0,0,0,0,0,0,0,A
1728,1,1,0,0,0,0,0,0,0,0,0,A
1729,1,1,0,0,0,0,0,0,0,0,0,A
1730,1,1,0,0,0,0,0,0,0,0,0,A
1731,1,1,0,0,0,0,0,0,0,0,0,A
1732,1,1,0,0,0,0,0,0,0,0,0,A
1733,1,1,0,0,0,0,0,0,0,0,0,A
1734,1,1,0,0,0,0,0,0,0,0,0,A
1735,1,1,0,0,0,0,0,0,0,0,0,A
1736,1,1,0,0,0,0,0,0,0,0,0,A
1737,1,1,0,0,0,0,0,0,0,0,0,A
1738,1,1,0,0,0,0,0,0,0,0,0,A
1739,1,1,0,0,0,0,0,0,0,0,0,A
1740,1,1,0,0,0,0,0,0,0,0,0,A
1741,1,1,0,0,0,0,0,0,0,0,0,A
1742,1,1,0,0,0,0,0,0,0,0,0,A
1743,1,1,0,0,0,0,0,0,0,0,0,A
1744,1,1,0,0,0,0,0,0,0,0,0,A
1745,1,1,0,0,0,0,0,0,0,0,0,A
1746,1,1,0,0,0,0,0,0,0,0,0,A
1747,1,1,0,0,0,0,0,0,0,0,0,A
1748,1,1,0,0,0,0,0,0,0,0,0,A
1749,1,1,0,0,0,0,0,0,0,0,0,A
1750,1,1,0,0,0,0,0,0,0,0,0,A
1751,1,1,0,0,0,0,0,0,0,0,0,A
1752,1,1,0,0,0,0,0,0,0,0,0,A
1753,1,1,0,0,0,0,0,0,0,0,0,A
1754,1,1,0,0,0,0,0,0,0,0,0,A
1755,1,1,0,0,0,0,0,0,0,0,0,A
1756,1,1,0,0,0,0,0,0,0,0,0,A
1757,1,1,0,0,0,0,0,0,0,0,0,A
1758,1,1,0,0,0,0,0,0,0,0,0,A
1759,1,1,0,0,0,0,0,0,0,0,0,A
1760,1,1,0,0,0,0,0,0,0,0,0,A
1761,1,1,0,0,0,0,0,0,0,0,0,A
1762,1,1,0,0,0,0,0,0,0,0,0,A
1763,1,1,0,0,0,0,0,0,0,0,0,A
1764,1,1,0,0,0,0,0,0,0,0,0,A
1765,1,1,0,0,0,0,0,0,0,0,0,A
1766,1,1,0,0,0,0,0,0,0,0,0,A
1767,1,1,0,0,0,0,0,0,0,0,0,A
1768,1,1,0,0,0,0,0,0,0,0,0,A
1769,1,1,0,0,0,0,0,0,0,0,0,A
1770,1,1,0,0,0,0,0,0,0,0,0,A
1771,1,1,0,0,0,0,0,0,0,0,0,A
1772,1,1,0,0,0,0,0,0,0,0,0,A
1773,1,1,0,0,0,0,0,0,0,0,0,A
1774,1,1,0,0,0,0,0,0,0,0,0,A
1775,1,1,0,0,0,0,0,0,0,0,0,A
1776,1,1,0,0,0,0,0,0,0,0,0,A
1777,1,1,0,0,0,0,0,0,0,0,0,A
1778,1,1,0,0,0,0,0,0,0,0,0,A
1779,1,1,0,0,0,0,0,0,0,0,0,A
1780,1,1,0,0,0,0,0,0,0,0,0,A
1781,1,1,0,0,0,0,0,0,0,0,0,A
1782,1,1,0,0,0,0,0,0,0,0,0,A
1783,1,1,0,0,0,0,0,0,0,0,0,A
1784,1,1,0,0,0,0,0,0,0,0,0,A
1785,1,1,0,0,0,0,0,0,0,0,0,A
1786,1,1,0,0,0,0,0,0,0,0,0,A
1787,1,1,0,0,0,0,0,0,0,0,0,A
1788,1,1,0,0,0,0,0,0,0,0,0,A
1789,1,1,0,0,0,0,0,0,0,0,0,A
1790,1,1,0,0,0,0,0,0,0,0,0,A
1791,1,1,0,0,0,0,0,0,0,0,0,A
1792,1,1,0,0,0,0,0,0,0,0,0,A
1793,1,1,0,0,0,0,0,0,0,0,0,A
1794,1,1,0,0,0,0,0,0,0,0,0,A
1795,1,1,0,0,0,0,0,0,0,0,0,A
1796,1,1,0,0,0,0,0,0,0,0,0,A
1797,1,1,0,0,0,0,0,0,0,0,0,A
1798,1,1,0,0,0,0,0,0,0,0,0,A
1799,1,1,0,0,0,0,0,0,0,0,0,A
1800,1,1,0,0,0,0,0,0,0,0,0,A
1801,1,1,0,0,0,0,0,0,0,0,0,A
1802,1,1,0,0,0,0,0,0,0,0,0,A
1803,1,1,0,0,0,0,0,0,0,0,0,A
1804,1,1,0,0,0,0,0,0,0,0,0,A
1805,1,1,0,0,0,0,0,0,0,0,0,A
1806,1,1,0,0,0,0,0,0,0,0,0,A
1807,1,1,0,0,0,0,0,0,0,0,0,A
1808,1,1,0,0,0,0,0,0,0,0,0,A
1809,1,1,0,0,0,0,0,0,0,0,0,A
1810,1,1,0,0,0,0,0,0,0,0,0,A
1811,1,1,0,0,0,0,0,0,0,0,0,A
1812,1,1,0,0,0,0,0,0,0,0,0,A
1813,1,1,0,0,0,0,0,0,0,0,0,A
1814,1,1,0,0,0,0,0,0,0,0,0,A
1815,1,1,0,0,0,0,0,0,0,0,0,A
1816,1,1,0,0,0,0,0,0,0,0,0,A
1817,1,1,0,0,0,0,0,0,0,0,0,A
1818,1,1,0,0,0,0,0,0,0,0,0,A
1819,1,1,0,0,0,0,0,0,0,0,0,A
1820,1,1,0,0,0,0,0,0,0,0,0,A
1821,1,1,0,0,0,0,0,0,0,0,0,A
1822,1,1,0,0,0,0,0,0,0,0,0,A
1823,1,1,0,0,0,0,0,0,0,0,0,A
1824,1,1,0,0,0,0,0,0,0,0,0,A
1825,1,1,0,0,0,0,0,0,0,0,0,A
1826,1,1,0,0,0,0,0,0,0,0,0,A
1827,1,1,0,0,0,0,0,0,0,0,0,A
1828,1,1,0,0,0,0,0,0,0,0,0,A
1829,1,1,0,0,0,0,0,0,0,0,0,A
1830,1,1,0,0,0,0,0,0,0,0,0,A
1831,1,1,0,0,0,0,0,0,0,0,0,A
1832,1,1,0,0,0,0,0,0,0,0,0,A
1833,1,1,0,0,0,0,0,0,0,0,0,A
1834,1,1,0,0,0,0,0,0,0,0,0,A
1835,1,1,0,0,0,0,0,0,0,0,0,A
1836,1,1,0,0,0,0,0,0,0,0,0,A
1837,1,1,0,0,0,0,0,0,0,0,0,A
1838,1,1,0,0,0,0,0,0,0,0,0,A
1839,1,1,0,0,0,0,0,0,0,0,0,A
1840,1,1,0,0,0,0,0,0,0,0,0,A
1841,1,1,0,0,0,0,0,0,0,0,0,A
1842,1,1,0,0,0,0,0,0,0,0,0,A
1843,1,1,0,0,0,0,0,0,0,0,0,A
1844,1,1,0,0,0,0,0,0,0,0,0,A
1845,1,1,0,0,0,0,0,0,0,0,0,A
1846,1,1,0,0,0,0,0,0,0,0,0,A
1847,1,1,0,0,0,0,0,0,0,0,0,A
1848,1,1,0,0,0,0,0,0,0,0,0,A
1849,1,1,0,0,0,0,0,0,0,0,0,A
1850,1,1,0,0,0,0,0,0,0,0,0,A
1851,1,1,0,0,0,0,0,0,0,0,0,A
1852,1,1,0,0,0,0,0,0,0,0,0,A
1853,1,1,0,0,0,0,0,0,0,0,0,A
1854,1,1,0,0,0,0,0,0,0,0,0,A
1855,1,1,0,0,0,0,0,0,0,0,0,A
1856,1,1,0,0,0,0,0,0,0,0,0,A
1857,1,1,0,0,0,0,0,0,0,0,0,A
1858,1,1,0,0,0,0,0,0,0,0,0,A
1859,1,1,0,0,0,0,0,0,0,0,0,A
1860,1,1,0,0,0,0,0,0,0,0,0,A
1861,1,1,0,0,0,0,0,0,0,0,0,A
1862,1,1,0,0,0,0,0,0,0,0,0,A
1863,1,1,0,0,0,0,0,0,0,0,0,A
1864,1,1,0,0,0,0,0,0,0,0,0,A
1865,1,1,0,0,0,0,0,0,0,0,0,A
1866,1,1,0,0,0,0,0,0,0,0,0,A
1867,1,1,0,0,0,0,0,0,0,0,0,A
1868,1,1,0,0,0,0,0,0,0,0,0,A
1869,1,1,0,0,0,0,0,0,0,0,0,A
1870,1,1,0,0,0,0,0,0,0,0,0,A
1871,1,1,0,0,0,0,0,0,0,0,0,A
1872,1,1,0,0,0,0,0,0,0,0,0,A
1873,1,1,0,0,0,0,0,0,0,0,0,A
1874,1,1,0,0,0,0,0,0,0,0,0,A
1875,1,1,0,0,0,0,0,0,0,0,0,A
1876,1,1,0,0,0,0,0,0,0,0,0,A
1877,1,1,0,0,0,0,0,0,0,0,0,A
1878,1,1,0,0,0,0,0,0,0,0,0,A
1879,1,1,0,0,0,0,0,0,0,0,0,A
1880,1,1,0,0,0,0,0,0,0,0,0,A
1881,1,1,0,0,0,0,0,0,0,0,0,A
1882,1,1,0,0,0,0,0,0,0,0,0,A
1883,1,1,0,0,0,0,0,0,0,0,0,A
1884,1,1,0,0,0,0,0,0,0,0,0,A
1885,1,1,0,0,0,0,0,0,0,0,0,A
1886,1,1,0,0,0,0,0,0,0,0,0,A
1887,1,1,0,0,0,0,0,0,0,0,0,A
1888,1,1,0,0,0,0,0,0,0,0,0,A
1889,1,1,0,0,0,0,0,0,0,0,0,A
1890,1,1,0,0,0,0,0,0,0,0,0,A
1891,1,1,0,0,0,0,0,0,0,0,0,A
1892,1,1,0,0,0,0,0,0,0,0,0,A
1893,1,1,0,0,0,0,0,0,0,0,0,A
1894,1,1,0,0,0,0,0,0,0,0,0,A
1895,1,1,0,0,0,0,0,0,0,0,0,A
1896,1,1,0,0,0,0,0,0,0,0,0,A
1897,1,1,0,0,0,0,0,0,0,0,0,A
1898,1,1,0,0,0,0,0,0,0,0,0,A
1899,1,1,0,0,0,0,0,0,0,0,0,A
1900,1,1,0,0,0,0,0,0,0,0,0,A
1901,1,1,0,0,0,0,0,0,0,0,0,A
1902,1,1,0,0,0,0,0,0,0,0,0,A
1903,1,1,0,0,0,0,0,0,0,0,0,A
1904,1,1,0,0,0,0,0,0,0,0,0,A
1905,1,1,0,0,0,0,0,0,0,0,0,A
1906,1,1,0,0,0,0,0,0,0,0,0,A
1907,1,1,0,0,0,0,0,0,0,0,0,A
1908,1,1,0,0,0,0,0,0,0,0,0,A
1909,1,1,0,0,0,0,0,0,0,0,0,A
1910,1,1,0,0,0,0,0,0,0,0,0,A
1911,1,1,0,0,0,0,0,0,0,0,0,A
1912,1,1,0,0,0,0,0,0,0,0,0,A
1913,1,1,0,0,0,0,0,0,0,0,0,A
1914,1,1,0,0,0,0,0,0,0,0,0,A
1915,1,1,0,0,0,0,0,0,0,0,0,A
1916,1,1,0,0,0,0,0,0,0,0,0,A
1917,1,1,0,0,0,0,0,0,0,0,0,A
1918,1,1,0,0,0,0,0,0,0,0,0,A
1919,1,1,0,0,0,0,0,0,0,0,0,A
1920,1,1,0,0,0,0,0,0,0,0,0,A
1921,1,1,0,0,0,0,0,0,0,0,0,A
1922,1,1,0,0,0,0,0,0,0,0,0,A
1923,1,1,0,0,0,0,0,0,0,0,0,A
1924,1,1,0,0,0,0,0,0,0,0,0,A
1925,1,1,0,0,0,0,0,0,0,0,0,A
1926,1,1,0,0,0,0,0,0,0,0,0,A
1927,1,1,0,0,0,0,0,0,0,0,0,A
1928,1,1,0,0,0,0,0,0,0,0,0,A
1929,1,1,0,0,0,0,0,0,0,0,0,A
1930,1,1,0,0,0,0,0,0,0,0,0,A
1931,1,1,0,0,0,0,0,0,0,0,0,A
1932,1,1,0,0,0,0,0,0,0,0,0,A
1933,1,1,0,0,0,0,0,0,0,0,0,A
1934,1,1,0,0,0,0,0,0,0,0,0,A
1935,1,1,0,0,0,0,0,0,0,0,0,A
1936,1,1,0,0,0,0,0,0,0,0,0,A
1937,1,1,0,0,0,0,0,0,0,0,0,A
1938,1,1,0,0,0,0,0,0,0,0,0,A
1939,1,1,0,0,0,0,0,0,0,0,0,A
1940,1,1,0,0,0,0,0,0,0,0,0,A
1941,1,1,0,0,0,0,0,0,0,0,0,A
1942,1,1,0,0,0,0,0,0,0,0,0,A
1943,1,1,0,0,0,0,0,0,0,0,0,A
1944,1,1,0,0,0,0,0,0,0,0,0,A
1945,1,1,0,0,0,0,0,0,0,0,0,A
1946,1,1,0,0,0,0,0,0,0,0,0,A
1947,1,1,0,0,0,0,0,0,0,0,0,A
1948,1,1,0,0,0,0,0,0,0,0,0,A
1949,1,1,0,0,0,0,0,0,0,0,0,A
1950,1,1,0,0,0,0,0,0,0,0,0,A
1951,1,1,0,0,0,0,0,0,0,0,0,A
1952,1,1,0,0,0,0,0,0,0,0,0,A
1953,1,1,0,0,0,0,0,0,0,0,0,A
1954,1,1,0,0,0,0,0,0,0,0,0,A
1955,1,1,0,0,0,0,0,0,0,0,0,A
1956,1,1,0,0,0,0,0,0,0,0,0,A
1957,1,1,0,0,0,0,0,0,0,0,0,A
1958,1,1,0,0,0,0,0,0,0,0,0,A
1959,1,1,0,0,0,0,0,0,0,0,0,A
1960,1,1,0,0,0,0,0,0,0,0,0,A
1961,1,1,0,0,0,0,0,0,0,0,0,A
1962,1,1,0,0,0,0,0,0,0,0,0,A
1963,1,1,0,0,0,0,0,0,0,0,0,A
1964,1,1,0,0,0,0,0,0,0,0,0,A
1965,1,1,0,0,0,0,0,0,0,0,0,A
1966,1,1,0,0,0,0,0,0,0,0,0,A
1967,1,1,0,0,0,0,0,0,0,0,0,A
1968,1,1,0,0,0,0,0,0,0,0,0,A
1969,1,1,0,0,0,0,0,0,0,0,0,A
1970,1,1,0,0,0,0,0,0,0,0,0,A
1971,1,1,0,0,0,0,0,0,0,0,0,A
1972,1,1,0,0,0,0,0,0,0,0,0,A
1973,1,1,0,0,0,0,0,0,0,0,0,A
1974,1,1,0,0,0,0,0,0,0,0,0,A
1975,1,1,0,0,0,0,0,0,0,0,0,A
1976,1,1,0,0,0,0,0,0,0,0,0,A
1977,1,1,0,0,0,0,0,0,0,0,0,A
1978,1,1,0,0,0,0,0,0,0,0,0,A
1979,1,1,0,0,0,0,0,0,0,0,0,A
1980,1,1,0,0,0,0,0,0,0,0,0,A
1981,1,1,0,0,0,0,0,0,0,0,0,A
1982,1,1,0,0,0,0,0,0,0,0,0,A
1983,1,1,0,0,0,0,0,0,0,0,0,A
1984,1,1,0,0,0,0,0,0,0,0,0,A
1985,1,1,0,0,0,0,0,0,0,0,0,A
1986,1,1,0,0,0,0,0,0,0,0,0,A
1987,1,1,0,0,0,0,0,0,0,0,0,A
1988,1,1,0,0,0,0,0,0,0,0,0,A
1989,1,1,0,0,0,0,0,0,0,0,0,A
1990,1,1,0,0,0,0,0,0,0,0,0,A
1991,1,1,0,0,0,0,0,0,0,0,0,A
1992,1,1,0,0,0,0,0,0,0,0,0,A
1993,1,1,0,0,0,0,0,0,0,0,0,A
1994,1,1,0,0,0,0,0,0,0,0,0,A
1995,1,1,0,0,0,0,0,0,0,0,0,A
1996,1,1,0,0,0,0,0,0,0,0,0,A
1997,1,1,0,0,0,0,0,0,0,0,0,A
1998,1,1,0,0,0,0,0,0,0,0,0,A
1999,1,1,0,0,0,0,0,0,0,0,0,A
2000,1,1,0,0,0,0,0,0,0,0,0,A
2001,1,1,0,0,0,0,0,0,0,0,0,A
2002,1,1,0,0,0,0,0,0,0,0,0,A
2003,1,1,0,0,0,0,0,0,0,0,0,A
2004,1,1,0,0,0,0,0,0,0,0,0,A
2005,1,1,0,0,0,0,0,0,0,0,0,A
2006,1,1,0,0,0,0,0,0,0,0,0,A
2007,1,1,0,0,0,0,0,0,0,0,0,A
2008,1,1,0,0,0,0,0,0,0,0,0,A
2009,1,1,0,0,0,0,0,0,0,0,0,A
2010,1,1,0,0,0,0,0,0,0,0,0,A
2011,1,1,0,0,0,0,0,0,0,0,0,A
2012,1,1,0,0,0,0,0,0,0,0,0,A
2013,1,1,0,0,0,0,0,0,0,0,0,A
2014,1,1,0,0,0,0,0,0,0,0,0,A
2015,1,1,0,0,0,0,0,0,0,0,0,A
2016,1,1,0,0,0,0,0,0,0,0,0,A
2017,1,1,0,0,0,0,0,0,0,0,0,A
2018,1,1,0,0,0,0,0,0,0,0,0,A
2019,1,1,0,0,0,0,0,0,0,0,0,A
2020,1,1,0,0,0,0,0,0,0,0,0,A
2021,1,1,0,0,0,0,0,0,0,0,0,A
2022,1,1,0,0,0,0,0,0,0,0,0,A
2023,1,1,0,0,0,0,0,0,0,0,0,A
2024,1,1,0,0,0,0,0,0,0,0,0,A
2025,1,1,0,0,0,0,0,0,0,0,0,A
2026,1,1,0,0,0,0,0,0,0,0,0,A
2027,1,1,0,0,0,0,0,0,0,0,0,A
2028,1,1,0,0,0,0,0,0,0,0,0,A
2029,1,1,0,0,0,0,0,0,0,0,0,A
2030,1,1,0,0,0,0,0,0,0,0,0,A
2031,1,1,0,0,0,0,0,0,0,0,0,A
2032,1,1,0,0,0,0,0,0,0,0,0,A
2033,1,1,0,0,0,0,0,0,0,0,0,A
2034,1,1,0,0,0,0,0,0,0,0,0,A
2035,1,1,0,0,0,0,0,0,0,0,0,A
2036,1,1,0,0,0,0,0,0,0,0,0,A
2037,1,1,0,0,0,0,0,0,0,0,0,A
2038,1,1,0,0,0,0,0,0,0,0,0,A
2039,1,1,0,0,0,0,0,0,0,0,0,A
2040,1,1,0,0,0,0,0,0,0,0,0,A
2041,1,1,0,0,0,0,0,0,0,0,0,A
2042,1,1,0,0,0,0,0,0,0,0,0,A
2043,1,1,0,0,0,0,0,0,0,0,0,A
2044,1,1,0,0,0,0,0,0,0,0,0,A
2045,1,1,0,0,0,0,0,0,0,0,0,A
2046,1,1,0,0,0,0,0,0,0,0,0,A
2047,1,1,0,0,0,0,0,0,0,0,0,A
2048,1,1,0,0,0,0,0,0,0,0,0,A
2049,1,1,0,0,0,0,0,0,0,0,0,A
2050,1,1,0,0,0,0,0,0,0,0,0,A
2051,1,1,0,0,0,0,0,0,0,0,0,A
2052,1,1,0,0,0,0,0,0,0,0,0,A
2053,1,1,0,0,0,0,0,0,0,0,0,A
2054,1,1,0,0,0,0,0,0,0,0,0,A
2055,1,1,0,0,0,0,0,0,0,0,0,A
2056,1,1,0,0,0,0,0,0,0,0,0,A
2057,1,1,0,0,0,0,0,0,0,0,0,A
2058,1,1,0,0,0,0,0,0,0,0,0,A
2059,1,1,0,0,0,0,0,0,0,0,0,A
2060,1,1,0,0,0,0,0,0,0,0,0,A
2061,1,1,0,0,0,0,0,0,0,0,0,A
2062,1,1,0,0,0,0,0,0,0,0,0,A
2063,1,1,0,0,0,0,0,0,0,0,0,A
2064,1,1,0,0,0,0,0,0,0,0,0,A
2065,1,1,0,0,0,0,0,0,0,0,0,A
2066,1,1,0,0,0,0,0,0,0,0,0,A
2067,1,1,0,0,0,0,0,0,0,0,0,A
2068,1,1,0,0,0,0,0,0,0,0,0,A
2069,1,1,0,0,0,0,0,0,0,0,0,A
2070,1,1,0,0,0,0,0,0,0,0,0,A
2071,1,1,0,0,0,0,0,0,0,0,0,A
2072,1,1,0,0,0,0,0,0,0,0,0,A
2073,1,1,0,0,0,0,0,0,0,0,0,A
2074,1,1,0,0,0,0,0,0,0,0,0,A
2075,1,1,0,0,0,0,0,0,0,0,0,A
2076,1,1,0,0,0,0,0,0,0,0,0,A
2077,1,1,0,0,0,0,0,0,0,0,0,A
2078,1,1,0,0,0,0,0,0,0,0,0,A
2079,1,1,0,0,0,0,0,0,0,0,0,A
2080,1,1,0,0,0,0,0,0,0,0,0,A
2081,1,1,0,0,0,0,0,0,0,0,0,A
2082,1,1,0,0,0,0,0,0,0,0,0,A
2083,1,1,0,0,0,0,0,0,0,0,0,A
2084,1,1,0,0,0,0,0,0,0,0,0,A
2085,1,1,0,0,0,0,0,0,0,0,0,A
2086,1,1,0,0,0,0,0,0,0,0,0,A
2087,1,1,0,0,0,0,0,0,0,0,0,A
2088,1,1,0,0,0,0,0,0,0,0,0,A
2089,1,1,0,0,0,0,0,0,0,0,0,A
2090,1,1,0,0,0,0,0,0,0,0,0,A
2091,1,1,0,0,0,0,0,0,0,0,0,A
2092,1,1,0,0,0,0,0,0,0,0,0,A
2093,1,1,0,0,0,0,0,0,0,0,0,A
2094,1,1,0,0,0,0,0,0,0,0,0,A
2095,1,1,0,0,0,0,0,0,0,0,0,A
2096,1,1,0,0,0,0,0,0,0,0,0,A
2097,1,1,0,0,0,0,0,0,0,0,0,A
2098,1,1,0,0,0,0,0,0,0,0,0,A
2099,1,1,0,0,0,0,0,0,0,0,0,A
2100,1,1,0,0,0,0,0,0,0,0,0,A
2101,1,1,0,0,0,0,0,0,0,0,0,A
2102,1,1,0,0,0,0,0,0,0,0,0,A
2103,1,1,0,0,0,0,0,0,0,0,0,A
2104,1,1,0,0,0,0,0,0,0,0,0,A
2105,1,1,0,0,0,0,0,0,0,0,0,A
2106,1,1,0,0,0,0,0,0,0,0,0,A
2107,1,1,0,0,0,0,0,0,0,0,0,A
2108,1,1,0,0,0,0,0,0,0,0,0,A
2109,1,1,0,0,0,0,0,0,0,0,0,A
2110,1,1,0,0,0,0,0,0,0,0,0,A
2111,1,1,0,0,0,0,0,0,0,0,0,A
2112,1,1,0,0,0,0,0,0,0,0,0,A
2113,1,1,0,0,0,0,0,0,0,0,0,A
2114,1,1,0,0,0,0,0,0,0,0,0,A
2115,1,1,0,0,0,0,0,0,0,0,0,A
2116,1,1,0,0,0,0,0,0,0,0,0,A
2117,1,1,0,0,0,0,0,0,0,0,0,A
2118,1,1,0,0,0,0,0,0,0,0,0,A
2119,1,1,0,0,0,0,0,0,0,0,0,A
2120,1,1,0,0,0,0,0,0,0,0,0,A
2121,1,1,0,0,0,0,0,0,0,0,0,A
2122,1,1,0,0,0,0,0,0,0,0,0,A
2123,1,1,0,0,0,0,0,0,0,0,0,A
2124,1,1,0,0,0,0,0,0,0,0,0,A
2125,1,1,0,0,0,0,0,0,0,0,0,A
2126,1,1,0,0,0,0,0,0,0,0,0,A
2127,1,1,0,0,0,0,0,0,0,0,0,A
2128,1,1,0,0,0,0,0,0,0,0,0,A
2129,1,1,0,0,0,0,0,0,0,0,0,A
2130,1,1,0,0,0,0,0,0,0,0,0,A
2131,1,1,0,0,0,0,0,0,0,0,0,A
2132,1,1,0,0,0,0,0,0,0,0,0,A
2133,1,1,0,0,0,0,0,0,0,0,0,A
2134,1,1,0,0,0,0,0,0,0,0,0,A
2135,1,1,0,0,0,0,0,0,0,0,0,A
2136,1,1,0,0,0,0,0,0,0,0,0,A
2137,1,1,0,0,0,0,0,0,0,0,0,A
2138,1,1,0,0,0,0,0,0,0,0,0,A
2139,1,1,0,0,0,0,0,0,0,0,0,A
2140,1,1,0,0,0,0,0,0,0,0,0,A
2141,1,1,0,0,0,0,0,0,0,0,0,A
2142,1,1,0,0,0,0,0,0,0,0,0,A
2143,1,1,0,0,0,0,0,0,0,0,0,A
2144,1,1,0,0,0,0,0,0,0,0,0,A
2145,1,1,0,0,0,0,0,0,0,0,0,A
2146,1,1,0,0,0,0,0,0,0,0,0,A
2147,1,1,0,0,0,0,0,0,0,0,0,A
2148,1,1,0,0,0,0,0,0,0,0,0,A
2149,1,1,0,0,0,0,0,0,0,0,0,A
2150,1,1,0,0,0,0,0,0,0,0,0,A
2151,1,1,0,0,0,0,0,0,0,0,0,A
2152,1,1,0,0,0,0,0,0,0,0,0,A
2153,1,1,0,0,0,0,0,0,0,0,0,A
2154,1,1,0,0,0,0,0,0,0,0,0,A
2155,1,1,0,0,0,0,0,0,0,0,0,A
2156,1,1,0,0,0,0,0,0,0,0,0,A
2157,1,1,0,0,0,0,0,0,0,0,0,A
2158,1,1,0,0,0,0,0,0,0,0,0,A
2159,1,1,0,0,0,0,0,0,0,0,0,A
2160,1,1,0,0,0,0,0,0,0,0,0,A
2161,1,1,0,0,0,0,0,0,0,0,0,A
2162,1,1,0,0,0,0,0,0,0,0,0,A
2163,1,1,0,0,0,0,0,0,0,0,0,A
2164,1,1,0,0,0,0,0,0,0,0,0,A
2165,1,1,0,0,0,0,0,0,0,0,0,A
2166,1,1,0,0,0,0,0,0,0,0,0,A
2167,1,1,0,0,0,0,0,0,0,0,0,A
2168,1,1,0,0,0,0,0,0,0,0,0,A
2169,1,1,0,0,0,0,0,0,0,0,0,A
2170,1,1,0,0,0,0,0,0,0,0,0,A
2171,1,1,0,0,0,0,0,0,0,0,0,A
2172,1,1,0,0,0,0,0,0,0,0,0,A
2173,1,1,0,0,0,0,0,0,0,0,0,A
2174,1,1,0,0,0,0,0,0,0,0,0,A
2175,1,1,0,0,0,0,0,0,0,0,0,A
2176,1,1,0,0,0,0,0,0,0,0,0,A
2177,1,1,0,0,0,0,0,0,0,0,0,A
2178,1,1,0,0,0,0,0,0,0,0,0,A
2179,1,1,0,0,0,0,0,0,0,0,0,A
2180,1,1,0,0,0,0,0,0,0,0,0,A
2181,1,1,0,0,0,0,0,0,0,0,0,A
2182,1,1,0,0,0,0,0,0,0,0,0,A
2183,1,1,0,0,0,0,0,0,0,0,0,A
2184,1,1,0,0,0,0,0,0,0,0,0,A
2185,1,1,0,0,0,0,0,0,0,0,0,A
2186,1,1,0,0,0,0,0,0,0,0,0,A
2187,1,1,0,0,0,0,0,0,0,0,0,A
2188,1,1,0,0,0,0,0,0,0,0,0,A
2189,1,1,0,0,0,0,0,0,0,0,0,A
2190,1,1,0,0,0,0,0,0,0,0,0,A
2191,1,1,0,0,0,0,0,0,0,0,0,A
2192,1,1,0,0,0,0,0,0,0,0,0,A
2193,1,1,0,0,0,0,0,0,0,0,0,A
2194,1,1,0,0,0,0,0,0,0,0,0,A
2195,1,1,0,0,0,0,0,0,0,0,0,A
2196,1,1,0,0,0,0,0,0,0,0,0,A
2197,1,1,0,0,0,0,0,0,0,0,0,A
2198,1,1,0,0,0,0,0,0,0,0,0,A
2199,1,1,0,0,0,0,0,0,0,0,0,A
2200,1,1,0,0,0,0,0,0,0,0,0,A
2201,1,1,0,0,0,0,0,0,0,0,0,A
2202,1,1,0,0,0,0,0,0,0,0,0,A
2203,1,1,0,0,0,0,0,0,0,0,0,A
2204,1,1,0,0,0,0,0,0,0,0,0,A
2205,1,1,0,0,0,0,0,0,0,0,0,A
2206,1,1,0,0,0,0,0,0,0,0,0,A
2207,1,1,0,0,0,0,0,0,0,0,0,A
2208,1,1,0,0,0,0,0,0,0,0,0,A
2209,1,1,0,0,0,0,0,0,0,0,0,A
2210,1,1,0,0,0,0,0,0,0,0,0,A
2211,1,1,0,0,0,0,0,0,0,0,0,A
2212,1,1,0,0,0,0,0,0,0,0,0,A
2213,1,1,0,0,0,0,0,0,0,0,0,A
2214,1,1,0,0,0,0,0,0,0,0,0,A
2215,1,1,0,0,0,0,0,0,0,0,0,A
2216,1,1,0,0,0,0,0,0,0,0,0,A
2217,1,1,0,0,0,0,0,0,0,0,0,A
2218,1,1,0,0,0,0,0,0,0,0,0,A
2219,1,1,0,0,0,0,0,0,0,0,0,A
2220,1,1,0,0,0,0,0,0,0,0,0,A
2221,1,1,0,0,0,0,0,0,0,0,0,A
2222,1,1,0,0,0,0,0,0,0,0,0,A
2223,1,1,0,0,0,0,0,0,0,0,0,A
2224,1,1,0,0,0,0,0,0,0,0,0,A
2225,1,1,0,0,0,0,0,0,0,0,0,A
2226,1,1,0,0,0,0,0,0,0,0,0,A
2227,1,1,0,0,0,0,0,0,0,0,0,A
2228,1,1,0,0,0,0,0,0,0,0,0,A
2229,1,1,0,0,0,0,0,0,0,0,0,A
2230,1,1,0,0,0,0,0,0,0,0,0,A
2231,1,1,0,0,0,0,0,0,0,0,0,A
2232,1,1,0,0,0,0,0,0,0,0,0,A
2233,1,1,0,0,0,0,0,0,0,0,0,A
2234,1,1,0,0,0,0,0,0,0,0,0,A
2235,1,1,0,0,0,0,0,0,0,0,0,A
2236,1,1,0,0,0,0,0,0,0,0,0,A
2237,1,1,0,0,0,0,0,0,0,0,0,A
2238,1,1,0,0,0,0,0,0,0,0,0,A
2239,1,1,0,0,0,0,0,0,0,0,0,A
2240,1,1,0,0,0,0,0,0,0,0,0,A
2241,1,1,0,0,0,0,0,0,0,0,0,A
2242,1,1,0,0,0,0,0,0,0,0,0,A
2243,1,1,0,0,0,0,0,0,0,0,0,A
2244,1,1,0,0,0,0,0,0,0,0,0,A
2245,1,1,0,0,0,0,0,0,0,0,0,A
2246,1,1,0,0,0,0,0,0,0,0,0,A
2247,1,1,0,0,0,0,0,0,0,0,0,A
2248,1,1,0,0,0,0,0,0,0,0,0,A
2249,1,1,0,0,0,0,0,0,0,0,0,A
2250,1,1,0,0,0,0,0,0,0,0,0,A
2251,1,1,0,0,0,0,0,0,0,0,0,A
2252,1,1,0,0,0,0,0,0,0,0,0,A
2253,1,1,0,0,0,0,0,0,0,0,0,A
2254,1,1,0,0,0,0,0,0,0,0,0,A
2255,1,1,0,0,0,0,0,0,0,0,0,A
2256,1,1,0,0,0,0,0,0,0,0,0,A
2257,1,1,0,0,0,0,0,0,0,0,0,A
2258,1,1,0,0,0,0,0,0,0,0,0,A
2259,1,1,0,0,0,0,0,0,0,0,0,A
2260,1,1,0,0,0,0,0,0,0,0,0,A
2261,1,1,0,0,0,0,0,0,0,0,0,A
2262,1,1,0,0,0,0,0,0,0,0,0,A
2263,1,1,0,0,0,0,0,0,0,0,0,A
2264,1,1,0,0,0,0,0,0,0,0,0,A
2265,1,1,0,0,0,0,0,0,0,0,0,A
2266,1,1,0,0,0,0,0,0,0,0,0,A
2267,1,1,0,0,0,0,0,0,0,0,0,A
2268,1,1,0,0,0,0,0,0,0,0,0,A
2269,1,1,0,0,0,0,0,0,0,0,0,A
2270,1,1,0,0,0,0,0,0,0,0,0,A
2271,1,1,0,0,0,0,0,0,0,0,0,A
2272,1,1,0,0,0,0,0,0,0,0,0,A
2273,1,1,0,0,0,0,0,0,0,0,0,A
2274,1,1,0,0,0,0,0,0,0,0,0,A
2275,1,1,0,0,0,0,0,0,0,0,0,A
2276,1,1,0,0,0,0,0,0,0,0,0,A
2277,1,1,0,0,0,0,0,0,0,0,0,A
2278,1,1,0,0,0,0,0,0,0,0,0,A
2279,1,1,0,0,0,0,0,0,0,0,0,A
2280,1,1,0,0,0,0,0,0,0,0,0,A
2281,1,1,0,0,0,0,0,0,0,0,0,A
2282,1,1,0,0,0,0,0,0,0,0,0,A
2283,1,1,0,0,0,0,0,0,0,0,0,A
2284,1,1,0,0,0,0,0,0,0,0,0,A
2285,1,1,0,0,0,0,0,0,0,0,0,A
2286,1,1,0,0,0,0,0,0,0,0,0,A
2287,1,1,0,0,0,0,0,0,0,0,0,A
2288,1,1,0,0,0,0,0,0,0,0,0,A
2289,1,1,0,0,0,0,0,0,0,0,0,A
2290,1,1,0,0,0,0,0,0,0,0,0,A
2291,1,1,0,0,0,0,0,0,0,0,0,A
2292,1,1,0,0,0,0,0,0,0,0,0,A
2293,1,1,0,0,0,0,0,0,0,0,0,A
2294,1,1,0,0,0,0,0,0,0,0,0,A
2295,1,1,0,0,0,0,0,0,0,0,0,A
2296,1,1,0,0,0,0,0,0,0,0,0,A
2297,1,1,0,0,0,0,0,0,0,0,0,A
2298,1,1,0,0,0,0,0,0,0,0,0,A
2299,1,1,0,0,0,0,0,0,0,0,0,A
2300,1,1,0,0,0,0,0,0,0,0,0,A
2301,1,1,0,0,0,0,0,0,0,0,0,A
2302,1,1,0,0,0,0,0,0,0,0,0,A
2303,1,1,0,0,0,0,0,0,0,0,0,A
2304,1,1,0,0,0,0,0,0,0,0,0,A
2305,1,1,0,0,0,0,0,0,0,0,0,A
2306,1,1,0,0,0,0,0,0,0,0,0,A
2307,1,1,0,0,0,0,0,0,0,0,0,A
2308,1,1,0,0,0,0,0,0,0,0,0,A
2309,1,1,0,0,0,0,0,0,0,0,0,A
2310,1,1,0,0,0,0,0,0,0,0,0,A
2311,1,1,0,0,0,0,0,0,0,0,0,A
2312,1,1,0,0,0,0,0,0,0,0,0,A
2313,1,1,0,0,0,0,0,0,0,0,0,A
2314,1,1,0,0,0,0,0,0,0,0,0,A
2315,1,1,0,0,0,0,0,0,0,0,0,A
2316,1,1,0,0,0,0,0,0,0,0,0,A
2317,1,1,0,0,0,0,0,0,0,0,0,A
2318,1,1,0,0,0,0,0,0,0,0,0,A
2319,1,1,0,0,0,0,0,0,0,0,0,A
2320,1,1,0,0,0,0,0,0,0,0,0,A
2321,1,1,0,0,0,0,0,0,0,0,0,A
2322,1,1,0,0,0,0,0,0,0,0,0,A
2323,1,1,0,0,0,0,0,0,0,0,0,A
2324,1,1,0,0,0,0,0,0,0,0,0,A
2325,1,1,0,0,0,0,0,0,0,0,0,A
2326,1,1,0,0,0,0,0,0,0,0,0,A
2327,1,1,0,0,0,0,0,0,0,0,0,A
2328,1,1,0,0,0,0,0,0,0,0,0,A
2329,1,1,0,0,0,0,0,0,0,0,0,A
2330,1,1,0,0,0,0,0,0,0,0,0,A
2331,1,1,0,0,0,0,0,0,0,0,0,A
2332,1,1,0,0,0,0,0,0,0,0,0,A
2333,1,1,0,0,0,0,0,0,0,0,0,A
2334,1,1,0,0,0,0,0,0,0,0,0,A
2335,1,1,0,0,0,0,0,0,0,0,0,A
2336,1,1,0,0,0,0,0,0,0,0,0,A
2337,1,1,0,0,0,0,0,0,0,0,0,A
2338,1,1,0,0,0,0,0,0,0,0,0,A
2339,1,1,0,0,0,0,0,0,0,0,0,A
2340,1,1,0,0,0,0,0,0,0,0,0,A
2341,1,1,0,0,0,0,0,0,0,0,0,A
2342,1,1,0,0,0,0,0,0,0,0,0,A
2343,1,1,0,0,0,0,0,0,0,0,0,A
2344,1,1,0,0,0,0,0,0,0,0,0,A
2345,1,1,0,0,0,0,0,0,0,0,0,A
2346,1,1,0,0,0,0,0,0,0,0,0,A
2347,1,1,0,0,0,0,0,0,0,0,0,A
2348,1,1,0,0,0,0,0,0,0,0,0,A
2349,1,1,0,0,0,0,0,0,0,0,0,A
2350,1,1,0,0,0,0,0,0,0,0,0,A
2351,1,1,0,0,0,0,0,0,0,0,0,A
2352,1,1,0,0,0,0,0,0,0,0,0,A
2353,1,1,0,0,0,0,0,0,0,0,0,A
2354,1,1,0,0,0,0,0,0,0,0,0,A
2355,1,1,0,0,0,0,0,0,0,0,0,A
2356,1,1,0,0,0,0,0,0,0,0,0,A
2357,1,1,0,0,0,0,0,0,0,0,0,A
2358,1,1,0,0,0,0,0,0,0,0,0,A
2359,1,1,0,0,0,0,0,0,0,0,0,A
2360,1,1,0,0,0,0,0,0,0,0,0,A
2361,1,1,0,0,0,0,0,0,0,0,0,A
2362,1,1,0,0,0,0,0,0,0,0,0,A
2363,1,1,0,0,0,0,0,0,0,0,0,A
2364,1,1,0,0,0,0,0,0,0,0,0,A
2365,1,1,0,0,0,0,0,0,0,0,0,A
2366,1,1,0,0,0,0,0,0,0,0,0,A
2367,1,1,0,0,0,0,0,0,0,0,0,A
2368,1,1,0,0,0,0,0,0,0,0,0,A
2369,1,1,0,0,0,0,0,0,0,0,0,A
2370,1,1,0,0,0,0,0,0,0,0,0,A
2371,1,1,0,0,0,0,0,0,0,0,0,A
2372,1,1,0,0,0,0,0,0,0,0,0,A
2373,1,1,0,0,0,0,0,0,0,0,0,A
2374,1,1,0,0,0,0,0,0,0,0,0,A
2375,1,1,0,0,0,0,0,0,0,0,0,A
2376,1,1,0,0,0,0,0,0,0,0,0,A
2377,1,1,0,0,0,0,0,0,0,0,0,A
2378,1,1,0,0,0,0,0,0,0,0,0,A
2379,1,1,0,0,0,0,0,0,0,0,0,A
2380,1,1,0,0,0,0,0,0,0,0,0,A
2381,1,1,0,0,0,0,0,0,0,0,0,A
2382,1,1,0,0,0,0,0,0,0,0,0,A
2383,1,1,0,0,0,0,0,0,0,0,0,A
2384,1,1,0,0,0,0,0,0,0,0,0,A
2385,1,1,0,0,0,0,0,0,0,0,0,A
2386,1,1,0,0,0,0,0,0,0,0,0,A
2387,1,1,0,0,0,0,0,0,0,0,0,A
2388,1,1,0,0,0,0,0,0,0,0,0,A
2389,1,1,0,0,0,0,0,0,0,0,0,A
2390,1,0,0,0,0,0,0,0,0,0,0,A
2391,1,0,0,0,0,0,0,0,0,0,0,A
2392,1,0,0,0,0,0,0,0,0,0,0,A
2393,1,0,0,0,0,0,0,0,0,0,0,A
2394,1,0,0,0,0,0,0,0,0,0,0,A
2395,1,0,0,0,0,0,0,0,0,0,0,A
2396,1,0,0,0,0,0,0,0,0,0,0,A
2397,1,0,0,0,0,0,0,0,0,0,0,A
2398,1,0,0,0,0,0,0,0,0,0,0,A
2399,1,0,0,0,0,0,0,0,0,0,0,A
2400,1,0,0,0,0,0,0,0,0,0,0,A
2401,1,0,0,0,0,0,0,0,0,0,0,A
2402,1,0,0,0,0,0,0,0,0,0,0,A
2403,1,0,0,0,0,0,0,0,0,0,0,A
2404,1,0,0,0,0,0,0,0,0,0,0,A
2405,1,0,0,0,0,0,0,0,0,0,0,A
2406,1,0,0,0,0,0,0,0,0,0,0,A
2407,1,0,0,0,0,0,0,0,0,0,0,A
2408,1,0,0,0,0,0,0,0,0,0,0,A
2409,1,0,0,0,0,0,0,0,0,0,0,A
2410,1,0,0,0,0,0,0,0,0,0,0,A
2411,1,0,0,0,0,0,0,0,0,0,0,A
2412,1,0,0,0,0,0,0,0,0,0,0,A
2413,1,0,0,0,0,0,0,0,0,0,0,A
2414,1,0,0,0,0,0,0,0,0,0,0,A
2415,1,0,0,0,0,0,0,0,0,0,0,A
2416,1,0,0,0,0,0,0,0,0,0,0,A
2417,1,0,0,0,0,0,0,0,0,0,0,A
2418,1,0,0,0,0,0,0,0,0,0,0,A
2419,1,0,0,0,0,0,0,0,0,0,0,A
2420,1,0,0,0,0,0,0,0,0,0,0,A
2421,1,0,0,0,0,0,0,0,0,0,0,A
2422,1,0,0,0,0,0,0,0,0,0,0,A
2423,1,0,0,0,0,0,0,0,0,0,0,A
2424,1,0,0,0,0,0,0,0,0,0,0,A
2425,1,0,0,0,0,0,0,0,0,0,0,A
2426,1,0,0,0,0,0,0,0,0,0,0,A
2427,1,0,0,0,0,0,0,0,0,0,0,A
2428,1,0,0,0,0,0,0,0,0,0,0,A
2429,1,0,0,0,0,0,0,0,0,0,0,A
2430,1,0,0,0,0,0,0,0,0,0,0,A
2431,1,0,0,0,0,0,0,0,0,0,0,A
2432,1,0,0,0,0,0,0,0,0,0,0,A
2433,1,0,0,0,0,0,0,0,0,0,0,A
2434,1,0,0,0,0,0,0,0,0,0,0,A
2435,1,0,0,0,0,0,0,0,0,0,0,A
2436,1,0,0,0,0,0,0,0,0,0,0,A
2437,1,0,0,0,0,0,0,0,0,0,0,A
2438,1,0,0,0,0,0,0,0,0,0,0,A
2439,1,0,0,0,0,0,0,0,0,0,0,A
2440,1,0,0,0,0,0,0,0,0,0,0,A
2441,1,0,0,0,0,0,0,0,0,0,0,A
2442,1,0,0,0,0,0,0,0,0,0,0,A
2443,1,0,0,0,0,0,0,0,0,0,0,A
2444,1,0,0,0,0,0,0,0,0,0,0,A
2445,1,0,0,0,0,0,0,0,0,0,0,A
2446,1,0,0,0,0,0,0,0,0,0,0,A
2447,1,0,0,0,0,0,0,0,0,0,0,A
2448,1,0,0,0,0,0,0,0,0,0,0,A
2449,1,0,0,0,0,0,0,0,0,0,0,A
2450,1,0,0,0,0,0,0,0,0,0,0,A
2451,1,0,0,0,0,0,0,0,0,0,0,A
2452,1,0,0,0,0,0,0,0,0,0,0,A
2453,1,0,0,0,0,0,0,0,0,0,0,A
2454,1,0,0,0,0,0,0,0,0,0,0,A
2455,1,0,0,0,0,0,0,0,0,0,0,A
2456,1,0,0,0,0,0,0,0,0,0,0,A
2457,1,0,0,0,0,0,0,0,0,0,0,A
2458,1,0,0,0,0,0,0,0,0,0,0,A
2459,1,0,0,0,0,0,0,0,0,0,0,A
2460,1,0,0,0,0,0,0,0,0,0,0,A
2461,1,0,0,0,0,0,0,0,0,0,0,A
2462,1,0,0,0,0,0,0,0,0,0,0,A
2463,1,0,0,0,0,0,0,0,0,0,0,A
2464,1,0,0,0,0,0,0,0,0,0,0,A
2465,1,0,0,0,0,0,0,0,0,0,0,A
2466,1,0,0,0,0,0,0,0,0,0,0,A
2467,1,0,0,0,0,0,0,0,0,0,0,A
2468,1,0,0,0,0,0,0,0,0,0,0,A
2469,1,0,0,0,0,0,0,0,0,0,0,A
2470,1,0,0,0,0,0,0,0,0,0,0,A
2471,1,0,0,0,0,0,0,0,0,0,0,A
2472,1,0,0,0,0,0,0,0,0,0,0,A
2473,1,0,0,0,0,0,0,0,0,0,0,A
2474,1,0,0,0,0,0,0,0,0,0,0,A
2475,1,0,0,0,0,0,0,0,0,0,0,A
2476,1,0,0,0,0,0,0,0,0,0,0,A
2477,1,0,0,0,0,0,0,0,0,0,0,A
2478,1,0,0,0,0,0,0,0,0,0,0,A
2479,1,0,0,0,0,0,0,0,0,0,0,A
2480,1,0,0,0,0,0,0,0,0,0,0,A
2481,1,0,0,0,0,0,0,0,0,0,0,A
2482,1,0,0,0,0,0,0,0,0,0,0,A
2483,1,0,0,0,0,0,0,0,0,0,0,A
2484,1,0,0,0,0,0,0,0,0,0,0,A
2485,1,0,0,0,0,0,0,0,0,0,0,A
2486,1,0,0,0,0,0,0,0,0,0,0,A
2487,1,0,0,0,0,0,0,0,0,0,0,A
2488,1,0,0,0,0,0,0,0,0,0,0,A
2489,1,0,0,0,0,0,0,0,0,0,0,A
2490,1,0,0,0,0,0,0,0,0,0,0,A
2491,1,0,0,0,0,0,0,0,0,0,0,A
2492,1,0,0,0,0,0,0,0,0,0,0,A
2493,1,0,0,0,0,0,0,0,0,0,0,A
2494,1,0,0,0,0,0,0,0,0,0,0,A
2495,1,0,0,0,0,0,0,0,0,0,0,A
2496,1,0,0,0,0,0,0,0,0,0,0,A
2497,1,0,0,0,0,0,0,0,0,0,0,A
2498,1,0,0,0,0,0,0,0,0,0,0,A
2499,1,0,0,0,0,0,0,0,0,0,0,A
2500,1,0,0,0,0,0,0,0,0,0,0,A
2501,1,0,0,0,0,0,0,0,0,0,0,A
2502,1,0,0,0,0,0,0,0,0,0,0,A
2503,1,0,0,0,0,0,0,0,0,0,0,A
2504,1,0,0,0,0,0,0,0,0,0,0,A
2505,1,0,0,0,0,0,0,0,0,0,0,A
2506,1,0,0,0,0,0,0,0,0,0,0,A
2507,1,0,0,0,0,0,0,0,0,0,0,A
2508,1,0,0,0,0,0,0,0,0,0,0,A
2509,1,0,0,0,0,0,0,0,0,0,0,A
2510,1,0,0,0,0,0,0,0,0,0,0,A
2511,1,0,0,0,0,0,0,0,0,0,0,A
2512,1,0,0,0,0,0,0,0,0,0,0,A
2513,1,0,0,0,0,0,0,0,0,0,0,A
2514,1,0,0,0,0,0,0,0,0,0,0,A
2515,1,0,0,0,0,0,0,0,0,0,0,A
2516,1,0,0,0,0,0,0,0,0,0,0,A
2517,1,0,0,0,0,0,0,0,0,0,0,A
2518,1,0,0,0,0,0,0,0,0,0,0,A
2519,1,0,0,0,0,0,0,0,0,0,0,A
2520,1,0,0,0,0,0,0,0,0,0,0,A
2521,1,0,0,0,0,0,0,0,0,0,0,A
2522,1,0,0,0,0,0,0,0,0,0,0,A
2523,1,0,0,0,0,0,0,0,0,0,0,A
2524,1,0,0,0,0,0,0,0,0,0,0,A
2525,1,0,0,0,0,0,0,0,0,0,0,A
2526,1,0,0,0,0,0,0,0,0,0,0,A
2527,1,0,0,0,0,0,0,0,0,0,0,A
2528,1,0,0,0,0,0,0,0,0,0,0,A
2529,1,0,0,0,0,0,0,0,0,0,0,A
2530,1,0,0,0,0,0,0,0,0,0,0,A
2531,1,0,0,0,0,0,0,0,0,0,0,A
2532,1,0,0,0,0,0,0,0,0,0,0,A
2533,1,0,0,0,0,0,0,0,0,0,0,A
2534,1,0,0,0,0,0,0,0,0,0,0,A
2535,1,0,0,0,0,0,0,0,0,0,0,A
2536,1,0,0,0,0,0,0,0,0,0,0,A
2537,1,0,0,0,0,0,0,0,0,0,0,A
2538,1,0,0,0,0,0,0,0,0,0,0,A
2539,1,0,0,0,0,0,0,0,0,0,0,A
2540,1,0,0,0,0,0,0,0,0,0,0,A
2541,1,0,0,0,0,0,0,0,0,0,0,A
2542,1,0,0,0,0,0,0,0,0,0,0,A
2543,1,0,0,0,0,0,0,0,0,0,0,A
2544,1,0,0,0,0,0,0,0,0,0,0,A
2545,1,0,0,0,0,0,0,0,0,0,0,A
2546,1,0,0,0,0,0,0,0,0,0,0,A
2547,1,0,0,0,0,0,0,0,0,0,0,A
2548,1,0,0,0,0,0,0,0,0,0,0,A
2549,1,0,0,0,0,0,0,0,0,0,0,A
2550,1,0,0,0,0,0,0,0,0,0,0,A
2551,1,0,0,0,0,0,0,0,0,0,0,A
2552,1,0,0,0,0,0,0,0,0,0,0,A
2553,1,0,0,0,0,0,0,0,0,0,0,A
2554,1,0,0,0,0,0,0,0,0,0,0,A
2555,1,0,0,0,0,0,0,0,0,0,0,A
2556,1,0,0,0,0,0,0,0,0,0,0,A
2557,1,0,0,0,0,0,0,0,0,0,0,A
2558,1,0,0,0,0,0,0,0,0,0,0,A
2559,1,0,0,0,0,0,0,0,0,0,0,A
2560,1,0,0,0,0,0,0,0,0,0,0,A
2561,1,0,0,0,0,0,0,0,0,0,0,A
2562,1,0,0,0,0,0,0,0,0,0,0,A
2563,1,0,0,0,0,0,0,0,0,0,0,A
2564,1,0,0,0,0,0,0,0,0,0,0,A
2565,1,0,0,0,0,0,0,0,0,0,0,A
2566,1,0,0,0,0,0,0,0,0,0,0,A
2567,1,0,0,0,0,0,0,0,0,0,0,A
2568,1,0,0,0,0,0,0,0,0,0,0,A
2569,1,0,0,0,0,0,0,0,0,0,0,A
2570,1,0,0,0,0,0,0,0,0,0,0,A
2571,1,0,0,0,0,0,0,0,0,0,0,A
2572,1,0,0,0,0,0,0,0,0,0,0,A
2573,1,0,0,0,0,0,0,0,0,0,0,A
2574,1,0,0,0,0,0,0,0,0,0,0,A
2575,1,0,0,0,0,0,0,0,0,0,0,A
2576,1,0,0,0,0,0,0,0,0,0,0,A
2577,1,0,0,0,0,0,0,0,0,0,0,A
2578,1,0,0,0,0,0,0,0,0,0,0,A
2579,1,0,0,0,0,0,0,0,0,0,0,A
2580,1,0,0,0,0,0,0,0,0,0,0,A
2581,1,0,0,0,0,0,0,0,0,0,0,A
2582,1,0,0,0,0,0,0,0,0,0,0,A
2583,1,0,0,0,0,0,0,0,0,0,0,A
2584,1,0,0,0,0,0,0,0,0,0,0,A
2585,1,0,0,0,0,0,0,0,0,0,0,A
2586,1,0,0,0,0,0,0,0,0,0,0,A
2587,1,0,0,0,0,0,0,0,0,0,0,A
2588,1,0,0,0,0,0,0,0,0,0,0,A
2589,1,0,0,0,0,0,0,0,0,0,0,A
2590,1,0,0,0,0,0,0,0,0,0,0,A
2591,1,0,0,0,0,0,0,0,0,0,0,A
2592,1,0,0,0,0,0,0,0,0,0,0,A
2593,1,0,0,0,0,0,0,0,0,0,0,A
2594,1,0,0,0,0,0,0,0,0,0,0,A
2595,1,0,0,0,0,0,0,0,0,0,0,A
2596,1,0,0,0,0,0,0,0,0,0,0,A
2597,1,0,0,0,0,0,0,0,0,0,0,A
2598,1,0,0,0,0,0,0,0,0,0,0,A
2599,1,0,0,0,0,0,0,0,0,0,0,A
2600,1,0,0,0,0,0,0,0,0,0,0,A
2601,1,0,0,0,0,0,0,0,0,0,0,A
2602,1,0,0,0,0,0,0,0,0,0,0,A
2603,1,0,0,0,0,0,0,0,0,0,0,A
2604,1,0,0,0,0,0,0,0,0,0,0,A
2605,1,0,0,0,0,0,0,0,0,0,0,A
2606,1,0,0,0,0,0,0,0,0,0,0,A
2607,1,0,0,0,0,0,0,0,0,0,0,A
2608,1,0,0,0,0,0,0,0,0,0,0,A
2609,1,0,0,0,0,0,0,0,0,0,0,A
2610,1,0,0,0,0,0,0,0,0,0,0,A
2611,1,0,0,0,0,0,0,0,0,0,0,A
2612,1,0,0,0,0,0,0,0,0,0,0,A
2613,1,0,0,0,0,0,0,0,0,0,0,A
2614,1,0,0,0,0,0,0,0,0,0,0,A
2615,1,0,0,0,0,0,0,0,0,0,0,A
2616,1,0,0,0,0,0,0,0,0,0,0,A
2617,1,0,0,0,0,0,0,0,0,0,0,A
2618,1,0,0,0,0,0,0,0,0,0,0,A
2619,1,0,0,0,0,0,0,0,0,0,0,A
2620,1,0,0,0,0,0,0,0,0,0,0,A
2621,1,0,0,0,0,0,0,0,0,0,0,A
2622,1,0,0,0,0,0,0,0,0,0,0,A
2623,1,0,0,0,0,0,0,0,0,0,0,A
2624,1,0,0,0,0,0,0,0,0,0,0,A
2625,1,0,0,0,0,0,0,0,0,0,0,A
2626,1,0,0,0,0,0,0,0,0,0,0,A
2627,1,0,0,0,0,0,0,0,0,0,0,A
2628,1,0,0,0,0,0,0,0,0,0,0,A
2629,1,0,0,0,0,0,0,0,0,0,0,A
2630,1,0,0,0,0,0,0,0,0,0,0,A
2631,1,0,0,0,0,0,0,0,0,0,0,A
2632,1,0,0,0,0,0,0,0,0,0,0,A
2633,1,0,0,0,0,0,0,0,0,0,0,A
2634,1,0,0,0,0,0,0,0,0,0,0,A
2635,1,0,0,0,0,0,0,0,0,0,0,A
2636,1,0,0,0,0,0,0,0,0,0,0,A
2637,1,0,0,0,0,0,0,0,0,0,0,A
2638,1,0,0,0,0,0,0,0,0,0,0,A
2639,1,0,0,0,0,0,0,0,0,0,0,A
2640,1,0,0,0,0,0,0,0,0,0,0,A
2641,1,0,0,0,0,0,0,0,0,0,0,A
2642,1,0,0,0,0,0,0,0,0,0,0,A
2643,1,0,0,0,0,0,0,0,0,0,0,A
2644,1,0,0,0,0,0,0,0,0,0,0,A
2645,1,0,0,0,0,0,0,0,0,0,0,A
2646,1,0,0,0,0,0,0,0,0,0,0,A
2647,1,0,0,0,0,0,0,0,0,0,0,A
2648,1,0,0,0,0,0,0,0,0,0,0,A
2649,1,0,0,0,0,0,0,0,0,0,0,A
2650,1,0,0,0,0,0,0,0,0,0,0,A
2651,1,0,0,0,0,0,0,0,0,0,0,A
2652,1,0,0,0,0,0,0,0,0,0,0,A
2653,1,0,0,0,0,0,0,0,0,0,0,A
2654,1,0,0,0,0,0,0,0,0,0,0,A
2655,1,0,0,0,0,0,0,0,0,0,0,A
2656,1,0,0,0,0,0,0,0,0,0,0,A
2657,1,0,0,0,0,0,0,0,0,0,0,A
2658,1,0,0,0,0,0,0,0,0,0,0,A
2659,1,0,0,0,0,0,0,0,0,0,0,A
2660,1,0,0,0,0,0,0,0,0,0,0,A
2661,1,0,0,0,0,0,0,0,0,0,0,A
2662,1,0,0,0,0,0,0,0,0,0,0,A
2663,1,0,0,0,0,0,0,0,0,0,0,A
2664,1,0,0,0,0,0,0,0,0,0,0,A
2665,1,0,0,0,0,0,0,0,0,0,0,A
2666,1,0,0,0,0,0,0,0,0,0,0,A
2667,1,0,0,0,0,0,0,0,0,0,0,A
2668,1,0,0,0,0,0,0,0,0,0,0,A
2669,1,0,0,0,0,0,0,0,0,0,0,A
2670,1,0,0,0,0,0,0,0,0,0,0,A
2671,1,0,0,0,0,0,0,0,0,0,0,A
2672,1,0,0,0,0,0,0,0,0,0,0,A
2673,1,0,0,0,0,0,0,0,0,0,0,A
2674,1,0,0,0,0,0,0,0,0,0,0,A
2675,1,0,0,0,0,0,0,0,0,0,0,A
2676,1,0,0,0,0,0,0,0,0,0,0,A
2677,1,0,0,0,0,0,0,0,0,0,0,A
2678,1,0,0,0,0,0,0,0,0,0,0,A
2679,1,0,0,0,0,0,0,0,0,0,0,A
2680,1,0,0,0,0,0,0,0,0,0,0,A
2681,1,0,0,0,0,0,0,0,0,0,0,A
2682,1,0,0,0,0,0,0,0,0,0,0,A
2683,1,0,0,0,0,0,0,0,0,0,0,A
2684,1,0,0,0,0,0,0,0,0,0,0,A
2685,1,0,0,0,0,0,0,0,0,0,0,A
2686,1,0,0,0,0,0,0,0,0,0,0,A
2687,1,0,0,0,0,0,0,0,0,0,0,A
2688,1,0,0,0,0,0,0,0,0,0,0,A
2689,1,0,0,0,0,0,0,0,0,0,0,A
2690,1,0,0,0,0,0,0,0,0,0,0,A
2691,1,0,0,0,0,0,0,0,0,0,0,A
2692,1,0,0,0,0,0,0,0,0,0,0,A
2693,1,0,0,0,0,0,0,0,0,0,0,A
2694,1,0,0,0,0,0,0,0,0,0,0,A
2695,1,0,0,0,0,0,0,0,0,0,0,A
2696,1,0,0,0,0,0,0,0,0,0,0,A
2697,1,0,0,0,0,0,0,0,0,0,0,A
2698,1,0,0,0,0,0,0,0,0,0,0,A
2699,1,0,0,0,0,0,0,0,0,0,0,A
2700,1,0,0,0,0,0,0,0,0,0,0,A
2701,1,0,0,0,0,0,0,0,0,0,0,A
2702,1,0,0,0,0,0,0,0,0,0,0,A
2703,1,0,0,0,0,0,0,0,0,0,0,A
2704,1,0,0,0,0,0,0,0,0,0,0,A
2705,1,0,0,0,0,0,0,0,0,0,0,A
2706,1,0,0,0,0,0,0,0,0,0,0,A
2707,1,0,0,0,0,0,0,0,0,0,0,A
2708,1,0,0,0,0,0,0,0,0,0,0,A
2709,1,0,0,0,0,0,0,0,0,0,0,A
2710,1,0,0,0,0,0,0,0,0,0,0,A
2711,1,0,0,0,0,0,0,0,0,0,0,A
2712,1,0,0,0,0,0,0,0,0,0,0,A
2713,1,0,0,0,0,0,0,0,0,0,0,A
2714,1,0,0,0,0,0,0,0,0,0,0,A
2715,1,0,0,0,0,0,0,0,0,0,0,A
2716,1,0,0,0,0,0,0,0,0,0,0,A
2717,1,0,0,0,0,0,0,0,0,0,0,A
2718,1,0,0,0,0,0,0,0,0,0,0,A
2719,1,0,0,0,0,0,0,0,0,0,0,A
2720,1,0,0,0,0,0,0,0,0,0,0,A
2721,1,0,0,0,0,0,0,0,0,0,0,A
2722,1,0,0,0,0,0,0,0,0,0,0,A
2723,1,0,0,0,0,0,0,0,0,0,0,A
2724,1,0,0,0,0,0,0,0,0,0,0,A
2725,1,0,0,0,0,0,0,0,0,0,0,A
2726,1,0,0,0,0,0,0,0,0,0,0,A
2727,1,0,0,0,0,0,0,0,0,0,0,A
2728,1,0,0,0,0,0,0,0,0,0,0,A
2729,1,0,0,0,0,0,0,0,0,0,0,A
2730,1,0,0,0,0,0,0,0,0,0,0,A
2731,1,0,0,0,0,0,0,0,0,0,0,A
2732,1,0,0,0,0,0,0,0,0,0,0,A
2733,1,0,0,0,0,0,0,0,0,0,0,A
2734,1,0,0,0,0,0,0,0,0,0,0,A
2735,1,0,0,0,0,0,0,0,0,0,0,A
2736,1,0,0,0,0,0,0,0,0,0,0,A
2737,1,0,0,0,0,0,0,0,0,0,0,A
2738,1,0,0,0,0,0,0,0,0,0,0,A
2739,1,0,0,0,0,0,0,0,0,0,0,A
2740,1,0,0,0,0,0,0,0,0,0,0,A
2741,1,0,0,0,0,0,0,0,0,0,0,A
2742,1,0,0,0,0,0,0,0,0,0,0,A
2743,1,0,0,0,0,0,0,0,0,0,0,A
2744,1,0,0,0,0,0,0,0,0,0,0,A
2745,1,0,0,0,0,0,0,0,0,0,0,A
2746,1,0,0,0,0,0,0,0,0,0,0,A
2747,1,0,0,0,0,0,0,0,0,0,0,A
2748,1,0,0,0,0,0,0,0,0,0,0,A
2749,1,0,0,0,0,0,0,0,0,0,0,A
2750,1,0,0,0,0,0,0,0,0,0,0,A
2751,1,0,0,0,0,0,0,0,0,0,0,A
2752,1,0,0,0,0,0,0,0,0,0,0,A
2753,1,0,0,0,0,0,0,0,0,0,0,A
2754,1,0,0,0,0,0,0,0,0,0,0,A
2755,1,0,0,0,0,0,0,0,0,0,0,A
2756,1,0,0,0,0,0,0,0,0,0,0,A
2757,1,0,0,0,0,0,0,0,0,0,0,A
2758,1,0,0,0,0,0,0,0,0,0,0,A
2759,1,0,0,0,0,0,0,0,0,0,0,A
2760,1,0,0,0,0,0,0,0,0,0,0,A
2761,1,0,0,0,0,0,0,0,0,0,0,A
2762,1,0,0,0,0,0,0,0,0,0,0,A
2763,1,0,0,0,0,0,0,0,0,0,0,A
2764,1,0,0,0,0,0,0,0,0,0,0,A
2765,1,0,0,0,0,0,0,0,0,0,0,A
2766,1,0,0,0,0,0,0,0,0,0,0,A
2767,1,0,0,0,0,0,0,0,0,0,0,A
2768,1,0,0,0,0,0,0,0,0,0,0,A
2769,1,0,0,0,0,0,0,0,0,0,0,A
2770,1,0,0,0,0,0,0,0,0,0,0,A
2771,1,0,0,0,0,0,0,0,0,0,0,A
2772,1,0,0,0,0,0,0,0,0,0,0,A
2773,1,0,0,0,0,0,0,0,0,0,0,A
2774,1,0,0,0,0,0,0,0,0,0,0,A
2775,1,0,0,0,0,0,0,0,0,0,0,A
2776,1,0,0,0,0,0,0,0,0,0,0,A
2777,1,0,0,0,0,0,0,0,0,0,0,A
2778,1,0,0,0,0,0,0,0,0,0,0,A
2779,1,0,0,0,0,0,0,0,0,0,0,A
2780,1,0,0,0,0,0,0,0,0,0,0,A
2781,1,0,0,0,0,0,0,0,0,0,0,A
2782,1,0,0,0,0,0,0,0,0,0,0,A
2783,1,0,0,0,0,0,0,0,0,0,0,A
2784,1,0,0,0,0,0,0,0,0,0,0,A
2785,1,0,0,0,0,0,0,0,0,0,0,A
2786,1,0,0,0,0,0,0,0,0,0,0,A
2787,1,0,0,0,0,0,0,0,0,0,0,A
2788,1,0,0,0,0,0,0,0,0,0,0,A
2789,1,0,0,0,0,0,0,0,0,0,0,A
2790,1,0,0,0,0,0,0,0,0,0,0,A
2791,1,0,0,0,0,0,0,0,0,0,0,A
2792,1,0,0,0,0,0,0,0,0,0,0,A
2793,1,0,0,0,0,0,0,0,0,0,0,A
2794,1,0,0,0,0,0,0,0,0,0,0,A
2795,1,0,0,0,0,0,0,0,0,0,0,A
2796,1,0,0,0,0,0,0,0,0,0,0,A
2797,1,0,0,0,0,0,0,0,0,0,0,A
2798,1,0,0,0,0,0,0,0,0,0,0,A
2799,1,0,0,0,0,0,0,0,0,0,0,A
2800,1,0,0,0,0,0,0,0,0,0,0,A
2801,1,0,0,0,0,0,0,0,0,0,0,A
2802,1,0,0,0,0,0,0,0,0,0,0,A
2803,1,0,0,0,0,0,0,0,0,0,0,A
2804,1,0,0,0,0,0,0,0,0,0,0,A
2805,1,0,0,0,0,0,0,0,0,0,0,A
2806,1,0,0,0,0,0,0,0,0,0,0,A
2807,1,0,0,0,0,0,0,0,0,0,0,A
2808,1,0,0,0,0,0,0,0,0,0,0,A
2809,1,0,0,0,0,0,0,0,0,0,0,A
2810,1,0,0,0,0,0,0,0,0,0,0,A
2811,1,0,0,0,0,0,0,0,0,0,0,A
2812,1,0,0,0,0,0,0,0,0,0,0,A
2813,1,0,0,0,0,0,0,0,0,0,0,A
2814,1,0,0,0,0,0,0,0,0,0,0,A
2815,1,0,0,0,0,0,0,0,0,0,0,A
2816,1,0,0,0,0,0,0,0,0,0,0,A
2817,1,0,0,0,0,0,0,0,0,0,0,A
2818,1,0,0,0,0,0,0,0,0,0,0,A
2819,1,0,0,0,0,0,0,0,0,0,0,A
2820,1,0,0,0,0,0,0,0,0,0,0,A
2821,1,0,0,0,0,0,0,0,0,0,0,A
2822,1,0,0,0,0,0,0,0,0,0,0,A
2823,1,0,0,0,0,0,0,0,0,0,0,A
2824,1,0,0,0,0,0,0,0,0,0,0,A
2825,1,0,0,0,0,0,0,0,0,0,0,A
2826,1,0,0,0,0,0,0,0,0,0,0,A
2827,1,0,0,0,0,0,0,0,0,0,0,A
2828,1,0,0,0,0,0,0,0,0,0,0,A
2829,1,0,0,0,0,0,0,0,0,0,0,A
2830,1,0,0,0,0,0,0,0,0,0,0,A
2831,1,0,0,0,0,0,0,0,0,0,0,A
2832,1,0,0,0,0,0,0,0,0,0,0,A
2833,1,0,0,0,0,0,0,0,0,0,0,A
2834,1,0,0,0,0,0,0,0,0,0,0,A
2835,1,0,0,0,0,0,0,0,0,0,0,A
2836,1,0,0,0,0,0,0,0,0,0,0,A
2837,1,0,0,0,0,0,0,0,0,0,0,A
2838,1,0,0,0,0,0,0,0,0,0,0,A
2839,1,0,0,0,0,0,0,0,0,0,0,A
2840,1,0,0,0,0,0,0,0,0,0,0,A
2841,1,0,0,0,0,0,0,0,0,0,0,A
2842,1,0,0,0,0,0,0,0,0,0,0,A
2843,1,0,0,0,0,0,0,0,0,0,0,A
2844,1,0,0,0,0,0,0,0,0,0,0,A
2845,1,0,0,0,0,0,0,0,0,0,0,A
2846,1,0,0,0,0,0,0,0,0,0,0,A
2847,1,0,0,0,0,0,0,0,0,0,0,A
2848,1,0,0,0,0,0,0,0,0,0,0,A
2849,1,0,0,0,0,0,0,0,0,0,0,A
2850,1,0,0,0,0,0,0,0,0,0,0,A
2851,1,0,0,0,0,0,0,0,0,0,0,A
2852,1,0,0,0,0,0,0,0,0,0,0,A
2853,1,0,0,0,0,0,0,0,0,0,0,A
2854,1,0,0,0,0,0,0,0,0,0,0,A
2855,1,0,0,0,0,0,0,0,0,0,0,A
2856,1,0,0,0,0,0,0,0,0,0,0,A
2857,1,0,0,0,0,0,0,0,0,0,0,A
2858,1,0,0,0,0,0,0,0,0,0,0,A
2859,1,0,0,0,0,0,0,0,0,0,0,A
2860,1,0,0,0,0,0,0,0,0,0,0,A
2861,1,0,0,0,0,0,0,0,0,0,0,A
2862,1,0,0,0,0,0,0,0,0,0,0,A
2863,1,0,0,0,0,0,0,0,0,0,0,A
2864,1,0,0,0,0,0,0,0,0,0,0,A
2865,1,0,0,0,0,0,0,0,0,0,0,A
2866,1,0,0,0,0,0,0,0,0,0,0,A
2867,1,0,0,0,0,0,0,0,0,0,0,A
2868,1,0,0,0,0,0,0,0,0,0,0,A
2869,1,0,0,0,0,0,0,0,0,0,0,A
2870,1,0,0,0,0,0,0,0,0,0,0,A
2871,1,0,0,0,0,0,0,0,0,0,0,A
2872,1,0,0,0,0,0,0,0,0,0,0,A
2873,1,0,0,0,0,0,0,0,0,0,0,A
2874,1,0,0,0,0,0,0,0,0,0,0,A
2875,1,0,0,0,0,0,0,0,0,0,0,A
2876,1,0,0,0,0,0,0,0,0,0,0,A
2877,1,0,0,0,0,0,0,0,0,0,0,A
2878,1,0,0,0,0,0,0,0,0,0,0,A
2879,1,0,0,0,0,0,0,0,0,0,0,A
2880,1,0,0,0,0,0,0,0,0,0,0,A
2881,1,0,0,0,0,0,0,0,0,0,0,A
2882,1,0,0,0,0,0,0,0,0,0,0,A
2883,1,0,0,0,0,0,0,0,0,0,0,A
2884,1,0,0,0,0,0,0,0,0,0,0,A
2885,1,0,0,0,0,0,0,0,0,0,0,A
2886,1,0,0,0,0,0,0,0,0,0,0,A
2887,1,0,0,0,0,0,0,0,0,0,0,A
2888,1,0,0,0,0,0,0,0,0,0,0,A
2889,1,0,0,0,0,0,0,0,0,0,0,A
2890,1,0,0,0,0,0,0,0,0,0,0,A
2891,1,0,0,0,0,0,0,0,0,0,0,A
2892,1,0,0,0,0,0,0,0,0,0,0,A
2893,1,0,0,0,0,0,0,0,0,0,0,A
2894,1,0,0,0,0,0,0,0,0,0,0,A
2895,1,0,0,0,0,0,0,0,0,0,0,A
2896,1,0,0,0,0,0,0,0,0,0,0,A
2897,1,0,0,0,0,0,0,0,0,0,0,A
2898,1,0,0,0,0,0,0,0,0,0,0,A
2899,1,0,0,0,0,0,0,0,0,0,0,A
2900,1,0,0,0,0,0,0,0,0,0,0,A
2901,1,0,0,0,0,0,0,0,0,0,0,A
2902,1,0,0,0,0,0,0,0,0,0,0,A
2903,1,0,0,0,0,0,0,0,0,0,0,A
2904,1,0,0,0,0,0,0,0,0,0,0,A
2905,1,0,0,0,0,0,0,0,0,0,0,A
2906,1,0,0,0,0,0,0,0,0,0,0,A
2907,1,0,0,0,0,0,0,0,0,0,0,A
2908,1,0,0,0,0,0,0,0,0,0,0,A
2909,1,0,0,0,0,0,0,0,0,0,0,A
2910,1,0,0,0,0,0,0,0,0,0,0,A
2911,1,0,0,0,0,0,0,0,0,0,0,A
2912,1,0,0,0,0,0,0,0,0,0,0,A
2913,1,0,0,0,0,0,0,0,0,0,0,A
2914,1,0,0,0,0,0,0,0,0,0,0,A
2915,1,0,0,0,0,0,0,0,0,0,0,A
2916,1,0,0,0,0,0,0,0,0,0,0,A
2917,1,0,0,0,0,0,0,0,0,0,0,A
2918,1,0,0,0,0,0,0,0,0,0,0,A
2919,1,0,0,0,0,0,0,0,0,0,0,A
2920,1,0,0,0,0,0,0,0,0,0,0,A
2921,1,0,0,0,0,0,0,0,0,0,0,A
2922,1,0,0,0,0,0,0,0,0,0,0,A
2923,1,0,0,0,0,0,0,0,0,0,0,A
2924,1,0,0,0,0,0,0,0,0,0,0,A
2925,1,0,0,0,0,0,0,0,0,0,0,A
2926,1,0,0,0,0,0,0,0,0,0,0,A
2927,1,0,0,0,0,0,0,0,0,0,0,A
2928,1,0,0,0,0,0,0,0,0,0,0,A
2929,1,0,0,0,0,0,0,0,0,0,0,A
2930,1,0,0,0,0,0,0,0,0,0,0,A
2931,1,0,0,0,0,0,0,0,0,0,0,A
2932,1,0,0,0,0,0,0,0,0,0,0,A
2933,1,0,0,0,0,0,0,0,0,0,0,A
2934,1,0,0,0,0,0,0,0,0,0,0,A
2935,1,0,0,0,0,0,0,0,0,0,0,A
2936,1,0,0,0,0,0,0,0,0,0,0,A
2937,1,0,0,0,0,0,0,0,0,0,0,A
2938,1,0,0,0,0,0,0,0,0,0,0,A
2939,1,0,0,0,0,0,0,0,0,0,0,A
2940,1,0,0,0,0,0,0,0,0,0,0,A
2941,1,0,0,0,0,0,0,0,0,0,0,A
2942,1,0,0,0,0,0,0,0,0,0,0,A
2943,1,0,0,0,0,0,0,0,0,0,0,A
2944,1,0,0,0,0,0,0,0,0,0,0,A
2945,1,0,0,0,0,0,0,0,0,0,0,A
2946,1,0,0,0,0,0,0,0,0,0,0,A
2947,1,0,0,0,0,0,0,0,0,0,0,A
2948,1,0,0,0,0,0,0,0,0,0,0,A
2949,1,0,0,0,0,0,0,0,0,0,0,A
2950,1,0,0,0,0,0,0,0,0,0,0,A
2951,1,0,0,0,0,0,0,0,0,0,0,A
2952,1,0,0,0,0,0,0,0,0,0,0,A
2953,1,0,0,0,0,0,0,0,0,0,0,A
2954,1,0,0,0,0,0,0,0,0,0,0,A
2955,1,0,0,0,0,0,0,0,0,0,0,A
2956,1,0,0,0,0,0,0,0,0,0,0,A
2957,1,0,0,0,0,0,0,0,0,0,0,A
2958,1,0,0,0,0,0,0,0,0,0,0,A
2959,1,0,0,0,0,0,0,0,0,0,0,A
2960,1,0,0,0,0,0,0,0,0,0,0,A
2961,1,0,0,0,0,0,0,0,0,0,0,A
2962,1,0,0,0,0,0,0,0,0,0,0,A
2963,1,0,0,0,0,0,0,0,0,0,0,A
2964,1,0,0,0,0,0,0,0,0,0,0,A
2965,1,0,0,0,0,0,0,0,0,0,0,A
2966,1,0,0,0,0,0,0,0,0,0,0,A
2967,1,0,0,0,0,0,0,0,0,0,0,A
2968,1,0,0,0,0,0,0,0,0,0,0,A
2969,1,0,0,0,0,0,0,0,0,0,0,A
2970,1,0,0,0,0,0,0,0,0,0,0,A
2971,1,0,0,0,0,0,0,0,0,0,0,A
2972,1,0,0,0,0,0,0,0,0,0,0,A
2973,1,0,0,0,0,0,0,0,0,0,0,A
2974,1,0,0,0,0,0,0,0,0,0,0,A
2975,1,0,0,0,0,0,0,0,0,0,0,A
2976,1,0,0,0,0,0,0,0,0,0,0,A
2977,1,0,0,0,0,0,0,0,0,0,0,A
2978,1,0,0,0,0,0,0,0,0,0,0,A
2979,1,0,0,0,0,0,0,0,0,0,0,A
2980,1,0,0,0,0,0,0,0,0,0,0,A
2981,1,0,0,0,0,0,0,0,0,0,0,A
2982,1,0,0,0,0,0,0,0,0,0,0,A
2983,1,0,0,0,0,0,0,0,0,0,0,A
2984,1,0,0,0,0,0,0,0,0,0,0,A
2985,1,0,0,0,0,0,0,0,0,0,0,A
2986,1,0,0,0,0,0,0,0,0,0,0,A
2987,1,0,0,0,0,0,0,0,0,0,0,A
2988,1,0,0,0,0,0,0,0,0,0,0,A
2989,1,0,0,0,0,0,0,0,0,0,0,A
2990,1,0,0,0,0,0,0,0,0,0,0,A
2991,1,0,0,0,0,0,0,0,0,0,0,A
2992,1,0,0,0,0,0,0,0,0,0,0,A
2993,1,0,0,0,0,0,0,0,0,0,0,A
2994,1,0,0,0,0,0,0,0,0,0,0,A
2995,1,0,0,0,0,0,0,0,0,0,0,A
2996,1,0,0,0,0,0,0,0,0,0,0,A
2997,1,0,0,0,0,0,0,0,0,0,0,A
2998,1,0,0,0,0,0,0,0,0,0,0,A
2999,1,0,0,0,0,0,0,0,0,0,0,A
3000,1,0,0,0,0,0,0,0,0,0,0,A
3001,1,0,0,0,0,0,0,0,0,0,0,A
3002,1,0,0,0,0,0,0,0,0,0,0,A
3003,1,0,0,0,0,0,0,0,0,0,0,A
3004,1,0,0,0,0,0,0,0,0,0,0,A
3005,1,0,0,0,0,0,0,0,0,0,0,A
3006,1,0,0,0,0,0,0,0,0,0,0,A
3007,1,0,0,0,0,0,0,0,0,0,0,A
3008,1,0,0,0,0,0,0,0,0,0,0,A
3009,1,0,0,0,0,0,0,0,0,0,0,A
3010,1,0,0,0,0,0,0,0,0,0,0,A
3011,1,0,0,0,0,0,0,0,0,0,0,A
3012,1,0,0,0,0,0,0,0,0,0,0,A
3013,1,0,0,0,0,0,0,0,0,0,0,A
3014,1,0,0,0,0,0,0,0,0,0,0,A
3015,1,0,0,0,0,0,0,0,0,0,0,A
3016,1,0,0,0,0,0,0,0,0,0,0,A
3017,1,0,0,0,0,0,0,0,0,0,0,A
3018,1,0,0,0,0,0,0,0,0,0,0,A
3019,1,0,0,0,0,0,0,0,0,0,0,A
3020,1,0,0,0,0,0,0,0,0,0,0,A
3021,1,0,0,0,0,0,0,0,0,0,0,A
3022,1,0,0,0,0,0,0,0,0,0,0,A
3023,1,0,0,0,0,0,0,0,0,0,0,A
3024,1,0,0,0,0,0,0,0,0,0,0,A
3025,1,0,0,0,0,0,0,0,0,0,0,A
3026,1,0,0,0,0,0,0,0,0,0,0,A
3027,1,0,0,0,0,0,0,0,0,0,0,A
3028,1,0,0,0,0,0,0,0,0,0,0,A
3029,1,0,0,0,0,0,0,0,0,0,0,A
3030,1,0,0,0,0,0,0,0,0,0,0,A
3031,1,0,0,0,0,0,0,0,0,0,0,A
3032,1,0,0,0,0,0,0,0,0,0,0,A
3033,1,0,0,0,0,0,0,0,0,0,0,A
3034,1,0,0,0,0,0,0,0,0,0,0,A
3035,1,0,0,0,0,0,0,0,0,0,0,A
3036,1,0,0,0,0,0,0,0,0,0,0,A
3037,1,0,0,0,0,0,0,0,0,0,0,A
3038,1,0,0,0,0,0,0,0,0,0,0,A
3039,1,0,0,0,0,0,0,0,0,0,0,A
3040,1,0,0,0,0,0,0,0,0,0,0,A
3041,1,0,0,0,0,0,0,0,0,0,0,A
3042,1,0,0,0,0,0,0,0,0,0,0,A
3043,1,0,0,0,0,0,0,0,0,0,0,A
3044,1,0,0,0,0,0,0,0,0,0,0,A
3045,1,0,0,0,0,0,0,0,0,0,0,A
3046,1,0,0,0,0,0,0,0,0,0,0,A
3047,1,0,0,0,0,0,0,0,0,0,0,A
3048,1,0,0,0,0,0,0,0,0,0,0,A
3049,1,0,0,0,0,0,0,0,0,0,0,A
3050,1,0,0,0,0,0,0,0,0,0,0,A
3051,1,0,0,0,0,0,0,0,0,0,0,A
3052,1,0,0,0,0,0,0,0,0,0,0,A
3053,1,0,0,0,0,0,0,0,0,0,0,A
3054,1,0,0,0,0,0,0,0,0,0,0,A
3055,1,0,0,0,0,0,0,0,0,0,0,A
3056,1,0,0,0,0,0,0,0,0,0,0,A
3057,1,0,0,0,0,0,0,0,0,0,0,A
3058,1,0,0,0,0,0,0,0,0,0,0,A
3059,1,0,0,0,0,0,0,0,0,0,0,A
3060,1,0,0,0,0,0,0,0,0,0,0,A
3061,1,0,0,0,0,0,0,0,0,0,0,A
3062,1,0,0,0,0,0,0,0,0,0,0,A
3063,1,0,0,0,0,0,0,0,0,0,0,A
3064,1,0,0,0,0,0,0,0,0,0,0,A
3065,1,0,0,0,0,0,0,0,0,0,0,A
3066,1,0,0,0,0,0,0,0,0,0,0,A
3067,1,0,0,0,0,0,0,0,0,0,0,A
3068,1,0,0,0,0,0,0,0,0,0,0,A
3069,1,0,0,0,0,0,0,0,0,0,0,A
3070,1,0,0,0,0,0,0,0,0,0,0,A
3071,1,0,0,0,0,0,0,0,0,0,0,A
3072,1,0,0,0,0,0,0,0,0,0,0,A
3073,1,0,0,0,0,0,0,0,0,0,0,A
3074,1,0,0,0,0,0,0,0,0,0,0,A
3075,1,0,0,0,0,0,0,0,0,0,0,A
3076,1,0,0,0,0,0,0,0,0,0,0,A
3077,1,0,0,0,0,0,0,0,0,0,0,A
3078,1,0,0,0,0,0,0,0,0,0,0,A
3079,1,0,0,0,0,0,0,0,0,0,0,A
3080,1,0,0,0,0,0,0,0,0,0,0,A
3081,1,0,0,0,0,0,0,0,0,0,0,A
3082,1,0,0,0,0,0,0,0,0,0,0,A
3083,1,0,0,0,0,0,0,0,0,0,0,A
3084,1,0,0,0,0,0,0,0,0,0,0,A
3085,1,0,0,0,0,0,0,0,0,0,0,A
3086,1,0,0,0,0,0,0,0,0,0,0,A
3087,1,0,0,0,0,0,0,0,0,0,0,A
3088,1,0,0,0,0,0,0,0,0,0,0,A
3089,1,0,0,0,0,0,0,0,0,0,0,A
3090,1,0,0,0,0,0,0,0,0,0,0,A
3091,1,0,0,0,0,0,0,0,0,0,0,A
3092,1,0,0,0,0,0,0,0,0,0,0,A
3093,1,0,0,0,0,0,0,0,0,0,0,A
3094,1,0,0,0,0,0,0,0,0,0,0,A
3095,1,0,0,0,0,0,0,0,0,0,0,A
3096,1,0,0,0,0,0,0,0,0,0,0,A
3097,1,0,0,0,0,0,0,0,0,0,0,A
3098,1,0,0,0,0,0,0,0,0,0,0,A
3099,1,0,0,0,0,0,0,0,0,0,0,A
3100,1,0,0,0,0,0,0,0,0,0,0,A
3101,1,0,0,0,0,0,0,0,0,0,0,A
3102,1,0,0,0,0,0,0,0,0,0,0,A
3103,1,0,0,0,0,0,0,0,0,0,0,A
3104,1,0,0,0,0,0,0,0,0,0,0,A
3105,1,0,0,0,0,0,0,0,0,0,0,A
3106,1,0,0,0,0,0,0,0,0,0,0,A
3107,1,0,0,0,0,0,0,0,0,0,0,A
3108,1,0,0,0,0,0,0,0,0,0,0,A
3109,1,0,0,0,0,0,0,0,0,0,0,A
3110,1,0,0,0,0,0,0,0,0,0,0,A
3111,1,0,0,0,0,0,0,0,0,0,0,A
3112,1,0,0,0,0,0,0,0,0,0,0,A
3113,1,0,0,0,0,0,0,0,0,0,0,A
3114,1,0,0,0,0,0,0,0,0,0,0,A
3115,1,0,0,0,0,0,0,0,0,0,0,A
3116,1,0,0,0,0,0,0,0,0,0,0,A
3117,1,0,0,0,0,0,0,0,0,0,0,A
3118,1,0,0,0,0,0,0,0,0,0,0,A
3119,1,0,0,0,0,0,0,0,0,0,0,A
3120,1,0,0,0,0,0,0,0,0,0,0,A
3121,1,0,0,0,0,0,0,0,0,0,0,A
3122,1,0,0,0,0,0,0,0,0,0,0,A
3123,1,0,0,0,0,0,0,0,0,0,0,A
3124,1,0,0,0,0,0,0,0,0,0,0,A
3125,1,0,0,0,0,0,0,0,0,0,0,A
3126,1,0,0,0,0,0,0,0,0,0,0,A
3127,1,0,0,0,0,0,0,0,0,0,0,A
3128,1,0,0,0,0,0,0,0,0,0,0,A
3129,1,0,0,0,0,0,0,0,0,0,0,A
3130,1,0,0,0,0,0,0,0,0,0,0,A
3131,1,0,0,0,0,0,0,0,0,0,0,A
3132,1,0,0,0,0,0,0,0,0,0,0,A
3133,1,0,0,0,0,0,0,0,0,0,0,A
3134,1,0,0,0,0,0,0,0,0,0,0,A
3135,1,0,0,0,0,0,0,0,0,0,0,A
3136,1,0,0,0,0,0,0,0,0,0,0,A
3137,1,0,0,0,0,0,0,0,0,0,0,A
3138,1,0,0,0,0,0,0,0,0,0,0,A
3139,1,0,0,0,0,0,0,0,0,0,0,A
3140,1,0,0,0,0,0,0,0,0,0,0,A
3141,1,0,0,0,0,0,0,0,0,0,0,A
3142,1,0,0,0,0,0,0,0,0,0,0,A
3143,1,0,0,0,0,0,0,0,0,0,0,A
3144,1,0,0,0,0,0,0,0,0,0,0,A
3145,1,0,0,0,0,0,0,0,0,0,0,A
3146,1,0,0,0,0,0,0,0,0,0,0,A
3147,1,0,0,0,0,0,0,0,0,0,0,A
3148,1,0,0,0,0,0,0,0,0,0,0,A
3149,1,0,0,0,0,0,0,0,0,0,0,A
3150,1,0,0,0,0,0,0,0,0,0,0,A
3151,1,0,0,0,0,0,0,0,0,0,0,A
3152,1,0,0,0,0,0,0,0,0,0,0,A
3153,1,0,0,0,0,0,0,0,0,0,0,A
3154,1,0,0,0,0,0,0,0,0,0,0,A
3155,1,0,0,0,0,0,0,0,0,0,0,A
3156,1,0,0,0,0,0,0,0,0,0,0,A
3157,1,0,0,0,0,0,0,0,0,0,0,A
3158,1,0,0,0,0,0,0,0,0,0,0,A
3159,1,0,0,0,0,0,0,0,0,0,0,A
3160,1,0,0,0,0,0,0,0,0,0,0,A
3161,1,0,0,0,0,0,0,0,0,0,0,A
3162,1,0,0,0,0,0,0,0,0,0,0,A
3163,1,0,0,0,0,0,0,0,0,0,0,A
3164,1,0,0,0,0,0,0,0,0,0,0,A
3165,1,0,0,0,0,0,0,0,0,0,0,A
3166,1,0,0,0,0,0,0,0,0,0,0,A
3167,1,0,0,0,0,0,0,0,0,0,0,A
3168,1,0,0,0,0,0,0,0,0,0,0,A
3169,1,0,0,0,0,0,0,0,0,0,0,A
3170,1,0,0,0,0,0,0,0,0,0,0,A
3171,1,0,0,0,0,0,0,0,0,0,0,A
3172,1,0,0,0,0,0,0,0,0,0,0,A
3173,1,0,0,0,0,0,0,0,0,0,0,A
3174,1,0,0,0,0,0,0,0,0,0,0,A
3175,1,0,0,0,0,0,0,0,0,0,0,A
3176,1,0,0,0,0,0,0,0,0,0,0,A
3177,1,0,0,0,0,0,0,0,0,0,0,A
3178,1,0,0,0,0,0,0,0,0,0,0,A
3179,1,0,0,0,0,0,0,0,0,0,0,A
3180,1,0,0,0,0,0,0,0,0,0,0,A
3181,1,0,0,0,0,0,0,0,0,0,0,A
3182,1,0,0,0,0,0,0,0,0,0,0,A
3183,1,0,0,0,0,0,0,0,0,0,0,A
3184,1,0,0,0,0,0,0,0,0,0,0,A
3185,1,0,0,0,0,0,0,0,0,0,0,A
3186,1,0,0,0,0,0,0,0,0,0,0,A
3187,1,0,0,0,0,0,0,0,0,0,0,A
3188,1,0,0,0,0,0,0,0,0,0,0,A
3189,1,0,0,0,0,0,0,0,0,0,0,A
3190,1,0,0,0,0,0,0,0,0,0,0,A
3191,1,0,0,0,0,0,0,0,0,0,0,A
3192,1,0,0,0,0,0,0,0,0,0,0,A
3193,1,0,0,0,0,0,0,0,0,0,0,A
3194,1,0,0,0,0,0,0,0,0,0,0,A
3195,1,0,0,0,0,0,0,0,0,0,0,A
3196,1,0,0,0,0,0,0,0,0,0,0,A
3197,1,0,0,0,0,0,0,0,0,0,0,A
3198,1,0,0,0,0,0,0,0,0,0,0,A
3199,1,0,0,0,0,0,0,0,0,0,0,A
3200,1,0,0,0,0,0,0,0,0,0,0,A
3201,1,0,0,0,0,0,0,0,0,0,0,A
3202,1,0,0,0,0,0,0,0,0,0,0,A
3203,1,0,0,0,0,0,0,0,0,0,0,A
3204,1,0,0,0,0,0,0,0,0,0,0,A
3205,1,0,0,0,0,0,0,0,0,0,0,A
3206,1,0,0,0,0,0,0,0,0,0,0,A
3207,1,0,0,0,0,0,0,0,0,0,0,A
3208,1,0,0,0,0,0,0,0,0,0,0,A
3209,1,0,0,0,0,0,0,0,0,0,0,A
3210,1,0,0,0,0,0,0,0,0,0,0,A
3211,1,0,0,0,0,0,0,0,0,0,0,A
3212,1,0,0,0,0,0,0,0,0,0,0,A
3213,1,0,0,0,0,0,0,0,0,0,0,A
3214,1,0,0,0,0,0,0,0,0,0,0,A
3215,1,0,0,0,0,0,0,0,0,0,0,A
3216,1,0,0,0,0,0,0,0,0,0,0,A
3217,1,0,0,0,0,0,0,0,0,0,0,A
3218,1,0,0,0,0,0,0,0,0,0,0,A
3219,1,0,0,0,0,0,0,0,0,0,0,A
3220,1,0,0,0,0,0,0,0,0,0,0,A
3221,1,0,0,0,0,0,0,0,0,0,0,A
3222,1,0,0,0,0,0,0,0,0,0,0,A
3223,1,0,0,0,0,0,0,0,0,0,0,A
3224,1,0,0,0,0,0,0,0,0,0,0,A
3225,1,0,0,0,0,0,0,0,0,0,0,A
3226,1,0,0,0,0,0,0,0,0,0,0,A
3227,1,0,0,0,0,0,0,0,0,0,0,A
3228,1,0,0,0,0,0,0,0,0,0,0,A
3229,1,0,0,0,0,0,0,0,0,0,0,A
3230,1,0,0,0,0,0,0,0,0,0,0,A
3231,1,0,0,0,0,0,0,0,0,0,0,A
3232,1,0,0,0,0,0,0,0,0,0,0,A
3233,1,0,0,0,0,0,0,0,0,0,0,A
3234,1,0,0,0,0,0,0,0,0,0,0,A
3235,1,0,0,0,0,0,0,0,0,0,0,A
3236,1,0,0,0,0,0,0,0,0,0,0,A
3237,1,0,0,0,0,0,0,0,0,0,0,A
3238,1,0,0,0,0,0,0,0,0,0,0,A
3239,1,0,0,0,0,0,0,0,0,0,0,A
3240,1,0,0,0,0,0,0,0,0,0,0,A
3241,1,0,0,0,0,0,0,0,0,0,0,A
3242,1,0,0,0,0,0,0,0,0,0,0,A
3243,1,0,0,0,0,0,0,0,0,0,0,A
3244,1,0,0,0,0,0,0,0,0,0,0,A
3245,1,0,0,0,0,0,0,0,0,0,0,A
3246,1,0,0,0,0,0,0,0,0,0,0,A
3247,1,0,0,0,0,0,0,0,0,0,0,A
3248,1,0,0,0,0,0,0,0,0,0,0,A
3249,1,0,0,0,0,0,0,0,0,0,0,A
3250,1,0,0,0,0,0,0,0,0,0,0,A
3251,1,0,0,0,0,0,0,0,0,0,0,A
3252,1,0,0,0,0,0,0,0,0,0,0,A
3253,1,0,0,0,0,0,0,0,0,0,0,A
3254,1,0,0,0,0,0,0,0,0,0,0,A
3255,1,0,0,0,0,0,0,0,0,0,0,A
3256,1,0,0,0,0,0,0,0,0,0,0,A
3257,1,0,0,0,0,0,0,0,0,0,0,A
3258,1,0,0,0,0,0,0,0,0,0,0,A
3259,1,0,0,0,0,0,0,0,0,0,0,A
3260,1,0,0,0,0,0,0,0,0,0,0,A
3261,1,0,0,0,0,0,0,0,0,0,0,A
3262,1,0,0,0,0,0,0,0,0,0,0,A
3263,1,0,0,0,0,0,0,0,0,0,0,A
3264,1,0,0,0,0,0,0,0,0,0,0,A
3265,1,0,0,0,0,0,0,0,0,0,0,A
3266,1,0,0,0,0,0,0,0,0,0,0,A
3267,1,0,0,0,0,0,0,0,0,0,0,A
3268,1,0,0,0,0,0,0,0,0,0,0,A
3269,1,0,0,0,0,0,0,0,0,0,0,A
3270,1,0,0,0,0,0,0,0,0,0,0,A
3271,1,0,0,0,0,0,0,0,0,0,0,A
3272,1,0,0,0,0,0,0,0,0,0,0,A
3273,1,0,0,0,0,0,0,0,0,0,0,A
3274,1,0,0,0,0,0,0,0,0,0,0,A
3275,1,0,0,0,0,0,0,0,0,0,0,A
3276,1,0,0,0,0,0,0,0,0,0,0,A
3277,1,0,0,0,0,0,0,0,0,0,0,A
3278,1,0,0,0,0,0,0,0,0,0,0,A
3279,1,0,0,0,0,0,0,0,0,0,0,A
3280,1,0,0,0,0,0,0,0,0,0,0,A
3281,1,0,0,0,0,0,0,0,0,0,0,A
3282,1,0,0,0,0,0,0,0,0,0,0,A
3283,1,0,0,0,0,0,0,0,0,0,0,A
3284,1,0,0,0,0,0,0,0,0,0,0,A
3285,1,0,0,0,0,0,0,0,0,0,0,A
3286,1,0,0,0,0,0,0,0,0,0,0,A
3287,1,0,0,0,0,0,0,0,0,0,0,A
3288,1,0,0,0,0,0,0,0,0,0,0,A
3289,1,0,0,0,0,0,0,0,0,0,0,A
3290,1,0,0,0,0,0,0,0,0,0,0,A
3291,1,0,0,0,0,0,0,0,0,0,0,A
3292,1,0,0,0,0,0,0,0,0,0,0,A
3293,1,0,0,0,0,0,0,0,0,0,0,A
3294,1,0,0,0,0,0,0,0,0,0,0,A
3295,1,0,0,0,0,0,0,0,0,0,0,A
3296,1,0,0,0,0,0,0,0,0,0,0,A
3297,1,0,0,0,0,0,0,0,0,0,0,A
3298,1,0,0,0,0,0,0,0,0,0,0,A
3299,1,0,0,0,0,0,0,0,0,0,0,A
3300,1,0,0,0,0,0,0,0,0,0,0,A
3301,1,0,0,0,0,0,0,0,0,0,0,A
3302,1,0,0,0,0,0,0,0,0,0,0,A
3303,1,0,0,0,0,0,0,0,0,0,0,A
3304,1,0,0,0,0,0,0,0,0,0,0,A
3305,1,0,0,0,0,0,0,0,0,0,0,A
3306,1,0,0,0,0,0,0,0,0,0,0,A
3307,1,0,0,0,0,0,0,0,0,0,0,A
3308,1,0,0,0,0,0,0,0,0,0,0,A
3309,1,0,0,0,0,0,0,0,0,0,0,A
3310,1,0,0,0,0,0,0,0,0,0,0,A
3311,1,0,0,0,0,0,0,0,0,0,0,A
3312,1,0,0,0,0,0,0,0,0,0,0,A
3313,1,0,0,0,0,0,0,0,0,0,0,A
3314,1,0,0,0,0,0,0,0,0,0,0,A
3315,1,0,0,0,0,0,0,0,0,0,0,A
3316,1,0,0,0,0,0,0,0,0,0,0,A
3317,1,0,0,0,0,0,0,0,0,0,0,A
3318,1,0,0,0,0,0,0,0,0,0,0,A
3319,1,0,0,0,0,0,0,0,0,0,0,A
3320,1,0,0,0,0,0,0,0,0,0,0,A
3321,1,0,0,0,0,0,0,0,0,0,0,A
3322,1,0,0,0,0,0,0,0,0,0,0,A
3323,1,0,0,0,0,0,0,0,0,0,0,A
3324,1,0,0,0,0,0,0,0,0,0,0,A
3325,1,0,0,0,0,0,0,0,0,0,0,A
3326,1,0,0,0,0,0,0,0,0,0,0,A
3327,1,0,0,0,0,0,0,0,0,0,0,A
3328,1,0,0,0,0,0,0,0,0,0,0,A
3329,1,0,0,0,0,0,0,0,0,0,0,A
3330,1,0,0,0,0,0,0,0,0,0,0,A
3331,1,0,0,0,0,0,0,0,0,0,0,A
3332,1,0,0,0,0,0,0,0,0,0,0,A
3333,1,0,0,0,0,0,0,0,0,0,0,A
3334,1,0,0,0,0,0,0,0,0,0,0,A
3335,1,0,0,0,0,0,0,0,0,0,0,A
3336,1,0,0,0,0,0,0,0,0,0,0,A
3337,1,0,0,0,0,0,0,0,0,0,0,A
3338,1,0,0,0,0,0,0,0,0,0,0,A
3339,1,0,0,0,0,0,0,0,0,0,0,A
3340,1,0,0,0,0,0,0,0,0,0,0,A
3341,1,0,0,0,0,0,0,0,0,0,0,A
3342,1,0,0,0,0,0,0,0,0,0,0,A
3343,1,0,0,0,0,0,0,0,0,0,0,A
3344,1,0,0,0,0,0,0,0,0,0,0,A
3345,1,0,0,0,0,0,0,0,0,0,0,A
3346,1,0,0,0,0,0,0,0,0,0,0,A
3347,1,0,0,0,0,0,0,0,0,0,0,A
3348,1,0,0,0,0,0,0,0,0,0,0,A
3349,1,0,0,0,0,0,0,0,0,0,0,A
3350,1,0,0,0,0,0,0,0,0,0,0,A
3351,1,0,0,0,0,0,0,0,0,0,0,A
3352,1,0,0,0,0,0,0,0,0,0,0,A
3353,1,0,0,0,0,0,0,0,0,0,0,A
3354,1,0,0,0,0,0,0,0,0,0,0,A
3355,1,0,0,0,0,0,0,0,0,0,0,A
3356,1,0,0,0,0,0,0,0,0,0,0,A
3357,1,0,0,0,0,0,0,0,0,0,0,A
3358,1,0,0,0,0,0,0,0,0,0,0,A
3359,1,0,0,0,0,0,0,0,0,0,0,A
3360,1,0,0,0,0,0,0,0,0,0,0,A
3361,1,0,0,0,0,0,0,0,0,0,0,A
3362,1,0,0,0,0,0,0,0,0,0,0,A
3363,1,0,0,0,0,0,0,0,0,0,0,A
3364,1,0,0,0,0,0,0,0,0,0,0,A
3365,1,0,0,0,0,0,0,0,0,0,0,A
3366,1,0,0,0,0,0,0,0,0,0,0,A
3367,1,0,0,0,0,0,0,0,0,0,0,A
3368,1,0,0,0,0,0,0,0,0,0,0,A
3369,1,0,0,0,0,0,0,0,0,0,0,A
3370,1,0,0,0,0,0,0,0,0,0,0,A
3371,1,0,0,0,0,0,0,0,0,0,0,A
3372,1,0,0,0,0,0,0,0,0,0,0,A
3373,1,0,0,0,0,0,0,0,0,0,0,A
3374,1,0,0,0,0,0,0,0,0,0,0,A
3375,1,0,0,0,0,0,0,0,0,0,0,A
3376,1,0,0,0,0,0,0,0,0,0,0,A
3377,1,0,0,0,0,0,0,0,0,0,0,A
3378,1,0,0,0,0,0,0,0,0,0,0,A
3379,1,0,0,0,0,0,0,0,0,0,0,A
3380,1,0,0,0,0,0,0,0,0,0,0,A
3381,1,0,0,0,0,0,0,0,0,0,0,A
3382,1,0,0,0,0,0,0,0,0,0,0,A
3383,1,0,0,0,0,0,0,0,0,0,0,A
3384,1,0,0,0,0,0,0,0,0,0,0,A
3385,1,0,0,0,0,0,0,0,0,0,0,A
3386,1,0,0,0,0,0,0,0,0,0,0,A
3387,1,0,0,0,0,0,0,0,0,0,0,A
3388,1,0,0,0,0,0,0,0,0,0,0,A
3389,1,0,0,0,0,0,0,0,0,0,0,A
3390,1,0,0,0,0,0,0,0,0,0,0,A
3391,1,0,0,0,0,0,0,0,0,0,0,A
3392,1,0,0,0,0,0,0,0,0,0,0,A
3393,1,0,0,0,0,0,0,0,0,0,0,A
3394,1,0,0,0,0,0,0,0,0,0,0,A
3395,1,0,0,0,0,0,0,0,0,0,0,A
3396,1,0,0,0,0,0,0,0,0,0,0,A
3397,1,0,0,0,0,0,0,0,0,0,0,A
3398,1,0,0,0,0,0,0,0,0,0,0,A
3399,1,0,0,0,0,0,0,0,0,0,0,A
3400,1,0,0,0,0,0,0,0,0,0,0,A
3401,1,0,0,0,0,0,0,0,0,0,0,A
3402,1,0,0,0,0,0,0,0,0,0,0,A
3403,1,0,0,0,0,0,0,0,0,0,0,A
3404,1,0,0,0,0,0,0,0,0,0,0,A
3405,1,0,0,0,0,0,0,0,0,0,0,A
3406,1,0,0,0,0,0,0,0,0,0,0,A
3407,1,0,0,0,0,0,0,0,0,0,0,A
3408,1,0,0,0,0,0,0,0,0,0,0,A
3409,1,0,0,0,0,0,0,0,0,0,0,A
3410,1,0,0,0,0,0,0,0,0,0,0,A
3411,1,0,0,0,0,0,0,0,0,0,0,A
3412,1,0,0,0,0,0,0,0,0,0,0,A
3413,1,0,0,0,0,0,0,0,0,0,0,A
3414,1,0,0,0,0,0,0,0,0,0,0,A
3415,1,0,0,0,0,0,0,0,0,0,0,A
3416,1,0,0,0,0,0,0,0,0,0,0,A
3417,1,0,0,0,0,0,0,0,0,0,0,A
3418,1,0,0,0,0,0,0,0,0,0,0,A
3419,1,0,0,0,0,0,0,0,0,0,0,A
3420,1,0,0,0,0,0,0,0,0,0,0,A
3421,1,0,0,0,0,0,0,0,0,0,0,A
3422,1,0,0,0,0,0,0,0,0,0,0,A
3423,1,0,0,0,0,0,0,0,0,0,0,A
3424,1,0,0,0,0,0,0,0,0,0,0,A
3425,1,0,0,0,0,0,0,0,0,0,0,A
3426,1,0,0,0,0,0,0,0,0,0,0,A
3427,1,0,0,0,0,0,0,0,0,0,0,A
3428,1,0,0,0,0,0,0,0,0,0,0,A
3429,1,0,0,0,0,0,0,0,0,0,0,A
3430,1,0,0,0,0,0,0,0,0,0,0,A
3431,1,0,0,0,0,0,0,0,0,0,0,A
3432,1,0,0,0,0,0,0,0,0,0,0,A
3433,1,0,0,0,0,0,0,0,0,0,0,A
3434,1,0,0,0,0,0,0,0,0,0,0,A
3435,1,0,0,0,0,0,0,0,0,0,0,A
3436,1,0,0,0,0,0,0,0,0,0,0,A
3437,1,0,0,0,0,0,0,0,0,0,0,A
3438,1,0,0,0,0,0,0,0,0,0,0,A
3439,1,0,0,0,0,0,0,0,0,0,0,A
3440,1,0,0,0,0,0,0,0,0,0,0,A
3441,1,0,0,0,0,0,0,0,0,0,0,A
3442,1,0,0,0,0,0,0,0,0,0,0,A
3443,1,0,0,0,0,0,0,0,0,0,0,A
3444,1,0,0,0,0,0,0,0,0,0,0,A
3445,1,0,0,0,0,0,0,0,0,0,0,A
3446,1,0,0,0,0,0,0,0,0,0,0,A
3447,1,0,0,0,0,0,0,0,0,0,0,A
3448,1,0,0,0,0,0,0,0,0,0,0,A
3449,1,0,0,0,0,0,0,0,0,0,0,A
3450,1,0,0,0,0,0,0,0,0,0,0,A
3451,1,0,0,0,0,0,0,0,0,0,0,A
3452,1,0,0,0,0,0,0,0,0,0,0,A
3453,1,0,0,0,0,0,0,0,0,0,0,A
3454,1,0,0,0,0,0,0,0,0,0,0,A
3455,1,0,0,0,0,0,0,0,0,0,0,A
3456,1,0,0,0,0,0,0,0,0,0,0,A
3457,1,0,0,0,0,0,0,0,0,0,0,A
3458,1,0,0,0,0,0,0,0,0,0,0,A
3459,1,0,0,0,0,0,0,0,0,0,0,A
3460,1,0,0,0,0,0,0,0,0,0,0,A
3461,1,0,0,0,0,0,0,0,0,0,0,A
3462,1,0,0,0,0,0,0,0,0,0,0,A
3463,1,0,0,0,0,0,0,0,0,0,0,A
3464,1,0,0,0,0,0,0,0,0,0,0,A
3465,1,0,0,0,0,0,0,0,0,0,0,A
3466,1,0,0,0,0,0,0,0,0,0,0,A
3467,1,0,0,0,0,0,0,0,0,0,0,A
3468,1,0,0,0,0,0,0,0,0,0,0,A
3469,1,0,0,0,0,0,0,0,0,0,0,A
3470,1,0,0,0,0,0,0,0,0,0,0,A
3471,1,0,0,0,0,0,0,0,0,0,0,A
3472,1,0,0,0,0,0,0,0,0,0,0,A
3473,1,0,0,0,0,0,0,0,0,0,0,A
3474,1,0,0,0,0,0,0,0,0,0,0,A
3475,1,0,0,0,0,0,0,0,0,0,0,A
3476,1,0,0,0,0,0,0,0,0,0,0,A
3477,1,0,0,0,0,0,0,0,0,0,0,A
3478,1,0,0,0,0,0,0,0,0,0,0,A
3479,1,0,0,0,0,0,0,0,0,0,0,A
3480,1,0,0,0,0,0,0,0,0,0,0,A
3481,1,0,0,0,0,0,0,0,0,0,0,A
3482,1,0,0,0,0,0,0,0,0,0,0,A
3483,1,0,0,0,0,0,0,0,0,0,0,A
3484,1,0,0,0,0,0,0,0,0,0,0,A
3485,1,0,0,0,0,0,0,0,0,0,0,A
3486,1,0,0,0,0,0,0,0,0,0,0,A
3487,1,0,0,0,0,0,0,0,0,0,0,A
3488,1,0,0,0,0,0,0,0,0,0,0,A
3489,1,0,0,0,0,0,0,0,0,0,0,A
3490,1,0,0,0,0,0,0,0,0,0,0,A
3491,1,0,0,0,0,0,0,0,0,0,0,A
3492,1,0,0,0,0,0,0,0,0,0,0,A
3493,1,0,0,0,0,0,0,0,0,0,0,A
3494,1,0,0,0,0,0,0,0,0,0,0,A
3495,1,0,0,0,0,0,0,0,0,0,0,A
3496,1,0,0,0,0,0,0,0,0,0,0,A
3497,1,0,0,0,0,0,0,0,0,0,0,A
3498,1,0,0,0,0,0,0,0,0,0,0,A
3499,1,0,0,0,0,0,0,0,0,0,0,A
3500,1,0,0,0,0,0,0,0,0,0,0,A
3501,1,0,0,0,0,0,0,0,0,0,0,A
3502,1,0,0,0,0,0,0,0,0,0,0,A
3503,1,0,0,0,0,0,0,0,0,0,0,A
3504,1,0,0,0,0,0,0,0,0,0,0,A
3505,1,0,0,0,0,0,0,0,0,0,0,A
3506,1,0,0,0,0,0,0,0,0,0,0,A
3507,1,0,0,0,0,0,0,0,0,0,0,A
3508,1,0,0,0,0,0,0,0,0,0,0,A
3509,1,0,0,0,0,0,0,0,0,0,0,A
3510,1,0,0,0,0,0,0,0,0,0,0,A
3511,1,0,0,0,0,0,0,0,0,0,0,A
3512,1,0,0,0,0,0,0,0,0,0,0,A
3513,1,0,0,0,0,0,0,0,0,0,0,A
3514,1,0,0,0,0,0,0,0,0,0,0,A
3515,1,0,0,0,0,0,0,0,0,0,0,A
3516,1,0,0,0,0,0,0,0,0,0,0,A
3517,0,0,0,0,0,0,0,0,0,0,0,G
3518,0,0,0,0,0,0,0,0,0,0,0,G
3519,0,0,0,0,0,0,0,0,0,0,0,G
3520,0,0,0,0,0,0,0,0,0,0,0,G
3521,0,0,0,0,0,0,0,0,0,0,0,G
3522,0,0,0,0,0,0,0,0,0,0,0,G
3523,0,0,0,0,0,0,0,0,0,0,0,G
3524,0,0,0,0,0,0,0,0,0,0,0,G
3525,0,0,0,0,0,0,0,0,0,0,0,G
3526,0,0,0,0,0,0,0,0,0,0,0,G
3527,0,0,0,0,0,0,0,0,0,0,0,G
3528,0,0,0,0,0,0,0,0,0,0,0,G
3529,0,0,0,0,0,0,0,0,0,0,0,G
3530,0,0,0,0,0,0,0,0,0,0,0,G
3531,0,0,0,0,0,0,0,0,0,0,0,G
3532,0,0,0,0,0,0,0,0,0,0,0,G
3533,0,0,0,0,0,0,0,0,0,0,0,G
3534,0,0,0,0,0,0,0,0,0,0,0,G
3535,0,0,0,0,0,0,0,0,0,0,0,G
3536,0,0,0,0,0,0,0,0,0,0,0,G
3537,0,0,0,0,0,0,0,0,0,0,0,G
3538,0,0,0,0,0,0,0,0,0,0,0,G
3539,0,0,0,0,0,0,0,0,0,0,0,G
3540,0,0,0,0,0,0,0,0,0,0,0,G
3541,0,0,0,0,0,0,0,0,0,0,0,G
3542,0,0,0,0,0,0,0,0,0,0,0,G
3543,0,0,0,0,0,0,0,0,0,0,0,G
3544,0,0,0,0,0,0,0,0,0,0,0,G
3545,0,0,0,0,0,0,0,0,0,0,0,G
3546,0,0,0,0,0,0,0,0,0,0,0,G
3547,0,0,0,0,0,0,0,0,0,0,0,G
3548,0,0,0,0,0,0,0,0,0,0,0,G
3549,0,0,0,0,0,0,0,0,0,0,0,G
3550,0,0,0,0,0,0,0,0,0,0,0,G
3551,0,0,0,0,0,0,0,0,0,0,0,G
3552,0,0,0,0,0,0,0,0,0,0,0,G
3553,0,0,0,0,0,0,0,0,0,0,0,G
3554,0,0,0,0,0,0,0,0,0,0,0,G
3555,0,0,0,0,0,0,0,0,0,0,0,G
3556,0,0,0,0,0,0,0,0,0,0,0,G
3557,0,0,0,0,0,0,0,0,0,0,0,G
3558,0,0,0,0,0,0,0,0,0,0,0,G
3559,0,0,0,0,0,0,0,0,0,0,0,G
3560,0,0,0,0,0,0,0,0,0,0,0,G
3561,0,0,0,0,0,0,0,0,0,0,0,G
3562,0,0,0,0,0,0,0,0,0,0,0,G
3563,0,0,0,0,0,0,0,0,0,0,0,G
3564,0,0,0,0,0,0,0,0,0,0,0,G
3565,0,0,0,0,0,0,0,0,0,0,0,G
3566,0,0,0,0,0,0,0,0,0,0,0,G
3567,0,0,0,0,0,0,0,0,0,0,0,G
3568,0,0,0,0,0,0,0,0,0,0,0,G
3569,0,0,0,0,0,0,0,0,0,0,0,G
3570,0,0,0,0,0,0,0,0,0,0,0,G
3571,0,0,0,0,0,0,0,0,0,0,0,G
3572,0,0,0,0,0,0,0,0,0,0,0,G
3573,0,0,0,0,0,0,0,0,0,0,0,G
3574,0,0,0,0,0,0,0,0,0,0,0,G
3575,0,0,0,0,0,0,0,0,0,0,0,G
3576,0,0,0,0,0,0,0,0,0,0,0,G
3577,0,0,0,0,0,0,0,0,0,0,0,G
3578,0,0,0,0,0,0,0,0,0,0,0,G
3579,0,0,0,0,0,0,0,0,0,0,0,G
3580,0,0,0,0,0,0,0,0,0,0,0,G
3581,0,0,0,0,0,0,0,0,0,0,0,G
3582,0,0,0,0,0,0,0,0,0,0,0,G
3583,0,0,0,0,0,0,0,0,0,0,0,G
3584,0,0,0,0,0,0,0,0,0,0,0,G
3585,0,0,0,0,0,0,0,0,0,0,0,G
3586,0,0,0,0,0,0,0,0,0,0,0,G
3587,0,0,0,0,0,0,0,0,0,0,0,G
3588,0,0,0,0,0,0,0,0,0,0,0,G
3589,0,0,0,0,0,0,0,0,0,0,0,G
3590,0,0,0,0,0,0,0,0,0,0,0,G
3591,0,0,0,0,0,0,0,0,0,0,0,G
3592,0,0,0,0,0,0,0,0,0,0,0,G
3593,0,0,0,0,0,0,0,0,0,0,0,G
3594,0,0,0,0,0,0,0,0,0,0,0,G
3595,0,0,0,0,0,0,0,0,0,0,0,G
3596,0,0,0,0,0,0,0,0,0,0,0,G
3597,0,0,0,0,0,0,0,0,0,0,0,G
3598,0,0,0,0,0,0,0,0,0,0,0,G
3599,0,0,0,0,0,0,0,0,0,0,0,G
3600,0,0,0,0,0,0,0,0,0,0,0,G
3601,0,0,0,0,0,0,0,0,0,0,0,G
3602,0,0,0,0,0,0,0,0,0,0,0,G
3603,0,0,0,0,0,0,0,0,0,0,0,G
3604,0,0,0,0,0,0,0,0,0,0,0,G
3605,0,0,0,0,0,0,0,0,0,0,0,G
3606,0,0,0,0,0,0,0,0,0,0,0,G
3607,0,0,0,0,0,0,0,0,0,0,0,G
3608,0,0,0,0,0,0,0,0,0,0,0,G
3609,0,0,0,0,0,0,0,0,0,0,0,G
3610,0,0,0,0,0,0,0,0,0,0,0,G
3611,0,0,0,0,0,0,0,0,0,0,0,G
3612,0,0,0,0,0,0,0,0,0,0,0,G
3613,0,0,0,0,0,0,0,0,0,0,0,G
3614,0,0,0,0,0,0,0,0,0,0,0,G
3615,0,0,0,0,0,0,0,0,0,0,0,G
3616,0,0,0,0,0,0,0,0,0,0,0,G
3617,0,0,0,0,0,0,0,0,0,0,0,G
3618,0,0,0,0,0,0,0,0,0,0,0,G
3619,0,0,0,0,0,0,0,0,0,0,0,G
3620,0,0,0,0,0,0,0,0,0,0,0,G
3621,0,0,0,0,0,0,0,0,0,0,0,G
3622,0,0,0,0,0,0,0,0,0,0,0,G
3623,0,0,0,0,0,0,0,0,0,0,0,G
3624,0,0,0,0,0,0,0,0,0,0,0,G
3625,0,0,0,0,0,0,0,0,0,0,0,G
3626,0,0,0,0,0,0,0,0,0,0,0,G
3627,0,0,0,0,0,0,0,0,0,0,0,G
3628,0,0,0,0,0,0,0,0,0,0,0,G
3629,0,0,0,0,0,0,0,0,0,0,0,G
3630,0,0,0,0,0,0,0,0,0,0,0,G
3631,0,0,0,0,0,0,0,0,0,0,0,G
3632,0,0,0,0,0,0,0,0,0,0,0,G
3633,0,0,0,0,0,0,0,0,0,0,0,G
3634,0,0,0,0,0,0,0,0,0,0,0,G
3635,0,0,0,0,0,0,0,0,0,0,0,G
3636,0,0,0,0,0,0,0,0,0,0,0,G
3637,0,0,0,0,0,0,0,0,0,0,0,G
3638,0,0,0,0,0,0,0,0,0,0,0,G
3639,0,0,0,0,0,0,0,0,0,0,0,G
3640,0,0,0,0,0,0,0,0,0,0,0,G
3641,0,0,0,0,0,0,0,0,0,0,0,G
3642,0,0,0,0,0,0,0,0,0,0,0,G
3643,0,0,0,0,0,0,0,0,0,0,0,G
3644,0,0,0,0,0,0,0,0,0,0,0,G
3645,0,0,0,0,0,0,0,0,0,0,0,G
3646,0,0,0,0,0,0,0,0,0,0,0,G
3647,0,0,0,0,0,0,0,0,0,0,0,G
3648,0,0,0,0,0,0,0,0,0,0,0,G
3649,0,0,0,0,0,0,0,0,0,0,0,G
3650,0,0,0,0,0,0,0,0,0,0,0,G
3651,0,0,0,0,0,0,0,0,0,0,0,G
3652,0,0,0,0,0,0,0,0,0,0,0,G
3653,0,0,0,0,0,0,0,0,0,0,0,G
3654,0,0,0,0,0,0,0,0,0,0,0,G
3655,0,0,0,0,0,0,0,0,0,0,0,G
3656,0,0,0,0,0,0,0,0,0,0,0,G
3657,0,0,0,0,0,0,0,0,0,0,0,G
3658,0,0,0,0,0,0,0,0,0,0,0,G
3659,0,0,0,0,0,0,0,0,0,0,0,G
3660,0,0,0,0,0,0,0,0,0,0,0,G
3661,0,0,0,0,0,0,0,0,0,0,0,G
3662,0,0,0,0,0,0,0,0,0,0,0,G
3663,0,0,0,0,0,0,0,0,0,0,0,G
3664,0,0,0,0,0,0,0,0,0,0,0,G
3665,0,0,0,0,0,0,0,0,0,0,0,G
3666,0,0,0,0,0,0,0,0,0,0,0,G
3667,0,0,0,0,0,0,0,0,0,0,0,G
3668,0,0,0,0,0,0,0,0,0,0,0,G
3669,0,0,0,0,0,0,0,0,0,0,0,G
3670,0,0,0,0,0,0,0,0,0,0,0,G
3671,0,0,0,0,0,0,0,0,0,0,0,G
3672,0,0,0,0,0,0,0,0,0,0,0,G
3673,0,0,0,0,0,0,0,0,0,0,0,G
3674,0,0,0,0,0,0,0,0,0,0,0,G
3675,0,0,0,0,0,0,0,0,0,0,0,G
3676,0,0,0,0,0,0,0,0,0,0,0,G
3677,0,0,0,0,0,0,0,0,0,0,0,G
3678,0,0,0,0,0,0,0,0,0,0,0,G
3679,0,0,0,0,0,0,0,0,0,0,0,G
3680,0,0,0,0,0,0,0,0,0,0,0,G
3681,0,0,0,0,0,0,0,0,0,0,0,G
3682,0,0,0,0,0,0,0,0,0,0,0,G
3683,0,0,0,0,0,0,0,0,0,0,0,G
3684,0,0,0,0,0,0,0,0,0,0,0,G
3685,0,0,0,0,0,0,0,0,0,0,0,G
3686,0,0,0,0,0,0,0,0,0,0,0,G
3687,0,0,0,0,0,0,0,0,0,0,0,G
3688,0,0,0,0,0,0,0,0,0,0,0,G
3689,0,0,0,0,0,0,0,0,0,0,0,G
3690,0,0,0,0,0,0,0,0,0,0,0,G
3691,0,0,0,0,0,0,0,0,0,0,0,G
3692,0,0,0,0,0,0,0,0,0,0,0,G
3693,0,0,0,0,0,0,0,0,0,0,0,G
3694,0,0,0,0,0,0,0,0,0,0,0,G
3695,0,0,0,0,0,0,0,0,0,0,0,G
3696,0,0,0,0,0,0,0,0,0,0,0,G
3697,0,0,0,0,0,0,0,0,0,0,0,G
3698,0,0,0,0,0,0,0,0,0,0,0,G
3699,0,0,0,0,0,0,0,0,0,0,0,G
3700,0,0,0,0,0,0,0,0,0,0,0,G
3701,0,0,0,0,0,0,0,0,0,0,0,G
3702,0,0,0,0,0,0,0,0,0,0,0,G
3703,0,0,0,0,0,0,0,0,0,0,0,G
3704,0,0,0,0,0,0,0,0,0,0,0,G
3705,0,0,0,0,0,0,0,0,0,0,0,G
3706,0,0,0,0,0,0,0,0,0,0,0,G
3707,0,0,0,0,0,0,0,0,0,0,0,G
3708,0,0,0,0,0,0,0,0,0,0,0,G
3709,0,0,0,0,0,0,0,0,0,0,0,G
3710,0,0,0,0,0,0,0,0,0,0,0,G
3711,0,0,0,0,0,0,0,0,0,0,0,G
3712,0,0,0,0,0,0,0,0,0,0,0,G
3713,0,0,0,0,0,0,0,0,0,0,0,G
3714,0,0,0,0,0,0,0,0,0,0,0,G
3715,0,0,0,0,0,0,0,0,0,0,0,G
3716,0,0,0,0,0,0,0,0,0,0,0,G
3717,0,0,0,0,0,0,0,0,0,0,0,G
3718,0,0,0,0,0,0,0,0,0,0,0,G
3719,0,0,0,0,0,0,0,0,0,0,0,G
3720,0,0,0,0,0,0,0,0,0,0,0,G
3721,0,0,0,0,0,0,0,0,0,0,0,G
3722,0,0,0,0,0,0,0,0,0,0,0,G
3723,0,0,0,0,0,0,0,0,0,0,0,G
3724,0,0,0,0,0,0,0,0,0,0,0,G
3725,0,0,0,0,0,0,0,0,0,0,0,G
3726,0,0,0,0,0,0,0,0,0,0,0,G
3727,0,0,0,0,0,0,0,0,0,0,0,G
3728,0,0,0,0,0,0,0,0,0,0,0,G
3729,0,0,0,0,0,0,0,0,0,0,0,G
3730,0,0,0,0,0,0,0,0,0,0,0,G
3731,0,0,0,0,0,0,0,0,0,0,0,G
3732,0,0,0,0,0,0,0,0,0,0,0,G
3733,0,0,0,0,0,0,0,0,0,0,0,G
3734,0,0,0,0,0,0,0,0,0,0,0,G
3735,0,0,0,0,0,0,0,0,0,0,0,G
3736,0,0,0,0,0,0,0,0,0,0,0,G
3737,0,0,0,0,0,0,0,0,0,0,0,G
3738,0,0,0,0,0,0,0,0,0,0,0,G
3739,0,0,0,0,0,0,0,0,0,0,0,G
3740,0,0,0,0,0,0,0,0,0,0,0,G
3741,0,0,0,0,0,0,0,0,0,0,0,G
3742,0,0,0,0,0,0,0,0,0,0,0,G
3743,0,0,0,0,0,0,0,0,0,0,0,G
3744,0,0,0,0,0,0,0,0,0,0,0,G
3745,0,0,0,0,0,0,0,0,0,0,0,G
3746,0,0,0,0,0,0,0,0,0,0,0,G
3747,0,0,0,0,0,0,0,0,0,0,0,G
3748,0,0,0,0,0,0,0,0,0,0,0,G
3749,0,0,0,0,0,0,0,0,0,0,0,G
3750,0,0,0,0,0,0,0,0,0,0,0,G
3751,0,0,0,0,0,0,0,0,0,0,0,G
3752,0,0,0,0,0,0,0,0,0,0,0,G
3753,0,0,0,0,0,0,0,0,0,0,0,G
3754,0,0,0,0,0,0,0,0,0,0,0,G
3755,0,0,0,0,0,0,0,0,0,0,0,G
3756,0,0,0,0,0,0,0,0,0,0,0,G
3757,0,0,0,0,0,0,0,0,0,0,0,G
3758,0,0,0,0,0,0,0,0,0,0,0,G
3759,0,0,0,0,0,0,0,0,0,0,0,G
3760,0,0,0,0,0,0,0,0,0,0,0,G
3761,0,0,0,0,0,0,0,0,0,0,0,G
3762,0,0,0,0,0,0,0,0,0,0,0,G
3763,0,0,0,0,0,0,0,0,0,0,0,G
3764,0,0,0,0,0,0,0,0,0,0,0,G
3765,0,0,0,0,0,0,0,0,0,0,0,G
3766,0,0,0,0,0,0,0,0,0,0,0,G
3767,0,0,0,0,0,0,0,0,0,0,0,G
3768,0,0,0,0,0,0,0,0,0,0,0,G
3769,0,0,0,0,0,0,0,0,0,0,0,G
3770,0,0,0,0,0,0,0,0,0,0,0,G
3771,0,0,0,0,0,0,0,0,0,0,0,G
3772,0,0,0,0,0,0,0,0,0,0,0,G
3773,0,0,0,0,0,0,0,0,0,0,0,G
3774,0,0,0,0,0,0,0,0,0,0,0,G
3775,0,0,0,0,0,0,0,0,0,0,0,G
3776,0,0,0,0,0,0,0,0,0,0,0,G
3777,0,0,0,0,0,0,0,0,0,0,0,G
3778,0,0,0,0,0,0,0,0,0,0,0,G
3779,0,0,0,0,0,0,0,0,0,0,0,G
3780,0,0,0,0,0,0,0,0,0,0,0,G
3781,0,0,0,0,0,0,0,0,0,0,0,G
3782,0,0,0,0,0,0,0,0,0,0,0,G
3783,0,0,0,0,0,0,0,0,0,0,0,G
3784,0,0,0,0,0,0,0,0,0,0,0,G
3785,0,0,0,0,0,0,0,0,0,0,0,G
3786,0,0,0,0,0,0,0,0,0,0,0,G
3787,0,0,0,0,0,0,0,0,0,0,0,G
3788,0,0,0,0,0,0,0,0,0,0,0,G
3789,0,0,0,0,0,0,0,0,0,0,0,G
3790,0,0,0,0,0,0,0,0,0,0,0,G
3791,0,0,0,0,0,0,0,0,0,0,0,G
3792,0,0,0,0,0,0,0,0,0,0,0,G
3793,0,0,0,0,0,0,0,0,0,0,0,G
3794,0,0,0,0,0,0,0,0,0,0,0,G
3795,0,0,0,0,0,0,0,0,0,0,0,G
3796,0,0,0,0,0,0,0,0,0,0,0,G
3797,0,0,0,0,0,0,0,0,0,0,0,G
3798,0,0,0,0,0,0,0,0,0,0,0,G
3799,0,0,0,0,0,0,0,0,0,0,0,G
3800,0,0,0,0,0,0,0,0,0,0,0,G
3801,0,0,0,0,0,0,0,0,0,0,0,G
3802,0,0,0,0,0,0,0,0,0,0,0,G
3803,0,0,0,0,0,0,0,0,0,0,0,G
3804,0,0,0,0,0,0,0,0,0,0,0,G
3805,0,0,0,0,0,0,0,0,0,0,0,G
3806,0,0,0,0,0,0,0,0,0,0,0,G
3807,0,0,0,0,0,0,0,0,0,0,0,G
3808,0,0,0,0,0,0,0,0,0,0,0,G
3809,0,0,0,0,0,0,0,0,0,0,0,G
3810,0,0,0,0,0,0,0,0,0,0,0,G
3811,0,0,0,0,0,0,0,0,0,0,0,G
3812,0,0,0,0,0,0,0,0,0,0,0,G
3813,0,0,0,0,0,0,0,0,0,0,0,G
3814,0,0,0,0,0,0,0,0,0,0,0,G
3815,0,0,0,0,0,0,0,0,0,0,0,G
3816,0,0,0,0,0,0,0,0,0,0,0,G
3817,0,0,0,0,0,0,0,0,0,0,0,G
3818,0,0,0,0,0,0,0,0,0,0,0,G
3819,0,0,0,0,0,0,0,0,0,0,0,G
3820,0,0,0,0,0,0,0,0,0,0,0,G
3821,0,0,0,0,0,0,0,0,0,0,0,G
3822,0,0,0,0,0,0,0,0,0,0,0,G
3823,0,0,0,0,0,0,0,0,0,0,0,G
3824,0,0,0,0,0,0,0,0,0,0,0,G
3825,0,0,0,0,0,0,0,0,0,0,0,G
3826,0,0,0,0,0,0,0,0,0,0,0,G
3827,0,0,0,0,0,0,0,0,0,0,0,G
3828,0,0,0,0,0,0,0,0,0,0,0,G
3829,0,0,0,0,0,0,0,0,0,0,0,G
3830,0,0,0,0,0,0,0,0,0,0,0,G
3831,0,0,0,0,0,0,0,0,0,0,0,G
3832,0,0,0,0,0,0,0,0,0,0,0,G
3833,0,0,0,0,0,0,0,0,0,0,0,G
3834,0,0,0,0,0,0,0,0,0,0,0,G
3835,0,0,0,0,0,0,0,0,0,0,0,G
3836,0,0,0,0,0,0,0,0,0,0,0,G
3837,0,0,0,0,0,0,0,0,0,0,0,G
3838,0,0,0,0,0,0,0,0,0,0,0,G
3839,0,0,0,0,0,0,0,0,0,0,0,G
3840,0,0,0,0,0,0,0,0,0,0,0,G
3841,0,0,0,0,0,0,0,0,0,0,0,G
3842,0,0,0,0,0,0,0,0,0,0,0,G
3843,0,0,0,0,0,0,0,0,0,0,0,G
3844,0,0,0,0,0,0,0,0,0,0,0,G
3845,0,0,0,0,0,0,0,0,0,0,0,G
3846,0,0,0,0,0,0,0,0,0,0,0,G
3847,0,0,0,0,0,0,0,0,0,0,0,G
3848,0,0,0,0,0,0,0,0,0,0,0,G
3849,0,0,0,0,0,0,0,0,0,0,0,G
3850,0,0,0,0,0,0,0,0,0,0,0,G
3851,0,0,0,0,0,0,0,0,0,0,0,G
3852,0,0,0,0,0,0,0,0,0,0,0,G
3853,0,0,0,0,0,0,0,0,0,0,0,G
3854,0,0,0,0,0,0,0,0,0,0,0,G
3855,0,0,0,0,0,0,0,0,0,0,0,G
3856,0,0,0,0,0,0,0,0,0,0,0,G
3857,0,0,0,0,0,0,0,0,0,0,0,G
3858,0,0,0,0,0,0,0,0,0,0,0,G
3859,0,0,0,0,0,0,0,0,0,0,0,G
3860,0,0,0,0,0,0,0,0,0,0,0,G
3861,0,0,0,0,0,0,0,0,0,0,0,G
3862,0,0,0,0,0,0,0,0,0,0,0,G
3863,0,0,0,0,0,0,0,0,0,0,0,G
3864,0,0,0,0,0,0,0,0,0,0,0,G
3865,0,0,0,0,0,0,0,0,0,0,0,G
3866,0,0,0,0,0,0,0,0,0,0,0,G
3867,0,0,0,0,0,0,0,0,0,0,0,G
3868,0,0,0,0,0,0,0,0,0,0,0,G
3869,0,0,0,0,0,0,0,0,0,0,0,G
3870,0,0,0,0,0,0,0,0,0,0,0,G
3871,0,0,0,0,0,0,0,0,0,0,0,G
3872,0,0,0,0,0,0,0,0,0,0,0,G
3873,0,0,0,0,0,0,0,0,0,0,0,G
3874,0,0,0,0,0,0,0,0,0,0,0,G
3875,0,0,0,0,0,0,0,0,0,0,0,G
3876,0,0,0,0,0,0,0,0,0,0,0,G
3877,0,0,0,0,0,0,0,0,0,0,0,G
3878,0,0,0,0,0,0,0,0,0,0,0,G
3879,0,0,0,0,0,0,0,0,0,0,0,G
3880,0,0,0,0,0,0,0,0,0,0,0,G
3881,0,0,0,0,0,0,0,0,0,0,0,G
3882,0,0,0,0,0,0,0,0,0,0,0,G
3883,0,0,0,0,0,0,0,0,0,0,0,G
3884,0,0,0,0,0,0,0,0,0,0,0,G
3885,0,0,0,0,0,0,0,0,0,0,0,G
3886,0,0,0,0,0,0,0,0,0,0,0,G
3887,0,0,0,0,0,0,0,0,0,0,0,G
3888,0,0,0,0,0,0,0,0,0,0,0,G
3889,0,0,0,0,0,0,0,0,0,0,0,G
3890,0,0,0,0,0,0,0,0,0,0,0,G
3891,0,0,0,0,0,0,0,0,0,0,0,G
3892,0,0,0,0,0,0,0,0,0,0,0,G
3893,0,0,0,0,0,0,0,0,0,0,0,G
3894,0,0,0,0,0,0,0,0,0,0,0,G
3895,0,0,0,0,0,0,0,0,0,0,0,G
3896,0,0,0,0,0,0,0,0,0,0,0,G
3897,0,0,0,0,0,0,0,0,0,0,0,G
3898,0,0,0,0,0,0,0,0,0,0,0,G
3899,0,0,0,0,0,0,0,0,0,0,0,G
3900,0,0,0,0,0,0,0,0,0,0,0,G
3901,0,0,0,0,0,0,0,0,0,0,0,G
3902,0,0,0,0,0,0,0,0,0,0,0,G
3903,0,0,0,0,0,0,0,0,0,0,0,G
3904,0,0,0,0,0,0,0,0,0,0,0,G
3905,0,0,0,0,0,0,0,0,0,0,0,G
3906,0,0,0,0,0,0,0,0,0,0,0,G
3907,0,0,0,0,0,0,0,0,0,0,0,G
3908,0,0,0,0,0,0,0,0,0,0,0,G
3909,0,0,0,0,0,0,0,0,0,0,0,G
3910,0,0,0,0,0,0,0,0,0,0,0,G
3911,0,0,0,0,0,0,0,0,0,0,0,G
3912,0,0,0,0,0,0,0,0,0,0,0,G
3913,0,0,0,0,0,0,0,0,0,0,0,G
3914,0,0,0,0,0,0,0,0,0,0,0,G
3915,0,0,0,0,0,0,0,0,0,0,0,G
3916,0,0,0,0,0,0,0,0,0,0,0,G
3917,0,0,0,0,0,0,0,0,0,0,0,G
3918,0,0,0,0,0,0,0,0,0,0,0,G
3919,0,0,0,0,0,0,0,0,0,0,0,G
3920,0,0,0,0,0,0,0,0,0,0,0,G
3921,0,0,0,0,0,0,0,0,0,0,0,G
3922,0,0,0,0,0,0,0,0,0,0,0,G
3923,0,0,0,0,0,0,0,0,0,0,0,G
3924,0,0,0,0,0,0,0,0,0,0,0,G
3925,0,0,0,0,0,0,0,0,0,0,0,G
3926,0,0,0,0,0,0,0,0,0,0,0,G
3927,0,0,0,0,0,0,0,0,0,0,0,G
3928,0,0,0,0,0,0,0,0,0,0,0,G
3929,0,0,0,0,0,0,0,0,0,0,0,G
3930,0,0,0,0,0,0,0,0,0,0,0,G
3931,0,0,0,0,0,0,0,0,0,0,0,G
3932,0,0,0,0,0,0,0,0,0,0,0,G
3933,0,0,0,0,0,0,0,0,0,0,0,G
3934,0,0,0,0,0,0,0,0,0,0,0,G
3935,0,0,0,0,0,0,0,0,0,0,0,G
3936,0,0,0,0,0,0,0,0,0,0,0,G
3937,0,0,0,0,0,0,0,0,0,0,0,G
3938,0,0,0,0,0,0,0,0,0,0,0,G
3939,0,0,0,0,0,0,0,0,0,0,0,G
3940,0,0,0,0,0,0,0,0,0,0,0,G
3941,0,0,0,0,0,0,0,0,0,0,0,G
3942,0,0,0,0,0,0,0,0,0,0,0,G
3943,0,0,0,0,0,0,0,0,0,0,0,G
3944,0,0,0,0,0,0,0,0,0,0,0,G
3945,0,0,0,0,0,0,0,0,0,0,0,G
3946,0,0,0,0,0,0,0,0,0,0,0,G
3947,0,0,0,0,0,0,0,0,0,0,0,G
3948,0,0,0,0,0,0,0,0,0,0,0,G
3949,0,0,0,0,0,0,0,0,0,0,0,G
3950,0,0,0,0,0,0,0,0,0,0,0,G
3951,0,0,0,0,0,0,0,0,0,0,0,G
3952,0,0,0,0,0,0,0,0,0,0,0,G
3953,0,0,0,0,0,0,0,0,0,0,0,G
3954,0,0,0,0,0,0,0,0,0,0,0,G
3955,0,0,0,0,0,0,0,0,0,0,0,G
3956,0,0,0,0,0,0,0,0,0,0,0,G
3957,0,0,0,0,0,0,0,0,0,0,0,G
3958,0,0,0,0,0,0,0,0,0,0,0,G
3959,0,0,0,0,0,0,0,0,0,0,0,G
3960,0,0,0,0,0,0,0,0,0,0,0,G
3961,0,0,0,0,0,0,0,0,0,0,0,G
3962,0,0,0,0,0,0,0,0,0,0,0,G
3963,0,0,0,0,0,0,0,0,0,0,0,G
3964,0,0,0,0,0,0,0,0,0,0,0,G
3965,0,0,0,0,0,0,0,0,0,0,0,G
3966,0,0,0,0,0,0,0,0,0,0,0,G
3967,0,0,0,0,0,0,0,0,0,0,0,G
3968,0,0,0,0,0,0,0,0,0,0,0,G
3969,0,0,0,0,0,0,0,0,0,0,0,G
3970,0,0,0,0,0,0,0,0,0,0,0,G
3971,0,0,0,0,0,0,0,0,0,0,0,G
3972,0,0,0,0,0,0,0,0,0,0,0,G
3973,0,0,0,0,0,0,0,0,0,0,0,G
3974,0,0,0,0,0,0,0,0,0,0,0,G
3975,0,0,0,0,0,0,0,0,0,0,0,G
3976,0,0,0,0,0,0,0,0,0,0,0,G
3977,0,0,0,0,0,0,0,0,0,0,0,G
3978,0,0,0,0,0,0,0,0,0,0,0,G
3979,0,0,0,0,0,0,0,0,0,0,0,G
3980,0,0,0,0,0,0,0,0,0,0,0,G
3981,0,0,0,0,0,0,0,0,0,0,0,G
3982,0,0,0,0,0,0,0,0,0,0,0,G
3983,0,0,0,0,0,0,0,0,0,0,0,G
3984,0,0,0,0,0,0,0,0,0,0,0,G
3985,0,0,0,0,0,0,0,0,0,0,0,G
3986,0,0,0,0,0,0,0,0,0,0,0,G
3987,0,0,0,0,0,0,0,0,0,0,0,G
3988,0,0,0,0,0,0,0,0,0,0,0,G
3989,0,0,0,0,0,0,0,0,0,0,0,G
3990,0,0,0,0,0,0,0,0,0,0,0,G
3991,0,0,0,0,0,0,0,0,0,0,0,G
3992,0,0,0,0,0,0,0,0,0,0,0,G
3993,0,0,0,0,0,0,0,0,0,0,0,G
3994,0,0,0,0,0,0,0,0,0,0,0,G
3995,0,0,0,0,0,0,0,0,0,0,0,G
3996,0,0,0,0,0,0,0,0,0,0,0,G
3997,0,0,0,0,0,0,0,0,0,0,0,G
3998,0,0,0,0,0,0,0,0,0,0,0,G
3999,0,0,0,0,0,0,0,0,0,0,0,G
4000,0,0,0,0,0,0,0,0,0,0,0,G
4001,0,0,0,0,0,0,0,0,0,0,0,G
4002,0,0,0,0,0,0,0,0,0,0,0,G
4003,0,0,0,0,0,0,0,0,0,0,0,G
4004,0,0,0,0,0,0,0,0,0,0,0,G
4005,0,0,0,0,0,0,0,0,0,0,0,G
4006,0,0,0,0,0,0,0,0,0,0,0,G
4007,0,0,0,0,0,0,0,0,0,0,0,G
4008,0,0,0,0,0,0,0,0,0,0,0,G
4009,0,0,0,0,0,0,0,0,0,0,0,G
4010,0,0,0,0,0,0,0,0,0,0,0,G
4011,0,0,0,0,0,0,0,0,0,0,0,G
4012,0,0,0,0,0,0,0,0,0,0,0,G
4013,0,0,0,0,0,0,0,0,0,0,0,G
4014,0,0,0,0,0,0,0,0,0,0,0,G
4015,0,0,0,0,0,0,0,0,0,0,0,G
4016,0,0,0,0,0,0,0,0,0,0,0,G
4017,0,0,0,0,0,0,0,0,0,0,0,G
4018,0,0,0,0,0,0,0,0,0,0,0,G
4019,0,0,0,0,0,0,0,0,0,0,0,G
4020,0,0,0,0,0,0,0,0,0,0,0,G
4021,0,0,0,0,0,0,0,0,0,0,0,G
4022,0,0,0,0,0,0,0,0,0,0,0,G
4023,0,0,0,0,0,0,0,0,0,0,0,G
4024,0,0,0,0,0,0,0,0,0,0,0,G
4025,0,0,0,0,0,0,0,0,0,0,0,G
4026,0,0,0,0,0,0,0,0,0,0,0,G
4027,0,0,0,0,0,0,0,0,0,0,0,G
4028,0,0,0,0,0,0,0,0,0,0,0,G
4029,0,0,0,0,0,0,0,0,0,0,0,G
4030,0,0,0,0,0,0,0,0,0,0,0,G
4031,0,0,0,0,0,0,0,0,0,0,0,G
4032,0,0,0,0,0,0,0,0,0,0,0,G
4033,0,0,0,0,0,0,0,0,0,0,0,G
4034,0,0,0,0,0,0,0,0,0,0,0,G
4035,0,0,0,0,0,0,0,0,0,0,0,G
4036,0,0,0,0,0,0,0,0,0,0,0,G
4037,0,0,0,0,0,0,0,0,0,0,0,G
4038,0,0,0,0,0,0,0,0,0,0,0,G
4039,0,0,0,0,0,0,0,0,0,0,0,G
4040,0,0,0,0,0,0,0,0,0,0,0,G
4041,0,0,0,0,0,0,0,0,0,0,0,G
4042,0,0,0,0,0,0,0,0,0,0,0,G
4043,0,0,0,0,0,0,0,0,0,0,0,G
4044,0,0,0,0,0,0,0,0,0,0,0,G
4045,0,0,0,0,0,0,0,0,0,0,0,G
4046,0,0,0,0,0,0,0,0,0,0,0,G
4047,0,0,0,0,0,0,0,0,0,0,0,G
4048,0,0,0,0,0,0,0,0,0,0,0,G
4049,0,0,0,0,0,0,0,0,0,0,0,G
4050,0,0,0,0,0,0,0,0,0,0,0,G
4051,0,0,0,0,0,0,0,0,0,0,0,G
4052,0,0,0,0,0,0,0,0,0,0,0,G
4053,0,0,0,0,0,0,0,0,0,0,0,G
4054,0,0,0,0,0,0,0,0,0,0,0,G
4055,0,0,0,0,0,0,0,0,0,0,0,G
4056,0,0,0,0,0,0,0,0,0,0,0,G
4057,0,0,0,0,0,0,0,0,0,0,0,G
4058,0,0,0,0,0,0,0,0,0,0,0,G
4059,0,0,0,0,0,0,0,0,0,0,0,G
4060,0,0,0,0,0,0,0,0,0,0,0,G
4061,0,0,0,0,0,0,0,0,0,0,0,G
4062,0,0,0,0,0,0,0,0,0,0,0,G
4063,0,0,0,0,0,0,0,0,0,0,0,G
4064,0,0,0,0,0,0,0,0,0,0,0,G
4065,0,0,0,0,0,0,0,0,0,0,0,G
4066,0,0,0,0,0,0,0,0,0,0,0,G
4067,0,0,0,0,0,0,0,0,0,0,0,G
4068,0,0,0,0,0,0,0,0,0,0,0,G
4069,0,0,0,0,0,0,0,0,0,0,0,G
4070,0,0,0,0,0,0,0,0,0,0,0,G
4071,0,0,0,0,0,0,0,0,0,0,0,G
4072,0,0,0,0,0,0,0,0,0,0,0,G
4073,0,0,0,0,0,0,0,0,0,0,0,G
4074,0,0,0,0,0,0,0,0,0,0,0,G
4075,0,0,0,0,0,0,0,0,0,0,0,G
4076,0,0,0,0,0,0,0,0,0,0,0,G
4077,0,0,0,0,0,0,0,0,0,0,0,G
4078,0,0,0,0,0,0,0,0,0,0,0,G
4079,0,0,0,0,0,0,0,0,0,0,0,G
4080,0,0,0,0,0,0,0,0,0,0,0,G
4081,0,0,0,0,0,0,0,0,0,0,0,G
4082,0,0,0,0,0,0,0,0,0,0,0,G
4083,0,0,0,0,0,0,0,0,0,0,0,G
4084,0,0,0,0,0,0,0,0,0,0,0,G
4085,0,0,0,0,0,0,0,0,0,0,0,G
4086,0,0,0,0,0,0,0,0,0,0,0,G
4087,0,0,0,0,0,0,0,0,0,0,0,G
4088,0,0,0,0,0,0,0,0,0,0,0,G
4089,0,0,0,0,0,0,0,0,0,0,0,G
4090,0,0,0,0,0,0,0,0,0,0,0,G
4091,0,0,0,0,0,0,0,0,0,0,0,G
4092,0,0,0,0,0,0,0,0,0,0,0,G
4093,0,0,0,0,0,0,0,0,0,0,0,G
4094,0,0,0,0,0,0,0,0,0,0,0,G
4095,0,0,0,0,0,0,0,0,0,0,0,G
4096,0,0,0,0,0,0,0,0,0,0,0,G
4097,0,0,0,0,0,0,0,0,0,0,0,G
4098,0,0,0,0,0,0,0,0,0,0,0,G
4099,0,0,0,0,0,0,0,0,0,0,0,G
4100,0,0,0,0,0,0,0,0,0,0,0,G
4101,0,0,0,0,0,0,0,0,0,0,0,G
4102,0,0,0,0,0,0,0,0,0,0,0,G
4103,0,0,0,0,0,0,0,0,0,0,0,G
4104,0,0,0,0,0,0,0,0,0,0,0,G
4105,0,0,0,0,0,0,0,0,0,0,0,G
4106,0,0,0,0,0,0,0,0,0,0,0,G
4107,0,0,0,0,0,0,0,0,0,0,0,G
4108,0,0,0,0,0,0,0,0,0,0,0,G
4109,0,0,0,0,0,0,0,0,0,0,0,G
4110,0,0,0,0,0,0,0,0,0,0,0,G
4111,0,0,0,0,0,0,0,0,0,0,0,G
4112,0,0,0,0,0,0,0,0,0,0,0,G
4113,0,0,0,0,0,0,0,0,0,0,0,G
4114,0,0,0,0,0,0,0,0,0,0,0,G
4115,0,0,0,0,0,0,0,0,0,0,0,G
4116,0,0,0,0,0,0,0,0,0,0,0,G
4117,0,0,0,0,0,0,0,0,0,0,0,G
4118,0,0,0,0,0,0,0,0,0,0,0,G
4119,0,0,0,0,0,0,0,0,0,0,0,G
4120,0,0,0,0,0,0,0,0,0,0,0,G
4121,0,0,0,0,0,0,0,0,0,0,0,G
4122,0,0,0,0,0,0,0,0,0,0,0,G
4123,0,0,0,0,0,0,0,0,0,0,0,G
4124,0,0,0,0,0,0,0,0,0,0,0,G
4125,0,0,0,0,0,0,0,0,0,0,0,G
4126,0,0,0,0,0,0,0,0,0,0,0,G
4127,0,0,0,0,0,0,0,0,0,0,0,G
4128,0,0,0,0,0,0,0,0,0,0,0,G
4129,0,0,0,0,0,0,0,0,0,0,0,G
4130,0,0,0,0,0,0,0,0,0,0,0,G
4131,0,0,0,0,0,0,0,0,0,0,0,G
4132,0,0,0,0,0,0,0,0,0,0,0,G
4133,0,0,0,0,0,0,0,0,0,0,0,G
4134,0,0,0,0,0,0,0,0,0,0,0,G
4135,0,0,0,0,0,0,0,0,0,0,0,G
4136,0,0,0,0,0,0,0,0,0,0,0,G
4137,0,0,0,0,0,0,0,0,0,0,0,G
4138,0,0,0,0,0,0,0,0,0,0,0,G
4139,0,0,0,0,0,0,0,0,0,0,0,G
4140,0,0,0,0,0,0,0,0,0,0,0,G
4141,0,0,0,0,0,0,0,0,0,0,0,G
4142,0,0,0,0,0,0,0,0,0,0,0,G
4143,0,0,0,0,0,0,0,0,0,0,0,G
4144,0,0,0,0,0,0,0,0,0,0,0,G
4145,0,0,0,0,0,0,0,0,0,0,0,G
4146,0,0,0,0,0,0,0,0,0,0,0,G
4147,0,0,0,0,0,0,0,0,0,0,0,G
4148,0,0,0,0,0,0,0,0,0,0,0,G
4149,0,0,0,0,0,0,0,0,0,0,0,G
4150,0,0,0,0,0,0,0,0,0,0,0,G
4151,0,0,0,0,0,0,0,0,0,0,0,G
4152,0,0,0,0,0,0,0,0,0,0,0,G
4153,0,0,0,0,0,0,0,0,0,0,0,G
4154,0,0,0,0,0,0,0,0,0,0,0,G
4155,0,0,0,0,0,0,0,0,0,0,0,G
4156,0,0,0,0,0,0,0,0,0,0,0,G
4157,0,0,0,0,0,0,0,0,0,0,0,G
4158,0,0,0,0,0,0,0,0,0,0,0,G
4159,0,0,0,0,0,0,0,0,0,0,0,G
4160,0,0,0,0,0,0,0,0,0,0,0,G
4161,0,0,0,0,0,0,0,0,0,0,0,G
4162,0,0,0,0,0,0,0,0,0,0,0,G
4163,0,0,0,0,0,0,0,0,0,0,0,G
4164,0,0,0,0,0,0,0,0,0,0,0,G
4165,0,0,0,0,0,0,0,0,0,0,0,G
4166,0,0,0,0,0,0,0,0,0,0,0,G
4167,0,0,0,0,0,0,0,0,0,0,0,G
4168,0,0,0,0,0,0,0,0,0,0,0,G
4169,0,0,0,0,0,0,0,0,0,0,0,G
4170,0,0,0,0,0,0,0,0,0,0,0,G
4171,0,0,0,0,0,0,0,0,0,0,0,G
4172,0,0,0,0,0,0,0,0,0,0,0,G
4173,0,0,0,0,0,0,0,0,0,0,0,G
4174,0,0,0,0,0,0,0,0,0,0,0,G
4175,0,0,0,0,0,0,0,0,0,0,0,G
4176,0,0,0,0,0,0,0,0,0,0,0,G
4177,0,0,0,0,0,0,0,0,0,0,0,G
4178,0,0,0,0,0,0,0,0,0,0,0,G
4179,0,0,0,0,0,0,0,0,0,0,0,G
4180,0,0,0,0,0,0,0,0,0,0,0,G
4181,0,0,0,0,0,0,0,0,0,0,0,G
4182,0,0,0,0,0,0,0,0,0,0,0,G
4183,0,0,0,0,0,0,0,0,0,0,0,G
4184,0,0,0,0,0,0,0,0,0,0,0,G
4185,0,0,0,0,0,0,0,0,0,0,0,G
4186,0,0,0,0,0,0,0,0,0,0,0,G
4187,0,0,0,0,0,0,0,0,0,0,0,G
4188,0,0,0,0,0,0,0,0,0,0,0,G
4189,0,0,0,0,0,0,0,0,0,0,0,G
4190,0,0,0,0,0,0,0,0,0,0,0,G
4191,0,0,0,0,0,0,0,0,0,0,0,G
4192,0,0,0,0,0,0,0,0,0,0,0,G
4193,0,0,0,0,0,0,0,0,0,0,0,G
4194,0,0,0,0,0,0,0,0,0,0,0,G
4195,0,0,0,0,0,0,0,0,0,0,0,G
4196,0,0,0,0,0,0,0,0,0,0,0,G
4197,0,0,0,0,0,0,0,0,0,0,0,G
4198,0,0,0,0,0,0,0,0,0,0,0,G
4199,0,0,0,0,0,0,0,0,0,0,0,G
4200,0,0,0,0,0,0,0,0,0,0,0,G
4201,0,0,0,0,0,0,0,0,0,0,0,G
4202,0,0,0,0,0,0,0,0,0,0,0,G
4203,0,0,0,0,0,0,0,0,0,0,0,G
4204,0,0,0,0,0,0,0,0,0,0,0,G
4205,0,0,0,0,0,0,0,0,0,0,0,G
4206,0,0,0,0,0,0,0,0,0,0,0,G
4207,0,0,0,0,0,0,0,0,0,0,0,G
4208,0,0,0,0,0,0,0,0,0,0,0,G
4209,0,0,0,0,0,0,0,0,0,0,0,G
4210,0,0,0,0,0,0,0,0,0,0,0,G
4211,0,0,0,0,0,0,0,0,0,0,0,G
4212,0,0,0,0,0,0,0,0,0,0,0,G
4213,0,0,0,0,0,0,0,0,0,0,0,G
4214,0,0,0,0,0,0,0,0,0,0,0,G
4215,0,0,0,0,0,0,0,0,0,0,0,G
4216,0,0,0,0,0,0,0,0,0,0,0,G
4217,0,0,0,0,0,0,0,0,0,0,0,G
4218,0,0,0,0,0,0,0,0,0,0,0,G
4219,0,0,0,0,0,0,0,0,0,0,0,G
4220,0,0,0,0,0,0,0,0,0,0,0,G
4221,0,0,0,0,0,0,0,0,0,0,0,G
4222,0,0,0,0,0,0,0,0,0,0,0,G
4223,0,0,0,0,0,0,0,0,0,0,0,G
4224,0,0,0,0,0,0,0,0,0,0,0,G
4225,0,0,0,0,0,0,0,0,0,0,0,G
4226,0,0,0,0,0,0,0,0,0,0,0,G
4227,0,0,0,0,0,0,0,0,0,0,0,G
4228,0,0,0,0,0,0,0,0,0,0,0,G
4229,0,0,0,0,0,0,0,0,0,0,0,G
4230,0,0,0,0,0,0,0,0,0,0,0,G
4231,0,0,0,0,0,0,0,0,0,0,0,G
4232,0,0,0,0,0,0,0,0,0,0,0,G
4233,0,0,0,0,0,0,0,0,0,0,0,G
4234,0,0,0,0,0,0,0,0,0,0,0,G
4235,0,0,0,0,0,0,0,0,0,0,0,G
4236,0,0,0,0,0,0,0,0,0,0,0,G
4237,0,0,0,0,0,0,0,0,0,0,0,G
4238,0,0,0,0,0,0,0,0,0,0,0,G
4239,0,0,0,1,0,0,0,0,0,0,0,C
4240,0,0,0,1,0,0,0,0,0,0,0,C
4241,0,0,0,1,0,0,0,0,0,0,0,C
4242,0,0,0,1,0,0,0,0,0,0,0,C
4243,0,0,0,1,0,0,0,0,0,0,0,C
4244,0,0,0,1,0,0,0,0,0,0,0,C
4245,0,0,0,1,0,0,0,0,0,0,0,C
4246,0,0,0,1,0,0,0,0,0,0,0,C
4247,0,0,0,1,0,0,0,0,0,0,0,C
4248,0,0,0,1,0,0,0,0,0,0,0,C
4249,0,0,0,1,0,1,0,0,0,0,0,B
4250,0,0,0,1,0,1,0,0,0,0,0,B
4251,0,0,0,1,0,1,0,0,0,0,0,B
4252,0,0,0,1,0,1,0,0,0,0,0,B
4253,0,0,0,1,0,1,0,0,0,0,0,B
4254,0,0,0,1,0,1,0,0,0,0,0,B
4255,0,0,0,1,0,1,0,0,0,0,0,B
4256,0,0,0,1,0,1,0,0,0,0,0,B
4257,0,0,0,1,0,1,0,0,0,0,0,B
4258,0,0,0,1,0,1,0,0,0,0,0,B
4259,0,0,0,1,0,1,0,0,0,0,0,B
4260,0,0,0,1,0,1,0,0,0,0,0,B
4261,0,0,0,1,0,1,0,0,0,0,0,B
4262,0,0,0,1,0,1,0,0,0,0,0,B
4263,0,0,0,1,0,1,0,0,0,0,0,B
4264,0,0,0,1,0,1,0,0,0,0,0,B
4265,0,0,0,1,0,1,0,0,0,0,0,B
4266,0,0,0,1,0,1,0,0,0,0,0,B
4267,0,0,0,1,0,1,0,0,0,0,0,B
4268,0,0,0,1,0,1,0,0,0,0,0,B
4269,0,0,0,1,0,1,0,0,0,0,0,B
4270,0,0,0,1,0,1,0,0,0,0,0,B
4271,0,0,0,1,0,1,0,0,0,0,0,B
4272,0,0,0,1,0,1,0,0,0,0,0,B
4273,0,0,0,1,0,1,0,0,0,0,0,B
4274,0,0,0,1,0,1,0,0,0,0,0,B
4275,0,0,0,1,0,1,0,0,0,0,0,B
4276,0,0,0,1,0,1,0,0,0,0,0,B
4277,0,0,0,1,0,1,0,0,0,0,0,B
4278,0,0,0,1,0,1,0,0,0,0,0,B
4279,0,0,0,1,0,1,0,0,0,0,0,B
4280,0,0,0,1,0,1,0,0,0,0,0,B
4281,0,0,0,1,0,1,0,0,0,0,0,B
4282,0,0,0,1,0,1,0,0,0,0,0,B
4283,0,0,0,1,0,1,0,0,0,0,0,B
4284,0,0,0,1,0,1,0,0,0,0,0,B
4285,0,0,0,1,0,1,0,0,0,0,0,B
4286,0,0,0,1,0,1,0,0,0,0,0,B
4287,0,0,0,1,0,1,0,0,0,0,0,B
4288,0,0,0,1,0,1,0,0,0,0,0,B
4289,0,0,0,1,0,1,0,0,0,0,0,B
4290,0,0,0,1,0,1,0,0,0,0,0,B
4291,0,0,0,1,0,1,0,0,0,0,0,B
4292,0,0,0,1,0,1,0,0,0,0,0,B
4293,0,0,0,1,0,1,0,0,0,0,0,B
4294,0,0,0,1,0,1,0,0,0,0,0,B
4295,0,0,0,1,0,1,0,0,0,0,0,B
4296,0,0,0,1,0,1,0,0,0,0,0,B
4297,0,0,0,1,0,1,0,0,0,0,0,B
4298,0,0,0,1,0,1,0,0,0,0,0,B
4299,0,0,0,1,0,1,0,0,0,0,0,B
4300,0,0,0,1,0,1,0,0,0,0,0,B
4301,0,0,0,1,0,1,0,0,0,0,0,B
4302,0,0,0,1,0,1,0,0,0,0,0,B
4303,0,0,0,1,0,1,0,0,0,0,0,B
4304,0,0,0,1,0,1,0,0,0,0,0,B
4305,0,0,0,1,0,1,0,0,0,0,0,B
4306,0,0,0,1,0,1,0,0,0,0,0,B
4307,0,0,0,1,0,1,0,0,0,0,0,B
4308,0,0,0,1,0,1,0,0,0,0,0,B
4309,0,0,0,1,0,1,0,0,0,0,0,B
4310,0,0,0,1,0,1,0,0,0,0,0,B
4311,0,0,0,1,0,1,0,0,0,0,0,B
4312,0,0,0,1,0,1,0,0,0,0,0,B
4313,0,0,0,1,0,1,0,0,0,0,0,B
4314,0,0,0,1,0,1,0,0,0,0,0,B
4315,0,0,0,1,0,1,0,0,0,0,0,B
4316,0,0,0,1,0,1,0,0,0,0,0,B
4317,0,0,0,1,0,1,0,0,0,0,0,B
4318,0,0,0,1,0,1,0,0,0,0,0,B
4319,0,0,0,1,0,1,0,0,0,0,0,B
4320,0,0,0,1,0,1,0,0,0,0,0,B
4321,0,0,0,1,0,1,0,0,0,0,0,B
4322,0,0,0,1,0,1,0,0,0,0,0,B
4323,0,0,0,1,0,1,0,0,0,0,0,B
4324,0,0,0,1,0,1,0,0,0,0,0,B
4325,0,0,0,1,0,1,0,0,0,0,0,B
4326,0,0,0,1,0,1,1,0,0,0,0,B
4327,0,0,0,1,0,1,1,0,0,0,0,B
4328,0,0,0,1,0,1,1,0,0,0,0,B
4329,0,0,0,1,0,1,1,0,0,0,0,B
4330,0,0,0,1,0,1,1,0,0,0,0,B
4331,0,0,0,1,0,1,1,0,0,0,0,B
4332,0,0,0,1,0,1,1,0,0,0,0,B
4333,0,0,0,1,0,1,1,0,0,0,0,B
4334,0,0,0,1,0,1,1,0,0,0,0,B
4335,0,0,0,1,0,1,1,0,0,0,0,B
4336,0,0,0,1,0,1,1,0,0,0,0,B
4337,0,0,0,1,0,1,1,0,0,0,0,B
4338,0,0,0,1,0,1,1,0,0,0,0,B
4339,0,0,0,1,0,1,1,0,0,0,0,B
4340,0,0,0,1,0,1,1,0,0,0,0,B
4341,0,0,0,1,0,1,1,0,0,0,0,B
4342,0,0,0,1,0,1,1,0,0,0,0,B
4343,0,0,0,1,0,1,1,0,0,0,0,B
4344,0,0,0,1,0,1,1,0,0,0,0,B
4345,0,0,0,1,0,1,1,0,0,0,0,B
4346,0,0,0,1,0,1,1,0,0,0,0,B
4347,0,0,0,1,0,1,1,0,0,0,0,B
4348,0,0,0,1,0,1,1,0,0,0,0,B
4349,0,0,0,1,0,1,1,0,0,0,0,B
4350,0,0,0,1,0,1,1,0,0,0,0,B
4351,0,0,0,1,0,1,1,0,0,0,0,B
4352,0,0,0,1,0,1,1,0,0,0,0,B
4353,0,0,0,1,0,1,1,0,0,0,0,B
4354,0,0,0,1,0,1,1,0,0,0,0,B
4355,0,0,0,1,0,1,1,0,0,0,0,B
4356,0,0,0,1,0,1,1,0,0,0,0,B
4357,0,0,0,1,0,1,1,0,0,0,0,B
4358,0,0,0,1,0,1,1,0,0,0,0,B
4359,0,0,0,1,0,1,1,0,0,0,0,B
4360,0,0,0,1,0,1,1,0,0,0,0,B
4361,0,0,0,1,0,1,1,0,0,0,0,B
4362,0,0,0,1,0,1,1,0,0,0,0,B
4363,0,0,0,1,0,1,1,0,0,0,0,B
4364,0,0,0,1,0,1,1,0,0,0,0,B
4365,0,0,0,1,0,1,1,0,0,0,0,B
4366,0,0,0,1,0,1,1,0,0,0,0,B
4367,0,0,0,1,0,1,1,0,0,0,0,B
4368,0,0,0,1,0,1,1,0,0,0,0,B
4369,0,0,0,1,0,1,1,0,0,0,0,B
4370,0,0,0,1,0,1,1,0,0,0,0,B
4371,0,0,0,1,0,1,1,0,0,0,0,B
4372,0,0,0,1,0,1,1,0,0,0,0,B
4373,0,0,0,1,0,1,1,0,0,0,0,B
4374,0,0,0,1,0,1,1,0,0,0,0,B
4375,0,0,0,1,0,1,1,0,0,0,0,B
4376,0,0,0,1,0,1,1,0,0,0,0,B
4377,0,0,0,1,0,1,1,0,0,0,0,B
4378,0,0,0,1,0,1,1,0,0,0,0,B
4379,0,0,0,1,0,1,1,0,0,0,0,B
4380,0,0,0,1,0,1,1,0,0,0,0,B
4381,0,0,0,1,0,1,1,0,0,0,0,B
4382,0,0,0,1,0,1,1,0,0,0,0,B
4383,0,0,0,1,0,1,1,0,0,0,0,B
4384,0,0,0,1,0,1,1,0,0,0,0,B
4385,0,0,0,1,0,1,1,0,0,0,0,B
4386,0,0,0,1,0,1,1,0,0,0,0,B
4387,0,0,0,1,0,1,1,0,0,0,0,B
4388,0,0,0,1,0,1,1,0,0,0,0,B
4389,0,0,0,1,0,1,1,0,0,0,0,B
4390,0,0,0,1,0,1,1,0,0,0,0,B
4391,0,0,0,1,0,1,1,0,0,0,0,B
4392,0,0,0,1,0,1,1,0,0,0,0,B
4393,0,0,0,1,0,1,1,0,0,0,0,B
4394,0,0,0,1,0,1,1,0,0,0,0,B
4395,0,0,0,1,0,1,1,0,0,0,0,B
4396,0,0,0,1,0,1,1,0,0,0,0,B
4397,0,0,0,1,0,1,1,0,0,0,0,B
4398,0,0,0,1,0,1,1,0,0,0,0,B
4399,0,0,0,1,0,1,1,0,0,0,0,B
4400,0,0,0,1,0,1,1,0,0,0,0,B
4401,0,0,0,1,0,1,1,0,0,0,0,B
4402,0,0,0,1,0,1,0,0,0,0,0,B
4403,0,0,0,1,0,1,0,0,0,0,0,B
4404,0,0,0,1,0,1,0,0,0,0,0,B
4405,0,0,0,1,0,1,0,0,0,0,0,B
4406,0,0,0,1,0,1,0,0,0,0,0,B
4407,0,0,0,1,0,1,0,0,0,0,0,B
4408,0,0,0,1,0,1,0,0,0,0,0,B
4409,0,0,0,1,0,1,0,0,0,0,0,B
4410,0,0,0,1,0,1,0,0,0,0,0,B
4411,0,0,0,1,0,1,0,0,0,0,0,B
4412,0,0,0,1,0,1,0,0,0,0,0,B
4413,0,0,0,1,0,1,0,0,0,0,0,B
4414,0,0,0,1,0,1,0,0,0,0,0,B
4415,0,0,0,1,0,1,0,0,0,0,0,B
4416,0,0,0,1,0,1,0,0,0,0,0,B
4417,0,0,0,1,0,1,0,0,0,0,0,B
4418,0,0,0,1,0,1,0,0,0,0,0,B
4419,0,0,0,1,0,1,0,0,0,0,0,B
4420,0,0,0,1,0,1,0,0,0,0,0,B
4421,0,0,0,1,0,1,0,0,0,0,0,B
4422,0,0,0,1,0,1,0,0,0,0,0,B
4423,0,0,0,1,0,1,0,0,0,0,0,B
4424,0,0,0,1,0,1,0,0,0,0,0,B
4425,0,0,0,1,0,1,0,0,0,0,0,B
4426,0,0,0,1,0,1,0,0,0,0,0,B
4427,0,0,0,1,0,1,0,0,0,0,0,B
4428,0,0,0,1,0,1,0,0,0,0,0,B
4429,0,0,0,1,0,1,0,0,0,0,0,B
4430,0,0,0,1,0,1,0,0,0,0,0,B
4431,0,0,0,1,0,1,1,0,0,0,0,B
4432,0,0,0,1,0,1,1,0,0,0,0,B
4433,0,0,0,1,0,1,1,0,0,0,0,B
4434,0,0,0,1,0,1,1,0,0,0,0,B
4435,0,0,0,1,0,1,1,0,0,0,0,B
4436,0,0,0,1,0,1,1,0,0,0,0,B
4437,0,0,0,1,0,1,1,0,0,0,0,B
4438,0,0,0,1,0,1,1,0,0,0,0,B
4439,0,0,0,1,0,1,1,0,0,0,0,B
4440,0,0,0,1,0,1,1,0,0,0,0,B
4441,0,0,0,1,0,1,1,0,0,0,0,B
4442,0,0,0,1,0,1,1,0,0,0,0,B
4443,0,0,0,1,0,1,1,0,0,0,0,B
4444,0,0,0,1,0,1,1,0,0,0,0,B
4445,0,0,0,1,0,1,1,0,0,0,0,B
4446,0,0,0,1,0,1,1,0,0,0,0,B
4447,0,0,0,1,0,1,1,0,0,0,0,B
4448,0,0,0,1,0,1,1,0,0,0,0,B
4449,0,0,0,1,0,1,1,0,0,0,0,B
4450,0,0,0,1,0,1,1,0,0,0,0,B
4451,0,0,0,1,0,1,1,0,0,0,0,B
4452,0,0,0,1,0,1,1,0,0,0,0,B
4453,0,0,0,1,0,1,1,0,0,0,0,B
4454,0,0,0,1,0,1,1,0,0,0,0,B
4455,0,0,0,1,0,1,1,0,0,0,0,B
4456,0,0,0,1,0,1,1,0,0,0,0,B
4457,0,0,0,1,0,1,1,0,0,0,0,B
4458,0,0,0,1,0,1,1,0,0,0,0,B
4459,0,0,0,1,0,1,1,0,0,0,0,B
4460,0,0,0,1,0,1,1,0,0,0,0,B
4461,0,0,0,1,0,1,1,0,0,0,0,B
4462,0,0,0,1,0,1,1,0,0,0,0,B
4463,0,0,0,1,0,1,1,0,0,0,0,B
4464,0,0,0,1,0,1,1,0,0,0,0,B
4465,0,0,0,1,0,1,1,0,0,0,0,B
4466,0,0,0,1,0,1,1,0,0,0,0,B
4467,0,0,0,1,0,1,1,0,0,0,0,B
4468,0,0,0,1,0,1,1,0,0,0,0,B
4469,0,0,0,1,0,1,1,0,0,0,0,B
4470,0,0,0,1,0,1,1,0,0,0,0,B
4471,0,0,0,1,0,1,1,0,0,0,0,B
4472,0,0,0,1,0,1,1,0,0,0,0,B
4473,0,0,0,1,0,1,1,0,0,0,0,B
4474,0,0,0,1,0,1,1,0,0,0,0,B
4475,0,0,0,1,0,1,1,0,0,0,0,B
4476,0,0,0,1,0,1,1,0,0,0,0,B
4477,0,0,0,1,0,1,1,0,0,0,0,B
4478,0,0,0,1,0,1,1,0,0,0,0,B
4479,0,0,0,1,0,1,1,0,0,0,0,B
4480,0,0,0,1,0,1,1,0,0,0,0,B
4481,0,0,0,1,0,1,1,0,0,0,0,B
4482,0,0,0,1,0,1,1,0,0,0,0,B
4483,0,0,0,1,0,1,1,0,0,0,0,B
4484,0,0,0,1,0,1,1,0,0,0,0,B
4485,0,0,0,1,0,1,1,0,0,0,0,B
4486,0,0,0,1,0,1,1,0,0,0,0,B
4487,0,0,0,1,0,1,1,0,0,0,0,B
4488,0,0,0,1,0,1,1,0,0,0,0,B
4489,0,0,0,1,0,1,1,0,0,0,0,B
4490,0,0,0,1,0,1,1,0,0,0,0,B
4491,0,0,0,1,0,1,1,0,0,0,0,B
4492,0,0,0,1,0,1,1,0,0,0,0,B
4493,0,0,0,1,0,1,1,0,0,0,0,B
4494,0,0,0,1,0,1,1,0,0,0,0,B
4495,0,0,0,1,0,1,1,0,0,0,0,B
4496,0,0,0,1,0,1,1,0,0,0,0,B
4497,0,0,0,1,0,1,1,0,0,0,0,B
4498,0,0,0,1,0,1,1,0,0,0,0,B
4499,0,0,0,1,0,1,1,0,0,0,0,B
4500,0,0,0,1,0,1,1,0,0,0,0,B
4501,0,0,0,1,0,1,1,0,0,0,0,B
4502,0,0,0,1,0,1,1,0,0,0,0,B
4503,0,0,0,1,0,1,1,0,0,0,0,B
4504,0,0,0,1,0,1,1,0,0,0,0,B
4505,0,0,0,1,0,1,1,0,0,0,0,B
4506,0,0,0,1,0,1,1,0,0,0,0,B
4507,0,0,0,1,0,1,1,0,0,0,0,B
4508,0,0,0,1,0,1,1,0,0,0,0,B
4509,0,0,0,1,0,1,1,0,0,0,0,B
4510,0,0,0,1,0,1,1,0,0,0,0,B
4511,0,0,0,1,0,1,1,0,0,0,0,B
4512,0,0,0,1,0,1,1,0,0,0,0,B
4513,0,0,0,1,0,1,1,0,0,0,0,B
4514,0,0,0,1,0,1,1,0,0,0,0,B
4515,0,0,0,1,0,1,1,0,0,0,0,B
4516,0,0,0,1,0,1,1,0,0,0,0,B
4517,0,0,0,1,0,1,1,0,0,0,0,B
4518,0,0,0,1,0,1,1,0,0,0,0,B
4519,0,0,0,1,0,1,1,0,0,0,0,B
4520,0,0,0,1,0,1,1,0,0,0,0,B
4521,0,0,0,1,0,1,1,0,0,0,0,B
4522,0,0,0,1,0,1,1,0,0,0,0,B
4523,0,0,0,1,0,1,1,0,0,0,0,B
4524,0,0,0,1,0,1,0,0,0,0,0,B
4525,0,0,0,1,0,1,0,0,0,0,0,B
4526,0,0,0,1,0,1,0,0,0,0,0,B
4527,0,0,0,1,0,1,0,0,0,0,0,B
4528,0,0,0,1,0,1,0,0,0,0,0,B
4529,0,0,0,1,0,1,0,0,0,0,0,B
4530,0,0,0,1,0,1,0,0,0,0,0,B
4531,0,0,0,1,0,1,0,0,0,0,0,B
4532,0,0,0,1,0,1,0,0,0,0,0,B
4533,0,0,0,1,0,1,0,0,0,0,0,B
4534,0,0,0,1,0,1,0,0,0,0,0,B
4535,0,0,0,1,0,1,0,0,0,0,0,B
4536,0,0,0,1,0,1,0,0,0,0,0,B
4537,0,0,0,1,0,1,0,0,0,0,0,B
4538,0,0,0,1,0,1,0,0,0,0,0,B
4539,0,0,0,1,0,1,0,0,0,0,0,B
4540,0,0,0,1,0,1,0,0,0,0,0,B
4541,0,0,0,1,0,1,0,0,0,0,0,B
4542,0,0,0,1,0,1,0,0,0,0,0,B
4543,0,0,0,1,0,1,0,0,0,0,0,B
4544,0,0,0,1,0,1,0,0,0,0,0,B
4545,0,0,0,1,0,1,0,0,0,0,0,B
4546,0,0,0,1,0,1,0,0,0,0,0,B
4547,0,0,0,1,0,1,0,0,0,0,0,B
4548,0,0,0,1,0,1,0,0,0,0,0,B
4549,0,0,0,1,0,1,0,0,0,0,0,B
4550,0,0,0,1,0,1,0,0,0,0,0,B
4551,0,0,0,1,0,1,0,0,0,0,0,B
4552,0,0,0,1,0,1,0,0,0,0,0,B
4553,0,0,0,1,0,1,0,0,0,0,0,B
4554,0,0,0,1,0,1,0,0,0,0,0,B
4555,0,0,0,1,0,1,0,0,0,0,0,B
4556,0,0,0,1,0,1,0,0,0,0,0,B
4557,0,0,0,1,0,1,0,0,0,0,0,B
4558,0,0,0,1,0,1,0,0,0,0,0,B
4559,0,0,0,1,0,1,0,0,0,0,0,B
4560,0,0,0,1,0,1,0,0,0,0,0,B
4561,0,0,0,1,0,1,0,0,0,0,0,B
4562,0,0,0,1,0,1,0,0,0,0,0,B
4563,0,0,0,1,0,1,0,0,0,0,0,B
4564,0,0,0,1,0,1,0,0,0,0,0,B
4565,0,0,0,1,0,1,0,0,0,0,0,B
4566,0,0,0,1,0,1,0,0,0,0,0,B
4567,0,0,0,1,0,1,0,0,0,0,0,B
4568,0,0,0,1,0,1,0,0,0,0,0,B
4569,0,0,0,1,0,1,0,0,0,0,0,B
4570,0,0,0,1,0,1,0,0,0,0,0,B
4571,0,0,0,1,0,1,0,0,0,0,0,B
4572,0,0,0,1,0,1,0,0,0,0,0,B
4573,0,0,0,1,0,1,0,0,0,0,0,B
4574,0,0,0,1,0,1,0,0,0,0,0,B
4575,0,0,0,1,0,1,0,0,0,0,0,B
4576,0,0,0,1,0,1,0,0,0,0,0,B
4577,0,0,0,1,0,1,0,0,0,0,0,B
4578,0,0,0,1,0,1,0,0,0,0,0,B
4579,0,0,0,1,0,1,0,0,0,0,0,B
4580,0,0,0,1,0,1,0,0,0,0,0,B
4581,0,0,0,1,0,1,0,0,0,0,0,B
4582,0,0,0,1,0,1,0,0,0,0,0,B
4583,0,0,0,1,0,1,0,0,0,0,0,B
4584,0,0,0,1,0,1,0,0,0,0,0,B
4585,0,0,0,1,0,1,0,0,0,0,0,B
4586,0,0,0,1,0,1,1,0,0,0,0,B
4587,0,0,0,1,0,1,1,0,0,0,0,B
4588,0,0,0,1,0,1,1,0,0,0,0,B
4589,0,0,0,1,0,1,1,0,0,0,0,B
4590,0,0,0,1,0,1,1,0,0,0,0,B
4591,0,0,0,1,0,1,1,0,0,0,0,B
4592,0,0,0,1,0,1,1,0,0,0,0,B
4593,0,0,0,1,0,1,1,0,0,0,0,B
4594,0,0,0,1,0,1,1,0,0,0,0,B
4595,0,0,0,1,0,1,1,0,0,0,0,B
4596,0,0,0,1,0,1,1,0,0,0,0,B
4597,0,0,0,1,0,1,1,0,0,0,0,B
4598,0,0,0,1,0,1,1,0,0,0,0,B
4599,0,0,0,1,0,1,1,0,0,0,0,B
4600,0,0,0,1,0,1,1,0,0,0,0,B
4601,0,0,0,1,0,1,1,0,0,0,0,B
4602,0,0,0,1,0,1,1,0,0,0,0,B
4603,0,0,0,1,0,1,1,0,0,0,0,B
4604,0,0,0,1,0,1,1,0,0,0,0,B
4605,0,0,0,1,0,1,1,0,0,0,0,B
4606,0,0,0,1,0,1,1,0,0,0,0,B
4607,0,0,0,1,0,1,1,0,0,0,0,B
4608,0,0,0,1,0,1,1,0,0,0,0,B
4609,0,0,0,1,0,1,1,0,0,0,0,B
4610,0,0,0,1,0,1,1,0,0,0,0,B
4611,0,0,0,1,0,1,1,0,0,0,0,B
4612,0,0,0,1,0,1,1,0,0,0,0,B
4613,0,0,0,1,0,1,1,0,0,0,0,B
4614,0,0,0,1,0,1,1,0,0,0,0,B
4615,0,0,0,1,0,1,1,0,0,0,0,B
4616,0,0,0,1,0,1,1,0,0,0,0,B
4617,0,0,0,1,0,1,1,0,0,0,0,B
4618,0,0,0,1,0,1,1,0,0,0,0,B
4619,0,0,0,1,0,1,1,0,0,0,0,B
4620,0,0,0,1,0,1,1,0,0,0,0,B
4621,0,0,0,1,0,1,1,0,0,0,0,B
4622,0,0,0,1,0,1,1,0,0,0,0,B
4623,0,0,0,1,0,1,1,0,0,0,0,B
4624,0,0,0,1,0,1,1,0,0,0,0,B
4625,0,0,0,1,0,1,1,0,0,0,0,B
4626,0,0,0,1,0,1,1,0,0,0,0,B
4627,0,0,0,1,0,1,1,0,0,0,0,B
4628,0,0,0,1,0,1,1,0,0,0,0,B
4629,0,0,0,1,0,1,1,0,0,0,0,B
4630,0,0,0,1,0,1,1,0,0,0,0,B
4631,0,0,0,1,0,1,1,0,0,0,0,B
4632,0,0,0,1,0,1,1,0,0,0,0,B
4633,0,0,0,1,0,1,1,0,0,0,0,B
4634,0,0,0,1,0,1,1,0,0,0,0,B
4635,0,0,0,1,0,1,1,0,0,0,0,B
4636,0,0,0,1,0,1,1,0,0,0,0,B
4637,0,0,0,1,0,1,1,0,0,0,0,B
4638,0,0,0,1,0,1,1,0,0,0,0,B
4639,0,0,0,1,0,1,1,0,0,0,0,B
4640,0,0,0,1,0,1,1,0,0,0,0,B
4641,0,0,0,1,0,1,1,0,0,0,0,B
4642,0,0,0,1,0,1,1,0,0,0,0,B
4643,0,0,0,1,0,1,1,0,0,0,0,B
4644,0,0,0,1,0,1,1,0,0,0,0,B
4645,0,0,0,1,0,1,1,0,0,0,0,B
4646,0,0,0,1,0,1,1,0,0,0,0,B
4647,0,0,0,1,0,1,1,0,0,0,0,B
4648,0,0,0,1,0,1,1,0,0,0,0,B
4649,0,0,0,1,0,1,1,0,0,0,0,B
4650,0,0,0,1,0,1,1,0,0,0,0,B
4651,0,0,0,1,0,1,1,0,0,0,0,B
4652,0,0,0,1,0,1,1,0,0,0,0,B
4653,0,0,0,1,0,1,1,0,0,0,0,B
4654,0,0,0,1,0,1,1,0,0,0,0,B
4655,0,0,0,1,0,1,1,0,0,0,0,B
4656,0,0,0,1,0,1,1,0,0,0,0,B
4657,0,0,0,1,0,1,1,0,0,0,0,B
4658,0,0,0,1,0,1,1,0,0,0,0,B
4659,0,0,0,1,0,1,1,0,0,0,0,B
4660,0,0,0,1,0,1,1,0,0,0,0,B
4661,0,0,0,1,0,1,1,0,0,0,0,B
4662,0,0,0,1,0,1,1,0,0,0,0,B
4663,0,0,0,1,0,1,1,0,0,0,0,B
4664,0,0,0,1,0,1,1,0,0,0,0,B
4665,0,0,0,1,0,1,1,0,0,0,0,B
4666,0,0,0,1,0,1,1,0,0,0,0,B
4667,0,0,0,1,0,1,1,0,0,0,0,B
4668,0,0,0,1,0,1,1,0,0,0,0,B
4669,0,0,0,1,0,1,1,0,0,0,0,B
4670,0,0,0,1,0,1,1,0,0,0,0,B
4671,0,0,0,1,0,1,1,0,0,0,0,B
4672,0,0,0,1,0,1,1,0,0,0,0,B
4673,0,0,0,1,0,1,1,0,0,0,0,B
4674,0,0,0,1,0,1,1,0,0,0,0,B
4675,0,0,0,1,0,1,1,0,0,0,0,B
4676,0,0,0,1,0,1,1,0,0,0,0,B
4677,0,0,0,1,0,1,1,0,0,0,0,B
4678,0,0,0,1,0,1,1,0,0,0,0,B
4679,0,0,0,1,0,1,1,0,0,0,0,B
4680,0,0,0,1,0,1,1,0,0,0,0,B
4681,0,0,0,1,0,1,1,0,0,0,0,B
4682,0,0,0,1,0,1,1,0,0,0,0,B
4683,0,0,0,1,0,1,0,0,0,0,0,B
4684,0,0,0,1,0,1,0,0,0,0,0,B
4685,0,0,0,1,0,1,0,0,0,0,0,B
4686,0,0,0,1,0,1,0,0,0,0,0,B
4687,0,0,0,1,0,1,0,0,0,0,0,B
4688,0,0,0,1,0,1,0,0,0,0,0,B
4689,0,0,0,1,0,1,0,0,0,0,0,B
4690,0,0,0,1,0,1,0,0,0,0,0,B
4691,0,0,0,1,0,1,0,0,0,0,0,B
4692,0,0,0,1,0,1,0,0,0,0,0,B
4693,0,0,0,1,0,1,0,0,0,0,0,B
4694,0,0,0,1,0,1,0,0,0,0,0,B
4695,0,0,0,1,0,1,0,0,0,0,0,B
4696,0,0,0,1,0,1,0,0,0,0,0,B
4697,0,0,0,1,0,1,0,0,0,0,0,B
4698,0,0,0,1,0,1,0,0,0,0,0,B
4699,0,0,0,1,0,1,0,0,0,0,0,B
4700,0,0,0,1,0,1,0,0,0,0,0,B
4701,0,0,0,1,0,1,0,0,0,0,0,B
4702,0,0,0,1,0,1,0,0,0,0,0,B
4703,0,0,0,1,0,1,0,0,0,0,0,B
4704,0,0,0,1,0,1,0,0,0,0,0,B
4705,0,0,0,1,0,1,0,0,0,0,0,B
4706,0,0,0,1,0,1,0,0,0,0,0,B
4707,0,0,0,1,0,1,0,0,0,0,0,B
4708,0,0,0,1,0,1,0,0,0,0,0,B
4709,0,0,0,1,0,1,0,0,0,0,0,B
4710,0,0,0,1,0,1,0,0,0,0,0,B
4711,0,0,0,1,0,1,0,0,0,0,0,B
4712,0,0,0,1,0,1,0,0,0,0,0,B
4713,0,0,0,1,0,1,0,0,0,0,0,B
4714,0,0,0,1,0,1,0,0,0,0,0,B
4715,0,0,0,1,0,1,0,0,0,0,0,B
4716,0,0,0,1,0,1,0,0,0,0,0,B
4717,0,0,0,1,0,1,0,0,0,0,0,B
4718,0,0,0,1,0,1,0,0,0,0,0,B
4719,0,0,0,1,0,1,0,0,0,0,0,B
4720,0,0,0,1,0,1,0,0,0,0,0,B
4721,0,0,0,1,0,1,0,0,0,0,0,B
4722,0,0,0,1,0,1,0,0,0,0,0,B
4723,0,0,0,1,0,1,0,0,0,0,0,B
4724,0,0,0,1,0,1,0,0,0,0,0,B
4725,0,0,0,1,0,1,0,0,0,0,0,B
4726,0,0,0,1,0,1,0,0,0,0,0,B
4727,0,0,0,1,0,1,0,0,0,0,0,B
4728,0,0,0,1,0,1,0,0,0,0,0,B
4729,0,0,0,1,0,1,0,0,0,0,0,B
4730,0,0,0,1,0,1,0,0,0,0,0,B
4731,0,0,0,1,0,1,0,0,0,0,0,B
4732,0,0,0,1,0,1,0,0,0,0,0,B
4733,0,0,0,1,0,1,0,0,0,0,0,B
4734,0,0,0,1,0,1,0,0,0,0,0,B
4735,0,0,0,1,0,1,0,0,0,0,0,B
4736,0,0,0,1,0,1,0,0,0,0,0,B
4737,0,0,0,1,0,1,0,0,0,0,0,B
4738,0,0,0,1,0,1,0,0,0,0,0,B
4739,0,0,0,1,0,1,0,0,0,0,0,B
4740,0,0,0,1,0,1,0,0,0,0,0,B
4741,0,0,0,1,0,1,1,0,0,0,0,B
4742,0,0,0,1,0,1,1,0,0,0,0,B
4743,0,0,0,1,0,1,1,0,0,0,0,B
4744,0,0,0,1,0,1,1,0,0,0,0,B
4745,0,0,0,1,0,1,1,0,0,0,0,B
4746,0,0,0,1,0,1,1,0,0,0,0,B
4747,0,0,0,1,0,1,1,0,0,0,0,B
4748,0,0,0,1,0,1,1,0,0,0,0,B
4749,0,0,0,1,0,1,1,0,0,0,0,B
4750,0,0,0,1,0,1,1,0,0,0,0,B
4751,0,0,0,1,0,1,1,0,0,0,0,B
4752,0,0,0,1,0,1,1,0,0,0,0,B
4753,0,0,0,1,0,1,1,0,0,0,0,B
4754,0,0,0,1,0,1,1,0,0,0,0,B
4755,0,0,0,1,0,1,1,0,0,0,0,B
4756,0,0,0,1,0,1,1,0,0,0,0,B
4757,0,0,0,1,0,1,1,0,0,0,0,B
4758,0,0,0,1,0,1,1,0,0,0,0,B
4759,0,0,0,1,0,1,1,0,0,0,0,B
4760,0,0,0,1,0,1,1,0,0,0,0,B
4761,0,0,0,1,0,1,1,0,0,0,0,B
4762,0,0,0,1,0,1,1,0,0,0,0,B
4763,0,0,0,1,0,1,1,0,0,0,0,B
4764,0,0,0,1,0,1,1,0,0,0,0,B
4765,0,0,0,1,0,1,1,0,0,0,0,B
4766,0,0,0,1,0,1,1,0,0,0,0,B
4767,0,0,0,1,0,1,1,0,0,0,0,B
4768,0,0,0,1,0,1,1,0,0,0,0,B
4769,0,0,0,1,0,1,1,0,0,0,0,B
4770,0,0,0,1,0,1,1,0,0,0,0,B
4771,0,0,0,1,0,1,1,0,0,0,0,B
4772,0,0,0,1,0,1,1,0,0,0,0,B
4773,0,0,0,1,0,1,1,0,0,0,0,B
4774,0,0,0,1,0,1,1,0,0,0,0,B
4775,0,0,0,1,0,1,1,0,0,0,0,B
4776,0,0,0,1,0,1,1,0,0,0,0,B
4777,0,0,0,1,0,1,1,0,0,0,0,B
4778,0,0,0,1,0,1,1,0,0,0,0,B
4779,0,0,0,1,0,1,1,0,0,0,0,B
4780,0,0,0,1,0,1,1,0,0,0,0,B
4781,0,0,0,1,0,1,1,0,0,0,0,B
4782,0,0,0,1,0,1,1,0,0,0,0,B
4783,0,0,0,1,0,1,1,0,0,0,0,B
4784,0,0,0,1,0,1,1,0,0,0,0,B
4785,0,0,0,1,0,1,1,0,0,0,0,B
4786,0,0,0,1,0,1,1,0,0,0,0,B
4787,0,0,0,1,0,1,1,0,0,0,0,B
4788,0,0,0,1,0,1,1,0,0,0,0,B
4789,0,0,0,1,0,1,1,0,0,0,0,B
4790,0,0,0,1,0,1,1,0,0,0,0,B
4791,0,0,0,1,0,1,1,0,0,0,0,B
4792,0,0,0,1,0,1,1,0,0,0,0,B
4793,0,0,0,1,0,1,1,0,0,0,0,B
4794,0,0,0,1,0,1,1,0,0,0,0,B
4795,0,0,0,1,0,1,1,0,0,0,0,B
4796,0,0,0,1,0,1,1,0,0,0,0,B
4797,0,0,0,1,0,1,1,0,0,0,0,B
4798,0,0,0,1,0,1,1,0,0,0,0,B
4799,0,0,0,1,0,1,1,0,0,0,0,B
4800,0,0,0,1,0,1,1,0,0,0,0,B
4801,0,0,0,1,0,1,1,0,0,0,0,B
4802,0,0,0,1,0,1,1,0,0,0,0,B
4803,0,0,0,1,0,1,1,0,0,0,0,B
4804,0,0,0,1,0,1,1,0,0,0,0,B
4805,0,0,0,1,0,1,1,0,0,0,0,B
4806,0,0,0,1,0,1,1,0,0,0,0,B
4807,0,0,0,1,0,1,1,0,0,0,0,B
4808,0,0,0,1,0,1,1,0,0,0,0,B
4809,0,0,0,1,0,1,1,0,0,0,0,B
4810,0,0,0,1,0,1,1,0,0,0,0,B
4811,0,0,0,1,0,1,1,0,0,0,0,B
4812,0,0,0,1,0,1,1,0,0,0,0,B
4813,0,0,0,1,0,1,1,0,0,0,0,B
4814,0,0,0,1,0,1,1,0,0,0,0,B
4815,0,0,0,1,0,1,1,0,0,0,0,B
4816,0,0,0,1,0,1,1,0,0,0,0,B
4817,0,0,0,1,0,1,1,0,0,0,0,B
4818,0,0,0,1,0,1,1,0,0,0,0,B
4819,0,0,0,1,0,1,1,0,0,0,0,B
4820,0,0,0,1,0,1,1,0,0,0,0,B
4821,0,0,0,1,0,1,1,0,0,0,0,B
4822,0,0,0,1,0,1,1,0,0,0,0,B
4823,0,0,0,1,0,1,1,0,0,0,0,B
4824,0,0,0,1,0,1,1,0,0,0,0,B
4825,0,0,0,1,0,1,1,0,0,0,0,B
4826,0,0,0,1,0,1,1,0,0,0,0,B
4827,0,0,0,1,0,1,1,0,0,0,0,B
4828,0,0,0,1,0,1,1,0,0,0,0,B
4829,0,0,0,1,0,1,1,0,0,0,0,B
4830,0,0,0,1,0,1,1,0,0,0,0,B
4831,0,0,0,1,0,1,1,0,0,0,0,B
4832,0,0,0,1,0,1,1,0,0,0,0,B
4833,0,0,0,1,0,1,1,0,0,0,0,B
4834,0,0,0,1,0,1,1,0,0,0,0,B
4835,0,0,0,1,0,1,1,0,0,0,0,B
4836,0,0,0,1,0,1,0,0,0,0,0,B
4837,0,0,0,1,0,1,0,0,0,0,0,B
4838,0,0,0,1,0,1,0,0,0,0,0,B
4839,0,0,0,1,0,1,0,0,0,0,0,B
4840,0,0,0,1,0,1,0,0,0,0,0,B
4841,0,0,0,1,0,1,0,0,0,0,0,B
4842,0,0,0,1,0,1,0,0,0,0,0,B
4843,0,0,0,1,0,1,0,0,0,0,0,B
4844,0,0,0,1,0,1,0,0,0,0,0,B
4845,0,0,0,1,0,1,0,0,0,0,0,B
4846,0,0,0,1,0,1,0,0,0,0,0,B
4847,0,0,0,1,0,1,0,0,0,0,0,B
4848,0,0,0,1,0,1,0,0,0,0,0,B
4849,0,0,0,1,0,1,0,0,0,0,0,B
4850,0,0,0,1,0,1,0,0,0,0,0,B
4851,0,0,0,1,0,1,0,0,0,0,0,B
4852,0,0,0,1,0,1,0,0,0,0,0,B
4853,0,0,0,1,0,1,0,0,0,0,0,B
4854,0,0,0,1,0,1,0,0,0,0,0,B
4855,0,0,0,1,0,1,0,0,0,0,0,B
4856,0,0,0,1,0,1,0,0,0,0,0,B
4857,0,0,0,1,0,1,0,0,0,0,0,B
4858,0,0,0,1,0,1,0,0,0,0,0,B
4859,0,0,0,1,0,1,0,0,0,0,0,B
4860,0,0,0,1,0,1,0,0,0,0,0,B
4861,0,0,0,1,0,1,0,0,0,0,0,B
4862,0,0,0,1,0,1,0,0,0,0,0,B
4863,0,0,0,1,0,1,0,0,0,0,0,B
4864,0,0,0,1,0,1,0,0,0,0,0,B
4865,0,0,0,1,0,1,0,0,0,0,0,B
4866,0,0,0,1,0,1,0,0,0,0,0,B
4867,0,0,0,1,0,1,0,0,0,0,0,B
4868,0,0,0,1,0,1,0,0,0,0,0,B
4869,0,0,0,1,0,1,0,0,0,0,0,B
4870,0,0,0,1,0,1,0,0,0,0,0,B
4871,0,0,0,1,0,1,0,0,0,0,0,B
4872,0,0,0,1,0,1,0,0,0,0,0,B
4873,0,0,0,1,0,1,0,0,0,0,0,B
4874,0,0,0,1,0,1,0,0,0,0,0,B
4875,0,0,0,1,0,1,0,0,0,0,0,B
4876,0,0,0,1,0,1,0,0,0,0,0,B
4877,0,0,0,1,0,1,0,0,0,0,0,B
4878,0,0,0,1,0,1,0,0,0,0,0,B
4879,0,0,0,1,0,1,0,0,0,0,0,B
4880,0,0,0,1,0,1,0,0,0,0,0,B
4881,0,0,0,1,0,1,0,0,0,0,0,B
4882,0,0,0,1,0,1,0,0,0,0,0,B
4883,0,0,0,1,0,1,0,0,0,0,0,B
4884,0,0,0,1,0,1,0,0,0,0,0,B
4885,0,0,0,1,0,1,0,0,0,0,0,B
4886,0,0,0,1,0,1,0,0,0,0,0,B
4887,0,0,0,1,0,1,0,0,0,0,0,B
4888,0,0,0,1,0,1,0,0,0,0,0,B
4889,0,0,0,1,0,1,0,0,0,0,0,B
4890,0,0,0,1,0,1,1,0,0,0,0,B
4891,0,0,0,1,0,1,1,0,0,0,0,B
4892,0,0,0,1,0,1,1,0,0,0,0,B
4893,0,0,0,1,0,1,1,0,0,0,0,B
4894,0,0,0,1,0,1,1,0,0,0,0,B
4895,0,0,0,1,0,1,1,0,0,0,0,B
4896,0,0,0,1,0,1,1,0,0,0,0,B
4897,0,0,0,1,0,1,1,0,0,0,0,B
4898,0,0,0,1,0,1,1,0,0,0,0,B
4899,0,0,0,1,0,1,1,0,0,0,0,B
4900,0,0,0,1,0,1,1,0,0,0,0,B
4901,0,0,0,1,0,1,1,0,0,0,0,B
4902,0,0,0,1,0,1,1,0,0,0,0,B
4903,0,0,0,1,0,1,1,0,0,0,0,B
4904,0,0,0,1,0,1,1,0,0,0,0,B
4905,0,0,0,1,0,1,1,0,0,0,0,B
4906,0,0,0,1,0,1,1,0,0,0,0,B
4907,0,0,0,1,0,1,1,0,0,0,0,B
4908,0,0,0,1,0,1,1,0,0,0,0,B
4909,0,0,0,1,0,1,1,0,0,0,0,B
4910,0,0,0,1,0,1,1,0,0,0,0,B
4911,0,0,0,1,0,1,1,0,0,0,0,B
4912,0,0,0,1,0,1,1,0,0,0,0,B
4913,0,0,0,1,0,1,1,0,0,0,0,B
4914,0,0,0,1,0,1,1,0,0,0,0,B
4915,0,0,0,1,0,1,1,0,0,0,0,B
4916,0,0,0,1,0,1,1,0,0,0,0,B
4917,0,0,0,1,0,1,1,0,0,0,0,B
4918,0,0,0,1,0,1,1,0,0,0,0,B
4919,0,0,0,1,0,1,1,0,0,0,0,B
4920,0,0,0,1,0,1,1,0,0,0,0,B
4921,0,0,0,1,0,1,1,0,0,0,0,B
4922,0,0,0,1,0,1,1,0,0,0,0,B
4923,0,0,0,1,0,1,1,0,0,0,0,B
4924,0,0,0,1,0,1,1,0,0,0,0,B
4925,0,0,0,1,0,1,1,0,0,0,0,B
4926,0,0,0,1,0,1,1,0,0,0,0,B
4927,0,0,0,1,0,1,1,0,0,0,0,B
4928,0,0,0,1,0,1,1,0,0,0,0,B
4929,0,0,0,1,0,1,1,0,0,0,0,B
4930,0,0,0,1,0,1,1,0,0,0,0,B
4931,0,0,0,1,0,1,1,0,0,0,0,B
4932,0,0,0,1,0,1,1,0,0,0,0,B
4933,0,0,0,1,0,1,1,0,0,0,0,B
4934,0,0,0,1,0,1,1,0,0,0,0,B
4935,0,0,0,1,0,1,1,0,0,0,0,B
4936,0,0,0,1,0,1,1,0,0,0,0,B
4937,0,0,0,1,0,1,1,0,0,0,0,B
4938,0,0,0,1,0,1,1,0,0,0,0,B
4939,0,0,0,1,0,1,1,0,0,0,0,B
4940,0,0,0,1,0,1,1,0,0,0,0,B
4941,0,0,0,1,0,1,1,0,0,0,0,B
4942,0,0,0,1,0,1,1,0,0,0,0,B
4943,0,0,0,1,0,1,1,0,0,0,0,B
4944,0,0,0,1,0,1,1,0,0,0,0,B
4945,0,0,0,1,0,1,1,0,0,0,0,B
4946,0,0,0,1,0,1,1,0,0,0,0,B
4947,0,0,0,1,0,1,1,0,0,0,0,B
4948,0,0,0,1,0,1,1,0,0,0,0,B
4949,0,0,0,1,0,1,1,0,0,0,0,B
4950,0,0,0,1,0,1,1,0,0,0,0,B
4951,0,0,0,1,0,1,1,0,0,0,0,B
4952,0,0,0,1,0,1,1,0,0,0,0,B
4953,0,0,0,1,0,1,1,0,0,0,0,B
4954,0,0,0,1,0,1,1,0,0,0,0,B
4955,0,0,0,1,0,1,1,0,0,0,0,B
4956,0,0,0,1,0,1,1,0,0,0,0,B
4957,0,0,0,1,0,1,1,0,0,0,0,B
4958,0,0,0,1,0,1,1,0,0,0,0,B
4959,0,0,0,1,0,1,1,0,0,0,0,B
4960,0,0,0,1,0,1,1,0,0,0,0,B
4961,0,0,0,1,0,1,1,0,0,0,0,B
4962,0,0,0,1,0,1,1,0,0,0,0,B
4963,0,0,0,1,0,1,1,0,0,0,0,B
4964,0,0,0,1,0,1,1,0,0,0,0,B
4965,0,0,0,1,0,1,1,0,0,0,0,B
4966,0,0,0,1,0,1,1,0,0,0,0,B
4967,0,0,0,1,0,1,1,0,0,0,0,B
4968,0,0,0,1,0,1,1,0,0,0,0,B
4969,0,0,0,1,0,1,1,0,0,0,0,B
4970,0,0,0,1,0,1,1,0,0,0,0,B
4971,0,0,0,1,0,1,1,0,0,0,0,B
4972,0,0,0,1,0,1,1,0,0,0,0,B
4973,0,0,0,1,0,1,1,0,0,0,0,B
4974,0,0,0,1,0,1,1,0,0,0,0,B
4975,0,0,0,1,0,1,1,0,0,0,0,B
4976,0,0,0,1,0,1,1,0,0,0,0,B
4977,0,0,0,1,0,1,1,0,0,0,0,B
4978,0,0,0,1,0,1,1,0,0,0,0,B
4979,0,0,0,1,0,1,1,0,0,0,0,B
4980,0,0,0,1,0,1,1,0,0,0,0,B
4981,0,0,0,1,0,1,1,0,0,0,0,B
4982,0,0,0,1,0,1,1,0,0,0,0,B
4983,0,0,0,1,0,1,1,0,0,0,0,B
4984,0,0,0,1,0,1,1,0,0,0,0,B
4985,0,0,0,1,0,1,1,0,0,0,0,B
4986,0,0,0,1,0,1,1,0,0,0,0,B
4987,0,0,0,1,0,1,1,0,0,0,0,B
4988,0,0,0,1,0,1,1,0,0,0,0,B
4989,0,0,0,1,0,1,1,0,0,0,0,B
4990,0,0,0,1,0,1,1,0,0,0,0,B
4991,0,0,0,1,0,1,0,0,0,0,0,B
4992,0,0,0,1,0,1,0,0,0,0,0,B
4993,0,0,0,1,0,1,0,0,0,0,0,B
4994,0,0,0,1,0,1,0,0,0,0,0,B
4995,0,0,0,1,0,1,0,0,0,0,0,B
4996,0,0,0,1,0,1,0,0,0,0,0,B
4997,0,0,0,1,0,1,0,0,0,0,0,B
4998,0,0,0,1,0,1,0,0,0,0,0,B
4999,0,0,0,1,0,1,0,0,0,0,0,B
5000,0,0,0,1,0,1,0,0,0,0,0,B
5001,0,0,0,1,0,1,0,0,0,0,0,B
5002,0,0,0,1,0,1,0,0,0,0,0,B
5003,0,0,0,1,0,1,0,0,0,0,0,B
5004,0,0,0,1,0,1,0,0,0,0,0,B
5005,0,0,0,1,0,1,0,0,0,0,0,B
5006,0,0,0,1,0,1,0,0,0,0,0,B
5007,0,0,0,1,0,1,0,0,0,0,0,B
5008,0,0,0,1,0,1,0,0,0,0,0,B
5009,0,0,0,1,0,1,0,0,0,0,0,B
5010,0,0,0,1,0,1,0,0,0,0,0,B
5011,0,0,0,1,0,1,0,0,0,0,0,B
5012,0,0,0,1,0,1,0,0,0,0,0,B
5013,0,0,0,1,0,1,0,0,0,0,0,B
5014,0,0,0,1,0,1,0,0,0,0,0,B
5015,0,0,0,1,0,1,0,0,0,0,0,B
5016,0,0,0,1,0,1,0,0,0,0,0,B
5017,0,0,0,1,0,1,0,0,0,0,0,B
5018,0,0,0,1,0,1,0,0,0,0,0,B
5019,0,0,0,1,0,1,0,0,0,0,0,B
5020,0,0,0,1,0,1,0,0,0,0,0,B
5021,0,0,0,1,0,1,0,0,0,0,0,B
5022,0,0,0,1,0,1,0,0,0,0,0,B
5023,0,0,0,1,0,1,0,0,0,0,0,B
5024,0,0,0,1,0,1,0,0,0,0,0,B
5025,0,0,0,1,0,1,0,0,0,0,0,B
5026,0,0,0,1,0,1,0,0,0,0,0,B
5027,0,0,0,1,0,1,0,0,0,0,0,B
5028,0,0,0,1,0,1,0,0,0,0,0,B
5029,0,0,0,1,0,1,0,0,0,0,0,B
5030,0,0,0,1,0,1,0,0,0,0,0,B
5031,0,0,0,1,0,1,0,0,0,0,0,B
5032,0,0,0,1,0,1,0,0,0,0,0,B
5033,0,0,0,1,0,1,0,0,0,0,0,B
5034,0,0,0,1,0,1,0,0,0,0,0,B
5035,0,0,0,1,0,1,0,0,0,0,0,B
5036,0,0,0,1,0,1,0,0,0,0,0,B
5037,0,0,0,1,0,1,0,0,0,0,0,B
5038,0,0,0,1,0,1,0,0,0,0,0,B
5039,0,0,0,1,0,1,0,0,0,0,0,B
5040,0,0,0,1,0,1,0,0,0,0,0,B
5041,0,0,0,1,0,1,0,0,0,0,0,B
5042,0,0,0,1,0,1,0,0,0,0,0,B
5043,0,0,0,1,0,1,0,0,0,0,0,B
5044,0,0,0,1,0,1,0,0,0,0,0,B
5045,0,0,0,1,0,1,1,0,0,0,0,B
5046,0,0,0,1,0,1,1,0,0,0,0,B
5047,0,0,0,1,0,1,1,0,0,0,0,B
5048,0,0,0,1,0,1,1,0,0,0,0,B
5049,0,0,0,1,0,1,1,0,0,0,0,B
5050,0,0,0,1,0,1,1,0,0,0,0,B
5051,0,0,0,1,0,1,1,0,0,0,0,B
5052,0,0,0,1,0,1,1,0,0,0,0,B
5053,0,0,0,1,0,1,1,0,0,0,0,B
5054,0,0,0,1,0,1,1,0,0,0,0,B
5055,0,0,0,1,0,1,1,0,0,0,0,B
5056,0,0,0,1,0,1,1,0,0,0,0,B
5057,0,0,0,1,0,1,1,0,0,0,0,B
5058,0,0,0,1,0,1,1,0,0,0,0,B
5059,0,0,0,1,0,1,1,0,0,0,0,B
5060,0,0,0,1,0,1,1,0,0,0,0,B
5061,0,0,0,1,0,1,1,0,0,0,0,B
5062,0,0,0,1,0,1,1,0,0,0,0,B
5063,0,0,0,1,0,1,1,0,0,0,0,B
5064,0,0,0,1,0,1,1,0,0,0,0,B
5065,0,0,0,1,0,1,1,0,0,0,0,B
5066,0,0,0,1,0,1,1,0,0,0,0,B
5067,0,0,0,1,0,1,1,0,0,0,0,B
5068,0,0,0,1,0,1,1,0,0,0,0,B
5069,0,0,0,1,0,1,1,0,0,0,0,B
5070,0,0,0,1,0,1,1,0,0,0,0,B
5071,0,0,0,1,0,1,1,0,0,0,0,B
5072,0,0,0,1,0,1,1,0,0,0,0,B
5073,0,0,0,1,0,1,1,0,0,0,0,B
5074,0,0,0,1,0,1,1,0,0,0,0,B
5075,0,0,0,1,0,1,1,0,0,0,0,B
5076,0,0,0,1,0,1,1,0,0,0,0,B
5077,0,0,0,1,0,1,1,0,0,0,0,B
5078,0,0,0,1,0,1,1,0,0,0,0,B
5079,0,0,0,1,0,1,1,0,0,0,0,B
5080,0,0,0,1,0,1,1,0,0,0,0,B
5081,0,0,0,1,0,1,1,0,0,0,0,B
5082,0,0,0,1,0,1,1,0,0,0,0,B
5083,0,0,0,1,0,1,1,0,0,0,0,B
5084,0,0,0,1,0,1,1,0,0,0,0,B
5085,0,0,0,1,0,1,1,0,0,0,0,B
5086,0,0,0,1,0,1,1,0,0,0,0,B
5087,0,0,0,1,0,1,1,0,0,0,0,B
5088,0,0,0,1,0,1,1,0,0,0,0,B
5089,0,0,0,1,0,1,1,0,0,0,0,B
5090,0,0,0,1,0,1,1,0,0,0,0,B
5091,0,0,0,1,0,1,1,0,0,0,0,B
5092,0,0,0,1,0,1,1,0,0,0,0,B
5093,0,0,0,1,0,1,1,0,0,0,0,B
5094,0,0,0,1,0,1,1,0,0,0,0,B
5095,0,0,0,1,0,1,1,0,0,0,0,B
5096,0,0,0,1,0,1,1,0,0,0,0,B
5097,0,0,0,1,0,1,1,0,0,0,0,B
5098,0,0,0,1,0,1,1,0,0,0,0,B
5099,0,0,0,1,0,1,1,0,0,0,0,B
5100,0,0,0,1,0,1,1,0,0,0,0,B
5101,0,0,0,1,0,1,1,0,0,0,0,B
5102,0,0,0,1,0,1,1,0,0,0,0,B
5103,0,0,0,1,0,1,1,0,0,0,0,B
5104,0,0,0,1,0,1,1,0,0,0,0,B
5105,0,0,0,1,0,1,1,0,0,0,0,B
5106,0,0,0,1,0,1,1,0,0,0,0,B
5107,0,0,0,1,0,1,1,0,0,0,0,B
5108,0,0,0,1,0,1,1,0,0,0,0,B
5109,0,0,0,1,0,1,1,0,0,0,0,B
5110,0,0,0,1,0,1,1,0,0,0,0,B
5111,0,0,0,1,0,1,1,0,0,0,0,B
5112,0,0,0,1,0,1,1,0,0,0,0,B
5113,0,0,0,1,0,1,1,0,0,0,0,B
5114,0,0,0,1,0,1,1,0,0,0,0,B
5115,0,0,0,1,0,1,1,0,0,0,0,B
5116,0,0,0,1,0,1,1,0,0,0,0,B
5117,0,0,0,1,0,1,1,0,0,0,0,B
5118,0,0,0,1,0,1,1,0,0,0,0,B
5119,0,0,0,1,0,1,1,0,0,0,0,B
5120,0,0,0,1,0,1,1,0,0,0,0,B
5121,0,0,0,1,0,1,1,0,0,0,0,B
5122,0,0,0,1,0,1,1,0,0,0,0,B
5123,0,0,0,1,0,1,1,0,0,0,0,B
5124,0,0,0,1,0,1,1,0,0,0,0,B
5125,0,0,0,1,0,1,1,0,0,0,0,B
5126,0,0,0,1,0,1,1,0,0,0,0,B
5127,0,0,0,1,0,1,1,0,0,0,0,B
5128,0,0,0,1,0,1,1,0,0,0,0,B
5129,0,0,0,1,0,1,1,0,0,0,0,B
5130,0,0,0,1,0,1,1,0,0,0,0,B
5131,0,0,0,1,0,1,1,0,0,0,0,B
5132,0,0,0,1,0,1,1,0,0,0,0,B
5133,0,0,0,1,0,1,1,0,0,0,0,B
5134,0,0,0,1,0,1,1,0,0,0,0,B
5135,0,0,0,1,0,1,1,0,0,0,0,B
5136,0,0,0,1,0,1,1,0,0,0,0,B
5137,0,0,0,1,0,1,1,0,0,0,0,B
5138,0,0,0,1,0,1,1,0,0,0,0,B
5139,0,0,0,1,0,1,0,0,0,0,0,B
5140,0,0,0,1,0,1,0,0,0,0,0,B
5141,0,0,0,1,0,1,0,0,0,0,0,B
5142,0,0,0,1,0,1,0,0,0,0,0,B
5143,0,0,0,1,0,1,0,0,0,0,0,B
5144,0,0,0,1,0,1,0,0,0,0,0,B
5145,0,0,0,1,0,1,0,0,0,0,0,B
5146,0,0,0,1,0,1,0,0,0,0,0,B
5147,0,0,0,1,0,1,0,0,0,0,0,B
5148,0,0,0,1,0,1,0,0,0,0,0,B
5149,0,0,0,1,0,1,0,0,0,0,0,B
5150,0,0,0,1,0,1,0,0,0,0,0,B
5151,0,0,0,1,0,1,0,0,0,0,0,B
5152,0,0,0,1,0,1,0,0,0,0,0,B
5153,0,0,0,1,0,1,0,0,0,0,0,B
5154,0,0,0,1,0,1,0,0,0,0,0,B
5155,0,0,0,1,0,1,0,0,0,0,0,B
5156,0,0,0,1,0,1,0,0,0,0,0,B
5157,0,0,0,1,0,1,0,0,0,0,0,B
5158,0,0,0,1,0,1,0,0,0,0,0,B
5159,0,0,0,1,0,1,0,0,0,0,0,B
5160,0,0,0,1,0,1,0,0,0,0,0,B
5161,0,0,0,1,0,1,0,0,0,0,0,B
5162,0,0,0,1,0,1,0,0,0,0,0,B
5163,0,0,0,1,0,1,0,0,0,0,0,B
5164,0,0,0,1,0,1,0,0,0,0,0,B
5165,0,0,0,1,0,1,0,0,0,0,0,B
5166,0,0,0,1,0,1,0,0,0,0,0,B
5167,0,0,0,1,0,1,0,0,0,0,0,B
5168,0,0,0,1,0,1,0,0,0,0,0,B
5169,0,0,0,1,0,1,0,0,0,0,0,B
5170,0,0,0,1,0,1,0,0,0,0,0,B
5171,0,0,0,1,0,1,0,0,0,0,0,B
5172,0,0,0,1,0,1,0,0,0,0,0,B
5173,0,0,0,1,0,1,0,0,0,0,0,B
5174,0,0,0,1,0,1,0,0,0,0,0,B
5175,0,0,0,1,0,1,0,0,0,0,0,B
5176,0,0,0,1,0,1,0,0,0,0,0,B
5177,0,0,0,1,0,1,0,0,0,0,0,B
5178,0,0,0,1,0,1,0,0,0,0,0,B
5179,0,0,0,1,0,1,0,0,0,0,0,B
5180,0,0,0,1,0,1,0,0,0,0,0,B
5181,0,0,0,1,0,1,0,0,0,0,0,B
5182,0,0,0,1,0,1,0,0,0,0,0,B
5183,0,0,0,1,0,1,0,0,0,0,0,B
5184,0,0,0,1,0,1,0,0,0,0,0,B
5185,0,0,0,1,0,1,0,0,0,0,0,B
5186,0,0,0,1,0,1,0,0,0,0,0,B
5187,0,0,0,1,0,1,0,0,0,0,0,B
5188,0,0,0,1,0,1,0,0,0,0,0,B
5189,0,0,0,1,0,1,0,0,0,0,0,B
5190,0,0,0,1,0,1,0,0,0,0,0,B
5191,0,0,0,1,0,1,1,0,0,0,0,B
5192,0,0,0,1,0,1,1,0,0,0,0,B
5193,0,0,0,1,0,1,1,0,0,0,0,B
5194,0,0,0,1,0,1,1,0,0,0,0,B
5195,0,0,0,1,0,1,1,0,0,0,0,B
5196,0,0,0,1,0,1,1,0,0,0,0,B
5197,0,0,0,1,0,1,1,0,0,0,0,B
5198,0,0,0,1,0,1,1,0,0,0,0,B
5199,0,0,0,1,0,1,1,0,0,0,0,B
5200,0,0,0,1,0,1,1,0,0,0,0,B
5201,0,0,0,1,0,1,1,0,0,0,0,B
5202,0,0,0,1,0,1,1,0,0,0,0,B
5203,0,0,0,1,0,1,1,0,0,0,0,B
5204,0,0,0,1,0,1,1,0,0,0,0,B
5205,0,0,0,1,0,1,1,0,0,0,0,B
5206,0,0,0,1,0,1,1,0,0,0,0,B
5207,0,0,0,1,0,1,1,0,0,0,0,B
5208,0,0,0,1,0,1,1,0,0,0,0,B
5209,0,0,0,1,0,1,1,0,0,0,0,B
5210,0,0,0,1,0,1,1,0,0,0,0,B
5211,0,0,0,1,0,1,1,0,0,0,0,B
5212,0,0,0,1,0,1,1,0,0,0,0,B
5213,0,0,0,1,0,1,1,0,0,0,0,B
5214,0,0,0,1,0,1,1,0,0,0,0,B
5215,0,0,0,1,0,1,1,0,0,0,0,B
5216,0,0,0,1,0,1,1,0,0,0,0,B
5217,0,0,0,1,0,1,1,0,0,0,0,B
5218,0,0,0,1,0,1,1,0,0,0,0,B
5219,0,0,0,1,0,1,1,0,0,0,0,B
5220,0,0,0,1,0,1,1,0,0,0,0,B
5221,0,0,0,1,0,1,1,0,0,0,0,B
5222,0,0,0,1,0,1,1,0,0,0,0,B
5223,0,0,0,1,0,1,1,0,0,0,0,B
5224,0,0,0,1,0,1,1,0,0,0,0,B
5225,0,0,0,1,0,1,1,0,0,0,0,B
5226,0,0,0,1,0,1,1,0,0,0,0,B
5227,0,0,0,1,0,1,1,0,0,0,0,B
5228,0,0,0,1,0,1,1,0,0,0,0,B
5229,0,0,0,1,0,1,1,0,0,0,0,B
5230,0,0,0,1,0,1,1,0,0,0,0,B
5231,0,0,0,1,0,1,1,0,0,0,0,B
5232,0,0,0,1,0,1,1,0,0,0,0,B
5233,0,0,0,1,0,1,1,0,0,0,0,B
5234,0,0,0,1,0,1,1,0,0,0,0,B
5235,0,0,0,1,0,1,1,0,0,0,0,B
5236,0,0,0,1,0,1,1,0,0,0,0,B
5237,0,0,0,1,0,1,1,0,0,0,0,B
5238,0,0,0,1,0,1,1,0,0,0,0,B
5239,0,0,0,1,0,1,1,0,0,0,0,B
5240,0,0,0,1,0,1,1,0,0,0,0,B
5241,0,0,0,1,0,1,1,0,0,0,0,B
5242,0,0,0,1,0,1,1,0,0,0,0,B
5243,0,0,0,1,0,1,1,0,0,0,0,B
5244,0,0,0,1,0,1,1,0,0,0,0,B
5245,0,0,0,1,0,1,1,0,0,0,0,B
5246,0,0,0,1,0,1,1,0,0,0,0,B
5247,0,0,0,1,0,1,1,0,0,0,0,B
5248,0,0,0,1,0,1,1,0,0,0,0,B
5249,0,0,0,1,0,1,1,0,0,0,0,B
5250,0,0,0,1,0,1,1,0,0,0,0,B
5251,0,0,0,1,0,1,1,0,0,0,0,B
5252,0,0,0,1,0,1,1,0,0,0,0,B
5253,0,0,0,1,0,1,1,0,0,0,0,B
5254,0,0,0,1,0,1,1,0,0,0,0,B
5255,0,0,0,1,0,1,1,0,0,0,0,B
5256,0,0,0,1,0,1,1,0,0,0,0,B
5257,0,0,0,1,0,1,1,0,0,0,0,B
5258,0,0,0,1,0,1,1,0,0,0,0,B
5259,0,0,0,1,0,1,1,0,0,0,0,B
5260,0,0,0,1,0,1,1,0,0,0,0,B
5261,0,0,0,1,0,1,1,0,0,0,0,B
5262,0,0,0,1,0,1,1,0,0,0,0,B
5263,0,0,0,1,0,1,1,0,0,0,0,B
5264,0,0,0,1,0,1,1,0,0,0,0,B
5265,0,0,0,1,0,1,1,0,0,0,0,B
5266,0,0,0,1,0,1,1,0,0,0,0,B
5267,0,0,0,1,0,1,1,0,0,0,0,B
5268,0,0,0,1,0,1,1,0,0,0,0,B
5269,0,0,0,1,0,1,1,0,0,0,0,B
5270,0,0,0,1,0,1,1,0,0,0,0,B
5271,0,0,0,1,0,1,1,0,0,0,0,B
5272,0,0,0,1,0,1,1,0,0,0,0,B
5273,0,0,0,1,0,1,1,0,0,0,0,B
5274,0,0,0,1,0,1,1,0,0,0,0,B
5275,0,0,0,1,0,1,1,0,0,0,0,B
5276,0,0,0,1,0,1,1,0,0,0,0,B
5277,0,0,0,1,0,1,1,0,0,0,0,B
5278,0,0,0,1,0,1,1,0,0,0,0,B
5279,0,0,0,1,0,1,1,0,0,0,0,B
5280,0,0,0,1,0,1,1,0,0,0,0,B
5281,0,0,0,1,0,1,1,0,0,0,0,B
5282,0,0,0,1,0,1,1,0,0,0,0,B
5283,0,0,0,1,0,1,1,0,0,0,0,B
5284,0,0,0,1,0,1,1,0,0,0,0,B
5285,0,0,0,1,0,1,1,0,0,0,0,B
5286,0,0,0,1,0,1,1,0,0,0,0,B
5287,0,0,0,1,0,1,1,0,0,0,0,B
5288,0,0,0,1,0,1,1,0,0,0,0,B
5289,0,0,0,1,0,1,1,0,0,0,0,B
5290,0,0,0,1,0,1,1,0,0,0,0,B
5291,0,0,0,1,0,1,1,0,0,0,0,B
5292,0,0,0,1,0,1,1,0,0,0,0,B
5293,0,0,0,1,0,1,1,0,0,0,0,B
5294,0,0,0,1,0,1,1,0,0,0,0,B
5295,0,0,0,1,0,1,1,0,0,0,0,B
5296,0,0,0,1,0,1,1,0,0,0,0,B
5297,0,0,0,1,0,1,1,0,0,0,0,B
5298,0,0,0,1,0,1,1,0,0,0,0,B
5299,0,0,0,1,0,1,1,0,0,0,0,B
5300,0,0,0,1,0,1,1,0,0,0,0,B
5301,0,0,0,1,0,1,0,0,0,0,0,B
5302,0,0,0,1,0,1,0,0,0,0,0,B
5303,0,0,0,1,0,1,0,0,0,0,0,B
5304,0,0,0,1,0,1,0,0,0,0,0,B
5305,0,0,0,1,0,1,0,0,0,0,0,B
5306,0,0,0,1,0,1,0,0,0,0,0,B
5307,0,0,0,1,0,1,0,0,0,0,0,B
5308,0,0,0,1,0,1,0,0,0,0,0,B
5309,0,0,0,1,0,1,0,0,0,0,0,B
5310,0,0,0,1,0,1,0,0,0,0,0,B
5311,0,0,0,1,0,1,0,0,0,0,0,B
5312,0,0,0,1,0,1,0,0,0,0,0,B
5313,0,0,0,1,0,1,0,0,0,0,0,B
5314,0,0,0,1,0,1,0,0,0,0,0,B
5315,0,0,0,1,0,1,0,0,0,0,0,B
5316,0,0,0,1,0,1,0,0,0,0,0,B
5317,0,0,0,1,0,1,0,0,0,0,0,B
5318,0,0,0,1,0,1,0,0,0,0,0,B
5319,0,0,0,1,0,1,0,0,0,0,0,B
5320,0,0,0,1,0,1,0,0,0,0,0,B
5321,0,0,0,1,0,1,0,0,0,0,0,B
5322,0,0,0,1,0,1,0,0,0,0,0,B
5323,0,0,0,1,0,1,0,0,0,0,0,B
5324,0,0,0,1,0,1,0,0,0,0,0,B
5325,0,0,0,1,0,1,0,0,0,0,0,B
5326,0,0,0,1,0,1,0,0,0,0,0,B
5327,0,0,0,1,0,1,0,0,0,0,0,B
5328,0,0,0,1,0,1,0,0,0,0,0,B
5329,0,0,0,1,0,1,0,0,0,0,0,B
5330,0,0,0,1,0,1,0,0,0,0,0,B
5331,0,0,0,1,0,1,0,0,0,0,0,B
5332,0,0,0,1,0,1,0,0,0,0,0,B
5333,0,0,0,1,0,1,0,0,0,0,0,B
5334,0,0,0,1,0,1,0,0,0,0,0,B
5335,0,0,0,1,0,1,0,0,0,0,0,B
5336,0,0,0,1,0,1,0,0,0,0,0,B
5337,0,0,0,1,0,1,0,0,0,0,0,B
5338,0,0,0,1,0,1,0,0,0,0,0,B
5339,0,0,0,1,0,1,0,0,0,0,0,B
5340,0,0,0,1,0,1,0,0,0,0,0,B
5341,0,0,0,1,0,1,0,0,0,0,0,B
5342,0,0,0,1,0,1,0,0,0,0,0,B
5343,0,0,0,1,0,1,0,0,0,0,0,B
5344,0,0,0,1,0,1,1,0,0,0,0,B
5345,0,0,0,1,0,1,1,0,0,0,0,B
5346,0,0,0,1,0,1,1,0,0,0,0,B
5347,0,0,0,1,0,1,1,0,0,0,0,B
5348,0,0,0,1,0,1,1,0,0,0,0,B
5349,0,0,0,1,0,1,1,0,0,0,0,B
5350,0,0,0,1,0,1,1,0,0,0,0,B
5351,0,0,0,1,0,1,1,0,0,0,0,B
5352,0,0,0,1,0,1,1,0,0,0,0,B
5353,0,0,0,1,0,1,1,0,0,0,0,B
5354,0,0,0,1,0,1,1,0,0,0,0,B
5355,0,0,0,1,0,1,1,0,0,0,0,B
5356,0,0,0,1,0,1,1,0,0,0,0,B
5357,0,0,0,1,0,1,1,0,0,0,0,B
5358,0,0,0,1,0,1,1,0,0,0,0,B
5359,0,0,0,1,0,1,1,0,0,0,0,B
5360,0,0,0,1,0,1,1,0,0,0,0,B
5361,0,0,0,1,0,1,1,0,0,0,0,B
5362,0,0,0,1,0,1,1,0,0,0,0,B
5363,0,0,0,1,0,1,1,0,0,0,0,B
5364,0,0,0,1,0,1,1,0,0,0,0,B
5365,0,0,0,1,0,1,1,0,0,0,0,B
5366,0,0,0,1,0,1,1,0,0,0,0,B
5367,0,0,0,1,0,1,1,0,0,0,0,B
5368,0,0,0,1,0,1,1,0,0,0,0,B
5369,0,0,0,1,0,1,1,0,0,0,0,B
5370,0,0,0,1,0,1,1,0,0,0,0,B
5371,0,0,0,1,0,1,1,0,0,0,0,B
5372,0,0,0,1,0,1,1,0,0,0,0,B
5373,0,0,0,1,0,1,1,0,0,0,0,B
5374,0,0,0,1,0,1,1,0,0,0,0,B
5375,0,0,0,1,0,1,1,0,0,0,0,B
5376,0,0,0,1,0,1,1,0,0,0,0,B
5377,0,0,0,1,0,1,1,0,0,0,0,B
5378,0,0,0,1,0,1,1,0,0,0,0,B
5379,0,0,0,1,0,1,1,0,0,0,0,B
5380,0,0,0,1,0,1,1,0,0,0,0,B
5381,0,0,0,1,0,1,1,0,0,0,0,B
5382,0,0,0,1,0,1,1,0,0,0,0,B
5383,0,0,0,1,0,1,1,0,0,0,0,B
5384,0,0,0,1,0,1,1,0,0,0,0,B
5385,0,0,0,1,0,1,1,0,0,0,0,B
5386,0,0,0,1,0,1,1,0,0,0,0,B
5387,0,0,0,1,0,1,1,0,0,0,0,B
5388,0,0,0,1,0,1,1,0,0,0,0,B
5389,0,0,0,1,0,1,1,0,0,0,0,B
5390,0,0,0,1,0,1,1,0,0,0,0,B
5391,0,0,0,1,0,1,1,0,0,0,0,B
5392,0,0,0,1,0,1,1,0,0,0,0,B
5393,0,0,0,1,0,1,1,0,0,0,0,B
5394,0,0,0,1,0,1,1,0,0,0,0,B
5395,0,0,0,1,0,1,1,0,0,0,0,B
5396,0,0,0,1,0,1,1,0,0,0,0,B
5397,0,0,0,1,0,1,1,0,0,0,0,B
5398,0,0,0,1,0,1,1,0,0,0,0,B
5399,0,0,0,1,0,1,1,0,0,0,0,B
5400,0,0,0,1,0,1,1,0,0,0,0,B
5401,0,0,0,1,0,1,1,0,0,0,0,B
5402,0,0,0,1,0,1,1,0,0,0,0,B
5403,0,0,0,1,0,1,1,0,0,0,0,B
5404,0,0,0,1,0,1,1,0,0,0,0,B
5405,0,0,0,1,0,1,1,0,0,0,0,B
5406,0,0,0,1,0,1,1,0,0,0,0,B
5407,0,0,0,1,0,1,1,0,0,0,0,B
5408,0,0,0,1,0,1,1,0,0,0,0,B
5409,0,0,0,1,0,1,1,0,0,0,0,B
5410,0,0,0,1,0,1,1,0,0,0,0,B
5411,0,0,0,1,0,1,1,0,0,0,0,B
5412,0,0,0,1,0,1,1,0,0,0,0,B
5413,0,0,0,1,0,1,1,0,0,0,0,B
5414,0,0,0,1,0,1,1,0,0,0,0,B
5415,0,0,0,1,0,1,1,0,0,0,0,B
5416,0,0,0,1,0,1,1,0,0,0,0,B
5417,0,0,0,1,0,1,1,0,0,0,0,B
5418,0,0,0,1,0,1,1,0,0,0,0,B
5419,0,0,0,1,0,1,1,0,0,0,0,B
5420,0,0,0,1,0,1,1,0,0,0,0,B
5421,0,0,0,1,0,1,1,0,0,0,0,B
5422,0,0,0,1,0,1,1,0,0,0,0,B
5423,0,0,0,1,0,1,1,0,0,0,0,B
5424,0,0,0,1,0,1,1,0,0,0,0,B
5425,0,0,0,1,0,1,1,0,0,0,0,B
5426,0,0,0,1,0,1,1,0,0,0,0,B
5427,0,0,0,1,0,1,1,0,0,0,0,B
5428,0,0,0,1,0,1,1,0,0,0,0,B
5429,0,0,0,1,0,1,1,0,0,0,0,B
5430,0,0,0,1,0,1,1,0,0,0,0,B
5431,0,0,0,1,0,1,1,0,0,0,0,B
5432,0,0,0,1,0,1,1,0,0,0,0,B
5433,0,0,0,1,0,1,1,0,0,0,0,B
5434,0,0,0,1,0,1,1,0,0,0,0,B
5435,0,0,0,1,0,1,1,0,0,0,0,B
5436,0,0,0,1,0,1,1,0,0,0,0,B
5437,0,0,0,1,0,1,0,0,0,0,0,B
5438,0,0,0,1,0,1,0,0,0,0,0,B
5439,0,0,0,1,0,1,0,0,0,0,0,B
5440,0,0,0,1,0,1,0,0,0,0,0,B
5441,0,0,0,1,0,1,0,0,0,0,0,B
5442,0,0,0,1,0,1,0,0,0,0,0,B
5443,0,0,0,1,0,1,0,0,0,0,0,B
5444,0,0,0,1,0,1,0,0,0,0,0,B
5445,0,0,0,1,0,1,0,0,0,0,0,B
5446,0,0,0,1,0,1,0,0,0,0,0,B
5447,0,0,0,1,0,1,0,0,0,0,0,B
5448,0,0,0,1,0,1,0,0,0,0,0,B
5449,0,0,0,1,0,1,0,0,0,0,0,B
5450,0,0,0,1,0,1,0,0,0,0,0,B
5451,0,0,0,1,0,1,0,0,0,0,0,B
5452,0,0,0,1,0,1,0,0,0,0,0,B
5453,0,0,0,1,0,1,0,0,0,0,0,B
5454,0,0,0,1,0,1,0,0,0,0,0,B
5455,0,0,0,1,0,1,0,0,0,0,0,B
5456,0,0,0,1,0,1,0,0,0,0,0,B
5457,0,0,0,1,0,1,0,0,0,0,0,B
5458,0,0,0,1,0,1,0,0,0,0,0,B
5459,0,0,0,1,0,1,0,0,0,0,0,B
5460,0,0,0,1,0,1,0,0,0,0,0,B
5461,0,0,0,1,0,1,0,0,0,0,0,B
5462,0,0,0,1,0,1,0,0,0,0,0,B
5463,0,0,0,1,0,1,0,0,0,0,0,B
5464,0,0,0,1,0,1,0,0,0,0,0,B
5465,0,0,0,1,0,1,0,0,0,0,0,B
5466,0,0,0,1,0,1,0,0,0,0,0,B
5467,0,0,0,1,0,1,0,0,0,0,0,B
5468,0,0,0,1,0,1,0,0,0,0,0,B
5469,0,0,0,1,0,1,0,0,0,0,0,B
5470,0,0,0,1,0,1,0,0,0,0,0,B
5471,0,0,0,1,0,1,0,0,0,0,0,B
5472,0,0,0,1,0,1,0,0,0,0,0,B
5473,0,0,0,1,0,1,0,0,0,0,0,B
5474,0,0,0,1,0,1,0,0,0,0,0,B
5475,0,0,0,1,0,1,0,0,0,0,0,B
5476,0,0,0,1,0,1,0,0,0,0,0,B
5477,0,0,0,1,0,1,1,0,0,0,0,B
5478,0,0,0,1,0,1,1,0,0,0,0,B
5479,0,0,0,1,0,1,1,0,0,0,0,B
5480,0,0,0,1,0,1,1,0,0,0,0,B
5481,0,0,0,1,0,1,1,0,0,0,0,B
5482,0,0,0,1,0,1,1,0,0,0,0,B
5483,0,0,0,1,0,1,1,0,0,0,0,B
5484,0,0,0,1,0,1,1,0,0,0,0,B
5485,0,0,0,1,0,1,1,0,0,0,0,B
5486,0,0,0,1,0,1,1,0,0,0,0,B
5487,0,0,0,1,0,1,1,0,0,0,0,B
5488,0,0,0,1,0,1,1,0,0,0,0,B
5489,0,0,0,1,0,1,1,0,0,0,0,B
5490,0,0,0,1,0,1,1,0,0,0,0,B
5491,0,0,0,1,0,1,1,0,0,0,0,B
5492,0,0,0,1,0,1,1,0,0,0,0,B
5493,0,0,0,1,0,1,1,0,0,0,0,B
5494,0,0,0,1,0,1,1,0,0,0,0,B
5495,0,0,0,1,0,1,1,0,0,0,0,B
5496,0,0,0,1,0,1,1,0,0,0,0,B
5497,0,0,0,1,0,1,1,0,0,0,0,B
5498,0,0,0,1,0,1,1,0,0,0,0,B
5499,0,0,0,1,0,1,1,0,0,0,0,B
5500,0,0,0,1,0,1,1,0,0,0,0,B
5501,0,0,0,1,0,1,1,0,0,0,0,B
5502,0,0,0,1,0,1,1,0,0,0,0,B
5503,0,0,0,1,0,1,1,0,0,0,0,B
5504,0,0,0,1,0,1,1,0,0,0,0,B
5505,0,0,0,1,0,1,1,0,0,0,0,B
5506,0,0,0,1,0,1,1,0,0,0,0,B
5507,0,0,0,1,0,1,1,0,0,0,0,B
5508,0,0,0,1,0,1,1,0,0,0,0,B
5509,0,0,0,1,0,1,1,0,0,0,0,B
5510,0,0,0,1,0,1,1,0,0,0,0,B
5511,0,0,0,1,0,1,1,0,0,0,0,B
5512,0,0,0,1,0,1,1,0,0,0,0,B
5513,0,0,0,1,0,1,1,0,0,0,0,B
5514,0,0,0,1,0,1,1,0,0,0,0,B
5515,0,0,0,1,0,1,1,0,0,0,0,B
5516,0,0,0,1,0,1,1,0,0,0,0,B
5517,0,0,0,1,0,1,1,0,0,0,0,B
5518,0,0,0,1,0,1,1,0,0,0,0,B
5519,0,0,0,1,0,1,1,0,0,0,0,B
5520,0,0,0,1,0,1,1,0,0,0,0,B
5521,0,0,0,1,0,1,1,0,0,0,0,B
5522,0,0,0,1,0,1,1,0,0,0,0,B
5523,0,0,0,1,0,1,1,0,0,0,0,B
5524,0,0,0,1,0,1,1,0,0,0,0,B
5525,0,0,0,1,0,1,1,0,0,0,0,B
5526,0,0,0,1,0,1,1,0,0,0,0,B
5527,0,0,0,1,0,1,1,0,0,0,0,B
5528,0,0,0,1,0,1,1,0,0,0,0,B
5529,0,0,0,1,0,1,1,0,0,0,0,B
5530,0,0,0,1,0,1,1,0,0,0,0,B
5531,0,0,0,1,0,1,1,0,0,0,0,B
5532,0,0,0,1,0,1,1,0,0,0,0,B
5533,0,0,0,1,0,1,1,0,0,0,0,B
5534,0,0,0,1,0,1,1,0,0,0,0,B
5535,0,0,0,1,0,1,1,0,0,0,0,B
5536,0,0,0,1,0,1,1,0,0,0,0,B
5537,0,0,0,1,0,1,1,0,0,0,0,B
5538,0,0,0,1,0,1,1,0,0,0,0,B
5539,0,0,0,1,0,1,1,0,0,0,0,B
5540,0,0,0,1,0,1,1,0,0,0,0,B
5541,0,0,0,1,0,1,1,0,0,0,0,B
5542,0,0,0,1,0,1,1,0,0,0,0,B
5543,0,0,0,1,0,1,1,0,0,0,0,B
5544,0,0,0,1,0,1,1,0,0,0,0,B
5545,0,0,0,1,0,1,1,0,0,0,0,B
5546,0,0,0,1,0,1,1,0,0,0,0,B
5547,0,0,0,1,0,1,1,0,0,0,0,B
5548,0,0,0,1,0,1,1,0,0,0,0,B
5549,0,0,0,1,0,1,1,0,0,0,0,B
5550,0,0,0,1,0,1,1,0,0,0,0,B
5551,0,0,0,1,0,1,1,0,0,0,0,B
5552,0,0,0,1,0,1,1,0,0,0,0,B
5553,0,0,0,1,0,1,1,0,0,0,0,B
5554,0,0,0,1,0,1,1,0,0,0,0,B
5555,0,0,0,1,0,1,1,0,0,0,0,B
5556,0,0,0,1,0,1,1,0,0,0,0,B
5557,0,0,0,1,0,1,1,0,0,0,0,B
5558,0,0,0,1,0,1,1,0,0,0,0,B
5559,0,0,0,1,0,1,1,0,0,0,0,B
5560,0,0,0,1,0,1,1,0,0,0,0,B
5561,0,0,0,1,0,1,1,0,0,0,0,B
5562,0,0,0,1,0,1,1,0,0,0,0,B
5563,0,0,0,1,0,1,1,0,0,0,0,B
5564,0,0,0,1,0,1,1,0,0,0,0,B
5565,0,0,0,1,0,1,1,0,0,0,0,B
5566,0,0,0,1,0,1,1,0,0,0,0,B
5567,0,0,0,1,0,1,1,0,0,0,0,B
5568,0,0,0,1,0,1,1,0,0,0,0,B
5569,0,0,0,1,0,1,1,0,0,0,0,B
5570,0,0,0,1,0,1,1,0,0,0,0,B
5571,0,0,0,1,0,1,1,0,0,0,0,B
5572,0,0,0,1,0,1,1,0,0,0,0,B
5573,0,0,0,1,0,1,1,0,0,0,0,B
5574,0,0,0,1,0,1,1,0,0,0,0,B
5575,0,0,0,1,0,1,1,0,0,0,0,B
5576,0,0,0,1,0,1,1,0,0,0,0,B
5577,0,0,0,1,0,1,1,0,0,0,0,B
5578,0,0,0,1,0,1,1,0,0,0,0,B
5579,0,0,0,1,0,1,1,0,0,0,0,B
5580,0,0,0,1,0,1,1,0,0,0,0,B
5581,0,0,0,1,0,1,1,0,0,0,0,B
5582,0,0,0,1,0,1,1,0,0,0,0,B
5583,0,0,0,1,0,1,1,0,0,0,0,B
5584,0,0,0,1,0,1,1,0,0,0,0,B
5585,0,0,0,1,0,1,1,0,0,0,0,B
5586,0,0,0,1,0,1,1,0,0,0,0,B
5587,0,0,0,1,0,1,1,0,0,0,0,B
5588,0,0,0,1,0,1,1,0,0,0,0,B
5589,0,0,0,1,0,1,1,0,0,0,0,B
5590,0,0,0,1,0,1,1,0,0,0,0,B
5591,0,0,0,1,0,1,1,0,0,0,0,B
5592,0,0,0,1,0,1,1,0,0,0,0,B
5593,0,0,0,1,0,1,0,0,0,0,0,B
5594,0,0,0,1,0,1,0,0,0,0,0,B
5595,0,0,0,1,0,1,0,0,0,0,0,B
5596,0,0,0,1,0,1,0,0,0,0,0,B
5597,0,0,0,1,0,1,0,0,0,0,0,B
5598,0,0,0,1,0,1,0,0,0,0,0,B
5599,0,0,0,1,0,1,0,0,0,0,0,B
5600,0,0,0,1,0,1,0,0,0,0,0,B
5601,0,0,0,1,0,1,0,0,0,0,0,B
5602,0,0,0,1,0,1,0,0,0,0,0,B
5603,0,0,0,1,0,1,0,0,0,0,0,B
5604,0,0,0,1,0,1,0,0,0,0,0,B
5605,0,0,0,1,0,1,0,0,0,0,0,B
5606,0,0,0,1,0,1,0,0,0,0,0,B
5607,0,0,0,1,0,1,0,0,0,0,0,B
5608,0,0,0,1,0,1,0,0,0,0,0,B
5609,0,0,0,1,0,1,0,0,0,0,0,B
5610,0,0,0,1,0,1,0,0,0,0,0,B
5611,0,0,0,1,0,1,0,0,0,0,0,B
5612,0,0,0,1,0,1,0,0,0,0,0,B
5613,0,0,0,1,0,1,0,0,0,0,0,B
5614,0,0,0,1,0,1,0,0,0,0,0,B
5615,0,0,0,1,0,1,0,0,0,0,0,B
5616,0,0,0,1,0,1,0,0,0,0,0,B
5617,0,0,0,1,0,1,0,0,0,0,0,B
5618,0,0,0,1,0,1,0,0,0,0,0,B
5619,0,0,0,1,0,1,0,0,0,0,0,B
5620,0,0,0,1,0,1,0,0,0,0,0,B
5621,0,0,0,1,0,1,0,0,0,0,0,B
5622,0,0,0,1,0,1,0,0,0,0,0,B
5623,0,0,0,1,0,1,0,0,0,0,0,B
5624,0,0,0,1,0,1,0,0,0,0,0,B
5625,0,0,0,1,0,1,0,0,0,0,0,B
5626,0,0,0,1,0,1,0,0,0,0,0,B
5627,0,0,0,1,0,1,0,0,0,0,0,B
5628,0,0,0,1,0,1,0,0,0,0,0,B
5629,0,0,0,1,0,1,0,0,0,0,0,B
5630,0,0,0,1,0,1,0,0,0,0,0,B
5631,0,0,0,1,0,1,0,0,0,0,0,B
5632,0,0,0,1,0,1,0,0,0,0,0,B
5633,0,0,0,1,0,1,0,0,0,0,0,B
5634,0,0,0,1,0,1,0,0,0,0,0,B
5635,0,0,0,1,0,1,0,0,0,0,0,B
5636,0,0,0,1,0,1,0,0,0,0,0,B
5637,0,0,0,1,0,1,0,0,0,0,0,B
5638,0,0,0,1,0,1,0,0,0,0,0,B
5639,0,0,0,1,0,1,0,0,0,0,0,B
5640,0,0,0,1,0,1,0,0,0,0,0,B
5641,0,0,0,1,0,1,0,0,0,0,0,B
5642,0,0,0,1,0,1,0,0,0,0,0,B
5643,0,0,0,1,0,1,0,0,0,0,0,B
5644,0,0,0,1,0,1,0,0,0,0,0,B
5645,0,0,0,1,0,1,0,0,0,0,0,B
5646,0,0,0,1,0,1,0,0,0,0,0,B
5647,0,0,0,1,0,1,0,0,0,0,0,B
5648,0,0,0,1,0,1,0,0,0,0,0,B
5649,0,0,0,1,0,1,0,0,0,0,0,B
5650,0,0,0,1,0,1,0,0,0,0,0,B
5651,0,0,0,1,0,1,0,0,0,0,0,B
5652,0,0,0,1,0,1,1,0,0,0,0,B
5653,0,0,0,1,0,1,1,0,0,0,0,B
5654,0,0,0,1,0,1,1,0,0,0,0,B
5655,0,0,0,1,0,1,1,0,0,0,0,B
5656,0,0,0,1,0,1,1,0,0,0,0,B
5657,0,0,0,1,0,1,1,0,0,0,0,B
5658,0,0,0,1,0,1,1,0,0,0,0,B
5659,0,0,0,1,0,1,1,0,0,0,0,B
5660,0,0,0,1,0,1,1,0,0,0,0,B
5661,0,0,0,1,0,1,1,0,0,0,0,B
5662,0,0,0,1,0,1,1,0,0,0,0,B
5663,0,0,0,1,0,1,1,0,0,0,0,B
5664,0,0,0,1,0,1,1,0,0,0,0,B
5665,0,0,0,1,0,1,1,0,0,0,0,B
5666,0,0,0,1,0,1,1,0,0,0,0,B
5667,0,0,0,1,0,1,1,0,0,0,0,B
5668,0,0,0,1,0,1,1,0,0,0,0,B
5669,0,0,0,1,0,1,1,0,0,0,0,B
5670,0,0,0,1,0,1,1,0,0,0,0,B
5671,0,0,0,1,0,1,1,0,0,0,0,B
5672,0,0,0,1,0,1,1,0,0,0,0,B
5673,0,0,0,1,0,1,1,0,0,0,0,B
5674,0,0,0,1,0,1,1,0,0,0,0,B
5675,0,0,0,1,0,1,1,0,0,0,0,B
5676,0,0,0,1,0,1,1,0,0,0,0,B
5677,0,0,0,1,0,1,1,0,0,0,0,B
5678,0,0,0,1,0,1,1,0,0,0,0,B
5679,0,0,0,1,0,1,1,0,0,0,0,B
5680,0,0,0,1,0,1,1,0,0,0,0,B
5681,0,0,0,1,0,1,1,0,0,0,0,B
5682,0,0,0,1,0,1,1,0,0,0,0,B
5683,0,0,0,1,0,1,1,0,0,0,0,B
5684,0,0,0,1,0,1,1,0,0,0,0,B
5685,0,0,0,1,0,1,1,0,0,0,0,B
5686,0,0,0,1,0,1,1,0,0,0,0,B
5687,0,0,0,1,0,1,1,0,0,0,0,B
5688,0,0,0,1,0,1,1,0,0,0,0,B
5689,0,0,0,1,0,1,1,0,0,0,0,B
5690,0,0,0,1,0,1,1,0,0,0,0,B
5691,0,0,0,1,0,1,1,0,0,0,0,B
5692,0,0,0,1,0,1,1,0,0,0,0,B
5693,0,0,0,1,0,1,1,0,0,0,0,B
5694,0,0,0,1,0,1,1,0,0,0,0,B
5695,0,0,0,1,0,1,1,0,0,0,0,B
5696,0,0,0,1,0,1,1,0,0,0,0,B
5697,0,0,0,1,0,1,1,0,0,0,0,B
5698,0,0,0,1,0,1,1,0,0,0,0,B
5699,0,0,0,1,0,1,1,0,0,0,0,B
5700,0,0,0,1,0,1,1,0,0,0,0,B
5701,0,0,0,1,0,1,1,0,0,0,0,B
5702,0,0,0,1,0,1,1,0,0,0,0,B
5703,0,0,0,1,0,1,1,0,0,0,0,B
5704,0,0,0,1,0,1,1,0,0,0,0,B
5705,0,0,0,1,0,1,1,0,0,0,0,B
5706,0,0,0,1,0,1,1,0,0,0,0,B
5707,0,0,0,1,0,1,1,0,0,0,0,B
5708,0,0,0,1,0,1,1,0,0,0,0,B
5709,0,0,0,1,0,1,1,0,0,0,0,B
5710,0,0,0,1,0,1,1,0,0,0,0,B
5711,0,0,0,1,0,1,1,0,0,0,0,B
5712,0,0,0,1,0,1,1,0,0,0,0,B
5713,0,0,0,1,0,1,1,0,0,0,0,B
5714,0,0,0,1,0,1,1,0,0,0,0,B
5715,0,0,0,1,0,1,1,0,0,0,0,B
5716,0,0,0,1,0,1,1,0,0,0,0,B
5717,0,0,0,1,0,1,1,0,0,0,0,B
5718,0,0,0,1,0,1,1,0,0,0,0,B
5719,0,0,0,1,0,1,1,0,0,0,0,B
5720,0,0,0,1,0,1,1,0,0,0,0,B
5721,0,0,0,1,0,1,1,0,0,0,0,B
5722,0,0,0,1,0,1,1,0,0,0,0,B
5723,0,0,0,1,0,1,1,0,0,0,0,B
5724,0,0,0,1,0,1,1,0,0,0,0,B
5725,0,0,0,1,0,1,1,0,0,0,0,B
5726,0,0,0,1,0,1,1,0,0,0,0,B
5727,0,0,0,1,0,1,1,0,0,0,0,B
5728,0,0,0,1,0,1,1,0,0,0,0,B
5729,0,0,0,1,0,1,1,0,0,0,0,B
5730,0,0,0,1,0,1,1,0,0,0,0,B
5731,0,0,0,1,0,1,1,0,0,0,0,B
5732,0,0,0,1,0,1,1,0,0,0,0,B
5733,0,0,0,1,0,1,1,0,0,0,0,B
5734,0,0,0,1,0,1,1,0,0,0,0,B
5735,0,0,0,1,0,1,1,0,0,0,0,B
5736,0,0,0,1,0,1,1,0,0,0,0,B
5737,0,0,0,1,0,1,1,0,0,0,0,B
5738,0,0,0,1,0,1,1,0,0,0,0,B
5739,0,0,0,1,0,1,1,0,0,0,0,B
5740,0,0,0,1,0,1,1,0,0,0,0,B
5741,0,0,0,1,0,1,1,0,0,0,0,B
5742,0,0,0,1,0,1,1,0,0,0,0,B
5743,0,0,0,1,0,1,1,0,0,0,0,B
5744,0,0,0,1,0,1,1,0,0,0,0,B
5745,0,0,0,1,0,1,1,0,0,0,0,B
5746,0,0,0,1,0,1,1,0,0,0,0,B
5747,0,0,0,1,0,1,1,0,0,0,0,B
5748,0,0,0,1,0,1,1,0,0,0,0,B
5749,0,0,0,1,0,1,1,0,0,0,0,B
5750,0,0,0,1,0,1,1,0,0,0,0,B
5751,0,0,0,1,0,1,1,0,0,0,0,B
5752,0,0,0,1,0,1,1,0,0,0,0,B
5753,0,0,0,1,0,1,1,0,0,0,0,B
5754,0,0,0,1,0,1,1,0,0,0,0,B
5755,0,0,0,1,0,1,1,0,0,0,0,B
5756,0,0,0,1,0,1,1,0,0,0,0,B
5757,0,0,0,1,0,1,1,0,0,0,0,B
5758,0,0,0,1,0,1,1,0,0,0,0,B
5759,0,0,0,1,0,1,1,0,0,0,0,B
5760,0,0,0,1,0,1,1,0,0,0,0,B
5761,0,0,0,1,0,1,1,0,0,0,0,B
5762,0,0,0,1,0,1,1,0,0,0,0,B
5763,0,0,0,1,0,1,1,0,0,0,0,B
5764,0,0,0,1,0,1,1,0,0,0,0,B
5765,0,0,0,1,0,1,1,0,0,0,0,B
5766,0,0,0,1,0,1,1,0,0,0,0,B
5767,0,0,0,1,0,1,1,0,0,0,0,B
5768,0,0,0,1,0,1,1,0,0,0,0,B
5769,0,0,0,1,0,1,1,0,0,0,0,B
5770,0,0,0,1,0,1,1,0,0,0,0,B
5771,0,0,0,1,0,1,1,0,0,0,0,B
5772,0,0,0,1,0,1,1,0,0,0,0,B
5773,0,0,0,1,0,1,1,0,0,0,0,B
5774,0,0,0,1,0,1,1,0,0,0,0,B
5775,0,0,0,1,0,1,1,0,0,0,0,B
5776,0,0,0,1,0,1,0,0,0,0,0,B
5777,0,0,0,1,0,1,0,0,0,0,0,B
5778,0,0,0,1,0,1,0,0,0,0,0,B
5779,0,0,0,1,0,1,0,0,0,0,0,B
5780,0,0,0,1,0,1,0,0,0,0,0,B
5781,0,0,0,1,0,1,0,0,0,0,0,B
5782,0,0,0,1,0,1,0,0,0,0,0,B
5783,0,0,0,1,0,1,0,0,0,0,0,B
5784,0,0,0,1,0,1,0,0,0,0,0,B
5785,0,0,0,1,0,1,0,0,0,0,0,B
5786,0,0,0,1,0,1,0,0,0,0,0,B
5787,0,0,0,1,0,1,0,0,0,0,0,B
5788,0,0,0,1,0,1,0,0,0,0,0,B
5789,0,0,0,1,0,1,0,0,0,0,0,B
5790,0,0,0,1,0,1,0,0,0,0,0,B
5791,0,0,0,1,0,1,0,0,0,0,0,B
5792,0,0,0,1,0,1,0,0,0,0,0,B
5793,0,0,0,1,0,1,0,0,0,0,0,B
5794,0,0,0,1,0,1,0,0,0,0,0,B
5795,0,0,0,1,0,1,0,0,0,0,0,B
5796,0,0,0,0,0,1,0,0,0,0,0,B
5797,0,0,0,0,0,1,0,0,0,0,0,B
5798,0,0,0,0,0,1,0,0,0,0,0,B
5799,0,0,0,0,0,1,0,0,0,0,0,B
5800,0,0,0,0,0,1,0,0,0,0,0,B
5801,0,0,0,0,0,1,0,0,0,0,0,B
5802,0,0,0,0,0,1,0,0,0,0,0,B
5803,0,0,0,0,0,1,0,0,0,0,0,B
5804,0,0,0,0,0,1,0,0,0,0,0,B
5805,0,0,0,0,0,1,0,0,0,0,0,B
5806,0,0,0,0,0,1,0,0,0,0,0,B
5807,0,0,0,0,0,1,0,0,0,0,0,B
5808,0,0,0,0,0,1,0,0,0,0,0,B
5809,0,0,0,0,0,1,0,0,0,0,0,B
5810,0,0,0,0,0,1,0,0,0,0,0,B
5811,0,0,0,0,0,1,0,0,0,0,0,B
5812,0,0,0,0,0,1,0,0,0,0,0,B
5813,0,0,0,0,0,1,0,0,0,0,0,B
5814,0,0,0,0,0,1,0,0,0,0,0,B
5815,0,0,0,0,0,1,1,0,0,0,0,B
5816,0,0,0,0,0,1,1,0,0,0,0,B
5817,0,0,0,0,0,1,1,0,0,0,0,B
5818,0,0,0,0,0,1,1,0,0,0,0,B
5819,0,0,0,0,0,1,1,0,0,0,0,B
5820,0,0,0,0,0,1,1,0,0,0,0,B
5821,0,0,0,0,0,1,1,0,0,0,0,B
5822,0,0,0,0,0,1,1,0,0,0,0,B
5823,0,0,0,0,0,1,1,0,0,0,0,B
5824,0,0,0,0,0,1,1,0,0,0,0,B
5825,0,0,0,0,0,1,1,0,0,0,0,B
5826,0,0,0,0,0,1,1,0,0,0,0,B
5827,0,0,0,0,0,1,1,0,0,0,0,B
5828,0,0,0,0,0,1,1,0,0,0,0,B
5829,0,0,0,0,0,1,1,0,0,0,0,B
5830,0,0,0,0,0,1,1,0,0,0,0,B
5831,0,0,0,0,0,1,1,0,0,0,0,B
5832,0,0,0,0,0,1,1,0,0,0,0,B
5833,0,0,0,0,0,1,1,0,0,0,0,B
5834,0,0,0,0,0,1,1,0,0,0,0,B
5835,0,0,0,0,0,1,1,0,0,0,0,B
5836,0,0,0,0,0,1,1,0,0,0,0,B
5837,0,0,0,0,0,1,1,0,0,0,0,B
5838,0,0,0,0,0,1,1,0,0,0,0,B
5839,0,0,0,0,0,1,1,0,0,0,0,B
5840,0,0,0,0,0,1,1,0,0,0,0,B
5841,0,0,0,0,0,1,1,0,0,0,0,B
5842,0,0,0,0,0,1,1,0,0,0,0,B
5843,0,0,0,0,0,1,1,0,0,0,0,B
5844,0,0,0,0,0,1,1,0,0,0,0,B
5845,0,0,0,0,0,1,1,0,0,0,0,B
5846,0,0,0,0,0,1,1,0,0,0,0,B
5847,0,0,0,0,0,1,1,0,0,0,0,B
5848,0,0,0,0,0,1,1,0,0,0,0,B
5849,0,0,0,0,0,1,1,0,0,0,0,B
5850,0,0,0,0,0,1,1,0,0,0,0,B
5851,0,0,0,0,0,1,1,0,0,0,0,B
5852,0,0,0,0,0,1,1,0,0,0,0,B
5853,0,0,0,0,0,1,1,0,0,0,0,B
5854,0,0,0,0,0,1,1,0,0,0,0,B
5855,0,0,0,0,0,1,1,0,0,0,0,B
5856,0,0,0,0,0,1,1,0,0,0,0,B
5857,0,0,0,0,0,1,1,0,0,0,0,B
5858,0,0,0,0,0,1,1,0,0,0,0,B
5859,0,0,0,0,0,1,1,0,0,0,0,B
5860,0,0,0,0,0,1,1,0,0,0,0,B
5861,0,0,0,0,0,1,1,0,0,0,0,B
5862,0,0,0,0,0,1,1,0,0,0,0,B
5863,0,0,0,0,0,1,1,0,0,0,0,B
5864,0,0,0,0,0,1,1,0,0,0,0,B
5865,0,0,0,0,0,1,1,0,0,0,0,B
5866,0,0,0,0,0,1,1,0,0,0,0,B
5867,0,0,0,0,0,1,1,0,0,0,0,B
5868,0,0,0,0,0,1,1,0,0,0,0,B
5869,0,0,0,0,0,1,1,0,0,0,0,B
5870,0,0,0,0,0,1,1,0,0,0,0,B
5871,0,0,0,0,0,1,1,0,0,0,0,B
5872,0,0,0,0,0,1,1,0,0,0,0,B
5873,0,0,0,0,0,1,1,0,0,0,0,B
5874,0,0,0,0,0,1,1,0,0,0,0,B
5875,0,0,0,0,0,1,1,0,0,0,0,B
5876,0,0,0,0,0,1,1,0,0,0,0,B
5877,0,0,0,0,0,1,1,0,0,0,0,B
5878,0,0,0,0,0,1,1,0,0,0,0,B
5879,0,0,0,0,0,1,1,0,0,0,0,B
5880,0,0,0,0,0,1,1,0,0,0,0,B
5881,0,0,0,0,0,1,1,0,0,0,0,B
5882,0,0,0,0,0,1,1,0,0,0,0,B
5883,0,0,0,0,0,1,1,0,0,0,0,B
5884,0,0,0,0,0,1,1,0,0,0,0,B
5885,0,0,0,0,0,1,1,0,0,0,0,B
5886,0,0,0,0,0,1,1,0,0,0,0,B
5887,0,0,0,0,0,1,1,0,0,0,0,B
5888,0,0,0,0,0,1,1,0,0,0,0,B
5889,0,0,0,0,0,1,1,0,0,0,0,B
5890,0,0,0,0,0,1,1,0,0,0,0,B
5891,0,0,0,0,0,1,1,0,0,0,0,B
5892,0,0,0,0,0,1,1,0,0,0,0,B
5893,0,0,0,0,0,1,1,0,0,0,0,B
5894,0,0,0,0,0,1,1,0,0,0,0,B
5895,0,0,0,0,0,1,1,0,0,0,0,B
5896,0,0,0,0,0,1,1,0,0,0,0,B
5897,0,0,0,0,0,1,1,0,0,0,0,B
5898,0,0,0,0,0,1,1,0,0,0,0,B
5899,0,0,0,0,0,1,1,0,0,0,0,B
5900,0,0,0,0,0,1,1,0,0,0,0,B
5901,0,0,0,0,0,1,1,0,0,0,0,B
5902,0,0,0,0,0,1,1,0,0,0,0,B
5903,0,0,0,0,0,1,1,0,0,0,0,B
5904,0,0,0,0,0,1,1,0,0,0,0,B
5905,0,0,0,0,0,1,1,0,0,0,0,B
5906,0,0,0,0,0,1,1,0,0,0,0,B
5907,0,0,0,0,0,1,1,0,0,0,0,B
5908,0,0,0,0,0,1,1,0,0,0,0,B
5909,0,0,0,0,0,1,1,0,0,0,0,B
5910,0,0,0,0,0,1,1,0,0,0,0,B
5911,0,0,0,0,0,1,1,0,0,0,0,B
5912,0,0,0,0,0,1,1,0,0,0,0,B
5913,0,0,0,0,0,1,1,0,0,0,0,B
5914,0,0,0,0,0,1,1,0,0,0,0,B
5915,0,0,0,0,0,1,1,0,0,0,0,B
5916,0,0,0,0,0,1,1,0,0,0,0,B
5917,0,0,0,0,0,1,1,0,0,0,0,B
5918,0,0,0,0,0,1,1,0,0,0,0,B
5919,0,0,0,0,0,1,1,0,0,0,0,B
5920,0,0,0,0,0,1,1,0,0,0,0,B
5921,0,0,0,0,0,1,1,0,0,0,0,B
5922,0,0,0,0,0,1,1,0,0,0,0,B
5923,0,0,0,0,0,1,1,0,0,0,0,B
5924,0,0,0,0,0,1,1,0,0,0,0,B
5925,0,0,0,0,0,1,1,0,0,0,0,B
5926,0,0,0,0,0,1,1,0,0,0,0,B
5927,0,0,0,0,0,1,1,0,0,0,0,B
5928,0,0,0,0,0,1,1,0,0,0,0,B
5929,0,0,0,0,0,1,1,0,0,0,0,B
5930,0,0,0,0,0,1,1,0,0,0,0,B
5931,0,0,0,0,0,1,1,0,0,0,0,B
5932,0,0,0,0,0,1,1,0,0,0,0,B
5933,0,0,0,0,0,1,1,0,0,0,0,B
5934,0,0,0,0,0,1,1,0,0,0,0,B
5935,0,0,0,0,0,1,1,0,0,0,0,B
5936,0,0,0,0,0,1,1,0,0,0,0,B
5937,0,0,0,0,0,1,1,0,0,0,0,B
5938,0,0,0,0,0,1,1,0,0,0,0,B
5939,0,0,0,0,0,1,1,0,0,0,0,B
5940,0,0,0,0,0,1,1,0,0,0,0,B
5941,0,0,0,0,0,1,1,0,0,0,0,B
5942,0,0,0,0,0,1,1,0,0,0,0,B
5943,0,0,0,0,0,1,1,0,0,0,0,B
5944,0,0,0,0,0,1,1,0,0,0,0,B
5945,0,0,0,0,0,1,1,0,0,0,0,B
5946,0,0,0,0,0,1,1,0,0,0,0,B
5947,0,0,0,0,0,1,1,0,0,0,0,B
5948,0,0,0,0,0,1,1,0,0,0,0,B
5949,0,0,0,0,0,1,1,0,0,0,0,B
5950,0,0,0,0,0,1,1,0,0,0,0,B
5951,0,0,0,0,0,1,1,0,0,0,0,B
5952,0,0,0,0,0,1,1,0,0,0,0,B
5953,0,0,0,0,0,1,1,0,0,0,0,B
5954,0,0,0,0,0,1,1,0,0,0,0,B
5955,0,0,0,0,0,1,1,0,0,0,0,B
5956,0,0,0,0,0,1,1,0,0,0,0,B
5957,0,0,0,0,0,1,1,0,0,0,0,B
5958,0,0,0,0,0,1,0,0,0,0,0,B
5959,0,0,0,0,0,1,0,0,0,0,0,B
5960,0,0,0,0,0,1,0,0,0,0,0,B
5961,0,0,0,0,0,1,0,0,0,0,0,B
5962,0,0,0,0,0,1,0,0,0,0,0,B
5963,0,0,0,0,0,1,0,0,0,0,0,B
5964,0,0,0,0,0,1,0,0,0,0,0,B
5965,0,0,0,0,0,1,0,0,0,0,0,B
5966,0,0,0,0,0,1,0,0,0,0,0,B
5967,0,0,0,0,0,1,0,0,0,0,0,B
5968,0,0,0,0,0,1,0,0,0,0,0,B
5969,0,0,0,0,0,1,0,0,0,0,0,B
5970,0,0,0,0,1,0,0,0,0,0,0,C
5971,0,0,0,0,1,0,0,0,0,0,0,C
5972,0,0,0,0,1,0,0,0,0,0,0,C
5973,0,0,0,0,1,0,0,0,0,0,0,C
5974,0,0,0,0,1,0,0,0,0,0,0,C
5975,0,0,0,0,1,0,0,0,0,0,0,C
5976,0,0,0,0,1,0,0,0,0,0,0,C
5977,0,0,0,0,1,0,0,0,0,0,0,C
5978,0,0,0,0,1,0,0,0,0,0,0,C
5979,0,0,0,0,1,0,0,0,0,0,0,C
5980,0,0,0,0,1,0,0,0,0,0,0,C
5981,0,0,0,0,1,0,0,0,0,0,0,C
5982,0,0,0,0,1,0,0,0,0,0,0,C
5983,0,0,0,0,1,0,0,0,0,0,0,C
5984,0,0,0,0,1,0,0,0,0,0,0,C
5985,0,0,0,0,1,0,0,0,0,0,0,C
5986,0,0,0,0,1,0,0,0,0,0,0,C
5987,0,0,0,0,1,0,0,0,0,0,0,C
5988,0,0,0,0,1,0,0,0,0,0,0,C
5989,0,0,0,0,1,0,0,0,0,0,0,C
5990,0,0,0,0,1,0,0,0,0,0,0,C
5991,0,0,0,0,1,0,0,0,0,0,0,C
5992,0,0,0,0,1,0,0,0,0,0,0,C
5993,0,0,0,0,1,0,0,0,0,0,0,C
5994,0,0,0,0,1,0,0,0,0,0,0,C
5995,0,0,0,0,1,0,0,0,0,0,0,C
5996,0,0,0,0,1,0,0,0,0,0,0,C
5997,0,0,0,0,1,0,0,0,0,0,0,C
5998,0,0,0,0,1,0,0,0,0,0,0,C
5999,0,0,0,0,1,0,0,0,0,0,0,C
6000,0,0,0,0,1,0,0,0,0,0,0,C
6001,0,0,0,0,1,1,0,0,0,0,0,B
6002,0,0,0,0,1,1,0,0,0,0,0,B
6003,0,0,0,0,1,1,0,0,0,0,0,B
6004,0,0,0,0,1,1,0,0,0,0,0,B
6005,0,0,0,0,1,1,0,0,0,0,0,B
6006,0,0,0,0,1,1,0,0,0,0,0,B
6007,0,0,0,0,1,1,0,0,0,0,0,B
6008,0,0,0,0,1,1,0,0,0,0,0,B
6009,0,0,0,0,1,1,0,0,0,0,0,B
6010,0,0,0,0,1,1,0,0,0,0,0,B
6011,0,0,0,0,1,1,0,0,0,0,0,B
6012,0,0,0,0,1,1,0,0,0,0,0,B
6013,0,0,0,0,1,1,0,0,0,0,0,B
6014,0,0,0,0,1,1,0,0,0,0,0,B
6015,0,0,0,0,1,1,0,0,0,0,0,B
6016,0,0,0,0,1,1,0,0,0,0,0,B
6017,0,0,0,0,1,1,0,0,0,0,0,B
6018,0,0,0,0,1,1,0,0,0,0,0,B
6019,0,0,0,0,1,1,0,0,0,0,0,B
6020,0,0,0,0,1,1,0,0,0,0,0,B
6021,0,0,0,0,1,1,0,0,0,0,0,B
6022,0,0,0,0,1,1,0,0,0,0,0,B
6023,0,0,0,0,1,1,0,0,0,0,0,B
6024,0,0,0,0,1,1,0,0,0,0,0,B
6025,0,0,0,0,1,1,0,0,0,0,0,B
6026,0,0,0,0,1,1,0,0,0,0,0,B
6027,0,0,0,0,1,1,0,0,0,0,0,B
6028,0,0,0,0,1,1,0,0,0,0,0,B
6029,0,0,0,0,1,1,0,0,0,0,0,B
6030,0,0,0,0,1,1,0,0,0,0,0,B
6031,0,0,0,0,1,1,0,0,0,0,0,B
6032,0,0,0,0,1,1,0,0,0,0,0,B
6033,0,0,0,0,1,1,0,0,0,0,0,B
6034,0,0,0,0,1,1,0,0,0,0,0,B
6035,0,0,0,0,1,1,0,0,0,0,0,B
6036,0,0,0,0,1,1,0,0,0,0,0,B
6037,0,0,0,0,1,1,0,0,0,0,0,B
6038,0,0,0,0,1,1,0,0,0,0,0,B
6039,0,0,0,0,1,1,0,0,0,0,0,B
6040,0,0,0,0,1,1,0,0,0,0,0,B
6041,0,0,0,0,1,1,0,0,0,0,0,B
6042,0,0,0,0,1,1,0,0,0,0,0,B
6043,0,0,0,0,1,1,0,0,0,0,0,B
6044,0,0,0,0,1,1,0,0,0,0,0,B
6045,0,0,0,0,1,1,0,0,0,0,0,B
6046,0,0,0,0,1,1,0,0,0,0,0,B
6047,0,0,0,0,1,1,0,0,0,0,0,B
6048,0,0,0,0,1,1,0,0,0,0,0,B
6049,0,0,0,0,1,1,0,0,0,0,0,B
6050,0,0,0,0,1,1,0,0,0,0,0,B
6051,0,0,0,0,1,1,0,0,0,0,0,B
6052,0,0,0,0,1,1,0,0,0,0,0,B
6053,0,0,0,0,1,1,0,0,0,0,0,B
6054,0,0,0,0,1,1,0,0,0,0,0,B
6055,0,0,0,0,1,1,0,0,0,0,0,B
6056,0,0,0,0,1,1,0,0,0,0,0,B
6057,0,0,0,0,1,1,0,0,0,0,0,B
6058,0,0,0,0,1,1,0,0,0,0,0,B
6059,0,0,0,0,1,1,0,0,0,0,0,B
6060,0,0,0,0,1,1,0,0,0,0,0,B
6061,0,0,0,0,1,1,0,0,0,0,0,B
6062,0,0,0,0,1,1,0,0,0,0,0,B
6063,0,0,0,0,1,1,0,0,0,0,0,B
6064,0,0,0,0,1,1,0,0,0,0,0,B
6065,0,0,0,0,1,1,0,0,0,0,0,B
6066,0,0,0,0,1,1,0,0,0,0,0,B
6067,0,0,0,0,1,1,0,0,0,0,0,B
6068,0,0,0,0,1,1,0,0,0,0,0,B
6069,0,0,0,0,1,1,0,0,0,0,0,B
6070,0,0,0,0,1,1,0,0,0,0,0,B
6071,0,0,0,0,1,1,0,0,0,0,0,B
6072,0,0,0,0,1,1,0,0,0,0,0,B
6073,0,0,0,0,1,1,0,0,0,0,0,B
6074,0,0,0,0,1,1,0,0,0,0,0,B
6075,0,0,0,0,1,1,0,0,0,0,0,B
6076,0,0,0,0,1,1,0,0,0,0,0,B
6077,0,0,0,0,1,1,0,0,0,0,0,B
6078,0,0,0,0,1,1,0,0,0,0,0,B
6079,0,0,0,0,1,1,0,0,0,0,0,B
6080,0,0,0,0,1,1,0,0,0,0,0,B
6081,0,0,0,0,1,1,0,0,0,0,0,B
6082,0,0,0,0,1,1,0,0,0,0,0,B
6083,0,0,0,0,1,1,0,0,0,0,0,B
6084,0,0,0,0,1,1,0,0,0,0,0,B
6085,0,0,0,0,1,1,0,0,0,0,0,B
6086,0,0,0,0,1,1,0,0,0,0,0,B
6087,0,0,0,0,1,1,0,0,0,0,0,B
6088,0,0,0,0,1,1,0,0,0,0,0,B
6089,0,0,0,0,1,1,0,0,0,0,0,B
6090,0,0,0,0,1,1,0,0,0,0,0,B
6091,0,0,0,0,1,1,0,0,0,0,0,B
6092,0,0,0,0,1,1,0,0,0,0,0,B
6093,0,0,0,0,1,1,0,0,0,0,0,B
6094,0,0,0,0,1,1,0,0,0,0,0,B
6095,0,0,0,0,1,1,0,0,0,0,0,B
6096,0,0,0,0,1,1,0,0,0,0,0,B
6097,0,0,0,0,1,1,0,0,0,0,0,B
6098,0,0,0,0,1,1,0,0,0,0,0,B
6099,0,0,0,0,1,1,0,0,0,0,0,B
6100,0,0,0,0,1,1,0,0,0,0,0,B
6101,0,0,0,0,1,1,0,0,0,0,0,B
6102,0,0,0,0,1,1,0,0,0,0,0,B
6103,0,0,0,0,1,1,0,0,0,0,0,B
6104,0,0,0,0,1,1,0,0,0,0,0,B
6105,0,0,0,0,1,1,0,0,0,0,0,B
6106,0,0,0,0,1,1,0,0,0,0,0,B
6107,0,0,0,0,1,1,0,0,0,0,0,B
6108,0,0,0,0,1,1,0,0,0,0,0,B
6109,0,0,0,0,1,1,0,0,0,0,0,B
6110,0,0,0,0,1,1,0,0,0,0,0,B
6111,0,0,0,0,1,1,0,0,0,0,0,B
6112,0,0,0,0,1,1,0,0,0,0,0,B
6113,0,0,0,0,1,1,0,0,0,0,0,B
6114,0,0,0,0,1,1,0,0,0,0,0,B
6115,0,0,0,0,1,1,0,0,0,0,0,B
6116,0,0,0,0,1,1,1,0,0,0,0,B
6117,0,0,0,0,1,1,1,0,0,0,0,B
6118,0,0,0,0,1,1,1,0,0,0,0,B
6119,0,0,0,0,1,1,1,0,0,0,0,B
6120,0,0,0,0,1,1,1,0,0,0,0,B
6121,0,0,0,0,1,1,1,0,0,0,0,B
6122,0,0,0,0,1,1,1,0,0,0,0,B
6123,0,0,0,0,1,1,1,0,0,0,0,B
6124,0,0,0,0,1,1,1,0,0,0,0,B
6125,0,0,0,0,1,1,1,0,0,0,0,B
6126,0,0,0,0,1,1,1,0,0,0,0,B
6127,0,0,0,0,1,1,1,0,0,0,0,B
6128,0,0,0,0,1,1,1,0,0,0,0,B
6129,0,0,0,0,1,1,1,0,0,0,0,B
6130,0,0,0,0,1,1,1,0,0,0,0,B
6131,0,0,0,0,1,1,1,0,0,0,0,B
6132,0,0,0,0,1,1,1,0,0,0,0,B
6133,0,0,0,0,1,1,1,0,0,0,0,B
6134,0,0,0,0,1,1,1,0,0,0,0,B
6135,0,0,0,0,1,1,1,0,0,0,0,B
6136,0,0,0,0,1,1,1,0,0,0,0,B
6137,0,0,0,0,1,1,1,0,0,0,0,B
6138,0,0,0,0,1,1,1,0,0,0,0,B
6139,0,0,0,0,1,1,1,0,0,0,0,B
6140,0,0,0,0,1,1,1,0,0,0,0,B
6141,0,0,0,0,1,1,1,0,0,0,0,B
6142,0,0,0,0,1,1,1,0,0,0,0,B
6143,0,0,0,0,1,1,1,0,0,0,0,B
6144,0,0,0,0,1,1,1,0,0,0,0,B
6145,0,0,0,0,1,1,1,0,0,0,0,B
6146,0,0,0,0,1,1,1,0,0,0,0,B
6147,0,0,0,0,1,1,1,0,0,0,0,B
6148,0,0,0,0,1,1,1,0,0,0,0,B
6149,0,0,0,0,1,1,1,0,0,0,0,B
6150,0,0,0,0,1,1,1,0,0,0,0,B
6151,0,0,0,0,1,1,1,0,0,0,0,B
6152,0,0,0,0,1,1,1,0,0,0,0,B
6153,0,0,0,0,1,1,1,0,0,0,0,B
6154,0,0,0,0,1,1,1,0,0,0,0,B
6155,0,0,0,0,1,1,1,0,0,0,0,B
6156,0,0,0,0,1,1,1,0,0,0,0,B
6157,0,0,0,0,1,1,1,0,0,0,0,B
6158,0,0,0,0,1,1,1,0,0,0,0,B
6159,0,0,0,0,1,1,1,0,0,0,0,B
6160,0,0,0,0,1,1,1,0,0,0,0,B
6161,0,0,0,0,1,1,1,0,0,0,0,B
6162,0,0,0,0,1,1,1,0,0,0,0,B
6163,0,0,0,0,1,1,1,0,0,0,0,B
6164,0,0,0,0,1,1,1,0,0,0,0,B
6165,0,0,0,0,1,1,1,0,0,0,0,B
6166,0,0,0,0,1,1,1,0,0,0,0,B
6167,0,0,0,0,1,1,1,0,0,0,0,B
6168,0,0,0,0,1,1,1,0,0,0,0,B
6169,0,0,0,0,1,1,1,0,0,0,0,B
6170,0,0,0,0,1,1,1,0,0,0,0,B
6171,0,0,0,0,1,1,1,0,0,0,0,B
6172,0,0,0,0,1,1,1,0,0,0,0,B
6173,0,0,0,0,1,1,1,0,0,0,0,B
6174,0,0,0,0,1,1,1,0,0,0,0,B
6175,0,0,0,0,1,1,1,0,0,0,0,B
6176,0,0,0,0,1,1,1,0,0,0,0,B
6177,0,0,0,0,1,1,1,0,0,0,0,B
6178,0,0,0,0,1,1,1,0,0,0,0,B
6179,0,0,0,0,1,1,1,0,0,0,0,B
6180,0,0,0,0,1,1,1,0,0,0,0,B
6181,0,0,0,0,1,1,1,0,0,0,0,B
6182,0,0,0,0,1,1,1,0,0,0,0,B
6183,0,0,0,0,1,1,1,0,0,0,0,B
6184,0,0,0,0,1,1,1,0,0,0,0,B
6185,0,0,0,0,1,1,1,0,0,0,0,B
6186,0,0,0,0,1,1,1,0,0,0,0,B
6187,0,0,0,0,1,1,1,0,0,0,0,B
6188,0,0,0,0,1,1,1,0,0,0,0,B
6189,0,0,0,0,1,1,1,0,0,0,0,B
6190,0,0,0,0,1,1,1,0,0,0,0,B
6191,0,0,0,0,1,1,1,0,0,0,0,B
6192,0,0,0,0,1,1,1,0,0,0,0,B
6193,0,0,0,0,1,1,1,0,0,0,0,B
6194,0,0,0,0,1,1,1,0,0,0,0,B
6195,0,0,0,0,1,1,1,0,0,0,0,B
6196,0,0,0,0,1,1,1,0,0,0,0,B
6197,0,0,0,0,1,1,1,0,0,0,0,B
6198,0,0,0,0,1,1,1,0,0,0,0,B
6199,0,0,0,0,1,1,1,0,0,0,0,B
6200,0,0,0,0,1,1,1,0,0,0,0,B
6201,0,0,0,0,1,1,1,0,0,0,0,B
6202,0,0,0,0,1,1,1,0,0,0,0,B
6203,0,0,0,0,1,1,1,0,0,0,0,B
6204,0,0,0,0,1,1,1,0,0,0,0,B
6205,0,0,0,0,1,1,1,0,0,0,0,B
6206,0,0,0,0,1,1,1,0,0,0,0,B
6207,0,0,0,0,1,1,1,0,0,0,0,B
6208,0,0,0,0,1,1,1,0,0,0,0,B
6209,0,0,0,0,1,1,1,0,0,0,0,B
6210,0,0,0,0,1,1,1,0,0,0,0,B
6211,0,0,0,0,1,1,1,0,0,0,0,B
6212,0,0,0,0,1,1,1,0,0,0,0,B
6213,0,0,0,0,1,1,1,0,0,0,0,B
6214,0,0,0,0,1,1,1,0,0,0,0,B
6215,0,0,0,0,1,1,1,0,0,0,0,B
6216,0,0,0,0,1,1,1,0,0,0,0,B
6217,0,0,0,0,1,1,1,0,0,0,0,B
6218,0,0,0,0,1,1,1,0,0,0,0,B
6219,0,0,0,0,1,1,1,0,0,0,0,B
6220,0,0,0,0,1,1,1,0,0,0,0,B
6221,0,0,0,0,1,1,1,0,0,0,0,B
6222,0,0,0,0,1,1,1,0,0,0,0,B
6223,0,0,0,0,1,1,1,0,0,0,0,B
6224,0,0,0,0,1,1,1,0,0,0,0,B
6225,0,0,0,0,1,1,1,0,0,0,0,B
6226,0,0,0,0,1,1,1,0,0,0,0,B
6227,0,0,0,0,1,1,1,0,0,0,0,B
6228,0,0,0,0,1,1,1,0,0,0,0,B
6229,0,0,0,0,1,1,1,0,0,0,0,B
6230,0,0,0,0,1,1,1,0,0,0,0,B
6231,0,0,0,0,1,1,1,0,0,0,0,B
6232,0,0,0,0,1,1,1,0,0,0,0,B
6233,0,0,0,0,1,1,0,0,0,0,0,B
6234,0,0,0,0,1,1,0,0,0,0,0,B
6235,0,0,0,0,1,1,0,0,0,0,0,B
6236,0,0,0,0,1,1,0,0,0,0,0,B
6237,0,0,0,0,1,1,0,0,0,0,0,B
6238,0,0,0,0,1,1,0,0,0,0,0,B
6239,0,0,0,0,1,1,0,0,0,0,0,B
6240,0,0,0,0,1,1,0,0,0,0,0,B
6241,0,0,0,0,1,1,0,0,0,0,0,B
6242,0,0,0,0,1,1,0,0,0,0,0,B
6243,0,0,0,0,1,1,0,0,0,0,0,B
6244,0,0,0,0,1,1,0,0,0,0,0,B
6245,0,0,0,0,1,1,0,0,0,0,0,B
6246,0,0,0,0,1,1,0,0,0,0,0,B
6247,0,0,0,0,1,1,0,0,0,0,0,B
6248,0,0,0,0,1,1,0,0,0,0,0,B
6249,0,0,0,0,1,1,0,0,0,0,0,B
6250,0,0,0,0,1,1,0,0,0,0,0,B
6251,0,0,0,0,1,1,0,0,0,0,0,B
6252,0,0,0,0,1,1,0,0,0,0,0,B
6253,0,0,0,0,1,1,0,0,0,0,0,B
6254,0,0,0,0,1,1,0,0,0,0,0,B
6255,0,0,0,0,1,1,0,0,0,0,0,B
6256,0,0,0,0,1,1,0,0,0,0,0,B
6257,0,0,0,0,1,1,0,0,0,0,0,B
6258,0,0,0,0,1,1,0,0,0,0,0,B
6259,0,0,0,0,1,1,0,0,0,0,0,B
6260,0,0,0,0,1,1,0,0,0,0,0,B
6261,0,0,0,0,1,1,0,0,0,0,0,B
6262,0,0,0,0,1,1,1,0,0,0,0,B
6263,0,0,0,0,1,1,1,0,0,0,0,B
6264,0,0,0,0,1,1,1,0,0,0,0,B
6265,0,0,0,0,1,1,1,0,0,0,0,B
6266,0,0,0,0,1,1,1,0,0,0,0,B
6267,0,0,0,0,1,1,1,0,0,0,0,B
6268,0,0,0,0,1,1,1,0,0,0,0,B
6269,0,0,0,0,1,1,1,0,0,0,0,B
6270,0,0,0,0,1,1,1,0,0,0,0,B
6271,0,0,0,0,1,1,1,0,0,0,0,B
6272,0,0,0,0,1,1,1,0,0,0,0,B
6273,0,0,0,0,1,1,1,0,0,0,0,B
6274,0,0,0,0,1,1,1,0,0,0,0,B
6275,0,0,0,0,1,1,1,0,0,0,0,B
6276,0,0,0,0,1,1,1,0,0,0,0,B
6277,0,0,0,0,1,1,1,0,0,0,0,B
6278,0,0,0,0,1,1,1,0,0,0,0,B
6279,0,0,0,0,1,1,1,0,0,0,0,B
6280,0,0,0,0,1,1,1,0,0,0,0,B
6281,0,0,0,0,1,1,1,0,0,0,0,B
6282,0,0,0,0,1,1,1,0,0,0,0,B
6283,0,0,0,0,1,1,1,0,0,0,0,B
6284,0,0,0,0,1,1,1,0,0,0,0,B
6285,0,0,0,0,1,1,1,0,0,0,0,B
6286,0,0,0,0,1,1,1,0,0,0,0,B
6287,0,0,0,0,1,1,1,0,0,0,0,B
6288,0,0,0,0,1,1,1,0,0,0,0,B
6289,0,0,0,0,1,1,1,0,0,0,0,B
6290,0,0,0,0,1,1,1,0,0,0,0,B
6291,0,0,0,0,1,1,1,0,0,0,0,B
6292,0,0,0,0,1,1,1,0,0,0,0,B
6293,0,0,0,0,1,1,1,0,0,0,0,B
6294,0,0,0,0,1,1,1,0,0,0,0,B
6295,0,0,0,0,1,1,1,0,0,0,0,B
6296,0,0,0,0,1,1,1,0,0,0,0,B
6297,0,0,0,0,1,1,1,0,0,0,0,B
6298,0,0,0,0,1,1,1,0,0,0,0,B
6299,0,0,0,0,1,1,1,0,0,0,0,B
6300,0,0,0,0,1,1,1,0,0,0,0,B
6301,0,0,0,0,1,1,1,0,0,0,0,B
6302,0,0,0,0,1,1,1,0,0,0,0,B
6303,0,0,0,0,1,1,1,0,0,0,0,B
6304,0,0,0,0,1,1,1,0,0,0,0,B
6305,0,0,0,0,1,1,1,0,0,0,0,B
6306,0,0,0,0,1,1,1,0,0,0,0,B
6307,0,0,0,0,1,1,1,0,0,0,0,B
6308,0,0,0,0,1,1,1,0,0,0,0,B
6309,0,0,0,0,1,1,1,0,0,0,0,B
6310,0,0,0,0,1,1,1,0,0,0,0,B
6311,0,0,0,0,1,1,1,0,0,0,0,B
6312,0,0,0,0,1,1,1,0,0,0,0,B
6313,0,0,0,0,1,1,1,0,0,0,0,B
6314,0,0,0,0,1,1,1,0,0,0,0,B
6315,0,0,0,0,1,1,1,0,0,0,0,B
6316,0,0,0,0,1,1,1,0,0,0,0,B
6317,0,0,0,0,1,1,1,0,0,0,0,B
6318,0,0,0,0,1,1,1,0,0,0,0,B
6319,0,0,0,0,1,1,1,0,0,0,0,B
6320,0,0,0,0,1,1,1,0,0,0,0,B
6321,0,0,0,0,1,1,1,0,0,0,0,B
6322,0,0,0,0,1,1,1,0,0,0,0,B
6323,0,0,0,0,1,1,1,0,0,0,0,B
6324,0,0,0,0,1,1,1,0,0,0,0,B
6325,0,0,0,0,1,1,1,0,0,0,0,B
6326,0,0,0,0,1,1,1,0,0,0,0,B
6327,0,0,0,0,1,1,1,0,0,0,0,B
6328,0,0,0,0,1,1,1,0,0,0,0,B
6329,0,0,0,0,1,1,1,0,0,0,0,B
6330,0,0,0,0,1,1,1,0,0,0,0,B
6331,0,0,0,0,1,1,1,0,0,0,0,B
6332,0,0,0,0,1,1,1,0,0,0,0,B
6333,0,0,0,0,1,1,1,0,0,0,0,B
6334,0,0,0,0,1,1,1,0,0,0,0,B
6335,0,0,0,0,1,1,1,0,0,0,0,B
6336,0,0,0,0,1,1,1,0,0,0,0,B
6337,0,0,0,0,1,1,1,0,0,0,0,B
6338,0,0,0,0,1,1,1,0,0,0,0,B
6339,0,0,0,0,1,1,1,0,0,0,0,B
6340,0,0,0,0,1,1,1,0,0,0,0,B
6341,0,0,0,0,1,1,1,0,0,0,0,B
6342,0,0,0,0,1,1,1,0,0,0,0,B
6343,0,0,0,0,1,1,1,0,0,0,0,B
6344,0,0,0,0,1,1,1,0,0,0,0,B
6345,0,0,0,0,1,1,1,0,0,0,0,B
6346,0,0,0,0,1,1,1,0,0,0,0,B
6347,0,0,0,0,1,1,1,0,0,0,0,B
6348,0,0,0,0,1,1,1,0,0,0,0,B
6349,0,0,0,0,1,1,1,0,0,0,0,B
6350,0,0,0,0,1,1,1,0,0,0,0,B
6351,0,0,0,0,1,1,1,0,0,0,0,B
6352,0,0,0,0,1,1,1,0,0,0,0,B
6353,0,0,0,0,1,1,1,0,0,0,0,B
6354,0,0,0,0,1,1,1,0,0,0,0,B
6355,0,0,0,0,1,1,1,0,0,0,0,B
6356,0,0,0,0,1,1,1,0,0,0,0,B
6357,0,0,0,0,1,1,1,0,0,0,0,B
6358,0,0,0,0,1,1,1,0,0,0,0,B
6359,0,0,0,0,1,1,1,0,0,0,0,B
6360,0,0,0,0,1,1,1,0,0,0,0,B
6361,0,0,0,0,1,1,1,0,0,0,0,B
6362,0,0,0,0,1,1,1,0,0,0,0,B
6363,0,0,0,0,1,1,1,0,0,0,0,B
6364,0,0,0,0,1,1,1,0,0,0,0,B
6365,0,0,0,0,1,1,1,0,0,0,0,B
6366,0,0,0,0,1,1,1,0,0,0,0,B
6367,0,0,0,0,1,1,1,0,0,0,0,B
6368,0,0,0,0,1,1,1,0,0,0,0,B
6369,0,0,0,0,1,1,1,0,0,0,0,B
6370,0,0,0,0,1,1,1,0,0,0,0,B
6371,0,0,0,0,1,1,1,0,0,0,0,B
6372,0,0,0,0,1,1,1,0,0,0,0,B
6373,0,0,0,0,1,1,1,0,0,0,0,B
6374,0,0,0,0,1,1,1,0,0,0,0,B
6375,0,0,0,0,1,1,1,0,0,0,0,B
6376,0,0,0,0,1,1,1,0,0,0,0,B
6377,0,0,0,0,1,1,1,0,0,0,0,B
6378,0,0,0,0,1,1,1,0,0,0,0,B
6379,0,0,0,0,1,1,1,0,0,0,0,B
6380,0,0,0,0,1,1,1,0,0,0,0,B
6381,0,0,0,0,1,1,1,0,0,0,0,B
6382,0,0,0,0,1,1,1,0,0,0,0,B
6383,0,0,0,0,1,1,1,0,0,0,0,B
6384,0,0,0,0,1,1,1,0,0,0,0,B
6385,0,0,0,0,1,1,1,0,0,0,0,B
6386,0,0,0,0,1,1,1,0,0,0,0,B
6387,0,0,0,0,1,1,1,0,0,0,0,B
6388,0,0,0,0,1,1,1,0,0,0,0,B
6389,0,0,0,0,1,1,1,0,0,0,0,B
6390,0,0,0,0,1,1,1,0,0,0,0,B
6391,0,0,0,0,1,1,1,0,0,0,0,B
6392,0,0,0,0,1,1,1,0,0,0,0,B
6393,0,0,0,0,1,1,1,0,0,0,0,B
6394,0,0,0,0,1,1,1,0,0,0,0,B
6395,0,0,0,0,1,1,1,0,0,0,0,B
6396,0,0,0,0,1,1,1,0,0,0,0,B
6397,0,0,0,0,1,1,1,0,0,0,0,B
6398,0,0,0,0,1,1,1,0,0,0,0,B
6399,0,0,0,0,1,1,1,0,0,0,0,B
6400,0,0,0,0,1,1,1,0,0,0,0,B
6401,0,0,0,0,1,1,1,0,0,0,0,B
6402,0,0,0,0,1,1,1,0,0,0,0,B
6403,0,0,0,0,1,1,1,0,0,0,0,B
6404,0,0,0,0,1,1,1,0,0,0,0,B
6405,0,0,0,0,1,1,1,0,0,0,0,B
6406,0,0,0,0,1,1,1,0,0,0,0,B
6407,0,0,0,0,1,1,1,0,0,0,0,B
6408,0,0,0,0,1,1,1,0,0,0,0,B
6409,0,0,0,0,1,1,1,0,0,0,0,B
6410,0,0,0,0,1,1,1,0,0,0,0,B
6411,0,0,0,0,1,1,1,0,0,0,0,B
6412,0,0,0,0,1,1,1,0,0,0,0,B
6413,0,0,0,0,1,1,1,0,0,0,0,B
6414,0,0,0,0,1,1,1,0,0,0,0,B
6415,0,0,0,0,1,1,1,0,0,0,0,B
6416,0,0,0,0,1,1,1,0,0,0,0,B
6417,0,0,0,0,1,1,1,0,0,0,0,B
6418,0,0,0,0,1,1,1,0,0,0,0,B
6419,0,0,0,0,1,1,1,0,0,0,0,B
6420,0,0,0,0,1,1,1,0,0,0,0,B
6421,0,0,0,0,1,1,1,0,0,0,0,B
6422,0,0,0,0,1,1,1,0,0,0,0,B
6423,0,0,0,0,1,1,1,0,0,0,0,B
6424,0,0,0,0,1,1,1,0,0,0,0,B
6425,0,0,0,0,1,1,1,0,0,0,0,B
6426,0,0,0,0,1,1,1,0,0,0,0,B
6427,0,0,0,0,1,1,1,0,0,0,0,B
6428,0,0,0,0,1,1,1,0,0,0,0,B
6429,0,0,0,0,1,1,1,0,0,0,0,B
6430,0,0,0,0,1,1,1,0,0,0,0,B
6431,0,0,0,0,1,1,1,0,0,0,0,B
6432,0,0,0,0,1,1,1,0,0,0,0,B
6433,0,0,0,0,1,1,1,0,0,0,0,B
6434,0,0,0,0,1,1,1,0,0,0,0,B
6435,0,0,0,0,1,1,1,0,0,0,0,B
6436,0,0,0,0,1,1,1,0,0,0,0,B
6437,0,0,0,0,1,1,1,0,0,0,0,B
6438,0,0,0,0,1,1,1,0,0,0,0,B
6439,0,0,0,0,1,1,1,0,0,0,0,B
6440,0,0,0,0,1,1,1,0,0,0,0,B
6441,0,0,0,0,1,1,1,0,0,0,0,B
6442,0,0,0,0,1,1,1,0,0,0,0,B
6443,0,0,0,0,1,1,1,0,0,0,0,B
6444,0,0,0,0,1,1,0,0,0,0,0,B
6445,0,0,0,0,1,1,0,0,0,0,0,B
6446,0,0,0,0,1,1,0,0,0,0,0,B
6447,0,0,0,0,1,1,0,0,0,0,0,B
6448,0,0,0,0,1,1,0,0,0,0,0,B
6449,0,0,0,0,1,1,0,0,0,0,0,B
6450,0,0,0,0,1,1,0,0,0,0,0,B
6451,0,0,0,0,1,1,0,0,0,0,0,B
6452,0,0,0,0,1,1,0,0,0,0,0,B
6453,0,0,0,0,1,1,0,0,0,0,0,B
6454,0,0,0,0,1,1,0,0,0,0,0,B
6455,0,0,0,0,1,1,0,0,0,0,0,B
6456,0,0,0,0,1,1,0,0,0,0,0,B
6457,0,0,0,0,1,1,0,0,0,0,0,B
6458,0,0,0,0,1,1,0,0,0,0,0,B
6459,0,0,0,0,1,1,0,0,0,0,0,B
6460,0,0,0,0,1,1,0,0,0,0,0,B
6461,0,0,0,0,1,1,0,0,0,0,0,B
6462,0,0,0,0,1,1,0,0,0,0,0,B
6463,0,0,0,0,1,1,0,0,0,0,0,B
6464,0,0,0,0,1,1,0,0,0,0,0,B
6465,0,0,0,0,1,1,0,0,0,0,0,B
6466,0,0,0,0,1,1,0,0,0,0,0,B
6467,0,0,0,0,1,1,0,0,0,0,0,B
6468,0,0,0,0,1,1,0,0,0,0,0,B
6469,0,0,0,0,1,1,0,0,0,0,0,B
6470,0,0,0,0,1,1,0,0,0,0,0,B
6471,0,0,0,0,1,1,0,0,0,0,0,B
6472,0,0,0,0,1,1,0,0,0,0,0,B
6473,0,0,0,0,1,1,0,0,0,0,0,B
6474,0,0,0,0,1,1,0,0,0,0,0,B
6475,0,0,0,0,1,1,0,0,0,0,0,B
6476,0,0,0,0,1,1,0,0,0,0,0,B
6477,0,0,0,0,1,1,0,0,0,0,0,B
6478,0,0,0,0,1,1,0,0,0,0,0,B
6479,0,0,0,0,1,1,0,0,0,0,0,B
6480,0,0,0,0,1,1,0,0,0,0,0,B
6481,0,0,0,0,1,1,0,0,0,0,0,B
6482,0,0,0,0,1,1,0,0,0,0,0,B
6483,0,0,0,0,1,1,0,0,0,0,0,B
6484,0,0,0,0,1,1,0,0,0,0,0,B
6485,0,0,0,0,1,1,0,0,0,0,0,B
6486,0,0,0,0,1,1,0,0,0,0,0,B
6487,0,0,0,0,1,1,0,0,0,0,0,B
6488,0,0,0,0,1,1,0,0,0,0,0,B
6489,0,0,0,0,1,1,0,0,0,0,0,B
6490,0,0,0,0,1,1,0,0,0,0,0,B
6491,0,0,0,0,1,1,0,0,0,0,0,B
6492,0,0,0,0,1,1,0,0,0,0,0,B
6493,0,0,0,0,1,1,0,0,0,0,0,B
6494,0,0,0,0,1,1,0,0,0,0,0,B
6495,0,0,0,0,1,1,0,0,0,0,0,B
6496,0,0,0,0,1,1,0,0,0,0,0,B
6497,0,0,0,0,1,1,0,0,0,0,0,B
6498,0,0,0,0,1,1,0,0,0,0,0,B
6499,0,0,0,0,1,1,0,0,0,0,0,B
6500,0,0,0,0,1,1,0,0,0,0,0,B
6501,0,0,0,0,1,1,0,0,0,0,0,B
6502,0,0,0,0,1,1,0,0,0,0,0,B
6503,0,0,0,0,1,1,0,0,0,0,0,B
6504,0,0,0,0,1,1,0,0,0,0,0,B
6505,0,0,0,0,1,1,0,0,0,0,0,B
6506,0,0,0,0,1,1,0,0,0,0,0,B
6507,0,0,0,0,1,1,0,0,0,0,0,B
6508,0,0,0,0,1,1,0,0,0,0,0,B
6509,0,0,0,0,1,1,0,0,0,0,0,B
6510,0,0,0,0,1,1,0,0,0,0,0,B
6511,0,0,0,0,1,1,0,0,0,0,0,B
6512,0,0,0,0,1,1,0,0,0,0,0,B
6513,0,0,0,0,1,1,0,0,0,0,0,B
6514,0,0,0,0,1,1,0,0,0,0,0,B
6515,0,0,0,0,1,1,0,0,0,0,0,B
6516,0,0,0,0,1,1,0,0,0,0,0,B
6517,0,0,0,0,1,1,0,0,0,0,0,B
6518,0,0,0,0,1,1,0,0,0,0,0,B
6519,0,0,0,0,1,1,0,0,0,0,0,B
6520,0,0,0,0,1,1,0,0,0,0,0,B
6521,0,0,0,0,1,1,0,0,0,0,0,B
6522,0,0,0,0,1,1,0,0,0,0,0,B
6523,0,0,0,0,1,1,0,0,0,0,0,B
6524,0,0,0,0,1,1,0,0,0,0,0,B
6525,0,0,0,0,1,1,0,0,0,0,0,B
6526,0,0,0,0,1,1,0,0,0,0,0,B
6527,0,0,0,0,1,1,0,0,0,0,0,B
6528,0,0,0,0,1,1,0,0,0,0,0,B
6529,0,0,0,0,1,1,0,0,0,0,0,B
6530,0,0,0,0,1,1,0,0,0,0,0,B
6531,0,0,0,0,1,1,0,0,0,0,0,B
6532,0,0,0,0,1,1,0,0,0,0,0,B
6533,0,0,0,0,1,1,0,0,0,0,0,B
6534,0,0,0,0,1,1,0,0,0,0,0,B
6535,0,0,0,0,1,1,0,0,0,0,0,B
6536,0,0,0,0,1,1,0,0,0,0,0,B
6537,0,0,0,0,1,1,0,0,0,0,0,B
6538,0,0,0,0,1,1,1,0,0,0,0,B
6539,0,0,0,0,1,1,1,0,0,0,0,B
6540,0,0,0,0,1,1,1,0,0,0,0,B
6541,0,0,0,0,1,1,1,0,0,0,0,B
6542,0,0,0,0,1,1,1,0,0,0,0,B
6543,0,0,0,0,1,1,1,0,0,0,0,B
6544,0,0,0,0,1,1,1,0,0,0,0,B
6545,0,0,0,0,1,1,1,0,0,0,0,B
6546,0,0,0,0,1,1,1,0,0,0,0,B
6547,0,0,0,0,1,1,1,0,0,0,0,B
6548,0,0,0,0,1,1,1,0,0,0,0,B
6549,0,0,0,0,1,1,1,0,0,0,0,B
6550,0,0,0,0,1,1,1,0,0,0,0,B
6551,0,0,0,0,1,1,1,0,0,0,0,B
6552,0,0,0,0,1,1,1,0,0,0,0,B
6553,0,0,0,0,1,1,1,0,0,0,0,B
6554,0,0,0,0,1,1,1,0,0,0,0,B
6555,0,0,0,0,1,1,1,0,0,0,0,B
6556,0,0,0,0,1,1,1,0,0,0,0,B
6557,0,0,0,0,1,1,1,0,0,0,0,B
6558,0,0,0,0,1,1,1,0,0,0,0,B
6559,0,0,0,0,1,1,1,0,0,0,0,B
6560,0,0,0,0,1,1,1,0,0,0,0,B
6561,0,0,0,0,1,1,1,0,0,0,0,B
6562,0,0,0,0,1,1,1,0,0,0,0,B
6563,0,0,0,0,1,1,1,0,0,0,0,B
6564,0,0,0,0,1,1,1,0,0,0,0,B
6565,0,0,0,0,1,1,1,0,0,0,0,B
6566,0,0,0,0,1,1,1,0,0,0,0,B
6567,0,0,0,0,1,1,1,0,0,0,0,B
6568,0,0,0,0,1,1,1,0,0,0,0,B
6569,0,0,0,0,1,1,1,0,0,0,0,B
6570,0,0,0,0,1,1,1,0,0,0,0,B
6571,0,0,0,0,1,1,1,0,0,0,0,B
6572,0,0,0,0,1,1,1,0,0,0,0,B
6573,0,0,0,0,1,1,1,0,0,0,0,B
6574,0,0,0,0,1,1,1,0,0,0,0,B
6575,0,0,0,0,1,1,1,0,0,0,0,B
6576,0,0,0,0,1,1,1,0,0,0,0,B
6577,0,0,0,0,1,1,1,0,0,0,0,B
6578,0,0,0,0,1,1,1,0,0,0,0,B
6579,0,0,0,0,1,1,1,0,0,0,0,B
6580,0,0,0,0,1,1,1,0,0,0,0,B
6581,0,0,0,0,1,1,1,0,0,0,0,B
6582,0,0,0,0,1,1,1,0,0,0,0,B
6583,0,0,0,0,1,1,1,0,0,0,0,B
6584,0,0,0,0,1,1,1,0,0,0,0,B
6585,0,0,0,0,1,1,1,0,0,0,0,B
6586,0,0,0,0,1,1,1,0,0,0,0,B
6587,0,0,0,0,1,1,1,0,0,0,0,B
6588,0,0,0,0,1,1,1,0,0,0,0,B
6589,0,0,0,0,1,1,1,0,0,0,0,B
6590,0,0,0,0,1,1,1,0,0,0,0,B
6591,0,0,0,0,1,1,1,0,0,0,0,B
6592,0,0,0,0,1,1,1,0,0,0,0,B
6593,0,0,0,0,1,1,1,0,0,0,0,B
6594,0,0,0,0,1,1,1,0,0,0,0,B
6595,0,0,0,0,1,1,1,0,0,0,0,B
6596,0,0,0,0,1,1,1,0,0,0,0,B
6597,0,0,0,0,1,1,1,0,0,0,0,B
6598,0,0,0,0,1,1,1,0,0,0,0,B
6599,0,0,0,0,1,1,1,0,0,0,0,B
6600,0,0,0,0,1,1,1,0,0,0,0,B
6601,0,0,0,0,1,1,1,0,0,0,0,B
6602,0,0,0,0,1,1,1,0,0,0,0,B
6603,0,0,0,0,1,1,1,0,0,0,0,B
6604,0,0,0,0,1,1,1,0,0,0,0,B
6605,0,0,0,0,1,1,1,0,0,0,0,B
6606,0,0,0,0,1,1,1,0,0,0,0,B
6607,0,0,0,0,1,1,1,0,0,0,0,B
6608,0,0,0,0,1,1,1,0,0,0,0,B
6609,0,0,0,0,1,1,1,0,0,0,0,B
6610,0,0,0,0,1,1,1,0,0,0,0,B
6611,0,0,0,0,1,1,1,0,0,0,0,B
6612,0,0,0,0,1,1,1,0,0,0,0,B
6613,0,0,0,0,1,1,1,0,0,0,0,B
6614,0,0,0,0,1,1,1,0,0,0,0,B
6615,0,0,0,0,1,1,1,0,0,0,0,B
6616,0,0,0,0,1,1,1,0,0,0,0,B
6617,0,0,0,0,1,1,1,0,0,0,0,B
6618,0,0,0,0,1,1,1,0,0,0,0,B
6619,0,0,0,0,1,1,1,0,0,0,0,B
6620,0,0,0,0,1,1,1,0,0,0,0,B
6621,0,0,0,0,1,1,1,0,0,0,0,B
6622,0,0,0,0,1,1,1,0,0,0,0,B
6623,0,0,0,0,1,1,1,0,0,0,0,B
6624,0,0,0,0,1,1,1,0,0,0,0,B
6625,0,0,0,0,1,1,1,0,0,0,0,B
6626,0,0,0,0,1,1,1,0,0,0,0,B
6627,0,0,0,0,1,1,1,0,0,0,0,B
6628,0,0,0,0,1,1,1,0,0,0,0,B
6629,0,0,0,0,1,1,1,0,0,0,0,B
6630,0,0,0,0,1,1,1,0,0,0,0,B
6631,0,0,0,0,1,1,1,0,0,0,0,B
6632,0,0,0,0,1,1,1,0,0,0,0,B
6633,0,0,0,0,1,1,1,0,0,0,0,B
6634,0,0,0,0,1,1,1,0,0,0,0,B
6635,0,0,0,0,1,1,1,0,0,0,0,B
6636,0,0,0,0,1,1,1,0,0,0,0,B
6637,0,0,0,0,1,1,1,0,0,0,0,B
6638,0,0,0,0,1,1,1,0,0,0,0,B
6639,0,0,0,0,1,1,1,0,0,0,0,B
6640,0,0,0,0,1,1,1,0,0,0,0,B
6641,0,0,0,0,1,1,1,0,0,0,0,B
6642,0,0,0,0,1,1,1,0,0,0,0,B
6643,0,0,0,0,1,1,1,0,0,0,0,B
6644,0,0,0,0,1,1,1,0,0,0,0,B
6645,0,0,0,0,1,1,1,0,0,0,0,B
6646,0,0,0,0,1,1,1,0,0,0,0,B
6647,0,0,0,0,1,1,1,0,0,0,0,B
6648,0,0,0,0,1,1,1,0,0,0,0,B
6649,0,0,0,0,1,1,1,0,0,0,0,B
6650,0,0,0,0,1,1,1,0,0,0,0,B
6651,0,0,0,0,1,1,1,0,0,0,0,B
6652,0,0,0,0,1,1,1,0,0,0,0,B
6653,0,0,0,0,1,1,1,0,0,0,0,B
6654,0,0,0,0,1,1,1,0,0,0,0,B
6655,0,0,0,0,1,1,1,0,0,0,0,B
6656,0,0,0,0,1,1,1,0,0,0,0,B
6657,0,0,0,0,1,1,1,0,0,0,0,B
6658,0,0,0,0,1,1,1,0,0,0,0,B
6659,0,0,0,0,1,1,1,0,0,0,0,B
6660,0,0,0,0,1,1,1,0,0,0,0,B
6661,0,0,0,0,1,1,1,0,0,0,0,B
6662,0,0,0,0,1,1,1,0,0,0,0,B
6663,0,0,0,0,1,1,1,0,0,0,0,B
6664,0,0,0,0,1,1,1,0,0,0,0,B
6665,0,0,0,0,1,1,1,0,0,0,0,B
6666,0,0,0,0,1,1,1,0,0,0,0,B
6667,0,0,0,0,1,1,1,0,0,0,0,B
6668,0,0,0,0,1,1,1,0,0,0,0,B
6669,0,0,0,0,1,1,1,0,0,0,0,B
6670,0,0,0,0,1,1,1,0,0,0,0,B
6671,0,0,0,0,1,1,1,0,0,0,0,B
6672,0,0,0,0,1,1,1,0,0,0,0,B
6673,0,0,0,0,1,1,1,0,0,0,0,B
6674,0,0,0,0,1,1,1,0,0,0,0,B
6675,0,0,0,0,1,1,1,0,0,0,0,B
6676,0,0,0,0,1,1,1,0,0,0,0,B
6677,0,0,0,0,1,1,1,0,0,0,0,B
6678,0,0,0,0,1,1,1,0,0,0,0,B
6679,0,0,0,0,1,1,1,0,0,0,0,B
6680,0,0,0,0,1,1,1,0,0,0,0,B
6681,0,0,0,0,1,1,1,0,0,0,0,B
6682,0,0,0,0,1,1,1,0,0,0,0,B
6683,0,0,0,0,1,1,1,0,0,0,0,B
6684,0,0,0,0,1,1,1,0,0,0,0,B
6685,0,0,0,0,1,1,1,0,0,0,0,B
6686,0,0,0,0,1,1,1,0,0,0,0,B
6687,0,0,0,0,1,1,1,0,0,0,0,B
6688,0,0,0,0,1,1,1,0,0,0,0,B
6689,0,0,0,0,1,1,1,0,0,0,0,B
6690,0,0,0,0,1,1,1,0,0,0,0,B
6691,0,0,0,0,1,1,1,0,0,0,0,B
6692,0,0,0,0,1,1,1,0,0,0,0,B
6693,0,0,0,0,1,1,1,0,0,0,0,B
6694,0,0,0,0,1,1,1,0,0,0,0,B
6695,0,0,0,0,1,1,1,0,0,0,0,B
6696,0,0,0,0,1,1,1,0,0,0,0,B
6697,0,0,0,0,1,1,1,0,0,0,0,B
6698,0,0,0,0,1,1,1,0,0,0,0,B
6699,0,0,0,0,1,1,1,0,0,0,0,B
6700,0,0,0,0,1,1,1,0,0,0,0,B
6701,0,0,0,0,1,1,1,0,0,0,0,B
6702,0,0,0,0,1,1,1,0,0,0,0,B
6703,0,0,0,0,1,1,1,0,0,0,0,B
6704,0,0,0,0,1,1,1,0,0,0,0,B
6705,0,0,0,0,1,1,1,0,0,0,0,B
6706,0,0,0,0,1,1,1,0,0,0,0,B
6707,0,0,0,0,1,1,1,0,0,0,0,B
6708,0,0,0,0,1,1,1,0,0,0,0,B
6709,0,0,0,0,1,1,1,0,0,0,0,B
6710,0,0,0,0,1,1,1,0,0,0,0,B
6711,0,0,0,0,1,1,1,0,0,0,0,B
6712,0,0,0,0,1,1,1,0,0,0,0,B
6713,0,0,0,0,1,1,1,0,0,0,0,B
6714,0,0,0,0,1,1,1,0,0,0,0,B
6715,0,0,0,0,1,1,1,0,0,0,0,B
6716,0,0,0,0,1,1,1,0,0,0,0,B
6717,0,0,0,0,1,1,1,0,0,0,0,B
6718,0,0,0,0,1,1,1,0,0,0,0,B
6719,0,0,0,0,1,1,1,0,0,0,0,B
6720,0,0,0,0,1,1,1,0,0,0,0,B
6721,0,0,0,0,1,1,1,0,0,0,0,B
6722,0,0,0,0,1,1,1,0,0,0,0,B
6723,0,0,0,0,1,1,1,0,0,0,0,B
6724,0,0,0,0,1,1,1,0,0,0,0,B
6725,0,0,0,0,1,1,1,0,0,0,0,B
6726,0,0,0,0,1,1,1,0,0,0,0,B
6727,0,0,0,0,1,1,1,0,0,0,0,B
6728,0,0,0,0,1,1,1,0,0,0,0,B
6729,0,0,0,0,1,1,1,0,0,0,0,B
6730,0,0,0,0,1,1,1,0,0,0,0,B
6731,0,0,0,0,1,1,1,0,0,0,0,B
6732,0,0,0,0,1,1,1,0,0,0,0,B
6733,0,0,0,0,1,1,1,0,0,0,0,B
6734,0,0,0,0,1,1,1,0,0,0,0,B
6735,0,0,0,0,1,1,1,0,0,0,0,B
6736,0,0,0,0,1,1,1,0,0,0,0,B
6737,0,0,0,0,1,1,1,0,0,0,0,B
6738,0,0,0,0,1,1,1,0,0,0,0,B
6739,0,0,0,0,1,1,1,0,0,0,0,B
6740,0,0,0,0,1,1,1,0,0,0,0,B
6741,0,0,0,0,1,1,1,0,0,0,0,B
6742,0,0,0,0,1,1,1,0,0,0,0,B
6743,0,0,0,0,1,1,1,0,0,0,0,B
6744,0,0,0,0,1,1,1,0,0,0,0,B
6745,0,0,0,0,1,1,1,0,0,0,0,B
6746,0,0,0,0,1,1,1,0,0,0,0,B
6747,0,0,0,0,1,1,1,0,0,0,0,B
6748,0,0,0,0,1,1,0,0,0,0,0,B
6749,0,0,0,0,1,1,0,0,0,0,0,B
6750,0,0,0,0,1,1,0,0,0,0,0,B
6751,0,0,0,0,1,1,0,0,0,0,0,B
6752,0,0,0,0,1,1,0,0,0,0,0,B
6753,0,0,0,0,1,1,0,0,0,0,0,B
6754,0,0,0,0,1,1,0,0,0,0,0,B
6755,0,0,0,0,1,1,0,0,0,0,0,B
6756,0,0,0,0,1,1,0,0,0,0,0,B
6757,0,0,0,0,1,0,0,0,0,0,0,C
6758,0,0,0,0,1,0,0,0,0,0,0,C
6759,0,0,0,0,1,0,0,0,0,0,0,C
6760,0,0,0,0,1,0,0,0,0,0,0,C
6761,0,0,0,0,1,0,0,0,0,0,0,C
6762,0,0,0,0,1,0,0,0,0,0,0,C
6763,0,0,0,0,1,0,0,0,0,0,0,C
6764,0,0,0,0,1,0,0,0,0,0,0,C
6765,0,0,0,0,1,0,0,0,0,0,0,C
6766,0,0,0,0,1,0,0,0,0,0,0,C
6767,0,0,0,0,1,0,0,0,0,0,0,C
6768,0,0,0,0,1,0,0,0,0,0,0,C
6769,0,0,0,0,1,0,0,0,0,0,0,C
6770,0,0,0,0,1,0,0,0,0,0,0,C
6771,0,0,0,0,1,0,0,0,0,0,0,C
6772,0,0,0,0,1,0,0,0,0,0,0,C
6773,0,0,0,0,1,0,0,0,0,0,0,C
6774,0,0,0,0,1,0,0,0,0,0,0,C
6775,0,0,0,0,1,0,0,0,0,0,0,C
6776,0,0,0,0,1,0,0,0,0,0,0,C
6777,0,0,0,0,1,0,0,0,0,0,0,C
6778,0,0,0,0,1,0,0,0,0,0,0,C
6779,0,0,0,0,1,0,0,0,0,0,0,C
6780,0,0,0,0,1,0,0,0,0,0,0,C
6781,0,0,0,0,1,0,0,0,0,0,0,C
6782,0,0,0,0,1,0,0,0,0,0,0,C
6783,0,0,0,0,1,0,0,0,0,0,0,C
6784,0,0,0,0,1,0,0,0,0,0,0,C
6785,0,0,0,0,1,0,0,0,0,0,0,C
6786,0,0,0,0,1,0,0,0,0,0,0,C
6787,0,0,0,0,1,0,0,0,0,0,0,C
6788,0,0,0,0,1,0,0,0,0,0,0,C
6789,0,0,0,0,1,0,0,0,0,0,0,C
6790,0,0,0,0,1,0,0,0,0,0,0,C
6791,0,0,0,0,1,0,0,0,0,0,0,C
6792,0,0,0,0,1,0,0,0,0,0,0,C
6793,0,0,0,0,1,0,0,0,0,0,0,C
6794,0,0,0,0,1,0,0,0,0,0,0,C
6795,0,0,0,0,1,0,0,0,0,0,0,C
6796,0,0,0,0,1,0,0,0,0,0,0,C
6797,0,0,0,0,1,0,0,0,0,0,0,C
6798,0,0,0,0,1,0,0,0,0,0,0,C
6799,0,0,0,0,1,0,0,0,0,0,0,C
6800,0,0,0,1,1,0,0,0,0,0,0,C
6801,0,0,0,1,1,0,0,0,0,0,0,C
6802,0,0,0,1,1,0,0,0,0,0,0,C
6803,0,0,0,1,1,0,0,0,0,0,0,C
6804,0,0,0,1,1,0,0,0,0,0,0,C
6805,0,0,0,1,1,0,0,0,0,0,0,C
6806,0,0,0,1,1,0,0,0,0,0,0,C
6807,0,0,0,1,1,0,0,0,0,0,0,C
6808,0,0,0,1,1,0,0,0,0,0,0,C
6809,0,0,0,1,1,0,0,0,0,0,0,C
6810,0,0,0,1,1,0,0,0,0,0,0,C
6811,0,0,0,1,1,0,0,0,0,0,0,C
6812,0,0,0,1,1,0,0,0,0,0,0,C
6813,0,0,0,1,1,0,0,0,0,0,0,C
6814,0,0,0,1,1,0,0,0,0,0,0,C
6815,0,0,0,1,1,0,0,0,0,0,0,C
6816,0,0,0,1,1,0,0,0,0,0,0,C
6817,0,0,0,1,1,0,0,0,0,0,0,C
6818,0,0,0,1,1,0,0,0,0,0,0,C
6819,0,0,0,1,1,0,0,0,0,0,0,C
6820,0,0,0,1,1,0,0,0,0,0,0,C
6821,0,0,0,1,1,0,0,0,0,0,0,C
6822,0,0,0,1,1,0,0,0,0,0,0,C
6823,0,0,0,1,1,0,0,0,0,0,0,C
6824,0,0,0,1,1,0,0,0,0,0,0,C
6825,0,0,0,1,1,0,0,0,0,0,0,C
6826,0,0,0,1,1,0,0,0,0,0,0,C
6827,0,0,0,1,1,0,0,0,0,0,0,C
6828,0,0,0,1,1,0,0,0,0,0,0,C
6829,0,0,0,1,1,0,0,0,0,0,0,C
6830,0,0,0,1,1,0,0,0,0,0,0,C
6831,0,0,0,1,1,0,0,0,0,0,0,C
6832,0,0,0,1,1,0,0,0,0,0,0,C
6833,0,0,0,1,1,0,0,0,0,0,0,C
6834,0,0,0,1,1,0,0,0,0,0,0,C
6835,0,0,0,1,1,0,0,0,0,0,0,C
6836,0,0,0,1,1,0,0,0,0,0,0,C
6837,0,0,0,1,1,0,0,0,0,0,0,C
6838,0,0,0,1,1,0,0,0,0,0,0,C
6839,0,0,0,1,1,0,0,0,0,0,0,C
6840,0,0,0,1,1,0,0,0,0,0,0,C
6841,0,0,0,1,1,0,0,0,0,0,0,C
6842,0,0,0,1,1,0,0,0,0,0,0,C
6843,0,0,0,1,1,0,0,0,0,0,0,C
6844,0,0,0,1,1,0,0,0,0,0,0,C
6845,0,0,0,1,1,0,0,0,0,0,0,C
6846,0,0,0,1,1,0,0,0,0,0,0,C
6847,0,0,0,1,1,0,0,0,0,0,0,C
6848,0,0,0,1,1,0,0,0,0,0,0,C
6849,0,0,0,1,1,0,0,0,0,0,0,C
6850,0,0,0,1,1,0,0,0,0,0,0,C
6851,0,0,0,1,1,0,0,0,0,0,0,C
6852,0,0,0,1,1,0,0,0,0,0,0,C
6853,0,0,0,1,1,0,0,0,0,0,0,C
6854,0,0,0,1,1,0,0,0,0,0,0,C
6855,0,0,0,1,1,0,0,0,0,0,0,C
6856,0,0,0,1,1,0,0,0,0,0,0,C
6857,0,0,0,1,1,0,0,0,0,0,0,C
6858,0,0,0,1,1,0,0,0,0,0,0,C
6859,0,0,0,1,1,0,0,0,0,0,0,C
6860,0,0,0,1,1,0,0,0,0,0,0,C
6861,0,0,0,1,1,0,0,0,0,0,0,C
6862,0,0,0,1,1,0,0,0,0,0,0,C
6863,0,0,0,1,1,0,0,0,0,0,0,C
6864,0,0,0,1,1,0,0,0,0,0,0,C
6865,0,0,0,1,1,0,0,0,0,0,0,C
6866,0,0,0,1,1,0,0,0,0,0,0,C
6867,0,0,0,1,1,0,0,0,0,0,0,C
6868,0,0,0,1,1,0,0,0,0,0,0,C
6869,0,0,0,1,1,0,0,0,0,0,0,C
6870,0,0,0,1,1,0,0,0,0,0,0,C
6871,0,0,0,1,1,0,0,0,0,0,0,C
6872,0,0,0,1,1,0,0,0,0,0,0,C
6873,0,0,0,1,1,0,0,0,0,0,0,C
6874,0,0,0,1,1,0,0,0,0,0,0,C
6875,0,0,0,1,1,0,0,0,0,0,0,C
6876,0,0,0,1,1,0,0,0,0,0,0,C
6877,0,0,0,1,1,0,0,0,0,0,0,C
6878,0,0,0,1,1,0,0,0,0,0,0,C
6879,0,0,0,1,1,0,0,0,0,0,0,C
6880,0,0,0,1,1,0,0,0,0,0,0,C
6881,0,0,0,1,1,0,0,0,0,0,0,C
6882,0,0,0,1,1,0,0,0,0,0,0,C
6883,0,0,0,1,1,0,0,0,0,0,0,C
6884,0,0,0,1,1,0,0,0,0,0,0,C
6885,0,0,0,1,1,0,0,0,0,0,0,C
6886,0,0,0,1,1,0,0,0,0,0,0,C
6887,0,0,0,1,1,0,0,0,0,0,0,C
6888,0,0,0,1,1,0,0,0,0,0,0,C
6889,0,0,0,1,1,0,0,0,0,0,0,C
6890,0,0,0,1,1,0,0,0,0,0,0,C
6891,0,0,0,1,1,0,0,0,0,0,0,C
6892,0,0,0,1,1,0,0,0,0,0,0,C
6893,0,0,0,1,1,0,0,0,0,0,0,C
6894,0,0,0,1,1,0,0,0,0,0,0,C
6895,0,0,0,1,1,0,0,0,0,0,0,C
6896,0,0,0,1,0,0,0,0,0,0,0,C
6897,0,0,0,1,0,0,0,0,0,0,0,C
6898,0,0,0,1,0,0,0,0,0,0,0,C
6899,0,0,0,1,0,0,0,0,0,0,0,C
6900,0,0,0,1,0,0,0,0,0,0,0,C
6901,0,0,0,1,0,0,0,0,0,0,0,C
6902,0,0,0,1,0,0,0,0,0,0,0,C
6903,0,0,0,1,0,0,0,0,0,0,0,C
6904,0,0,0,1,0,0,0,0,0,0,0,C
6905,0,0,0,1,0,0,0,0,0,0,0,C
6906,0,0,0,1,0,0,0,0,0,0,0,C
6907,0,0,0,1,0,0,0,0,0,0,0,C
6908,0,0,0,1,0,0,0,0,0,0,0,C
6909,0,0,0,1,0,0,0,0,0,0,0,C
6910,0,0,0,1,0,0,0,0,0,0,0,C
6911,0,0,0,1,0,0,0,0,0,0,0,C
6912,0,0,0,1,0,0,0,0,0,0,0,C
6913,0,0,0,1,0,0,0,0,0,0,0,C
6914,0,0,0,1,0,0,0,0,0,0,0,C
6915,0,0,0,1,0,0,0,0,0,0,0,C
6916,0,0,0,1,0,0,0,0,0,0,0,C
6917,0,0,0,1,0,0,0,0,0,0,0,C
6918,0,0,0,1,0,0,0,0,0,0,0,C
6919,0,0,0,1,0,0,0,0,0,0,0,C
6920,0,0,0,1,0,0,0,0,0,0,0,C
6921,0,0,0,1,0,0,0,0,0,0,0,C
6922,0,0,0,1,0,0,0,0,0,0,0,C
6923,0,0,0,1,0,0,0,0,0,0,0,C
6924,0,0,0,1,0,0,0,0,0,0,0,C
6925,0,0,0,1,0,0,0,0,0,0,0,C
6926,0,0,0,1,0,0,0,0,0,0,0,C
6927,0,0,0,1,0,0,0,0,0,0,0,C
6928,0,0,0,1,0,0,0,0,0,0,0,C
6929,0,0,0,1,0,0,0,0,0,0,0,C
6930,0,0,0,1,0,0,0,0,0,0,0,C
6931,0,0,0,1,0,0,0,0,0,0,0,C
6932,0,0,0,1,0,0,0,0,0,0,0,C
6933,0,0,0,1,0,0,0,0,0,0,0,C
6934,0,0,0,1,0,0,0,0,0,0,0,C
6935,0,0,0,1,0,0,0,0,0,0,0,C
6936,0,0,0,1,0,0,0,0,0,0,0,C
6937,0,0,0,1,0,0,0,0,0,0,0,C
6938,0,0,0,1,0,0,0,0,0,0,0,C
6939,0,0,0,1,0,0,0,0,0,0,0,C
6940,0,0,0,1,0,0,0,0,0,0,0,C
6941,0,0,0,1,0,0,0,0,0,0,0,C
6942,0,0,0,1,0,0,0,0,0,0,0,C
6943,0,0,0,1,0,0,0,0,0,0,0,C
6944,0,0,0,1,0,0,0,0,0,0,0,C
6945,0,0,0,1,0,0,0,0,0,0,0,C
6946,0,0,0,1,0,0,0,0,0,0,0,C
6947,0,0,0,1,0,0,0,0,0,0,0,C
6948,0,0,0,1,0,0,0,0,0,0,0,C
6949,0,0,0,1,0,0,0,0,0,0,0,C
6950,0,0,0,1,0,0,0,0,0,0,0,C
6951,0,0,0,1,0,0,0,0,0,0,0,C
6952,0,0,0,1,0,0,0,0,0,0,0,C
6953,0,0,0,1,0,0,0,0,0,0,0,C
6954,0,0,0,1,0,0,0,0,0,0,0,C
6955,0,0,0,1,0,0,0,0,0,0,0,C
6956,0,0,0,1,0,0,0,0,0,0,0,C
6957,0,0,0,1,0,0,0,0,0,0,0,C
6958,0,0,0,1,0,0,0,0,0,0,0,C
6959,0,0,0,1,0,0,0,0,0,0,0,C
6960,0,0,0,1,0,0,0,0,0,0,0,C
6961,0,0,0,1,0,0,0,0,0,0,0,C
6962,0,0,0,1,0,0,0,0,0,0,0,C
6963,0,0,0,1,0,0,0,0,0,0,0,C
6964,0,0,0,1,0,0,0,0,0,0,0,C
6965,0,0,0,1,0,0,0,0,0,0,0,C
6966,0,0,0,1,0,0,0,0,0,0,0,C
6967,0,0,0,1,0,0,0,0,0,0,0,C
6968,0,0,0,1,0,0,0,0,0,0,0,C
6969,0,0,0,1,0,0,0,0,0,0,0,C
6970,0,0,0,1,0,0,0,0,0,0,0,C
6971,0,0,0,1,0,0,0,0,0,0,0,C
6972,0,0,0,1,0,0,0,0,0,0,0,C
6973,0,0,0,1,0,0,0,0,0,0,0,C
6974,0,0,0,1,0,0,0,0,0,0,0,C
6975,0,0,0,1,0,0,0,0,0,0,0,C
6976,0,0,0,1,0,0,0,0,0,0,0,C
6977,0,0,0,1,0,0,0,0,0,0,0,C
6978,0,0,0,1,0,0,0,0,0,0,0,C
6979,0,0,0,1,0,0,0,0,0,0,0,C
6980,0,0,0,1,0,0,0,0,0,0,0,C
6981,0,0,0,1,0,0,0,0,0,0,0,C
6982,0,0,0,1,0,0,0,0,0,0,0,C
6983,0,0,0,1,0,0,0,0,0,0,0,C
6984,0,0,0,1,0,0,0,0,0,0,0,C
6985,0,0,0,1,0,0,0,0,0,0,0,C
6986,0,0,0,1,0,0,0,0,0,0,0,C
6987,0,0,0,1,0,0,0,0,0,0,0,C
6988,0,0,0,1,0,0,0,0,0,0,0,C
6989,0,0,0,1,0,0,0,0,0,0,0,C
6990,0,0,0,1,0,0,0,0,0,0,0,C
6991,0,0,0,1,0,0,0,0,0,0,0,C
6992,0,0,0,1,0,0,0,0,0,0,0,C
6993,0,0,0,1,0,0,0,0,0,0,0,C
6994,0,0,0,1,0,0,0,0,0,0,0,C
6995,0,0,0,1,0,0,0,0,0,0,0,C
6996,0,0,0,1,0,0,0,0,0,0,0,C
6997,0,0,0,1,0,0,0,0,0,0,0,C
6998,0,0,0,1,0,0,0,0,0,0,0,C
6999,0,0,0,1,0,0,0,0,0,0,0,C
7000,0,0,0,1,0,0,0,0,0,0,0,C
7001,0,0,0,1,0,0,0,0,0,0,0,C
7002,0,0,0,1,0,0,0,0,0,0,0,C
7003,0,0,0,1,0,0,0,0,0,0,0,C
7004,0,0,0,1,0,0,0,0,0,0,0,C
7005,0,0,0,1,0,0,0,0,0,0,0,C
7006,0,0,0,1,0,0,0,0,0,0,0,C
7007,0,0,0,1,0,0,0,0,0,0,0,C
7008,0,0,0,1,0,0,0,0,0,0,0,C
7009,0,0,0,1,0,0,0,0,0,0,0,C
7010,0,0,0,1,0,0,0,0,0,0,0,C
7011,0,0,0,1,0,0,0,0,0,0,0,C
7012,0,0,0,1,0,0,0,0,0,0,0,C
7013,0,0,0,1,0,0,0,0,0,0,0,C
7014,0,0,0,1,0,0,0,0,0,0,0,C
7015,0,0,0,1,0,0,0,0,0,0,0,C
7016,0,0,0,1,0,0,0,0,0,0,0,C
7017,0,0,0,1,0,0,0,0,0,0,0,C
7018,0,0,0,1,0,0,0,0,0,0,0,C
7019,0,0,0,1,0,0,0,0,0,0,0,C
7020,0,0,0,1,0,0,0,0,0,0,0,C
7021,0,0,0,1,0,0,0,0,0,0,0,C
7022,0,0,0,1,0,0,0,0,0,0,0,C
7023,0,0,0,1,0,0,0,0,0,0,0,C
7024,0,0,0,1,0,0,0,0,0,0,0,C
7025,0,0,0,1,0,0,0,0,0,0,0,C
7026,0,0,0,1,0,0,0,0,0,0,0,C
7027,0,0,0,1,0,0,0,0,0,0,0,C
7028,0,0,0,1,0,0,0,0,0,0,0,C
7029,0,0,0,1,0,0,0,0,0,0,0,C
7030,0,0,0,1,0,0,0,0,0,0,0,C
7031,0,0,0,1,0,0,0,0,0,0,0,C
7032,0,0,0,1,0,0,0,0,0,0,0,C
7033,0,0,0,1,0,0,0,0,0,0,0,C
7034,0,0,0,1,0,0,0,0,0,0,0,C
7035,0,0,0,1,0,0,0,0,0,0,0,C
7036,0,0,0,1,0,0,0,0,0,0,0,C
7037,0,0,0,1,0,0,0,0,0,0,0,C
7038,0,0,0,1,0,0,0,0,0,0,0,C
7039,0,0,0,1,0,0,0,0,0,0,0,C
7040,0,0,0,1,0,0,0,0,0,0,0,C
7041,0,0,0,1,0,0,0,0,0,0,0,C
7042,0,0,0,1,0,0,0,0,0,0,0,C
7043,0,0,0,1,0,0,0,0,0,0,0,C
7044,0,0,0,1,0,0,0,0,0,0,0,C
7045,0,0,0,1,0,0,0,0,0,0,0,C
7046,0,0,0,1,0,0,0,0,0,0,0,C
7047,0,0,0,1,0,0,0,0,0,0,0,C
7048,0,0,0,1,0,0,0,0,0,0,0,C
7049,0,0,0,1,0,0,0,0,0,0,0,C
7050,0,0,0,1,0,0,0,0,0,0,0,C
7051,0,0,0,1,0,0,0,0,0,0,0,C
7052,0,0,0,1,0,0,0,0,0,0,0,C
7053,0,0,0,1,0,0,0,0,0,0,0,C
7054,0,0,0,1,0,0,0,0,0,0,0,C
7055,0,0,0,1,0,0,0,0,0,0,0,C
7056,0,0,0,1,0,0,0,0,0,0,0,C
7057,0,0,0,1,0,0,0,0,0,0,0,C
7058,0,0,0,1,0,0,0,0,0,0,0,C
7059,0,0,0,1,0,0,0,0,0,0,0,C
7060,0,0,0,1,0,0,0,0,0,0,0,C
7061,0,0,0,1,0,0,0,0,0,0,0,C
7062,0,0,0,1,0,0,0,0,0,0,0,C
7063,0,0,0,1,0,0,0,0,0,0,0,C
7064,0,0,0,1,0,0,0,0,0,0,0,C
7065,0,0,0,1,0,0,0,0,0,0,0,C
7066,0,0,0,1,0,0,0,0,0,0,0,C
7067,0,0,0,1,0,0,0,0,0,0,0,C
7068,0,0,0,1,0,0,0,0,0,0,0,C
7069,0,0,0,1,0,0,0,0,0,0,0,C
7070,0,0,0,1,0,0,0,0,0,0,0,C
7071,0,0,0,1,0,0,0,0,0,0,0,C
7072,0,0,0,1,0,0,0,0,0,0,0,C
7073,0,0,0,1,0,0,0,0,0,0,0,C
7074,0,0,0,1,0,0,0,0,0,0,0,C
7075,0,0,0,1,0,0,0,0,0,0,0,C
7076,0,0,0,1,0,0,0,0,0,0,0,C
7077,0,0,0,1,0,0,0,0,0,0,0,C
7078,0,0,0,1,0,0,0,0,0,0,0,C
7079,0,0,0,1,0,0,0,0,0,0,0,C
7080,0,0,0,1,0,0,0,0,0,0,0,C
7081,0,0,0,1,0,0,0,0,0,0,0,C
7082,0,0,0,1,0,0,0,0,0,0,0,C
7083,0,0,0,1,0,0,0,0,0,0,0,C
7084,0,0,0,1,0,0,0,0,0,0,0,C
7085,0,0,0,1,0,0,0,0,0,0,0,C
7086,0,0,0,1,0,0,0,0,0,0,0,C
7087,0,0,0,1,0,0,0,0,0,0,0,C
7088,0,0,0,1,0,0,0,0,0,0,0,C
7089,0,0,0,1,0,0,0,0,0,0,0,C
7090,0,0,0,1,0,0,0,0,0,0,0,C
7091,0,0,0,1,0,0,0,0,0,0,0,C
7092,0,0,0,1,0,0,0,0,0,0,0,C
7093,0,0,0,1,0,0,0,0,0,0,0,C
7094,0,0,0,1,0,0,0,0,0,0,0,C
7095,0,0,0,1,0,0,0,0,0,0,0,C
7096,0,0,0,1,0,0,0,0,0,0,0,C
7097,0,0,0,1,0,0,0,0,0,0,0,C
7098,0,0,0,1,0,0,0,0,0,0,0,C
7099,0,0,0,1,0,0,0,0,0,0,0,C
7100,0,0,0,1,0,0,0,0,0,0,0,C
7101,0,0,0,1,0,0,0,0,0,0,0,C
7102,0,0,0,1,0,0,0,0,0,0,0,C
7103,0,0,0,1,0,0,0,0,0,0,0,C
7104,0,0,0,1,0,0,0,0,0,0,0,C
7105,0,0,0,1,0,0,0,0,0,0,0,C
7106,0,0,0,1,0,0,0,0,0,0,0,C
7107,0,0,0,1,0,0,0,0,0,0,0,C
7108,0,0,0,1,0,0,0,0,0,0,0,C
7109,0,0,0,1,0,0,0,0,0,0,0,C
7110,0,0,0,1,0,0,0,0,0,0,0,C
7111,0,0,0,1,0,0,0,0,0,0,0,C
7112,0,0,0,1,0,0,0,0,0,0,0,C
7113,0,0,0,1,0,0,0,0,0,0,0,C
7114,0,0,0,1,0,0,0,0,0,0,0,C
7115,0,0,0,1,0,0,0,0,0,0,0,C
7116,0,0,0,1,0,0,0,0,0,0,0,C
7117,0,0,0,1,0,0,0,0,0,0,0,C
7118,0,0,0,1,0,0,0,0,0,0,0,C
7119,0,0,0,1,0,0,0,0,0,0,0,C
7120,0,0,0,1,0,0,0,0,0,0,0,C
7121,0,0,0,1,0,0,0,0,0,0,0,C
7122,0,0,0,1,0,0,0,0,0,0,0,C
7123,0,0,0,1,0,0,0,0,0,0,0,C
7124,0,0,0,1,0,0,0,0,0,0,0,C
7125,0,0,0,1,0,0,0,0,0,0,0,C
7126,0,0,0,1,0,0,0,0,0,0,0,C
7127,0,0,0,1,0,0,0,0,0,0,0,C
7128,0,0,0,1,0,0,0,0,0,0,0,C
7129,0,0,0,1,0,0,0,0,0,0,0,C
7130,0,0,0,1,0,0,0,0,0,0,0,C
7131,0,0,0,1,0,0,0,0,0,0,0,C
7132,0,0,0,1,0,0,0,0,0,0,0,C
7133,0,0,0,1,0,0,0,0,0,0,0,C
7134,0,0,0,1,0,0,0,0,0,0,0,C
7135,0,0,0,1,0,0,0,0,0,0,0,C
7136,0,0,0,1,0,0,0,0,0,0,0,C
7137,0,0,0,1,0,0,0,0,0,0,0,C
7138,0,0,0,1,0,0,0,0,0,0,0,C
7139,0,0,0,1,0,0,0,0,0,0,0,C
7140,0,0,0,1,0,0,0,0,0,0,0,C
7141,0,0,0,1,0,0,0,0,0,0,0,C
7142,0,0,0,1,0,0,0,0,0,0,0,C
7143,0,0,0,1,0,0,0,0,0,0,0,C
7144,0,0,0,1,0,0,0,0,0,0,0,C
7145,0,0,0,1,0,0,0,0,0,0,0,C
7146,0,0,0,1,0,0,0,0,0,0,0,C
7147,0,0,0,1,0,0,0,0,0,0,0,C
7148,0,0,0,1,0,0,0,0,0,0,0,C
7149,0,0,0,1,0,0,0,0,0,0,0,C
7150,0,0,0,1,0,0,0,0,0,0,0,C
7151,0,0,0,1,0,0,0,0,0,0,0,C
7152,0,0,0,1,0,0,0,0,0,0,0,C
7153,0,0,0,1,0,0,0,0,0,0,0,C
7154,0,0,0,1,0,0,0,0,0,0,0,C
7155,0,0,0,1,0,0,0,0,0,0,0,C
7156,0,0,0,1,0,0,0,0,0,0,0,C
7157,0,0,0,1,0,0,0,0,0,0,0,C
7158,0,0,0,1,0,0,0,0,0,0,0,C
7159,0,0,0,1,0,0,0,0,0,0,0,C
7160,0,0,0,1,0,0,0,0,0,0,0,C
7161,0,0,0,1,0,0,0,0,0,0,0,C
7162,0,0,0,1,0,0,0,0,0,0,0,C
7163,0,0,0,1,0,0,0,0,0,0,0,C
7164,0,0,0,1,0,0,0,0,0,0,0,C
7165,0,0,0,1,0,0,0,0,0,0,0,C
7166,0,0,0,1,0,0,0,0,0,0,0,C
7167,0,0,0,1,0,0,0,0,0,0,0,C
7168,0,0,0,1,0,0,0,0,0,0,0,C
7169,0,0,0,1,0,0,0,0,0,0,0,C
7170,0,0,0,1,0,0,0,0,0,0,0,C
7171,0,0,0,1,0,0,0,0,0,0,0,C
7172,0,0,0,1,0,0,0,0,0,0,0,C
7173,0,0,0,1,0,0,0,0,0,0,0,C
7174,0,0,0,1,0,0,0,0,0,0,0,C
7175,0,0,0,1,0,0,0,0,0,0,0,C
7176,0,0,0,1,0,0,0,0,0,0,0,C
7177,0,0,0,1,0,0,0,0,0,0,0,C
7178,0,0,0,1,0,0,0,0,0,0,0,C
7179,0,0,0,1,0,0,0,0,0,0,0,C
7180,0,0,0,1,0,0,0,0,0,0,0,C
7181,0,0,0,1,0,0,0,0,0,0,0,C
7182,0,0,0,1,0,0,0,0,0,0,0,C
7183,0,0,0,1,0,0,0,0,0,0,0,C
7184,0,0,0,1,0,0,0,0,0,0,0,C
7185,0,0,0,1,0,0,0,0,0,0,0,C
7186,0,0,0,1,0,0,0,0,0,0,0,C
7187,0,0,0,1,0,0,0,0,0,0,0,C
7188,0,0,0,1,0,0,0,0,0,0,0,C
7189,0,0,0,1,0,0,0,0,0,0,0,C
7190,0,0,0,1,0,0,0,0,0,0,0,C
7191,0,0,0,1,0,0,0,0,0,0,0,C
7192,0,0,0,1,0,0,0,0,0,0,0,C
7193,0,0,0,1,0,0,0,0,0,0,0,C
7194,0,0,0,1,0,0,0,0,0,0,0,C
7195,0,0,0,1,0,0,0,0,0,0,0,C
7196,0,0,0,1,0,0,0,0,0,0,0,C
7197,0,0,0,1,0,0,0,0,0,0,0,C
7198,0,0,0,1,0,0,0,0,0,0,0,C
7199,0,0,0,1,0,0,0,0,0,0,0,C
7200,0,0,0,1,0,0,0,0,0,0,0,C
7201,0,0,0,1,0,0,0,0,0,0,0,C
7202,0,0,0,1,0,0,0,0,0,0,0,C
7203,0,0,0,1,0,0,0,0,0,0,0,C
7204,0,0,0,1,0,0,0,0,0,0,0,C
7205,0,0,0,1,0,0,0,0,0,0,0,C
7206,0,0,0,1,0,0,0,0,0,0,0,C
7207,0,0,0,1,0,0,0,0,0,0,0,C
7208,0,0,0,1,0,0,0,0,0,0,0,C
7209,0,0,0,1,0,0,0,0,0,0,0,C
7210,0,0,0,1,0,0,0,0,0,0,0,C
7211,0,0,0,1,0,0,0,0,0,0,0,C
7212,0,0,0,1,0,0,0,0,0,0,0,C
7213,0,0,0,1,0,0,0,0,0,0,0,C
7214,0,0,0,1,0,0,0,0,0,0,0,C
7215,0,0,0,1,0,0,0,0,0,0,0,C
7216,0,0,0,1,0,0,0,0,0,0,0,C
7217,0,0,0,1,0,0,0,0,0,0,0,C
7218,0,0,0,1,0,0,0,0,0,0,0,C
7219,0,0,0,1,0,0,0,0,0,0,0,C
7220,0,0,0,1,0,0,0,0,0,0,0,C
7221,0,0,0,1,0,0,0,0,0,0,0,C
7222,0,0,0,1,0,0,0,0,0,0,0,C
7223,0,0,0,1,0,0,0,0,0,0,0,C
7224,0,0,0,1,0,0,0,0,0,0,0,C
7225,0,0,0,1,0,0,0,0,0,0,0,C
7226,0,0,0,1,0,0,0,0,0,0,0,C
7227,0,0,0,1,0,0,0,0,0,0,0,C
7228,0,0,0,1,0,0,0,0,0,0,0,C
7229,0,0,0,1,0,0,0,0,0,0,0,C
7230,0,0,0,1,0,0,0,0,0,0,0,C
7231,0,0,0,1,0,0,0,0,0,0,0,C
7232,0,0,0,1,0,0,0,0,0,0,0,C
7233,0,0,0,1,0,0,0,0,0,0,0,C
7234,0,0,0,1,0,0,0,0,0,0,0,C
7235,0,0,0,1,0,0,0,0,0,0,0,C
7236,0,0,0,1,0,0,0,0,0,0,0,C
7237,0,0,0,1,0,0,0,0,0,0,0,C
7238,0,0,0,1,0,0,0,0,0,0,0,C
7239,0,0,0,1,0,0,0,0,0,0,0,C
7240,0,0,0,1,0,0,0,0,0,0,0,C
7241,0,0,0,1,0,0,0,0,0,0,0,C
7242,0,0,0,1,0,0,0,0,0,0,0,C
7243,0,0,0,1,0,0,0,0,0,0,0,C
7244,0,0,0,1,0,0,0,0,0,0,0,C
7245,0,0,0,1,0,0,0,0,0,0,0,C
7246,0,0,0,1,0,0,0,0,0,0,0,C
7247,0,0,0,1,0,0,0,0,0,0,0,C
7248,0,0,0,1,0,0,0,0,0,0,0,C
7249,0,0,0,1,0,0,0,0,0,0,0,C
7250,0,0,0,1,0,0,0,0,0,0,0,C
7251,0,0,0,1,0,0,0,0,0,0,0,C
7252,0,0,0,1,0,0,0,0,0,0,0,C
7253,0,0,0,1,0,0,0,0,0,0,0,C
7254,0,0,0,1,0,0,0,0,0,0,0,C
7255,0,0,0,1,0,0,0,0,0,0,0,C
7256,0,0,0,1,0,0,0,0,0,0,0,C
7257,0,0,0,1,0,0,0,0,0,0,0,C
7258,0,0,0,1,0,0,0,0,0,0,0,C
7259,0,0,0,1,0,0,0,0,0,0,0,C
7260,0,0,0,1,0,0,0,0,0,0,0,C
7261,0,0,0,1,0,0,0,0,0,0,0,C
7262,0,0,0,1,0,0,0,0,0,0,0,C
7263,0,0,0,1,0,0,0,0,0,0,0,C
7264,0,0,0,1,0,0,0,0,0,0,0,C
7265,0,0,0,1,0,0,0,0,0,0,0,C
7266,0,0,0,1,0,0,0,0,0,0,0,C
7267,0,0,0,1,0,0,0,0,0,0,0,C
7268,0,0,0,1,0,0,0,0,0,0,0,C
7269,0,0,0,1,0,0,0,0,0,0,0,C
7270,0,0,0,1,0,0,0,0,0,0,0,C
7271,0,0,0,1,0,0,0,0,0,0,0,C
7272,0,0,0,1,0,0,0,0,0,0,0,C
7273,0,0,0,1,0,0,0,0,0,0,0,C
7274,0,0,0,1,0,0,0,0,0,0,0,C
7275,0,0,0,1,0,0,0,0,0,0,0,C
7276,0,0,0,1,0,0,0,0,0,0,0,C
7277,0,0,0,1,0,0,0,0,0,0,0,C
7278,0,0,0,1,0,0,0,0,0,0,0,C
7279,0,0,0,1,0,0,0,0,0,0,0,C
7280,0,0,0,1,0,0,0,0,0,0,0,C
7281,0,0,0,1,0,0,0,0,0,0,0,C
7282,0,0,0,1,0,0,0,0,0,0,0,C
7283,0,0,0,1,0,0,0,0,0,0,0,C
7284,0,0,0,1,0,0,0,0,0,0,0,C
7285,0,0,0,1,0,0,0,0,0,0,0,C
7286,0,0,0,1,0,0,0,0,0,0,0,C
7287,0,0,0,1,0,0,0,0,0,0,0,C
7288,0,0,0,1,0,0,0,0,0,0,0,C
7289,0,0,0,1,0,0,0,0,0,0,0,C
7290,0,0,0,1,0,0,0,0,0,0,0,C
7291,0,0,0,1,0,0,0,0,0,0,0,C
7292,0,0,0,1,0,0,0,0,0,0,0,C
7293,0,0,0,1,0,0,0,0,0,0,0,C
7294,0,0,0,1,0,0,0,0,0,0,0,C
7295,0,0,0,1,0,0,0,0,0,0,0,C
7296,0,0,0,1,0,0,0,0,0,0,0,C
7297,0,0,0,1,0,0,0,0,0,0,0,C
7298,0,0,0,1,0,0,0,0,0,0,0,C
7299,0,0,0,1,0,0,0,0,0,0,0,C
7300,0,0,0,1,0,0,0,0,0,0,0,C
7301,0,0,0,1,0,0,0,0,0,0,0,C
7302,0,0,0,1,0,0,0,0,0,0,0,C
7303,0,0,0,1,0,0,0,0,0,0,0,C
7304,0,0,0,1,0,0,0,0,0,0,0,C
7305,0,0,0,1,0,0,0,0,0,0,0,C
7306,0,0,0,1,0,0,0,0,0,0,0,C
7307,0,0,0,1,0,0,0,0,0,0,0,C
7308,0,0,0,1,0,0,0,0,0,0,0,C
7309,0,0,0,1,0,0,0,0,0,0,0,C
7310,0,0,0,1,0,0,0,0,0,0,0,C
7311,0,0,0,1,0,0,0,0,0,0,0,C
7312,0,0,0,1,0,0,0,0,0,0,0,C
7313,0,0,0,1,0,0,0,0,0,0,0,C
7314,0,0,0,1,0,0,0,0,0,0,0,C
7315,0,0,0,1,0,0,0,0,0,0,0,C
7316,0,0,0,1,0,0,0,0,0,0,0,C
7317,0,0,0,1,0,0,0,0,0,0,0,C
7318,0,0,0,1,0,0,0,0,0,0,0,C
7319,0,0,0,1,0,0,0,0,0,0,0,C
7320,0,0,0,1,0,0,0,0,0,0,0,C
7321,0,0,0,1,0,0,0,0,0,0,0,C
7322,0,0,0,1,0,0,0,0,0,0,0,C
7323,0,0,0,1,0,0,0,0,0,0,0,C
7324,0,0,0,1,0,0,0,0,0,0,0,C
7325,0,0,0,1,0,0,0,0,0,0,0,C
7326,0,0,0,1,0,0,0,0,0,0,0,C
7327,0,0,0,1,0,0,0,0,0,0,0,C
7328,0,0,0,1,0,0,0,0,0,0,0,C
7329,0,0,0,1,0,0,0,0,0,0,0,C
7330,0,0,0,1,0,0,0,0,0,0,0,C
7331,0,0,0,1,0,0,0,0,0,0,0,C
7332,0,0,0,1,0,0,0,0,0,0,0,C
7333,0,0,0,1,0,0,0,0,0,0,0,C
7334,0,0,0,1,0,0,0,0,0,0,0,C
7335,0,0,0,1,0,0,0,0,0,0,0,C
7336,0,0,0,1,0,0,0,0,0,0,0,C
7337,0,0,0,1,0,0,0,0,0,0,0,C
7338,0,0,0,1,0,0,0,0,0,0,0,C
7339,0,0,0,1,0,0,0,0,0,0,0,C
7340,0,0,0,1,0,0,0,0,0,0,0,C
7341,0,0,0,1,0,0,0,0,0,0,0,C
7342,0,0,0,1,0,0,0,0,0,0,0,C
7343,0,0,0,1,0,0,0,0,0,0,0,C
7344,0,0,0,1,0,0,0,0,0,0,0,C
7345,0,0,0,1,0,0,0,0,0,0,0,C
7346,0,0,0,1,0,0,0,0,0,0,0,C
7347,0,0,0,1,0,0,0,0,0,0,0,C
7348,0,0,0,1,0,0,0,0,0,0,0,C
7349,0,0,0,1,0,0,0,0,0,0,0,C
7350,0,0,0,1,0,0,0,0,0,0,0,C
7351,0,0,0,1,0,0,0,0,0,0,0,C
7352,0,0,0,1,0,0,0,0,0,0,0,C
7353,0,0,0,1,0,0,0,0,0,0,0,C
7354,0,0,0,1,0,0,0,0,0,0,0,C
7355,0,0,0,1,0,0,0,0,0,0,0,C
7356,0,0,0,1,0,0,0,0,0,0,0,C
7357,0,0,0,1,0,0,0,0,0,0,0,C
7358,0,0,0,1,0,0,0,0,0,0,0,C
7359,0,0,0,1,0,0,0,0,0,0,0,C
7360,0,0,0,1,0,0,0,0,0,0,0,C
7361,0,0,0,1,0,0,0,0,0,0,0,C
7362,0,0,0,1,0,0,0,0,0,0,0,C
7363,0,0,0,1,0,0,0,0,0,0,0,C
7364,0,0,0,1,0,0,0,0,0,0,0,C
7365,0,0,0,1,0,0,0,0,0,0,0,C
7366,0,0,0,1,0,0,0,0,0,0,0,C
7367,0,0,0,1,0,0,0,0,0,0,0,C
7368,0,0,0,1,0,0,0,0,0,0,0,C
7369,0,0,0,1,0,0,0,0,0,0,0,C
7370,0,0,0,1,0,0,0,0,0,0,0,C
7371,0,0,0,1,0,0,0,0,0,0,0,C
7372,0,0,0,1,0,0,0,0,0,0,0,C
7373,0,0,0,1,0,0,0,0,0,0,0,C
7374,0,0,0,1,0,0,0,0,0,0,0,C
7375,0,0,0,1,0,0,0,0,0,0,0,C
7376,0,0,0,1,0,0,0,0,0,0,0,C
7377,0,0,0,1,0,0,0,0,0,0,0,C
7378,0,0,0,1,0,0,0,0,0,0,0,C
7379,0,0,0,1,0,0,0,0,0,0,0,C
7380,0,0,0,1,0,0,0,0,0,0,0,C
7381,0,0,0,1,0,0,0,0,0,0,0,C
7382,0,0,0,1,0,0,0,0,0,0,0,C
7383,0,0,0,1,0,0,0,0,0,0,0,C
7384,0,0,0,1,0,0,0,0,0,0,0,C
7385,0,0,0,1,0,0,0,0,0,0,0,C
7386,0,0,0,1,0,0,0,0,0,0,0,C
7387,0,0,0,1,0,0,0,0,0,0,0,C
7388,0,0,0,1,0,0,0,0,0,0,0,C
7389,0,0,0,1,0,0,0,0,0,0,0,C
7390,0,0,0,1,0,0,0,0,0,0,0,C
7391,0,0,0,1,0,0,0,0,0,0,0,C
7392,0,0,0,1,0,0,0,0,0,0,0,C
7393,0,0,0,1,0,0,0,0,0,0,0,C
7394,0,0,0,1,0,0,0,0,0,0,0,C
7395,0,0,0,1,0,0,0,0,0,0,0,C
7396,0,0,0,1,0,0,0,0,0,0,0,C
7397,0,0,0,1,0,0,0,0,0,0,0,C
7398,0,0,0,1,0,0,0,0,0,0,0,C
7399,0,0,0,1,0,0,0,0,0,0,0,C
7400,0,0,0,1,0,0,0,0,0,0,0,C
7401,0,0,0,1,0,0,0,0,0,0,0,C
7402,0,0,0,1,0,0,0,0,0,0,0,C
7403,0,0,0,1,0,0,0,0,0,0,0,C
7404,0,0,0,1,0,0,0,0,0,0,0,C
7405,0,0,0,1,0,0,0,0,0,0,0,C
7406,0,0,0,1,0,0,0,0,0,0,0,C
7407,0,0,0,1,0,0,0,0,0,0,0,C
7408,0,0,0,1,0,0,0,0,0,0,0,C
7409,0,0,0,1,0,0,0,0,0,0,0,C
7410,0,0,0,1,0,0,0,0,0,0,0,C
7411,0,0,0,1,0,0,0,0,0,0,0,C
7412,0,0,0,1,0,0,0,0,0,0,0,C
7413,0,0,0,1,0,0,0,0,0,0,0,C
7414,0,0,0,1,0,0,0,0,0,0,0,C
7415,0,0,0,1,0,0,0,0,0,0,0,C
7416,0,0,0,1,0,0,0,0,0,0,0,C
7417,0,0,0,1,0,0,0,0,0,0,0,C
7418,0,0,0,1,0,0,0,0,0,0,0,C
7419,0,0,0,1,0,0,0,0,0,0,0,C
7420,0,0,0,1,0,0,0,0,0,0,0,C
7421,0,0,0,1,0,0,0,0,0,0,0,C
7422,0,0,0,1,0,0,0,0,0,0,0,C
7423,0,0,0,1,0,0,0,0,0,0,0,C
7424,0,0,0,1,0,0,0,0,0,0,0,C
7425,0,0,0,1,0,0,0,0,0,0,0,C
7426,0,0,0,1,0,0,0,0,0,0,0,C
7427,0,0,0,1,0,0,0,0,0,0,0,C
7428,0,0,0,1,0,0,0,0,0,0,0,C
7429,0,0,0,1,0,0,0,0,0,0,0,C
7430,0,0,0,1,0,0,0,0,0,0,0,C
7431,0,0,0,1,0,0,0,0,0,0,0,C
7432,0,0,0,1,0,0,0,0,0,0,0,C
7433,0,0,0,1,0,0,0,0,0,0,0,C
7434,0,0,0,1,0,0,0,0,0,0,0,C
7435,0,0,0,1,0,0,0,0,0,0,0,C
7436,0,0,0,1,0,0,0,0,0,0,0,C
7437,0,0,0,1,0,0,0,0,0,0,0,C
7438,0,0,0,1,0,0,0,0,0,0,0,C
7439,0,0,0,1,0,0,0,0,0,0,0,C
7440,0,0,0,1,0,0,0,0,0,0,0,C
7441,0,0,0,1,0,0,0,0,0,0,0,C
7442,0,0,0,1,0,0,0,0,0,0,0,C
7443,0,0,0,1,0,0,0,0,0,0,0,C
7444,0,0,0,1,0,0,0,0,0,0,0,C
7445,0,0,0,1,0,0,0,0,0,0,0,C
7446,0,0,0,1,0,0,0,0,0,0,0,C
7447,0,0,0,1,0,0,0,0,0,0,0,C
7448,0,0,0,1,0,0,0,0,0,0,0,C
7449,0,0,0,1,0,0,0,0,0,0,0,C
7450,0,0,0,1,0,0,0,0,0,0,0,C
7451,0,0,0,1,0,0,0,0,0,0,0,C
7452,0,0,0,1,0,0,0,0,0,0,0,C
7453,0,0,0,1,0,0,0,0,0,0,0,C
7454,0,0,0,1,0,0,0,0,0,0,0,C
7455,0,0,0,1,0,0,0,0,0,0,0,C
7456,0,0,0,1,0,0,0,0,0,0,0,C
7457,0,0,0,1,0,0,0,0,0,0,0,C
7458,0,0,0,1,0,0,0,0,0,0,0,C
7459,0,0,0,1,0,0,0,0,0,0,0,C
7460,0,0,0,1,0,0,0,0,0,0,0,C
7461,0,0,0,1,0,0,0,0,0,0,0,C
7462,0,0,0,1,0,0,0,0,0,0,0,C
7463,0,0,0,1,0,0,0,0,0,0,0,C
7464,0,0,0,1,0,0,0,0,0,0,0,C
7465,0,0,0,1,0,0,0,0,0,0,0,C
7466,0,0,0,1,0,0,0,0,0,0,0,C
7467,0,0,0,1,0,0,0,0,0,0,0,C
7468,0,0,0,1,0,0,0,0,0,0,0,C
7469,0,0,0,1,0,0,0,0,0,0,0,C
7470,0,0,0,1,0,0,0,0,0,0,0,C
7471,0,0,0,1,0,0,0,0,0,0,0,C
7472,0,0,0,1,0,0,0,0,0,0,0,C
7473,0,0,0,1,0,0,0,0,0,0,0,C
7474,0,0,0,1,0,0,0,0,0,0,0,C
7475,0,0,0,1,0,0,0,0,0,0,0,C
7476,0,0,0,1,0,0,0,0,0,0,0,C
7477,0,0,0,1,0,0,0,0,0,0,0,C
7478,0,0,0,1,0,0,0,0,0,0,0,C
7479,0,0,0,1,0,0,0,0,0,0,0,C
7480,0,0,0,1,0,0,0,0,0,0,0,C
7481,0,0,0,1,0,0,0,0,0,0,0,C
7482,0,0,0,1,0,0,0,0,0,0,0,C
7483,0,0,0,1,0,0,0,0,0,0,0,C
7484,0,0,0,1,0,0,0,0,0,0,0,C
7485,0,0,0,1,0,0,0,0,0,0,0,C
7486,0,0,0,1,0,0,0,0,0,0,0,C
7487,0,0,0,1,0,0,0,0,0,0,0,C
7488,0,0,0,1,0,0,0,0,0,0,0,C
7489,0,0,0,1,0,0,0,0,0,0,0,C
7490,0,0,0,1,0,0,0,0,0,0,0,C
7491,0,0,0,1,0,0,0,0,0,0,0,C
7492,0,0,0,1,0,0,0,0,0,0,0,C
7493,0,0,0,1,0,0,0,0,0,0,0,C
7494,0,0,0,1,0,0,0,0,0,0,0,C
7495,0,0,0,1,0,0,0,0,0,0,0,C
7496,0,0,0,1,0,0,0,0,0,0,0,C
7497,0,0,0,1,0,0,0,0,0,0,0,C
7498,0,0,0,1,0,0,0,0,0,0,0,C
7499,0,0,0,1,0,0,0,0,0,0,0,C
7500,0,0,0,1,0,0,0,0,0,0,0,C
7501,0,0,0,1,0,0,0,0,0,0,0,C
7502,0,0,0,1,0,0,0,0,0,0,0,C
7503,0,0,0,1,0,0,0,0,0,0,0,C
7504,0,0,0,1,0,0,0,0,0,0,0,C
7505,0,0,0,1,0,0,0,0,0,0,0,C
7506,0,0,0,1,0,0,0,0,0,0,0,C
7507,0,0,0,1,0,0,0,0,0,0,0,C
7508,0,0,0,1,0,0,0,0,0,0,0,C
7509,0,0,0,1,0,0,0,0,0,0,0,C
7510,0,0,0,1,0,0,0,0,0,0,0,C
7511,0,0,0,1,0,0,0,0,0,0,0,C
7512,0,0,0,1,0,0,0,0,0,0,0,C
7513,0,0,0,1,0,0,0,0,0,0,0,C
7514,0,0,0,1,0,0,0,0,0,0,0,C
7515,0,0,0,1,0,0,0,0,0,0,0,C
7516,0,0,0,1,0,0,0,0,0,0,0,C
7517,0,0,0,1,0,0,0,0,0,0,0,C
7518,0,0,0,1,0,0,0,0,0,0,0,C
7519,0,0,0,1,0,0,0,0,0,0,0,C
7520,0,0,0,1,0,0,0,0,0,0,0,C
7521,0,0,0,1,0,0,0,0,0,0,0,C
7522,0,0,0,1,0,0,0,0,0,0,0,C
7523,0,0,0,1,0,0,0,0,0,0,0,C
7524,0,0,0,1,0,0,0,0,0,0,0,C
7525,0,0,0,1,0,0,0,0,0,0,0,C
7526,0,0,0,1,0,0,0,0,0,0,0,C
7527,0,0,0,1,0,0,0,0,0,0,0,C
7528,0,0,0,1,0,0,0,0,0,0,0,C
7529,0,0,0,1,0,0,0,0,0,0,0,C
7530,0,0,0,1,0,0,0,0,0,0,0,C
7531,0,0,0,1,0,0,0,0,0,0,0,C
7532,0,0,0,1,0,0,0,0,0,0,0,C
7533,0,0,0,1,0,0,0,0,0,0,0,C
7534,0,0,0,1,0,0,0,0,0,0,0,C
7535,0,0,0,1,0,0,0,0,0,0,0,C
7536,0,0,0,1,0,0,0,0,0,0,0,C
7537,0,0,0,1,0,0,0,0,0,0,0,C
7538,0,0,0,1,0,0,0,0,0,0,0,C
7539,0,0,0,1,0,0,0,0,0,0,0,C
7540,0,0,0,1,0,0,0,0,0,0,0,C
7541,0,0,0,1,0,0,0,0,0,0,0,C
7542,0,0,0,1,0,0,0,0,0,0,0,C
7543,0,0,0,1,0,0,0,0,0,0,0,C
7544,0,0,0,1,0,0,0,0,0,0,0,C
7545,0,0,0,1,0,0,0,0,0,0,0,C
7546,0,0,0,1,0,0,0,0,0,0,0,C
7547,0,0,0,1,0,0,0,0,0,0,0,C
7548,0,0,0,1,0,0,0,0,0,0,0,C
7549,0,0,0,1,0,0,0,0,0,0,0,C
7550,0,0,0,1,0,0,0,0,0,0,0,C
7551,0,0,0,1,0,0,0,0,0,0,0,C
7552,0,0,0,1,0,0,0,0,0,0,0,C
7553,0,0,0,1,0,0,0,0,0,0,0,C
7554,0,0,0,1,0,0,0,0,0,0,0,C
7555,0,0,0,1,0,0,0,0,0,0,0,C
7556,0,0,0,1,0,0,0,0,0,0,0,C
7557,0,0,0,1,0,0,0,0,0,0,0,C
7558,0,0,0,1,0,0,0,0,0,0,0,C
7559,0,0,0,1,0,0,0,0,0,0,0,C
7560,0,0,0,1,0,0,0,0,0,0,0,C
7561,0,0,0,1,0,0,0,0,0,0,0,C
7562,0,0,0,1,0,0,0,0,0,0,0,C
7563,0,0,0,1,0,0,0,0,0,0,0,C
7564,0,0,0,1,0,0,0,0,0,0,0,C
7565,0,0,0,1,0,0,0,0,0,0,0,C
7566,0,0,0,1,0,0,0,0,0,0,0,C
7567,0,0,0,1,0,0,0,0,0,0,0,C
7568,0,0,0,1,0,0,0,0,0,0,0,C
7569,0,0,0,1,0,0,0,0,0,0,0,C
7570,0,0,0,1,0,0,0,0,0,0,0,C
7571,0,0,0,1,0,0,0,0,0,0,0,C
7572,0,0,0,1,0,0,0,0,0,0,0,C
7573,0,0,0,1,0,0,0,0,0,0,0,C
7574,0,0,0,1,0,0,0,0,0,0,0,C
7575,0,0,0,1,0,0,0,0,0,0,0,C
7576,0,0,0,1,0,0,0,0,0,0,0,C
7577,0,0,0,1,0,0,0,0,0,0,0,C
7578,0,0,0,1,0,0,0,0,0,0,0,C
7579,0,0,0,1,0,0,0,0,0,0,0,C
7580,0,0,0,1,0,0,0,0,0,0,0,C
7581,0,0,0,1,0,0,0,0,0,0,0,C
7582,0,0,0,1,0,0,0,0,0,0,0,C
7583,0,0,0,1,0,0,0,0,0,0,0,C
7584,0,0,0,1,0,0,0,0,0,0,0,C
7585,0,0,0,1,0,0,0,0,0,0,0,C
7586,0,0,0,1,0,0,0,0,0,0,0,C
7587,0,0,0,1,0,0,0,0,0,0,0,C
7588,0,0,0,1,0,0,0,0,0,0,0,C
7589,0,0,0,1,0,0,0,0,0,0,0,C
7590,0,0,0,1,0,0,0,0,0,0,0,C
7591,0,0,0,1,0,0,0,0,0,0,0,C
7592,0,0,0,1,0,0,0,0,0,0,0,C
7593,0,0,0,1,0,0,0,0,0,0,0,C
7594,0,0,0,1,0,0,0,0,0,0,0,C
7595,0,0,0,1,0,0,0,0,0,0,0,C
7596,0,0,0,1,0,0,0,0,0,0,0,C
7597,0,0,0,1,0,0,0,0,0,0,0,C
7598,0,0,0,1,0,0,0,0,0,0,0,C
7599,0,0,0,1,0,0,0,0,0,0,0,C
7600,0,0,0,1,0,0,0,0,0,0,0,C
7601,0,0,0,1,0,0,0,0,0,0,0,C
7602,0,0,0,1,0,0,0,0,0,0,0,C
7603,0,0,0,1,0,0,0,0,0,0,0,C
7604,0,0,0,1,0,0,0,0,0,0,0,C
7605,0,0,0,1,0,0,0,0,0,0,0,C
7606,0,0,0,1,0,0,0,0,0,0,0,C
7607,0,0,0,1,0,0,0,0,0,0,0,C
7608,0,0,0,1,0,0,0,0,0,0,0,C
7609,0,0,0,1,0,0,0,0,0,0,0,C
7610,0,0,0,1,0,0,0,0,0,0,0,C
7611,0,0,0,1,0,0,0,0,0,0,0,C
7612,0,0,0,1,0,0,0,0,0,0,0,C
7613,0,0,0,1,0,0,0,0,0,0,0,C
7614,0,0,0,1,0,0,0,0,0,0,0,C
7615,0,0,0,1,0,0,0,0,0,0,0,C
7616,0,0,0,1,0,0,0,0,0,0,0,C
7617,0,0,0,1,0,0,0,0,0,0,0,C
7618,0,0,0,1,0,0,0,0,0,0,0,C
7619,0,0,0,1,0,0,0,0,0,0,0,C
7620,0,0,0,1,0,0,0,0,0,0,0,C
7621,0,0,0,1,0,0,0,0,0,0,0,C
7622,0,0,0,1,0,0,0,0,0,0,0,C
7623,0,0,0,0,0,0,0,0,0,0,0,G
7624,0,0,0,0,0,0,0,0,0,0,0,G
7625,0,0,0,0,0,0,0,0,0,0,0,G
7626,0,0,0,0,0,0,0,0,0,0,0,G
7627,0,0,0,0,0,0,0,0,0,0,0,G
7628,0,0,0,0,0,0,0,0,0,0,0,G
7629,0,0,0,0,0,0,0,0,0,0,0,G
7630,0,0,0,0,0,0,0,0,0,0,0,G
7631,0,0,0,0,0,0,0,0,0,0,0,G
7632,0,0,0,0,0,0,0,0,0,0,0,G
7633,0,0,0,0,0,0,0,0,0,0,0,G
7634,0,0,0,0,0,0,0,0,0,0,0,G
7635,0,0,0,0,0,0,0,0,0,0,0,G
7636,0,0,0,0,0,0,0,0,0,0,0,G
7637,0,0,0,0,0,0,0,0,0,0,0,G
7638,0,0,0,0,0,0,0,0,0,0,0,G
7639,0,0,0,0,0,0,0,0,0,0,0,G
7640,0,0,0,0,0,0,0,0,0,0,0,G
7641,0,0,0,0,0,0,0,0,0,0,0,G
7642,0,0,0,0,0,0,0,0,0,0,0,G
7643,0,0,0,0,0,0,0,0,0,0,0,G
7644,0,0,0,0,0,0,0,0,0,0,0,G
7645,0,0,0,0,0,0,0,0,0,0,0,G
7646,0,0,0,0,0,0,0,0,0,0,0,G
7647,0,0,0,0,0,0,0,0,0,0,0,G
7648,0,0,0,0,0,0,0,0,0,0,0,G
7649,0,0,0,0,0,0,0,0,0,0,0,G
7650,0,0,0,0,0,0,0,0,0,0,0,G
7651,0,0,0,0,0,0,0,0,0,0,0,G
7652,0,0,0,0,0,0,0,0,0,0,0,G
7653,0,0,0,0,0,0,0,0,0,0,0,G
7654,0,0,0,0,0,0,0,0,0,0,0,G
7655,0,0,0,0,0,0,0,0,0,0,0,G
7656,0,0,0,0,0,0,0,0,0,0,0,G
7657,0,0,0,0,0,0,0,0,0,0,0,G
7658,0,0,0,0,0,0,0,0,0,0,0,G
7659,0,0,0,0,0,0,0,0,0,0,0,G
7660,0,0,0,0,0,0,0,0,0,0,0,G
7661,0,0,0,0,0,0,0,0,0,0,0,G
7662,0,0,0,0,0,0,0,0,0,0,0,G
7663,0,0,0,1,0,0,0,0,0,0,0,C
7664,0,0,0,1,0,0,0,0,0,0,0,C
7665,0,0,0,1,0,0,0,0,0,0,0,C
7666,0,0,0,1,0,0,0,0,0,0,0,C
7667,0,0,0,1,0,0,0,0,0,0,0,C
7668,0,0,0,1,0,0,0,0,0,0,0,C
7669,0,0,0,1,0,0,0,0,0,0,0,C
7670,0,0,0,1,0,0,0,0,0,0,0,C
7671,0,0,0,1,0,0,0,0,0,0,0,C
7672,0,0,0,1,0,0,0,0,0,0,0,C
7673,0,0,0,1,0,0,0,0,0,0,0,C
7674,0,0,0,1,0,0,0,0,0,0,0,C
7675,0,0,0,1,0,0,0,0,0,0,0,C
7676,0,0,0,1,0,0,0,0,0,0,0,C
7677,0,0,0,1,0,0,0,0,0,0,0,C
7678,0,0,0,1,0,0,0,0,0,0,0,C
7679,0,0,0,1,0,0,0,0,0,0,0,C
7680,0,0,0,1,0,0,0,0,0,0,0,C
7681,0,0,0,1,0,0,0,0,0,0,0,C
7682,0,0,0,1,0,0,0,0,0,0,0,C
7683,0,0,0,1,0,0,0,0,0,0,0,C
7684,0,0,0,1,0,0,0,0,0,0,0,C
7685,0,0,0,1,0,0,0,0,0,0,0,C
7686,0,0,0,1,0,0,0,0,0,0,0,C
7687,0,0,0,1,0,0,0,0,0,0,0,C
7688,0,0,0,1,0,0,0,0,0,0,0,C
7689,0,0,0,1,1,0,0,0,0,0,0,C
7690,0,0,0,1,1,0,0,0,0,0,0,C
7691,0,0,0,1,1,0,0,0,0,0,0,C
7692,0,0,0,1,1,0,0,0,0,0,0,C
7693,0,0,0,1,1,0,0,0,0,0,0,C
7694,0,0,0,1,1,0,0,0,0,0,0,C
7695,0,0,0,1,1,0,0,0,0,0,0,C
7696,0,0,0,1,1,0,0,0,0,0,0,C
7697,0,0,0,1,1,0,0,0,0,0,0,C
7698,0,0,0,1,1,0,0,0,0,0,0,C
7699,0,0,0,1,1,0,0,0,0,0,0,C
7700,0,0,0,1,1,0,0,0,0,0,0,C
7701,0,0,0,1,1,0,0,0,0,0,0,C
7702,0,0,0,1,1,0,0,0,0,0,0,C
7703,0,0,0,1,1,0,0,0,0,0,0,C
7704,0,0,0,1,1,0,0,0,0,0,0,C
7705,0,0,0,1,1,0,0,0,0,0,0,C
7706,0,0,0,1,1,0,0,0,0,0,0,C
7707,0,0,0,1,1,0,0,0,0,0,0,C
7708,0,0,0,1,1,0,0,0,0,0,0,C
7709,0,0,0,1,1,0,0,0,0,0,0,C
7710,0,0,0,1,1,0,0,0,0,0,0,C
7711,0,0,0,1,1,0,0,0,0,0,0,C
7712,0,0,0,1,1,0,0,0,0,0,0,C
7713,0,0,0,1,1,0,0,0,0,0,0,C
7714,0,0,0,1,1,0,0,0,0,0,0,C
7715,0,0,0,1,1,0,0,0,0,0,0,C
7716,0,0,0,1,1,0,0,0,0,0,0,C
7717,0,0,0,1,1,0,0,0,0,0,0,C
7718,0,0,0,1,1,0,0,0,0,0,0,C
7719,0,0,0,1,1,0,0,0,0,0,0,C
7720,0,0,0,1,1,0,0,0,0,0,0,C
7721,0,0,0,1,1,0,0,0,0,0,0,C
7722,0,0,0,1,1,0,0,0,0,0,0,C
7723,0,0,0,1,1,0,0,0,0,0,0,C
7724,0,0,0,1,1,0,0,0,0,0,0,C
7725,0,0,0,1,1,0,0,0,0,0,0,C
7726,0,0,0,1,1,0,0,0,0,0,0,C
7727,0,0,0,1,1,0,0,0,0,0,0,C
7728,0,0,0,1,1,0,0,0,0,0,0,C
7729,0,0,0,1,1,0,0,0,0,0,0,C
7730,0,0,0,1,1,0,0,0,0,0,0,C
7731,0,0,0,1,1,0,0,0,0,0,0,C
7732,0,0,0,1,1,0,0,0,0,0,0,C
7733,0,0,0,1,1,0,0,0,0,0,0,C
7734,0,0,0,1,1,0,0,0,0,0,0,C
7735,0,0,0,1,1,0,0,0,0,0,0,C
7736,0,0,0,1,1,0,0,0,0,0,0,C
7737,0,0,0,1,1,0,0,0,0,0,0,C
7738,0,0,0,1,1,0,0,0,0,0,0,C
7739,0,0,0,1,1,0,0,0,0,0,0,C
7740,0,0,0,1,1,0,0,0,0,0,0,C
7741,0,0,0,1,1,0,0,0,0,0,0,C
7742,0,0,0,1,1,0,0,0,0,0,0,C
7743,0,0,0,1,1,0,0,0,0,0,0,C
7744,0,0,0,1,1,0,0,0,0,0,0,C
7745,0,0,0,1,1,0,0,0,0,0,0,C
7746,0,0,0,1,1,0,0,0,0,0,0,C
7747,0,0,0,1,1,0,0,0,0,0,0,C
7748,0,0,0,1,1,0,0,0,0,0,0,C
7749,0,0,0,1,1,0,0,0,0,0,0,C
7750,0,0,0,1,1,0,0,0,0,0,0,C
7751,0,0,0,1,1,0,0,0,0,0,0,C
7752,0,0,0,1,1,0,0,0,0,0,0,C
7753,0,0,0,1,1,0,0,0,0,0,0,C
7754,0,0,0,1,1,0,0,0,0,0,0,C
7755,0,0,0,1,1,0,0,0,0,0,0,C
7756,0,0,0,1,1,0,0,0,0,0,0,C
7757,0,0,0,1,1,0,0,0,0,0,0,C
7758,0,0,0,1,1,0,0,0,0,0,0,C
7759,0,0,0,1,1,0,0,0,0,0,0,C
7760,0,0,0,1,1,0,0,0,0,0,0,C
7761,0,0,0,1,1,0,0,0,0,0,0,C
7762,0,0,0,1,1,0,0,0,0,0,0,C
7763,0,0,0,1,1,0,0,0,0,0,0,C
7764,0,0,0,1,1,0,0,0,0,0,0,C
7765,0,0,0,1,1,0,0,0,0,0,0,C
7766,0,0,0,1,1,0,0,0,0,0,0,C
7767,0,0,0,1,1,0,0,0,0,0,0,C
7768,0,0,0,1,1,0,0,0,0,0,0,C
7769,0,0,0,1,1,0,0,0,0,0,0,C
7770,0,0,0,1,1,0,0,0,0,0,0,C
7771,0,0,0,1,1,0,0,0,0,0,0,C
7772,0,0,0,1,1,0,0,0,0,0,0,C
7773,0,0,0,1,1,0,0,0,0,0,0,C
7774,0,0,0,1,1,0,0,0,0,0,0,C
7775,0,0,0,1,1,0,0,0,0,0,0,C
7776,0,0,0,1,1,0,0,0,0,0,0,C
7777,0,0,0,1,1,0,0,0,0,0,0,C
7778,0,0,0,1,1,0,0,0,0,0,0,C
7779,0,0,0,1,1,0,0,0,0,0,0,C
7780,0,0,0,1,1,0,0,0,0,0,0,C
7781,0,0,0,1,1,0,0,0,0,0,0,C
7782,0,0,0,1,1,0,0,0,0,0,0,C
7783,0,0,0,1,1,0,0,0,0,0,0,C
7784,0,0,0,1,1,0,0,0,0,0,0,C
7785,0,0,0,1,1,0,0,0,0,0,0,C
7786,0,0,0,1,1,0,0,0,0,0,0,C
7787,0,0,0,1,1,0,0,0,0,0,0,C
7788,0,0,0,1,1,0,0,0,0,0,0,C
7789,0,0,0,1,1,0,0,0,0,0,0,C
7790,0,0,0,1,1,0,0,0,0,0,0,C
7791,0,0,0,1,1,0,0,0,0,0,0,C
7792,0,0,0,1,1,0,0,0,0,0,0,C
7793,0,0,0,1,1,0,0,0,0,0,0,C
7794,0,0,0,1,1,0,0,0,0,0,0,C
7795,0,0,0,1,1,0,0,0,0,0,0,C
7796,0,0,0,1,1,0,0,0,0,0,0,C
7797,0,0,0,1,1,0,0,0,0,0,0,C
7798,0,0,0,1,1,0,0,0,0,0,0,C
7799,0,0,0,1,1,0,0,0,0,0,0,C
7800,0,0,0,1,1,0,0,0,0,0,0,C
7801,0,0,0,1,1,0,0,0,0,0,0,C
7802,0,0,0,1,1,0,0,0,0,0,0,C
7803,0,0,0,1,1,0,0,0,0,0,0,C
7804,0,0,0,1,1,0,0,0,0,0,0,C
7805,0,0,0,1,1,0,0,0,0,0,0,C
7806,0,0,0,1,1,0,0,0,0,0,0,C
7807,0,0,0,1,1,0,0,0,0,0,0,C
7808,0,0,0,1,1,0,0,0,0,0,0,C
7809,0,0,0,1,1,0,0,0,0,0,0,C
7810,0,0,0,1,1,0,0,0,0,0,0,C
7811,0,0,0,1,1,0,0,0,0,0,0,C
7812,0,0,0,1,1,0,0,0,0,0,0,C
7813,0,0,0,1,1,0,0,0,0,0,0,C
7814,0,0,0,1,1,0,0,0,0,0,0,C
7815,0,0,0,1,1,0,0,0,0,0,0,C
7816,0,0,0,1,1,0,0,0,0,0,0,C
7817,0,0,0,1,1,0,0,0,0,0,0,C
7818,0,0,0,1,1,0,0,0,0,0,0,C
7819,0,0,0,1,1,0,0,0,0,0,0,C
7820,0,0,0,1,1,0,0,0,0,0,0,C
7821,0,0,0,1,1,0,0,0,0,0,0,C
7822,0,0,0,1,1,0,0,0,0,0,0,C
7823,0,0,0,1,1,0,0,0,0,0,0,C
7824,0,0,0,1,1,0,0,0,0,0,0,C
7825,0,0,0,1,1,0,0,0,0,0,0,C
7826,0,0,0,1,1,0,0,0,0,0,0,C
7827,0,0,0,1,1,0,0,0,0,0,0,C
7828,0,0,0,1,1,0,0,0,0,0,0,C
7829,0,0,0,1,1,0,0,0,0,0,0,C
7830,0,0,0,1,1,0,0,0,0,0,0,C
7831,0,0,0,1,1,0,0,0,0,0,0,C
7832,0,0,0,1,1,0,0,0,0,0,0,C
7833,0,0,0,1,1,0,0,0,0,0,0,C
7834,0,0,0,1,1,0,0,0,0,0,0,C
7835,0,0,0,1,1,0,0,0,0,0,0,C
7836,0,0,0,1,1,0,0,0,0,0,0,C
7837,0,0,0,1,1,0,0,0,0,0,0,C
7838,0,0,0,1,1,0,0,0,0,0,0,C
7839,0,0,0,1,1,0,0,0,0,0,0,C
7840,0,0,0,1,1,0,0,0,0,0,0,C
7841,0,0,0,1,1,0,0,0,0,0,0,C
7842,0,0,0,1,1,0,0,0,0,0,0,C
7843,0,0,0,1,1,0,0,0,0,0,0,C
7844,0,0,0,1,1,0,0,0,0,0,0,C
7845,0,0,0,1,1,0,0,0,0,0,0,C
7846,0,0,0,1,1,0,0,0,0,0,0,C
7847,0,0,0,1,1,0,0,0,0,0,0,C
7848,0,0,0,1,1,0,0,0,0,0,0,C
7849,0,0,0,1,1,0,0,0,0,0,0,C
7850,0,0,0,1,1,0,0,0,0,0,0,C
7851,0,0,0,1,1,0,0,0,0,0,0,C
7852,0,0,0,1,1,0,0,0,0,0,0,C
7853,0,0,0,1,1,0,0,0,0,0,0,C
7854,0,0,0,1,1,0,0,0,0,0,0,C
7855,0,0,0,1,1,0,0,0,0,0,0,C
7856,0,0,0,1,1,0,0,0,0,0,0,C
7857,0,0,0,1,1,0,0,0,0,0,0,C
7858,0,0,0,1,1,0,0,0,0,0,0,C
7859,0,0,0,1,1,0,0,0,0,0,0,C
7860,0,0,0,1,1,0,0,0,0,0,0,C
7861,0,0,0,1,1,0,0,0,0,0,0,C
7862,0,0,0,1,1,0,0,0,0,0,0,C
7863,0,0,0,1,1,0,0,0,0,0,0,C
7864,0,0,0,1,1,0,0,0,0,0,0,C
7865,0,0,0,1,1,0,0,0,0,0,0,C
7866,0,0,0,1,1,0,0,0,0,0,0,C
7867,0,0,0,1,1,0,0,0,0,0,0,C
7868,0,0,0,1,1,0,0,0,0,0,0,C
7869,0,0,0,1,1,0,0,0,0,0,0,C
7870,0,0,0,1,1,0,0,0,0,0,0,C
7871,0,0,0,1,1,0,0,0,0,0,0,C
7872,0,0,0,1,1,0,0,0,0,0,0,C
7873,0,0,0,1,1,0,0,0,0,0,0,C
7874,0,0,0,1,1,0,0,0,0,0,0,C
7875,0,0,0,1,1,0,0,0,0,0,0,C
7876,0,0,0,1,1,0,0,0,0,0,0,C
7877,0,0,0,1,1,0,0,0,0,0,0,C
7878,0,0,0,1,1,0,0,0,0,0,0,C
7879,0,0,0,1,1,0,0,0,0,0,0,C
7880,0,0,0,1,1,0,0,0,0,0,0,C
7881,0,0,0,1,1,0,0,0,0,0,0,C
7882,0,0,0,1,1,0,0,0,0,0,0,C
7883,0,0,0,1,1,0,0,0,0,0,0,C
7884,0,0,0,1,1,0,0,0,0,0,0,C
7885,0,0,0,1,1,0,0,0,0,0,0,C
7886,0,0,0,1,1,0,0,0,0,0,0,C
7887,0,0,0,1,1,0,0,0,0,0,0,C
7888,0,0,0,1,1,0,0,0,0,0,0,C
7889,0,0,0,1,1,0,0,0,0,0,0,C
7890,0,0,0,1,1,0,0,0,0,0,0,C
7891,0,0,0,1,1,0,0,0,0,0,0,C
7892,0,0,0,1,1,0,0,0,0,0,0,C
7893,0,0,0,1,1,0,0,0,0,0,0,C
7894,0,0,0,1,1,0,0,0,0,0,0,C
7895,0,0,0,1,1,0,0,0,0,0,0,C
7896,0,0,0,1,1,0,0,0,0,0,0,C
7897,0,0,0,1,1,0,0,0,0,0,0,C
7898,0,0,0,1,1,0,0,0,0,0,0,C
7899,0,0,0,1,1,0,0,0,0,0,0,C
7900,0,0,0,1,1,0,0,0,0,0,0,C
7901,0,0,0,1,1,0,0,0,0,0,0,C
7902,0,0,0,1,1,0,0,0,0,0,0,C
7903,0,0,0,1,1,0,0,0,0,0,0,C
7904,0,0,0,1,1,0,0,0,0,0,0,C
7905,0,0,0,1,1,0,0,0,0,0,0,C
7906,0,0,0,1,1,0,0,0,0,0,0,C
7907,0,0,0,1,1,0,0,0,0,0,0,C
7908,0,0,0,1,1,0,0,0,0,0,0,C
7909,0,0,0,1,1,0,0,0,0,0,0,C
7910,0,0,0,1,1,0,0,0,0,0,0,C
7911,0,0,0,1,1,0,0,0,0,0,0,C
7912,0,0,0,1,1,0,0,0,0,0,0,C
7913,0,0,0,1,1,0,0,0,0,0,0,C
7914,0,0,0,1,1,0,0,0,0,0,0,C
7915,0,0,0,1,1,0,0,0,0,0,0,C
7916,0,0,0,1,1,0,0,0,0,0,0,C
7917,0,0,0,1,1,0,0,0,0,0,0,C
7918,0,0,0,1,1,0,0,0,0,0,0,C
7919,0,0,0,1,1,0,0,0,0,0,0,C
7920,0,0,0,1,1,0,0,0,0,0,0,C
7921,0,0,0,1,1,0,0,0,0,0,0,C
7922,0,0,0,1,1,0,0,0,0,0,0,C
7923,0,0,0,1,1,0,0,0,0,0,0,C
7924,0,0,0,1,1,0,0,0,0,0,0,C
7925,0,0,0,1,1,0,0,0,0,0,0,C
7926,0,0,0,1,1,0,0,0,0,0,0,C
7927,0,0,0,1,1,0,0,0,0,0,0,C
7928,0,0,0,1,1,0,0,0,0,0,0,C
7929,0,0,0,1,1,0,0,0,0,0,0,C
7930,0,0,0,1,1,0,0,0,0,0,0,C
7931,0,0,0,1,1,0,0,0,0,0,0,C
7932,0,0,0,1,1,0,0,0,0,0,0,C
7933,0,0,0,1,1,0,0,0,0,0,0,C
7934,0,0,0,1,1,0,0,0,0,0,0,C
7935,0,0,0,1,1,0,0,0,0,0,0,C
7936,0,0,0,1,1,0,0,0,0,0,0,C
7937,0,0,0,1,1,0,0,0,0,0,0,C
7938,0,0,0,1,1,0,0,0,0,0,0,C
7939,0,0,0,1,1,0,0,0,0,0,0,C
7940,0,0,0,1,1,0,0,0,0,0,0,C
7941,0,0,0,1,1,0,0,0,0,0,0,C
7942,0,0,0,1,1,0,0,0,0,0,0,C
7943,0,0,0,1,1,0,0,0,0,0,0,C
7944,0,0,0,1,1,0,0,0,0,0,0,C
7945,0,0,0,1,1,0,0,0,0,0,0,C
7946,0,0,0,1,1,0,0,0,0,0,0,C
7947,0,0,0,1,1,0,0,0,0,0,0,C
7948,0,0,0,1,1,0,0,0,0,0,0,C
7949,0,0,0,1,1,0,0,0,0,0,0,C
7950,0,0,0,1,1,0,0,0,0,0,0,C
7951,0,0,0,1,1,0,0,0,0,0,0,C
7952,0,0,0,1,1,0,0,0,0,0,0,C
7953,0,0,0,1,1,0,0,0,0,0,0,C
7954,0,0,0,1,1,0,0,0,0,0,0,C
7955,0,0,0,1,1,0,0,0,0,0,0,C
7956,0,0,0,1,1,0,0,0,0,0,0,C
7957,0,0,0,1,1,0,0,0,0,0,0,C
7958,0,0,0,1,1,0,0,0,0,0,0,C
7959,0,0,0,1,1,0,0,0,0,0,0,C
7960,0,0,0,1,1,0,0,0,0,0,0,C
7961,0,0,0,1,1,0,0,0,0,0,0,C
7962,0,0,0,1,1,0,0,0,0,0,0,C
7963,0,0,0,1,1,0,0,0,0,0,0,C
7964,0,0,0,1,1,0,0,0,0,0,0,C
7965,0,0,0,1,1,0,0,0,0,0,0,C
7966,0,0,0,1,1,0,0,0,0,0,0,C
7967,0,0,0,1,1,0,0,0,0,0,0,C
7968,0,0,0,1,1,0,0,0,0,0,0,C
7969,0,0,0,1,1,0,0,0,0,0,0,C
7970,0,0,0,1,1,0,0,0,0,0,0,C
7971,0,0,0,1,1,0,0,0,0,0,0,C
7972,0,0,0,1,1,0,0,0,0,0,0,C
7973,0,0,0,1,1,0,0,0,0,0,0,C
7974,0,0,0,1,1,0,0,0,0,0,0,C
7975,0,0,0,1,1,0,0,0,0,0,0,C
7976,0,0,0,1,1,0,0,0,0,0,0,C
7977,0,0,0,1,1,0,0,0,0,0,0,C
7978,0,0,0,1,1,0,0,0,0,0,0,C
7979,0,0,0,1,1,0,0,0,0,0,0,C
7980,0,0,0,1,1,0,0,0,0,0,0,C
7981,0,0,0,1,1,0,0,0,0,0,0,C
7982,0,0,0,1,1,0,0,0,0,0,0,C
7983,0,0,0,1,1,0,0,0,0,0,0,C
7984,0,0,0,1,1,0,0,0,0,0,0,C
7985,0,0,0,1,1,0,0,0,0,0,0,C
7986,0,0,0,1,1,0,0,0,0,0,0,C
7987,0,0,0,1,1,0,0,0,0,0,0,C
7988,0,0,0,1,1,0,0,0,0,0,0,C
7989,0,0,0,1,1,0,0,0,0,0,0,C
7990,0,0,0,1,1,0,0,0,0,0,0,C
7991,0,0,0,1,1,0,0,0,0,0,0,C
7992,0,0,0,1,1,0,0,0,0,0,0,C
7993,0,0,0,1,1,0,0,0,0,0,0,C
7994,0,0,0,1,1,0,0,0,0,0,0,C
7995,0,0,0,1,1,0,0,0,0,0,0,C
7996,0,0,0,1,1,0,0,0,0,0,0,C
7997,0,0,0,1,1,0,0,0,0,0,0,C
7998,0,0,0,1,1,0,0,0,0,0,0,C
7999,0,0,0,1,1,0,0,0,0,0,0,C
8000,0,0,0,1,1,0,0,0,0,0,0,C
8001,0,0,0,1,1,0,0,0,0,0,0,C
8002,0,0,0,1,1,0,0,0,0,0,0,C
8003,0,0,0,1,1,0,0,0,0,0,0,C
8004,0,0,0,1,1,0,0,0,0,0,0,C
8005,0,0,0,1,1,0,0,0,0,0,0,C
8006,0,0,0,1,1,0,0,0,0,0,0,C
8007,0,0,0,1,1,0,0,0,0,0,0,C
8008,0,0,0,1,1,0,0,0,0,0,0,C
8009,0,0,0,1,1,0,0,0,0,0,0,C
8010,0,0,0,1,1,0,0,0,0,0,0,C
8011,0,0,0,1,1,0,0,0,0,0,0,C
8012,0,0,0,1,1,0,0,0,0,0,0,C
8013,0,0,0,1,1,0,0,0,0,0,0,C
8014,0,0,0,1,1,0,0,0,0,0,0,C
8015,0,0,0,1,1,0,0,0,0,0,0,C
8016,0,0,0,1,1,0,0,0,0,0,0,C
8017,0,0,0,1,1,0,0,0,0,0,0,C
8018,0,0,0,1,1,0,0,0,0,0,0,C
8019,0,0,0,1,1,0,0,0,0,0,0,C
8020,0,0,0,1,1,0,0,0,0,0,0,C
8021,0,0,0,1,1,0,0,0,0,0,0,C
8022,0,0,0,1,1,0,0,0,0,0,0,C
8023,0,0,0,1,1,0,0,0,0,0,0,C
8024,0,0,0,1,1,0,0,0,0,0,0,C
8025,0,0,0,1,1,0,0,0,0,0,0,C
8026,0,0,0,1,1,0,0,0,0,0,0,C
8027,0,0,0,1,1,0,0,0,0,0,0,C
8028,0,0,0,1,1,0,0,0,0,0,0,C
8029,0,0,0,1,1,0,0,0,0,0,0,C
8030,0,0,0,1,1,0,0,0,0,0,0,C
8031,0,0,0,1,1,0,0,0,0,0,0,C
8032,0,0,0,1,1,0,0,0,0,0,0,C
8033,0,0,0,1,1,0,0,0,0,0,0,C
8034,0,0,0,1,1,0,0,0,0,0,0,C
8035,0,0,0,1,1,0,0,0,0,0,0,C
8036,0,0,0,1,1,0,0,0,0,0,0,C
8037,0,0,0,1,1,0,0,0,0,0,0,C
8038,0,0,0,1,1,0,0,0,0,0,0,C
8039,0,0,0,1,1,0,0,0,0,0,0,C
8040,0,0,0,1,1,0,0,0,0,0,0,C
8041,0,0,0,1,1,0,0,0,0,0,0,C
8042,0,0,0,1,1,0,0,0,0,0,0,C
8043,0,0,0,1,1,0,0,0,0,0,0,C
8044,0,0,0,1,1,0,0,0,0,0,0,C
8045,0,0,0,1,1,0,0,0,0,0,0,C
8046,0,0,0,1,1,0,0,0,0,0,0,C
8047,0,0,0,1,1,0,0,0,0,0,0,C
8048,0,0,0,1,1,0,0,0,0,0,0,C
8049,0,0,0,1,1,0,0,0,0,0,0,C
8050,0,0,0,1,1,0,0,0,0,0,0,C
8051,0,0,0,1,1,0,0,0,0,0,0,C
8052,0,0,0,1,1,0,0,0,0,0,0,C
8053,0,0,0,1,1,0,0,0,0,0,0,C
8054,0,0,0,1,1,0,0,0,0,0,0,C
8055,0,0,0,1,1,0,0,0,0,0,0,C
8056,0,0,0,1,1,0,0,0,0,0,0,C
8057,0,0,0,1,1,0,0,0,0,0,0,C
8058,0,0,0,1,1,0,0,0,0,0,0,C
8059,0,0,0,1,1,0,0,0,0,0,0,C
8060,0,0,0,1,1,0,0,0,0,0,0,C
8061,0,0,0,1,1,0,0,0,0,0,0,C
8062,0,0,0,1,1,0,0,0,0,0,0,C
8063,0,0,0,1,1,0,0,0,0,0,0,C
8064,0,0,0,1,1,0,0,0,0,0,0,C
8065,0,0,0,1,1,0,0,0,0,0,0,C
8066,0,0,0,1,1,0,0,0,0,0,0,C
8067,0,0,0,1,1,0,0,0,0,0,0,C
8068,0,0,0,1,1,0,0,0,0,0,0,C
8069,0,0,0,1,1,0,0,0,0,0,0,C
8070,0,0,0,1,1,0,0,0,0,0,0,C
8071,0,0,0,1,1,0,0,0,0,0,0,C
8072,0,0,0,1,1,0,0,0,0,0,0,C
8073,0,0,0,1,1,0,0,0,0,0,0,C
8074,0,0,0,1,1,0,0,0,0,0,0,C
8075,0,0,0,1,1,0,0,0,0,0,0,C
8076,0,0,0,1,1,0,0,0,0,0,0,C
8077,0,0,0,1,1,0,0,0,0,0,0,C
8078,0,0,0,1,1,0,0,0,0,0,0,C
8079,0,0,0,1,1,0,0,0,0,0,0,C
8080,0,0,0,0,1,0,0,0,0,0,0,C
8081,0,0,0,0,1,0,0,0,0,0,0,C
8082,0,0,0,0,1,0,0,0,0,0,0,C
8083,0,0,0,0,1,0,0,0,0,0,0,C
8084,0,0,0,0,1,0,0,0,0,0,0,C
8085,0,0,0,0,1,0,0,0,0,0,0,C
8086,0,0,0,0,1,0,0,0,0,0,0,C
8087,0,0,0,0,1,0,0,0,0,0,0,C
8088,0,0,0,0,1,0,0,0,0,0,0,C
8089,0,0,0,0,1,0,0,0,0,0,0,C
8090,0,0,0,0,1,0,0,0,0,0,0,C
8091,0,0,0,0,1,0,0,0,0,0,0,C
8092,0,0,0,0,1,0,0,0,0,0,0,C
8093,0,0,0,0,1,0,0,0,0,0,0,C
8094,0,0,0,0,1,0,0,0,0,0,0,C
8095,0,0,0,0,1,0,0,0,0,0,0,C
8096,0,0,0,0,1,0,0,0,0,0,0,C
8097,0,0,0,0,1,0,0,0,0,0,0,C
8098,0,0,0,0,1,0,0,0,0,0,0,C
8099,0,0,0,0,1,0,0,0,0,0,0,C
8100,0,0,0,0,1,0,0,0,0,0,0,C
8101,0,0,0,0,1,0,0,0,0,0,0,C
8102,0,0,0,0,1,0,0,0,0,0,0,C
8103,0,0,0,0,1,0,0,0,0,0,0,C
8104,0,0,0,0,1,0,0,0,0,0,0,C
8105,0,0,0,0,1,0,0,0,0,0,0,C
8106,0,0,0,0,1,0,0,0,0,0,0,C
8107,0,0,0,0,1,0,0,0,0,0,0,C
8108,0,0,0,0,1,0,0,0,0,0,0,C
8109,0,0,0,0,1,0,0,0,0,0,0,C
8110,0,0,0,0,1,0,0,0,0,0,0,C
8111,0,0,0,0,1,0,0,0,0,0,0,C
8112,0,0,0,0,1,0,0,0,0,0,0,C
8113,0,0,0,0,1,0,0,0,0,0,0,C
8114,0,0,0,0,1,0,0,0,0,0,0,C
8115,0,0,0,0,1,0,0,0,0,0,0,C
8116,0,0,0,0,1,0,0,0,0,0,0,C
8117,0,0,0,0,1,0,0,0,0,0,0,C
8118,0,0,0,0,1,0,0,0,0,0,0,C
8119,0,0,0,0,1,0,0,0,0,0,0,C
8120,0,0,0,0,1,0,0,0,0,0,0,C
8121,0,0,0,0,1,0,0,0,0,0,0,C
8122,0,0,0,0,0,0,0,0,0,0,0,G
8123,0,0,0,0,0,0,0,0,0,0,0,G
8124,0,0,0,0,0,0,0,0,0,0,0,G
8125,0,0,0,0,0,0,0,0,0,0,0,G
8126,0,0,0,0,0,0,0,0,0,0,0,G
8127,0,0,0,0,0,0,0,0,0,0,0,G
8128,0,0,0,0,0,0,0,0,0,0,0,G
8129,0,0,0,0,0,0,0,0,0,0,0,G
8130,0,0,0,0,0,0,0,0,0,0,0,G
8131,0,0,0,0,0,0,0,0,0,0,0,G
8132,0,0,0,0,0,0,0,0,0,0,0,G
8133,0,0,0,0,0,0,0,0,0,0,0,G
8134,0,0,0,0,0,0,0,0,0,0,0,G
8135,0,0,0,0,0,0,0,0,0,0,0,G
8136,0,0,0,0,0,0,0,0,0,0,0,G
8137,0,0,0,0,0,0,0,0,0,0,0,G
8138,0,0,0,0,0,0,0,0,0,0,0,G
8139,0,0,0,0,0,0,0,0,0,0,0,G
8140,0,0,0,0,0,0,0,0,0,0,0,G
8141,0,0,0,0,0,0,0,0,0,0,0,G
8142,0,0,0,0,0,0,0,0,0,0,0,G
8143,0,0,0,0,0,0,0,0,0,0,0,G
8144,0,0,0,0,0,0,0,0,0,0,0,G
8145,0,0,0,0,0,0,0,0,0,0,0,G
8146,0,0,0,0,0,0,0,0,0,0,0,G
8147,0,0,0,0,0,0,0,0,0,0,0,G
8148,0,0,0,0,0,0,0,0,0,0,0,G
8149,0,0,0,0,0,0,0,0,0,0,0,G
8150,0,0,0,0,0,0,0,0,0,0,0,G
8151,0,0,0,0,0,0,0,0,0,0,0,G
8152,0,0,0,0,0,0,0,0,0,0,0,G
8153,0,0,0,0,0,0,0,0,0,0,0,G
8154,0,0,0,0,0,0,0,0,0,0,0,G
8155,0,0,0,0,0,0,0,0,0,0,0,G
8156,0,0,0,0,0,0,0,0,0,0,0,G
8157,0,0,0,0,0,0,0,0,0,0,0,G
8158,0,0,0,0,0,0,0,1,0,0,0,D
8159,0,0,0,0,0,0,0,1,0,0,0,D
8160,0,0,0,0,0,0,0,1,0,0,0,D
8161,0,0,0,0,0,0,0,1,0,0,0,D
8162,0,0,0,0,0,0,0,1,0,0,0,D
8163,0,0,0,0,0,0,0,1,0,0,0,D
8164,0,0,0,0,0,0,0,1,0,0,0,D
8165,0,0,0,0,0,0,0,1,0,0,0,D
8166,0,0,0,0,0,0,0,1,0,0,0,D
8167,0,0,0,0,0,0,0,1,0,0,0,D
8168,0,0,0,0,0,0,0,1,0,0,0,D
8169,0,0,0,0,0,0,0,1,0,0,0,D
8170,0,0,0,0,0,0,0,1,0,0,0,D
8171,0,0,0,0,0,0,0,1,0,0,0,D
8172,0,0,0,0,0,0,0,1,0,0,0,D
8173,0,0,0,0,0,0,0,1,0,0,0,D
8174,0,0,0,0,0,0,0,1,0,0,0,D
8175,0,0,0,0,0,0,0,1,0,0,0,D
8176,0,0,0,0,0,0,0,1,0,0,0,D
8177,0,0,0,0,0,0,0,1,0,0,0,D
8178,0,0,0,0,0,0,0,1,0,0,0,D
8179,0,0,0,0,0,0,0,1,0,0,0,D
8180,0,0,0,0,0,0,0,1,0,0,0,D
8181,0,0,0,0,0,0,0,1,0,0,0,D
8182,0,0,0,0,0,0,0,1,0,0,0,D
8183,0,0,0,0,0,0,0,1,0,0,0,D
8184,0,0,0,0,0,0,0,1,0,0,0,D
8185,0,0,0,0,0,0,0,1,0,0,0,D
8186,0,0,0,0,0,0,0,1,0,0,0,D
8187,0,0,0,0,0,0,0,1,0,0,0,D
8188,0,0,0,0,0,0,0,1,0,1,0,D
8189,0,0,0,0,0,0,0,1,0,1,0,D
8190,0,0,0,0,0,0,0,1,0,1,0,D
8191,0,0,0,0,0,0,0,1,0,1,0,D
8192,0,0,0,0,0,0,0,1,0,1,0,D
8193,0,0,0,0,0,0,0,1,0,1,0,D
8194,0,0,0,0,0,0,0,1,0,1,0,D
8195,0,0,0,0,0,0,0,1,0,1,0,D
8196,0,0,0,0,0,0,0,1,0,1,0,D
8197,0,0,0,0,0,0,0,1,0,1,0,D
8198,0,0,0,0,0,0,0,1,0,1,0,D
8199,0,0,0,0,0,0,0,1,0,1,0,D
8200,0,0,0,0,0,0,0,1,0,1,0,D
8201,0,0,0,0,0,0,0,1,0,1,0,D
8202,0,0,0,0,0,0,0,1,0,1,0,D
8203,0,0,0,0,0,0,0,1,0,1,0,D
8204,0,0,0,0,0,0,0,1,0,1,0,D
8205,0,0,0,0,0,0,0,1,0,1,0,D
8206,0,0,0,0,0,0,0,1,0,1,0,D
8207,0,0,0,0,0,0,0,1,0,1,0,D
8208,0,0,0,0,0,0,0,1,0,1,0,D
8209,0,0,0,0,0,0,0,1,0,1,0,D
8210,0,0,0,0,0,0,0,1,0,1,0,D
8211,0,0,0,0,0,0,0,1,0,1,0,D
8212,0,0,0,0,0,0,0,1,0,1,0,D
8213,0,0,0,0,0,0,0,1,0,1,0,D
8214,0,0,0,0,0,0,0,1,0,1,0,D
8215,0,0,0,0,0,0,0,1,0,1,0,D
8216,0,0,0,0,0,0,0,1,0,1,0,D
8217,0,0,0,0,0,0,0,1,0,1,0,D
8218,0,0,0,0,0,0,0,1,0,1,0,D
8219,0,0,0,0,0,0,0,1,0,1,0,D
8220,0,0,0,0,0,0,0,1,0,1,0,D
8221,0,0,0,0,0,0,0,1,0,1,0,D
8222,0,0,0,0,0,0,0,1,0,1,0,D
8223,0,0,0,0,0,0,0,1,0,1,0,D
8224,0,0,0,0,0,0,0,1,0,1,0,D
8225,0,0,0,0,0,0,0,1,0,1,0,D
8226,0,0,0,0,0,0,0,1,0,1,0,D
8227,0,0,0,0,0,0,0,1,0,1,0,D
8228,0,0,0,0,0,0,0,1,0,1,0,D
8229,0,0,0,0,0,0,0,1,0,1,0,D
8230,0,0,0,0,0,0,0,1,0,1,0,D
8231,0,0,0,0,0,0,0,1,0,1,0,D
8232,0,0,0,0,0,0,0,1,0,1,0,D
8233,0,0,0,0,0,0,0,1,0,1,0,D
8234,0,0,0,0,0,0,0,1,0,1,0,D
8235,0,0,0,0,0,0,0,1,0,1,0,D
8236,0,0,0,0,0,0,0,1,0,1,0,D
8237,0,0,0,0,0,0,0,1,0,1,0,D
8238,0,0,0,0,0,0,0,1,0,1,0,D
8239,0,0,0,0,0,0,0,1,0,1,0,D
8240,0,0,0,0,0,0,0,1,0,1,0,D
8241,0,0,0,0,0,0,0,1,0,1,0,D
8242,0,0,0,0,0,0,0,1,0,1,0,D
8243,0,0,0,0,0,0,0,1,0,1,0,D
8244,0,0,0,0,0,0,0,1,0,1,0,D
8245,0,0,0,0,0,0,0,1,0,1,0,D
8246,0,0,0,0,0,0,0,1,0,1,0,D
8247,0,0,0,0,0,0,0,1,0,1,0,D
8248,0,0,0,0,0,0,0,1,0,1,0,D
8249,0,0,0,0,0,0,0,1,0,1,0,D
8250,0,0,0,0,0,0,0,1,0,1,0,D
8251,0,0,0,0,0,0,0,1,0,1,0,D
8252,0,0,0,0,0,0,0,1,0,1,0,D
8253,0,0,0,0,0,0,0,1,0,1,0,D
8254,0,0,0,0,0,0,0,1,0,1,0,D
8255,0,0,0,0,0,0,0,1,0,1,0,D
8256,0,0,0,0,0,0,0,1,0,1,0,D
8257,0,0,0,0,0,0,0,1,0,1,0,D
8258,0,0,0,0,0,0,0,1,0,1,0,D
8259,0,0,0,0,0,0,0,1,0,1,0,D
8260,0,0,0,0,0,0,0,1,0,1,0,D
8261,0,0,0,0,0,0,0,1,0,1,0,D
8262,0,0,0,0,0,0,0,1,0,1,0,D
8263,0,0,0,0,0,0,0,1,0,1,0,D
8264,0,0,0,0,0,0,0,1,0,1,0,D
8265,0,0,0,0,0,0,0,1,0,1,0,D
8266,0,0,0,0,0,0,0,1,0,1,0,D
8267,0,0,0,0,0,0,0,1,0,1,0,D
8268,0,0,0,0,0,0,0,1,0,1,0,D
8269,0,0,0,0,0,0,0,1,0,1,0,D
8270,0,0,0,0,0,0,0,1,0,1,0,D
8271,0,0,0,0,0,0,0,1,0,1,0,D
8272,0,0,0,0,0,0,0,1,0,1,0,D
8273,0,0,0,0,0,0,0,1,0,1,0,D
8274,0,0,0,0,0,0,0,1,0,1,0,D
8275,0,0,0,0,0,0,0,1,0,1,0,D
8276,0,0,0,0,0,0,0,1,0,1,0,D
8277,0,0,0,0,0,0,0,1,0,1,0,D
8278,0,0,0,0,0,0,0,1,0,1,0,D
8279,0,0,0,0,0,0,0,1,0,1,0,D
8280,0,0,0,0,0,0,0,1,0,1,0,D
8281,0,0,0,0,0,0,0,1,0,1,0,D
8282,0,0,0,0,0,0,0,1,0,1,0,D
8283,0,0,0,0,0,0,0,1,0,1,0,D
8284,0,0,0,0,0,0,0,1,0,1,0,D
8285,0,0,0,0,0,0,0,1,0,1,0,D
8286,0,0,0,0,0,0,0,1,0,1,0,D
8287,0,0,0,0,0,0,0,1,0,1,0,D
8288,0,0,0,0,0,0,0,1,0,1,0,D
8289,0,0,0,0,0,0,0,1,0,1,0,D
8290,0,0,0,0,0,0,0,1,0,1,0,D
8291,0,0,0,0,0,0,0,1,0,1,0,D
8292,0,0,0,0,0,0,0,1,0,1,0,D
8293,0,0,0,0,0,0,0,1,0,1,0,D
8294,0,0,0,0,0,0,0,1,0,1,0,D
8295,0,0,0,0,0,0,0,1,0,1,0,D
8296,0,0,0,0,0,0,0,1,0,1,0,D
8297,0,0,0,0,0,0,0,1,0,1,0,D
8298,0,0,0,0,0,0,0,1,0,1,0,D
8299,0,0,0,0,0,0,0,1,0,1,0,D
8300,0,0,0,0,0,0,0,1,0,1,0,D
8301,0,0,0,0,0,0,0,1,0,1,0,D
8302,0,0,0,0,0,0,0,1,0,1,0,D
8303,0,0,0,0,0,0,0,1,0,1,0,D
8304,0,0,0,0,0,0,0,1,0,1,0,D
8305,0,0,0,0,0,0,0,1,0,1,0,D
8306,0,0,0,0,0,0,0,1,0,1,0,D
8307,0,0,0,0,0,0,0,1,0,1,0,D
8308,0,0,0,0,0,0,0,1,0,1,0,D
8309,0,0,0,0,0,0,0,1,0,1,0,D
8310,0,0,0,0,0,0,0,1,0,1,0,D
8311,0,0,0,0,0,0,0,1,0,1,0,D
8312,0,0,0,0,0,0,0,1,0,1,0,D
8313,0,0,0,0,0,0,0,1,0,1,0,D
8314,0,0,0,0,0,0,0,1,0,1,0,D
8315,0,0,0,0,0,0,0,1,0,1,0,D
8316,0,0,0,0,0,0,0,1,0,1,0,D
8317,0,0,0,0,0,0,0,1,0,1,0,D
8318,0,0,0,0,0,0,0,1,0,1,0,D
8319,0,0,0,0,0,0,0,1,0,1,0,D
8320,0,0,0,0,0,0,0,1,0,1,0,D
8321,0,0,0,0,0,0,0,1,0,1,0,D
8322,0,0,0,0,0,0,0,1,0,1,0,D
8323,0,0,0,0,0,0,0,1,0,1,0,D
8324,0,0,0,0,0,0,0,1,0,1,0,D
8325,0,0,0,0,0,0,0,1,0,1,0,D
8326,0,0,0,0,0,0,0,1,0,1,0,D
8327,0,0,0,0,0,0,0,1,0,1,0,D
8328,0,0,0,0,0,0,0,1,0,1,0,D
8329,0,0,0,0,0,0,0,1,0,1,0,D
8330,0,0,0,0,0,0,0,1,0,1,0,D
8331,0,0,0,0,0,0,0,1,0,1,0,D
8332,0,0,0,0,0,0,0,1,0,1,0,D
8333,0,0,0,0,0,0,0,1,0,1,0,D
8334,0,0,0,0,0,0,0,1,0,1,0,D
8335,0,0,0,0,0,0,0,1,0,1,0,D
8336,0,0,0,0,0,0,0,1,0,1,0,D
8337,0,0,0,0,0,0,0,1,0,1,0,D
8338,0,0,0,0,0,0,0,1,0,1,0,D
8339,0,0,0,0,0,0,0,1,0,1,0,D
8340,0,0,0,0,0,0,0,1,0,1,0,D
8341,0,0,0,0,0,0,0,1,0,1,0,D
8342,0,0,0,0,0,0,0,1,0,1,0,D
8343,0,0,0,0,0,0,0,1,0,1,0,D
8344,0,0,0,0,0,0,0,1,0,1,0,D
8345,0,0,0,0,0,0,0,1,0,1,0,D
8346,0,0,0,0,0,0,0,1,0,1,0,D
8347,0,0,0,0,0,0,0,1,0,1,0,D
8348,0,0,0,0,0,0,0,1,0,1,0,D
8349,0,0,0,0,0,0,0,1,0,1,0,D
8350,0,0,0,0,0,0,0,1,0,1,0,D
8351,0,0,0,0,0,0,0,1,0,1,0,D
8352,0,0,0,0,0,0,0,1,0,1,0,D
8353,0,0,0,0,0,0,0,1,0,1,0,D
8354,0,0,0,0,0,0,0,1,0,1,0,D
8355,0,0,0,0,0,0,0,1,0,1,0,D
8356,0,0,0,0,0,0,0,1,0,1,0,D
8357,0,0,0,0,0,0,0,1,0,1,0,D
8358,0,0,0,0,0,0,0,1,0,1,0,D
8359,0,0,0,0,0,0,0,1,0,1,0,D
8360,0,0,0,0,0,0,0,1,0,1,0,D
8361,0,0,0,0,0,0,0,1,0,1,0,D
8362,0,0,0,0,0,0,0,1,0,1,0,D
8363,0,0,0,0,0,0,0,1,0,1,0,D
8364,0,0,0,0,0,0,0,1,0,1,0,D
8365,0,0,0,0,0,0,0,1,0,1,0,D
8366,0,0,0,0,0,0,0,1,0,1,0,D
8367,0,0,0,0,0,0,0,1,0,1,0,D
8368,0,0,0,0,0,0,0,1,0,1,0,D
8369,0,0,0,0,0,0,0,1,0,1,0,D
8370,0,0,0,0,0,0,0,1,0,1,0,D
8371,0,0,0,0,0,0,0,1,0,1,0,D
8372,0,0,0,0,0,0,0,1,0,1,0,D
8373,0,0,0,0,0,0,0,1,0,1,0,D
8374,0,0,0,0,0,0,0,1,0,1,0,D
8375,0,0,0,0,0,0,0,1,0,1,0,D
8376,0,0,0,0,0,0,0,1,0,1,0,D
8377,0,0,0,0,0,0,0,1,0,1,0,D
8378,0,0,0,0,0,0,0,1,0,1,0,D
8379,0,0,0,0,0,0,0,1,0,1,0,D
8380,0,0,0,0,0,0,0,1,0,1,0,D
8381,0,0,0,0,0,0,0,1,0,1,0,D
8382,0,0,0,0,0,0,0,1,0,1,0,D
8383,0,0,0,0,0,0,0,1,0,1,0,D
8384,0,0,0,0,0,0,0,1,0,1,0,D
8385,0,0,0,0,0,0,0,1,0,1,0,D
8386,0,0,0,0,0,0,0,1,0,1,0,D
8387,0,0,0,0,0,0,0,1,0,1,0,D
8388,0,0,0,0,0,0,0,1,0,1,0,D
8389,0,0,0,0,0,0,0,1,0,1,0,D
8390,0,0,0,0,0,0,0,1,0,1,0,D
8391,0,0,0,0,0,0,0,1,0,1,0,D
8392,0,0,0,0,0,0,0,1,0,1,0,D
8393,0,0,0,0,0,0,0,1,0,1,0,D
8394,0,0,0,0,0,0,0,1,0,1,0,D
8395,0,0,0,0,0,0,0,1,0,1,0,D
8396,0,0,0,0,0,0,0,1,0,1,0,D
8397,0,0,0,0,0,0,0,1,0,1,0,D
8398,0,0,0,0,0,0,0,1,0,1,0,D
8399,0,0,0,0,0,0,0,1,0,1,0,D
8400,0,0,0,0,0,0,0,1,0,1,0,D
8401,0,0,0,0,0,0,0,1,0,1,0,D
8402,0,0,0,0,0,0,0,1,0,1,0,D
8403,0,0,0,0,0,0,0,1,0,1,0,D
8404,0,0,0,0,0,0,0,1,0,1,0,D
8405,0,0,0,0,0,0,0,1,0,1,0,D
8406,0,0,0,0,0,0,0,1,0,1,0,D
8407,0,0,0,0,0,0,0,1,0,1,0,D
8408,0,0,0,0,0,0,0,1,0,1,0,D
8409,0,0,0,0,0,0,0,1,0,1,0,D
8410,0,0,0,0,0,0,0,1,0,1,0,D
8411,0,0,0,0,0,0,0,1,0,1,0,D
8412,0,0,0,0,0,0,0,1,0,1,0,D
8413,0,0,0,0,0,0,0,1,0,1,0,D
8414,0,0,0,0,0,0,0,1,0,1,0,D
8415,0,0,0,0,0,0,0,1,0,1,0,D
8416,0,0,0,0,0,0,0,1,0,1,0,D
8417,0,0,0,0,0,0,0,1,0,1,0,D
8418,0,0,0,0,0,0,0,1,0,1,0,D
8419,0,0,0,0,0,0,0,1,0,1,0,D
8420,0,0,0,0,0,0,0,1,0,1,0,D
8421,0,0,0,0,0,0,0,1,0,1,0,D
8422,0,0,0,0,0,0,0,1,0,1,0,D
8423,0,0,0,0,0,0,0,1,0,1,0,D
8424,0,0,0,0,0,0,0,1,0,1,0,D
8425,0,0,0,0,0,0,0,1,0,1,0,D
8426,0,0,0,0,0,0,0,1,0,1,0,D
8427,0,0,0,0,0,0,0,1,0,1,0,D
8428,0,0,0,0,0,0,0,1,0,1,0,D
8429,0,0,0,0,0,0,0,1,0,1,0,D
8430,0,0,0,0,0,0,0,1,0,1,0,D
8431,0,0,0,0,0,0,0,1,0,1,0,D
8432,0,0,0,0,0,0,0,1,0,1,0,D
8433,0,0,0,0,0,0,0,1,0,1,0,D
8434,0,0,0,0,0,0,0,1,0,1,0,D
8435,0,0,0,0,0,0,0,1,0,1,0,D
8436,0,0,0,0,0,0,0,1,0,1,0,D
8437,0,0,0,0,0,0,0,1,0,1,0,D
8438,0,0,0,0,0,0,0,1,0,1,0,D
8439,0,0,0,0,0,0,0,1,0,1,0,D
8440,0,0,0,0,0,0,0,1,0,1,0,D
8441,0,0,0,0,0,0,0,1,0,1,0,D
8442,0,0,0,0,0,0,0,1,0,1,0,D
8443,0,0,0,0,0,0,0,1,0,1,0,D
8444,0,0,0,0,0,0,0,1,0,1,0,D
8445,0,0,0,0,0,0,0,1,0,1,0,D
8446,0,0,0,0,0,0,0,1,0,1,0,D
8447,0,0,0,0,0,0,0,1,0,1,0,D
8448,0,0,0,0,0,0,0,1,0,1,0,D
8449,0,0,0,0,0,0,0,1,0,1,0,D
8450,0,0,0,0,0,0,0,1,0,1,0,D
8451,0,0,0,0,0,0,0,1,0,1,0,D
8452,0,0,0,0,0,0,0,1,0,1,0,D
8453,0,0,0,0,0,0,0,1,0,1,0,D
8454,0,0,0,0,0,0,0,1,0,1,0,D
8455,0,0,0,0,0,0,0,1,0,1,0,D
8456,0,0,0,0,0,0,0,1,0,1,0,D
8457,0,0,0,0,0,0,0,1,0,1,0,D
8458,0,0,0,0,0,0,0,1,0,1,0,D
8459,0,0,0,0,0,0,0,1,0,1,0,D
8460,0,0,0,0,0,0,0,1,0,1,0,D
8461,0,0,0,0,0,0,0,1,0,1,0,D
8462,0,0,0,0,0,0,0,1,0,1,0,D
8463,0,0,0,0,0,0,0,1,0,1,0,D
8464,0,0,0,0,0,0,0,1,0,1,0,D
8465,0,0,0,0,0,0,0,1,0,1,0,D
8466,0,0,0,0,0,0,0,1,0,1,0,D
8467,0,0,0,0,0,0,0,1,0,1,0,D
8468,0,0,0,0,0,0,0,1,0,1,0,D
8469,0,0,0,0,0,0,0,1,0,1,0,D
8470,0,0,0,0,0,0,0,1,0,1,0,D
8471,0,0,0,0,0,0,0,1,0,1,0,D
8472,0,0,0,0,0,0,0,1,0,1,0,D
8473,0,0,0,0,0,0,0,1,0,1,0,D
8474,0,0,0,0,0,0,0,1,0,1,0,D
8475,0,0,0,0,0,0,0,1,0,1,0,D
8476,0,0,0,0,0,0,0,1,0,1,0,D
8477,0,0,0,0,0,0,0,1,0,1,0,D
8478,0,0,0,0,0,0,0,1,0,1,0,D
8479,0,0,0,0,0,0,0,1,0,1,0,D
8480,0,0,0,0,0,0,0,1,0,1,0,D
8481,0,0,0,0,0,0,0,1,0,1,0,D
8482,0,0,0,0,0,0,0,1,0,1,0,D
8483,0,0,0,0,0,0,0,1,0,1,0,D
8484,0,0,0,0,0,0,0,1,0,1,0,D
8485,0,0,0,0,0,0,0,1,0,1,0,D
8486,0,0,0,0,0,0,0,1,0,1,0,D
8487,0,0,0,0,0,0,0,1,0,1,0,D
8488,0,0,0,0,0,0,0,1,0,1,0,D
8489,0,0,0,0,0,0,0,1,0,1,0,D
8490,0,0,0,0,0,0,0,1,0,1,0,D
8491,0,0,0,0,0,0,0,1,0,1,0,D
8492,0,0,0,0,0,0,0,1,0,1,0,D
8493,0,0,0,0,0,0,0,1,0,1,0,D
8494,0,0,0,0,0,0,0,1,0,1,0,D
8495,0,0,0,0,0,0,0,1,0,1,0,D
8496,0,0,0,0,0,0,0,1,0,1,0,D
8497,0,0,0,0,0,0,0,1,0,1,0,D
8498,0,0,0,0,0,0,0,1,0,1,0,D
8499,0,0,0,0,0,0,0,1,0,1,0,D
8500,0,0,0,0,0,0,0,1,0,1,0,D
8501,0,0,0,0,0,0,0,1,0,1,0,D
8502,0,0,0,0,0,0,0,1,0,1,0,D
8503,0,0,0,0,0,0,0,1,0,1,0,D
8504,0,0,0,0,0,0,0,1,0,1,0,D
8505,0,0,0,0,0,0,0,1,0,1,0,D
8506,0,0,0,0,0,0,0,1,0,1,0,D
8507,0,0,0,0,0,0,0,1,0,1,0,D
8508,0,0,0,0,0,0,0,1,0,1,0,D
8509,0,0,0,0,0,0,0,1,0,1,0,D
8510,0,0,0,0,0,0,0,1,0,1,0,D
8511,0,0,0,0,0,0,0,1,0,1,0,D
8512,0,0,0,0,0,0,0,1,0,1,0,D
8513,0,0,0,0,0,0,0,1,0,1,0,D
8514,0,0,0,0,0,0,0,1,0,1,0,D
8515,0,0,0,0,0,0,0,1,0,1,0,D
8516,0,0,0,0,0,0,0,1,0,1,0,D
8517,0,0,0,0,0,0,0,1,0,1,0,D
8518,0,0,0,0,0,0,0,1,0,1,0,D
8519,0,0,0,0,0,0,0,1,0,1,0,D
8520,0,0,0,0,0,0,0,1,0,1,0,D
8521,0,0,0,0,0,0,0,1,0,1,0,D
8522,0,0,0,0,0,0,0,1,0,1,0,D
8523,0,0,0,0,0,0,0,1,0,1,0,D
8524,0,0,0,0,0,0,0,1,0,1,0,D
8525,0,0,0,0,0,0,0,1,0,1,0,D
8526,0,0,0,0,0,0,0,1,0,1,0,D
8527,0,0,0,0,0,0,0,1,0,1,0,D
8528,0,0,0,0,0,0,0,1,0,1,0,D
8529,0,0,0,0,0,0,0,1,0,1,0,D
8530,0,0,0,0,0,0,0,1,0,1,0,D
8531,0,0,0,0,0,0,0,1,0,1,0,D
8532,0,0,0,0,0,0,0,1,0,1,0,D
8533,0,0,0,0,0,0,0,1,0,1,0,D
8534,0,0,0,0,0,0,0,1,0,1,0,D
8535,0,0,0,0,0,0,0,1,0,1,0,D
8536,0,0,0,0,0,0,0,1,0,1,0,D
8537,0,0,0,0,0,0,0,1,0,1,0,D
8538,0,0,0,0,0,0,0,1,0,1,0,D
8539,0,0,0,0,0,0,0,1,0,1,0,D
8540,0,0,0,0,0,0,0,1,0,1,0,D
8541,0,0,0,0,0,0,0,1,0,1,0,D
8542,0,0,0,0,0,0,0,1,0,1,0,D
8543,0,0,0,0,0,0,0,1,0,1,0,D
8544,0,0,0,0,0,0,0,1,0,1,0,D
8545,0,0,0,0,0,0,0,1,0,1,0,D
8546,0,0,0,0,0,0,0,1,0,1,0,D
8547,0,0,0,0,0,0,0,1,0,1,0,D
8548,0,0,0,0,0,0,0,1,0,1,0,D
8549,0,0,0,0,0,0,0,1,0,1,0,D
8550,0,0,0,0,0,0,0,1,0,1,0,D
8551,0,0,0,0,0,0,0,1,0,1,0,D
8552,0,0,0,0,0,0,0,1,0,1,0,D
8553,0,0,0,0,0,0,0,1,0,1,0,D
8554,0,0,0,0,0,0,0,1,0,1,0,D
8555,0,0,0,0,0,0,0,1,0,1,0,D
8556,0,0,0,0,0,0,0,1,0,1,0,D
8557,0,0,0,0,0,0,0,1,0,1,0,D
8558,0,0,0,0,0,0,0,1,0,1,0,D
8559,0,0,0,0,0,0,0,1,0,1,0,D
8560,0,0,0,0,0,0,0,1,0,1,0,D
8561,0,0,0,0,0,0,0,1,0,1,0,D
8562,0,0,0,0,0,0,0,1,0,1,0,D
8563,0,0,0,0,0,0,0,1,0,1,0,D
8564,0,0,0,0,0,0,0,1,0,1,0,D
8565,0,0,0,0,0,0,0,1,0,1,0,D
8566,0,0,0,0,0,0,0,1,0,1,0,D
8567,0,0,0,0,0,0,0,1,0,1,0,D
8568,0,0,0,0,0,0,0,1,0,1,0,D
8569,0,0,0,0,0,0,0,1,0,1,0,D
8570,0,0,0,0,0,0,0,1,0,1,0,D
8571,0,0,0,0,0,0,0,1,0,1,0,D
8572,0,0,0,0,0,0,0,1,0,1,0,D
8573,0,0,0,0,0,0,0,1,0,1,0,D
8574,0,0,0,0,0,0,0,1,0,1,0,D
8575,0,0,0,0,0,0,0,1,0,1,0,D
8576,0,0,0,0,0,0,0,1,0,1,0,D
8577,0,0,0,0,0,0,0,1,0,1,0,D
8578,0,0,0,0,0,0,0,1,0,1,0,D
8579,0,0,0,0,0,0,0,1,0,1,0,D
8580,0,0,0,0,0,0,0,1,0,1,0,D
8581,0,0,0,0,0,0,0,1,0,1,0,D
8582,0,0,0,0,0,0,0,1,0,1,0,D
8583,0,0,0,0,0,0,0,1,0,1,0,D
8584,0,0,0,0,0,0,0,1,0,1,0,D
8585,0,0,0,0,0,0,0,1,0,1,0,D
8586,0,0,0,0,0,0,0,1,0,1,0,D
8587,0,0,0,0,0,0,0,1,0,1,0,D
8588,0,0,0,0,0,0,0,1,0,1,0,D
8589,0,0,0,0,0,0,0,1,0,1,0,D
8590,0,0,0,0,0,0,0,1,0,1,0,D
8591,0,0,0,0,0,0,0,1,0,1,0,D
8592,0,0,0,0,0,0,0,1,0,1,0,D
8593,0,0,0,0,0,0,0,1,0,1,0,D
8594,0,0,0,0,0,0,0,1,0,1,0,D
8595,0,0,0,0,0,0,0,1,0,1,0,D
8596,0,0,0,0,0,0,0,1,0,1,0,D
8597,0,0,0,0,0,0,0,1,0,1,0,D
8598,0,0,0,0,0,0,0,1,0,1,0,D
8599,0,0,0,0,0,0,0,1,0,1,0,D
8600,0,0,0,0,0,0,0,1,0,1,0,D
8601,0,0,0,0,0,0,0,1,0,1,0,D
8602,0,0,0,0,0,0,0,1,0,1,0,D
8603,0,0,0,0,0,0,0,1,0,1,0,D
8604,0,0,0,0,0,0,0,1,0,1,0,D
8605,0,0,0,0,0,0,0,1,0,1,0,D
8606,0,0,0,0,0,0,0,1,0,1,0,D
8607,0,0,0,0,0,0,0,1,0,1,0,D
8608,0,0,0,0,0,0,0,1,0,1,0,D
8609,0,0,0,0,0,0,0,1,0,1,0,D
8610,0,0,0,0,0,0,0,1,0,1,0,D
8611,0,0,0,0,0,0,0,1,0,1,0,D
8612,0,0,0,0,0,0,0,1,0,1,0,D
8613,0,0,0,0,0,0,0,1,0,1,0,D
8614,0,0,0,0,0,0,0,1,0,1,0,D
8615,0,0,0,0,0,0,0,1,0,1,0,D
8616,0,0,0,0,0,0,0,1,0,1,0,D
8617,0,0,0,0,0,0,0,1,0,1,0,D
8618,0,0,0,0,0,0,0,1,0,1,0,D
8619,0,0,0,0,0,0,0,1,0,1,0,D
8620,0,0,0,0,0,0,0,1,0,1,0,D
8621,0,0,0,0,0,0,0,1,0,1,0,D
8622,0,0,0,0,0,0,0,1,0,1,0,D
8623,0,0,0,0,0,0,0,1,0,1,0,D
8624,0,0,0,0,0,0,0,1,0,1,0,D
8625,0,0,0,0,0,0,0,1,0,1,0,D
8626,0,0,0,0,0,0,0,1,0,1,0,D
8627,0,0,0,0,0,0,0,1,0,1,0,D
8628,0,0,0,0,0,0,0,1,0,1,0,D
8629,0,0,0,0,0,0,0,1,0,1,0,D
8630,0,0,0,0,0,0,0,1,0,1,0,D
8631,0,0,0,0,0,0,0,1,0,1,0,D
8632,0,0,0,0,0,0,0,1,0,1,0,D
8633,0,0,0,0,0,0,0,1,0,1,0,D
8634,0,0,0,0,0,0,0,1,0,1,0,D
8635,0,0,0,0,0,0,0,1,0,1,0,D
8636,0,0,0,0,0,0,0,1,0,1,0,D
8637,0,0,0,0,0,0,0,1,0,1,0,D
8638,0,0,0,0,0,0,0,1,0,1,0,D
8639,0,0,0,0,0,0,0,1,0,1,0,D
8640,0,0,0,0,0,0,0,1,0,0,0,D
8641,0,0,0,0,0,0,0,1,0,0,0,D
8642,0,0,0,0,0,0,0,1,0,0,0,D
8643,0,0,0,0,0,0,0,1,0,0,0,D
8644,0,0,0,0,0,0,0,1,0,0,0,D
8645,0,0,0,0,0,0,0,1,0,0,0,D
8646,0,0,0,0,0,0,0,1,0,0,0,D
8647,0,0,0,0,0,0,0,1,0,0,0,D
8648,0,0,0,0,0,0,0,1,0,0,0,D
8649,0,0,0,0,0,0,0,1,0,0,0,D
8650,0,0,0,0,0,0,0,1,0,0,0,D
8651,0,0,0,0,0,0,0,1,0,0,0,D
8652,0,0,0,0,0,0,0,1,0,0,0,D
8653,0,0,0,0,0,0,0,1,0,0,0,D
8654,0,0,0,0,0,0,0,1,0,0,0,D
8655,0,0,0,0,0,0,0,1,0,0,0,D
8656,0,0,0,0,0,0,0,1,0,0,0,D
8657,0,0,0,0,0,0,0,1,0,0,0,D
8658,0,0,0,0,0,0,0,1,0,0,0,D
8659,0,0,0,0,0,0,0,1,0,0,0,D
8660,0,0,0,0,0,0,0,1,0,0,0,D
8661,0,0,0,0,0,0,0,1,0,0,0,D
8662,0,0,0,0,0,0,0,1,0,0,0,D
8663,0,0,0,0,0,0,0,1,0,0,0,D
8664,0,0,0,0,0,0,0,1,0,0,0,D
8665,0,0,0,0,0,0,0,1,0,0,0,D
8666,0,0,0,0,0,0,0,1,0,0,0,D
8667,0,0,0,0,0,0,0,1,0,0,0,D
8668,0,0,0,0,0,0,0,1,0,0,0,D
8669,0,0,0,0,0,0,0,1,0,0,0,D
8670,0,0,0,0,0,0,0,1,0,0,0,D
8671,0,0,0,0,0,0,0,1,0,0,0,D
8672,0,0,0,0,0,0,0,1,0,0,0,D
8673,0,0,0,0,0,0,0,1,0,0,0,D
8674,0,0,0,0,0,0,0,1,0,0,0,D
8675,0,0,0,0,0,0,0,1,0,0,0,D
8676,0,0,0,0,0,0,0,1,0,0,0,D
8677,0,0,0,0,0,0,0,1,0,0,0,D
8678,0,0,0,0,0,0,0,1,0,0,0,D
8679,0,0,0,0,0,0,0,1,0,0,0,D
8680,0,0,0,0,0,0,0,1,0,0,0,D
8681,0,0,0,0,0,0,0,1,0,0,0,D
8682,0,0,0,0,0,0,0,1,0,0,0,D
8683,0,0,0,0,0,0,0,1,0,0,0,D
8684,0,0,0,0,0,0,0,1,0,0,0,D
8685,0,0,0,0,0,0,0,1,0,0,0,D
8686,0,0,0,0,0,0,0,1,0,0,0,D
8687,0,0,0,0,0,0,0,1,0,0,0,D
8688,0,0,0,0,0,0,0,1,0,0,0,D
8689,0,0,0,0,0,0,0,1,0,0,0,D
8690,0,0,0,0,0,0,0,1,0,0,0,D
8691,0,0,0,0,0,0,0,1,0,0,0,D
8692,0,0,0,0,0,0,0,1,0,0,0,D
8693,0,0,0,0,0,0,0,1,0,0,0,D
8694,0,0,0,0,0,0,0,1,0,0,0,D
8695,0,0,0,0,0,0,0,1,0,0,0,D
8696,0,0,0,0,0,0,0,1,0,0,0,D
8697,0,0,0,0,0,0,0,1,0,0,0,D
8698,0,0,0,0,0,0,0,1,0,0,0,D
8699,0,0,0,0,0,0,0,1,0,0,0,D
8700,0,0,0,0,0,0,0,1,0,0,0,D
8701,0,0,0,0,0,0,0,1,0,0,0,D
8702,0,0,0,0,0,0,0,1,0,0,0,D
8703,0,0,0,0,0,0,0,1,0,0,0,D
8704,0,0,0,0,0,0,0,1,0,0,0,D
8705,0,0,0,0,0,0,0,1,0,0,0,D
8706,0,0,0,0,0,0,0,1,0,0,0,D
8707,0,0,0,0,0,0,0,1,0,0,0,D
8708,0,0,0,0,0,0,0,1,0,0,0,D
8709,0,0,0,0,0,0,0,1,0,0,0,D
8710,0,0,0,0,0,0,0,1,0,0,0,D
8711,0,0,0,0,0,0,0,1,0,0,0,D
8712,0,0,0,0,0,0,0,1,0,0,0,D
8713,0,0,0,0,0,0,0,1,0,0,0,D
8714,0,0,0,0,0,0,0,1,0,0,0,D
8715,0,0,0,0,0,0,0,1,0,0,0,D
8716,0,0,0,0,0,0,0,1,0,0,0,D
8717,0,0,0,0,0,0,0,1,0,0,0,D
8718,0,0,0,0,0,0,0,1,0,0,0,D
8719,0,0,0,0,0,0,0,1,0,0,0,D
8720,0,0,0,0,0,0,0,1,0,0,0,D
8721,0,0,0,0,0,0,0,1,0,0,0,D
8722,0,0,0,0,0,0,0,1,0,0,0,D
8723,0,0,0,0,0,0,0,1,0,0,0,D
8724,0,0,0,0,0,0,0,1,0,0,0,D
8725,0,0,0,0,0,0,0,1,0,0,0,D
8726,0,0,0,0,0,0,0,1,0,0,0,D
8727,0,0,0,0,0,0,0,0,0,0,0,G
8728,0,0,0,0,0,0,0,0,0,0,0,G
8729,0,0,0,0,0,0,0,0,0,0,0,G
8730,0,0,0,0,0,0,0,0,0,0,0,G
8731,0,0,0,0,0,0,0,0,0,0,0,G
8732,0,0,0,0,0,0,0,0,0,0,0,G
8733,0,0,0,0,0,0,0,0,0,0,0,G
8734,0,0,0,0,0,0,0,0,0,0,0,G
8735,0,0,0,0,0,0,0,0,0,0,0,G
8736,0,0,0,0,0,0,0,0,0,0,0,G
8737,0,0,0,0,0,0,0,0,0,0,0,G
8738,0,0,0,0,0,0,0,0,0,0,0,G
8739,0,0,0,0,0,0,0,0,0,0,0,G
8740,0,0,0,0,0,0,0,0,0,0,0,G
8741,0,0,0,0,0,0,0,0,0,0,0,G
8742,0,0,0,0,0,0,0,0,0,0,0,G
8743,0,0,0,0,0,0,0,0,0,0,0,G
8744,0,0,0,0,0,0,0,0,0,0,0,G
8745,0,0,0,0,0,0,0,0,0,0,0,G
8746,0,0,0,0,0,0,0,0,0,0,0,G
8747,0,0,0,0,0,0,0,0,0,0,0,G
8748,0,0,0,0,0,0,0,0,0,0,0,G
8749,0,0,0,0,0,0,0,0,0,0,0,G
8750,0,0,0,0,0,0,0,0,0,0,0,G
8751,0,0,0,0,0,0,0,0,0,0,0,G
8752,0,0,0,0,0,0,0,0,0,0,0,G
8753,0,0,0,0,0,0,0,0,0,0,0,G
8754,0,0,0,0,0,0,0,0,0,0,0,G
8755,0,0,0,0,0,0,0,0,0,0,0,G
8756,0,0,0,0,0,0,0,0,0,0,0,G
8757,0,0,0,0,0,0,0,0,0,0,0,G
8758,0,0,0,0,0,0,0,0,0,0,0,G
8759,0,0,0,0,0,0,0,0,0,0,0,G
8760,0,0,0,0,0,0,0,0,0,0,0,G
8761,0,0,0,0,0,0,0,0,0,0,0,G
8762,0,0,0,0,0,0,0,0,0,0,0,G
8763,0,0,0,0,0,0,0,0,1,0,0,E
8764,0,0,0,0,0,0,0,0,1,0,0,E
8765,0,0,0,0,0,0,0,0,1,0,0,E
8766,0,0,0,0,0,0,0,0,1,0,0,E
8767,0,0,0,0,0,0,0,0,1,0,0,E
8768,0,0,0,0,0,0,0,0,1,0,0,E
8769,0,0,0,0,0,0,0,0,1,0,0,E
8770,0,0,0,0,0,0,0,0,1,0,0,E
8771,0,0,0,0,0,0,0,0,1,0,0,E
8772,0,0,0,0,0,0,0,0,1,0,0,E
8773,0,0,0,0,0,0,0,0,1,0,0,E
8774,0,0,0,0,0,0,0,0,1,0,0,E
8775,0,0,0,0,0,0,0,0,1,0,0,E
8776,0,0,0,0,0,0,0,0,1,0,0,E
8777,0,0,0,0,0,0,0,0,1,0,0,E
8778,0,0,0,0,0,0,0,0,1,0,0,E
8779,0,0,0,0,0,0,0,0,1,0,0,E
8780,0,0,0,0,0,0,0,0,1,0,0,E
8781,0,0,0,0,0,0,0,0,1,0,0,E
8782,0,0,0,0,0,0,0,0,1,0,0,E
8783,0,0,0,0,0,0,0,0,1,0,0,E
8784,0,0,0,0,0,0,0,0,1,0,0,E
8785,0,0,0,0,0,0,0,0,1,0,0,E
8786,0,0,0,0,0,0,0,0,1,0,0,E
8787,0,0,0,0,0,0,0,0,1,0,0,E
8788,0,0,0,0,0,0,0,0,1,0,0,E
8789,0,0,0,0,0,0,0,0,1,0,0,E
8790,0,0,0,0,0,0,0,0,1,0,0,E
8791,0,0,0,0,0,0,0,0,1,0,0,E
8792,0,0,0,0,0,0,0,0,1,0,0,E
8793,0,0,0,0,0,0,0,0,1,0,0,E
8794,0,0,0,0,0,0,0,0,1,0,0,E
8795,0,0,0,0,0,0,0,0,1,0,0,E
8796,0,0,0,0,0,0,0,0,1,0,0,E
8797,0,0,0,0,0,0,0,0,1,0,0,E
8798,0,0,0,0,0,0,0,0,1,0,0,E
8799,0,0,0,0,0,0,0,0,1,0,0,E
8800,0,0,0,0,0,0,0,0,1,0,0,E
8801,0,0,0,0,0,0,0,0,1,0,0,E
8802,0,0,0,0,0,0,0,0,1,0,0,E
8803,0,0,0,0,0,0,0,0,1,0,0,E
8804,0,0,0,0,0,0,0,0,1,0,0,E
8805,0,0,0,0,0,0,0,0,1,0,0,E
8806,0,0,0,0,0,0,0,0,1,0,0,E
8807,0,0,0,0,0,0,0,0,1,0,0,E
8808,0,0,0,0,0,0,0,0,1,0,0,E
8809,0,0,0,0,0,0,0,0,1,0,0,E
8810,0,0,0,0,0,0,0,0,1,0,0,E
8811,0,0,0,0,0,0,0,0,1,0,0,E
8812,0,0,0,0,0,0,0,0,1,0,0,E
8813,0,0,0,0,0,0,0,0,1,0,0,E
8814,0,0,0,0,0,0,0,0,1,0,0,E
8815,0,0,0,0,0,0,0,0,1,0,0,E
8816,0,0,0,0,0,0,0,0,1,0,0,E
8817,0,0,0,0,0,0,0,0,1,0,0,E
8818,0,0,0,0,0,0,0,0,1,0,0,E
8819,0,0,0,0,0,0,0,0,1,0,0,E
8820,0,0,0,0,0,0,0,0,1,0,0,E
8821,0,0,0,0,0,0,0,0,1,0,0,E
8822,0,0,0,0,0,0,0,0,1,0,0,E
8823,0,0,0,0,0,0,0,0,1,0,0,E
8824,0,0,0,0,0,0,0,0,1,0,0,E
8825,0,0,0,0,0,0,0,0,1,0,0,E
8826,0,0,0,0,0,0,0,0,1,0,0,E
8827,0,0,0,0,0,0,0,0,1,0,0,E
8828,0,0,0,0,0,0,0,0,1,0,0,E
8829,0,0,0,0,0,0,0,0,1,0,0,E
8830,0,0,0,0,0,0,0,0,1,0,0,E
8831,0,0,0,0,0,0,0,0,1,0,0,E
8832,0,0,0,0,0,0,0,0,1,0,0,E
8833,0,0,0,0,0,0,0,0,1,0,0,E
8834,0,0,0,0,0,0,0,0,1,0,0,E
8835,0,0,0,0,0,0,0,0,1,0,0,E
8836,0,0,0,0,0,0,0,0,1,0,0,E
8837,0,0,0,0,0,0,0,0,1,0,0,E
8838,0,0,0,0,0,0,0,0,1,0,0,E
8839,0,0,0,0,0,0,0,0,1,0,0,E
8840,0,0,0,0,0,0,0,0,1,0,0,E
8841,0,0,0,0,0,0,0,0,1,0,0,E
8842,0,0,0,0,0,0,0,0,1,0,0,E
8843,0,0,0,0,0,0,0,0,1,0,0,E
8844,0,0,0,0,0,0,0,0,1,0,0,E
8845,0,0,0,0,0,0,0,0,1,0,0,E
8846,0,0,0,0,0,0,0,0,1,0,0,E
8847,0,0,0,0,0,0,0,0,1,0,0,E
8848,0,0,0,0,0,0,0,0,1,0,0,E
8849,0,0,0,0,0,0,0,0,1,0,0,E
8850,0,0,0,0,0,0,0,0,1,0,0,E
8851,0,0,0,0,0,0,0,0,1,0,0,E
8852,0,0,0,0,0,0,0,0,1,0,0,E
8853,0,0,0,0,0,0,0,0,1,0,0,E
8854,0,0,0,0,0,0,0,0,1,0,0,E
8855,0,0,0,0,0,0,0,0,1,0,0,E
8856,0,0,0,0,0,0,0,0,1,0,0,E
8857,0,0,0,0,0,0,0,0,1,0,0,E
8858,0,0,0,0,0,0,0,0,1,0,0,E
8859,0,0,0,0,0,0,0,0,1,0,0,E
8860,0,0,0,0,0,0,0,0,1,0,0,E
8861,0,0,0,0,0,0,0,0,1,0,0,E
8862,0,0,0,0,0,0,0,0,1,0,0,E
8863,0,0,0,0,0,0,0,0,1,0,0,E
8864,0,0,0,0,0,0,0,0,1,0,0,E
8865,0,0,0,0,0,0,0,0,1,0,0,E
8866,0,0,0,0,0,0,0,0,1,0,0,E
8867,0,0,0,0,0,0,0,0,1,0,0,E
8868,0,0,0,0,0,0,0,0,1,0,0,E
8869,0,0,0,0,0,0,0,0,1,0,0,E
8870,0,0,0,0,0,0,0,0,1,0,0,E
8871,0,0,0,0,0,0,0,0,1,0,0,E
8872,0,0,0,0,0,0,0,0,1,0,0,E
8873,0,0,0,0,0,0,0,0,1,0,0,E
8874,0,0,0,0,0,0,0,0,1,0,0,E
8875,0,0,0,0,0,0,0,0,1,0,0,E
8876,0,0,0,0,0,0,0,0,1,0,0,E
8877,0,0,0,0,0,0,0,0,1,0,0,E
8878,0,0,0,0,0,0,0,0,1,0,0,E
8879,0,0,0,0,0,0,0,0,1,0,0,E
8880,0,0,0,0,0,0,0,0,1,0,0,E
8881,0,0,0,0,0,0,0,0,1,0,0,E
8882,0,0,0,0,0,0,0,0,1,0,0,E
8883,0,0,0,0,0,0,0,0,1,0,0,E
8884,0,0,0,0,0,0,0,0,1,0,0,E
8885,0,0,0,0,0,0,0,0,1,0,0,E
8886,0,0,0,0,0,0,0,0,1,0,0,E
8887,0,0,0,0,0,0,0,0,1,0,0,E
8888,0,0,0,0,0,0,0,0,1,0,0,E
8889,0,0,0,0,0,0,0,0,1,0,0,E
8890,0,0,0,0,0,0,0,0,1,0,0,E
8891,0,0,0,0,0,0,0,0,1,0,0,E
8892,0,0,0,0,0,0,0,0,1,0,0,E
8893,0,0,0,0,0,0,0,0,1,0,0,E
8894,0,0,0,0,0,0,0,0,1,0,0,E
8895,0,0,0,0,0,0,0,0,1,0,0,E
8896,0,0,0,0,0,0,0,0,1,0,0,E
8897,0,0,0,0,0,0,0,0,1,0,0,E
8898,0,0,0,0,0,0,0,0,1,0,0,E
8899,0,0,0,0,0,0,0,0,1,0,0,E
8900,0,0,0,0,0,0,0,0,1,0,0,E
8901,0,0,0,0,0,0,0,0,1,0,0,E
8902,0,0,0,0,0,0,0,0,1,0,0,E
8903,0,0,0,0,0,0,0,0,1,0,0,E
8904,0,0,0,0,0,0,0,0,1,0,0,E
8905,0,0,0,0,0,0,0,0,1,0,0,E
8906,0,0,0,0,0,0,0,0,1,0,0,E
8907,0,0,0,0,0,0,0,0,1,0,0,E
8908,0,0,0,0,0,0,0,0,1,0,0,E
8909,0,0,0,0,0,0,0,0,1,0,0,E
8910,0,0,0,0,0,0,0,0,1,0,0,E
8911,0,0,0,0,0,0,0,0,1,0,0,E
8912,0,0,0,0,0,0,0,0,1,0,0,E
8913,0,0,0,0,0,0,0,0,1,0,0,E
8914,0,0,0,0,0,0,0,0,1,0,0,E
8915,0,0,0,0,0,0,0,0,1,0,0,E
8916,0,0,0,0,0,0,0,0,1,0,0,E
8917,0,0,0,0,0,0,0,0,1,0,0,E
8918,0,0,0,0,0,0,0,0,1,0,0,E
8919,0,0,0,0,0,0,0,0,1,0,0,E
8920,0,0,0,0,0,0,0,0,1,0,0,E
8921,0,0,0,0,0,0,0,0,1,0,0,E
8922,0,0,0,0,0,0,0,0,1,0,0,E
8923,0,0,0,0,0,0,0,0,1,0,0,E
8924,0,0,0,0,0,0,0,0,1,0,0,E
8925,0,0,0,0,0,0,0,0,1,0,0,E
8926,0,0,0,0,0,0,0,0,1,0,0,E
8927,0,0,0,0,0,0,0,0,1,0,0,E
8928,0,0,0,0,0,0,0,0,1,0,0,E
8929,0,0,0,0,0,0,0,0,1,0,0,E
8930,0,0,0,0,0,0,0,0,1,0,0,E
8931,0,0,0,0,0,0,0,0,1,0,0,E
8932,0,0,0,0,0,0,0,0,1,0,0,E
8933,0,0,0,0,0,0,0,0,1,0,0,E
8934,0,0,0,0,0,0,0,0,1,0,0,E
8935,0,0,0,0,0,0,0,0,1,0,0,E
8936,0,0,0,0,0,0,0,0,1,0,0,E
8937,0,0,0,0,0,0,0,0,1,0,0,E
8938,0,0,0,0,0,0,0,0,1,0,0,E
8939,0,0,0,0,0,0,0,0,1,0,0,E
8940,0,0,0,0,0,0,0,0,1,0,0,E
8941,0,0,0,0,0,0,0,0,1,0,0,E
8942,0,0,0,0,0,0,0,0,1,0,0,E
8943,0,0,0,0,0,0,0,0,1,0,0,E
8944,0,0,0,0,0,0,0,0,1,0,0,E
8945,0,0,0,0,0,0,0,0,1,0,0,E
8946,0,0,0,0,0,0,0,0,1,0,0,E
8947,0,0,0,0,0,0,0,0,1,0,0,E
8948,0,0,0,0,0,0,0,0,1,0,0,E
8949,0,0,0,0,0,0,0,0,1,0,0,E
8950,0,0,0,0,0,0,0,0,1,0,0,E
8951,0,0,0,0,0,0,0,0,1,0,0,E
8952,0,0,0,0,0,0,0,0,1,0,0,E
8953,0,0,0,0,0,0,0,0,1,0,0,E
8954,0,0,0,0,0,0,0,0,1,0,0,E
8955,0,0,0,0,0,0,0,0,1,0,0,E
8956,0,0,0,0,0,0,0,0,1,0,0,E
8957,0,0,0,0,0,0,0,0,1,0,0,E
8958,0,0,0,0,0,0,0,0,1,0,0,E
8959,0,0,0,0,0,0,0,0,1,0,0,E
8960,0,0,0,0,0,0,0,0,1,0,0,E
8961,0,0,0,0,0,0,0,0,1,0,0,E
8962,0,0,0,0,0,0,0,0,1,0,0,E
8963,0,0,0,0,0,0,0,0,1,0,0,E
8964,0,0,0,0,0,0,0,0,1,0,0,E
8965,0,0,0,0,0,0,0,0,1,0,0,E
8966,0,0,0,0,0,0,0,0,1,0,0,E
8967,0,0,0,0,0,0,0,0,1,0,0,E
8968,0,0,0,0,0,0,0,0,1,0,0,E
8969,0,0,0,0,0,0,0,0,1,0,0,E
8970,0,0,0,0,0,0,0,0,1,0,0,E
8971,0,0,0,0,0,0,0,0,1,0,0,E
8972,0,0,0,0,0,0,0,0,1,0,0,E
8973,0,0,0,0,0,0,0,0,1,0,0,E
8974,0,0,0,0,0,0,0,0,1,0,0,E
8975,0,0,0,0,0,0,0,0,1,0,0,E
8976,0,0,0,0,0,0,0,0,1,0,0,E
8977,0,0,0,0,0,0,0,0,1,0,0,E
8978,0,0,0,0,0,0,0,0,1,0,0,E
8979,0,0,0,0,0,0,0,0,1,0,0,E
8980,0,0,0,0,0,0,0,0,1,0,0,E
8981,0,0,0,0,0,0,0,0,1,0,0,E
8982,0,0,0,0,0,0,0,0,1,0,0,E
8983,0,0,0,0,0,0,0,0,1,0,0,E
8984,0,0,0,0,0,0,0,0,1,0,0,E
8985,0,0,0,0,0,0,0,0,1,0,0,E
8986,0,0,0,0,0,0,0,0,1,0,0,E
8987,0,0,0,0,0,0,0,0,1,0,0,E
8988,0,0,0,0,0,0,0,0,1,0,0,E
8989,0,0,0,0,0,0,0,0,1,0,0,E
8990,0,0,0,0,0,0,0,0,1,0,0,E
8991,0,0,0,0,0,0,0,0,1,0,0,E
8992,0,0,0,0,0,0,0,0,1,0,0,E
8993,0,0,0,0,0,0,0,0,1,0,0,E
8994,0,0,0,0,0,0,0,0,1,0,0,E
8995,0,0,0,0,0,0,0,0,1,0,0,E
8996,0,0,0,0,0,0,0,0,1,0,0,E
8997,0,0,0,0,0,0,0,0,1,0,0,E
8998,0,0,0,0,0,0,0,0,1,0,0,E
8999,0,0,0,0,0,0,0,0,1,0,0,E
9000,0,0,0,0,0,0,0,0,1,0,0,E
9001,0,0,0,0,0,0,0,0,1,0,0,E
9002,0,0,0,0,0,0,0,0,1,0,0,E
9003,0,0,0,0,0,0,0,0,1,0,0,E
9004,0,0,0,0,0,0,0,0,1,0,0,E
9005,0,0,0,0,0,0,0,0,1,0,0,E
9006,0,0,0,0,0,0,0,0,1,0,0,E
9007,0,0,0,0,0,0,0,0,1,0,0,E
9008,0,0,0,0,0,0,0,0,1,0,0,E
9009,0,0,0,0,0,0,0,0,1,0,0,E
9010,0,0,0,0,0,0,0,0,1,0,0,E
9011,0,0,0,0,0,0,0,0,1,0,0,E
9012,0,0,0,0,0,0,0,0,1,0,0,E
9013,0,0,0,0,0,0,0,0,1,0,0,E
9014,0,0,0,0,0,0,0,0,1,0,0,E
9015,0,0,0,0,0,0,0,0,1,0,0,E
9016,0,0,0,0,0,0,0,0,1,0,0,E
9017,0,0,0,0,0,0,0,0,1,0,0,E
9018,0,0,0,0,0,0,0,0,1,0,0,E
9019,0,0,0,0,0,0,0,0,1,0,0,E
9020,0,0,0,0,0,0,0,0,1,0,0,E
9021,0,0,0,0,0,0,0,0,1,0,0,E
9022,0,0,0,0,0,0,0,0,1,0,0,E
9023,0,0,0,0,0,0,0,0,1,0,0,E
9024,0,0,0,0,0,0,0,0,1,0,0,E
9025,0,0,0,0,0,0,0,0,1,0,0,E
9026,0,0,0,0,0,0,0,0,1,0,0,E
9027,0,0,0,0,0,0,0,0,1,0,0,E
9028,0,0,0,0,0,0,0,0,1,0,0,E
9029,0,0,0,0,0,0,0,0,1,0,0,E
9030,0,0,0,0,0,0,0,0,1,0,0,E
9031,0,0,0,0,0,0,0,0,1,0,0,E
9032,0,0,0,0,0,0,0,0,1,0,0,E
9033,0,0,0,0,0,0,0,0,1,0,0,E
9034,0,0,0,0,0,0,0,0,1,0,0,E
9035,0,0,0,0,0,0,0,0,1,0,0,E
9036,0,0,0,0,0,0,0,0,1,0,0,E
9037,0,0,0,0,0,0,0,0,1,0,0,E
9038,0,0,0,0,0,0,0,0,1,0,0,E
9039,0,0,0,0,0,0,0,0,1,0,0,E
9040,0,0,0,0,0,0,0,0,1,0,0,E
9041,0,0,0,0,0,0,0,0,1,0,0,E
9042,0,0,0,0,0,0,0,0,1,0,0,E
9043,0,0,0,0,0,0,0,0,1,0,0,E
9044,0,0,0,0,0,0,0,0,1,0,0,E
9045,0,0,0,0,0,0,0,0,1,0,0,E
9046,0,0,0,0,0,0,0,0,1,0,0,E
9047,0,0,0,0,0,0,0,0,1,0,0,E
9048,0,0,0,0,0,0,0,0,1,0,0,E
9049,0,0,0,0,0,0,0,0,1,0,0,E
9050,0,0,0,0,0,0,0,0,1,0,0,E
9051,0,0,0,0,0,0,0,0,1,0,0,E
9052,0,0,0,0,0,0,0,0,1,0,0,E
9053,0,0,0,0,0,0,0,0,1,0,0,E
9054,0,0,0,0,0,0,0,0,1,0,0,E
9055,0,0,0,0,0,0,0,0,1,0,0,E
9056,0,0,0,0,0,0,0,0,1,0,0,E
9057,0,0,0,0,0,0,0,0,1,0,0,E
9058,0,0,0,0,0,0,0,0,1,0,0,E
9059,0,0,0,0,0,0,0,0,1,0,0,E
9060,0,0,0,0,0,0,0,0,1,0,0,E
9061,0,0,0,0,0,0,0,0,1,0,0,E
9062,0,0,0,0,0,0,0,0,1,0,0,E
9063,0,0,0,0,0,0,0,0,1,0,0,E
9064,0,0,0,0,0,0,0,0,1,0,0,E
9065,0,0,0,0,0,0,0,0,1,0,0,E
9066,0,0,0,0,0,0,0,0,1,0,0,E
9067,0,0,0,0,0,0,0,0,1,0,0,E
9068,0,0,0,0,0,0,0,0,1,0,0,E
9069,0,0,0,0,0,0,0,0,1,0,0,E
9070,0,0,0,0,0,0,0,0,1,0,0,E
9071,0,0,0,0,0,0,0,0,1,0,0,E
9072,0,0,0,0,0,0,0,0,1,0,0,E
9073,0,0,0,0,0,0,0,0,1,0,0,E
9074,0,0,0,0,0,0,0,0,1,0,0,E
9075,0,0,0,0,0,0,0,0,1,0,0,E
9076,0,0,0,0,0,0,0,0,1,0,0,E
9077,0,0,0,0,0,0,0,0,1,0,0,E
9078,0,0,0,0,0,0,0,0,1,0,0,E
9079,0,0,0,0,0,0,0,0,1,0,0,E
9080,0,0,0,0,0,0,0,0,1,0,0,E
9081,0,0,0,0,0,0,0,0,1,0,0,E
9082,0,0,0,0,0,0,0,0,1,0,0,E
9083,0,0,0,0,0,0,0,0,1,0,0,E
9084,0,0,0,0,0,0,0,0,1,0,0,E
9085,0,0,0,0,0,0,0,0,1,0,0,E
9086,0,0,0,0,0,0,0,0,1,0,0,E
9087,0,0,0,0,0,0,0,0,1,0,0,E
9088,0,0,0,0,0,0,0,0,1,0,0,E
9089,0,0,0,0,0,0,0,0,1,0,0,E
9090,0,0,0,0,0,0,0,0,1,0,0,E
9091,0,0,0,0,0,0,0,0,1,0,0,E
9092,0,0,0,0,0,0,0,0,1,0,0,E
9093,0,0,0,0,0,0,0,0,1,0,0,E
9094,0,0,0,0,0,0,0,0,1,0,0,E
9095,0,0,0,0,0,0,0,0,1,0,0,E
9096,0,0,0,0,0,0,0,0,1,0,0,E
9097,0,0,0,0,0,0,0,0,1,0,0,E
9098,0,0,0,0,0,0,0,0,1,0,0,E
9099,0,0,0,0,0,0,0,0,1,0,0,E
9100,0,0,0,0,0,0,0,0,1,0,0,E
9101,0,0,0,0,0,0,0,0,1,0,0,E
9102,0,0,0,0,0,0,0,0,1,0,0,E
9103,0,0,0,0,0,0,0,0,1,0,0,E
9104,0,0,0,0,0,0,0,0,1,0,0,E
9105,0,0,0,0,0,0,0,0,1,0,0,E
9106,0,0,0,0,0,0,0,0,1,0,0,E
9107,0,0,0,0,0,0,0,0,1,0,0,E
9108,0,0,0,0,0,0,0,0,1,0,0,E
9109,0,0,0,0,0,0,0,0,1,0,0,E
9110,0,0,0,0,0,0,0,0,1,0,0,E
9111,0,0,0,0,0,0,0,0,1,0,0,E
9112,0,0,0,0,0,0,0,0,1,0,0,E
9113,0,0,0,0,0,0,0,0,1,0,0,E
9114,0,0,0,0,0,0,0,0,1,0,0,E
9115,0,0,0,0,0,0,0,0,1,0,0,E
9116,0,0,0,0,0,0,0,0,1,0,0,E
9117,0,0,0,0,0,0,0,0,1,0,0,E
9118,0,0,0,0,0,0,0,0,1,0,0,E
9119,0,0,0,0,0,0,0,0,1,0,0,E
9120,0,0,0,0,0,0,0,0,1,0,0,E
9121,0,0,0,0,0,0,0,0,1,0,0,E
9122,0,0,0,0,0,0,0,0,1,0,0,E
9123,0,0,0,0,0,0,0,0,1,0,0,E
9124,0,0,0,0,0,0,0,0,1,0,0,E
9125,0,0,0,0,0,0,0,0,1,0,0,E
9126,0,0,0,0,0,0,0,0,1,0,0,E
9127,0,0,0,0,0,0,0,0,1,0,0,E
9128,0,0,0,0,0,0,0,0,1,0,0,E
9129,0,0,0,0,0,0,0,0,1,0,0,E
9130,0,0,0,0,0,0,0,0,1,0,0,E
9131,0,0,0,0,0,0,0,0,1,0,0,E
9132,0,0,0,0,0,0,0,0,1,0,0,E
9133,0,0,0,0,0,0,0,0,1,0,0,E
9134,0,0,0,0,0,0,0,0,1,0,0,E
9135,0,0,0,0,0,0,0,0,1,0,0,E
9136,0,0,0,0,0,0,0,0,1,0,0,E
9137,0,0,0,0,0,0,0,0,1,0,0,E
9138,0,0,0,0,0,0,0,0,1,0,0,E
9139,0,0,0,0,0,0,0,0,1,0,0,E
9140,0,0,0,0,0,0,0,0,1,0,0,E
9141,0,0,0,0,0,0,0,0,1,0,0,E
9142,0,0,0,0,0,0,0,0,1,0,0,E
9143,0,0,0,0,0,0,0,0,1,0,0,E
9144,0,0,0,0,0,0,0,0,1,0,0,E
9145,0,0,0,0,0,0,0,0,1,0,0,E
9146,0,0,0,0,0,0,0,0,1,0,0,E
9147,0,0,0,0,0,0,0,0,1,0,0,E
9148,0,0,0,0,0,0,0,0,1,0,0,E
9149,0,0,0,0,0,0,0,0,1,0,0,E
9150,0,0,0,0,0,0,0,0,1,0,0,E
9151,0,0,0,0,0,0,0,0,1,0,0,E
9152,0,0,0,0,0,0,0,0,1,0,0,E
9153,0,0,0,0,0,0,0,0,1,0,0,E
9154,0,0,0,0,0,0,0,0,1,0,0,E
9155,0,0,0,0,0,0,0,0,1,0,0,E
9156,0,0,0,0,0,0,0,0,1,0,0,E
9157,0,0,0,0,0,0,0,0,1,0,0,E
9158,0,0,0,0,0,0,0,0,1,0,0,E
9159,0,0,0,0,0,0,0,0,1,0,0,E
9160,0,0,0,0,0,0,0,0,1,0,0,E
9161,0,0,0,0,0,0,0,0,1,0,0,E
9162,0,0,0,0,0,0,0,0,1,0,0,E
9163,0,0,0,0,0,0,0,0,1,0,0,E
9164,0,0,0,0,0,0,0,0,1,0,0,E
9165,0,0,0,0,0,0,0,0,1,0,0,E
9166,0,0,0,0,0,0,0,0,1,0,0,E
9167,0,0,0,0,0,0,0,0,1,0,0,E
9168,0,0,0,0,0,0,0,0,1,0,0,E
9169,0,0,0,0,0,0,0,0,1,0,0,E
9170,0,0,0,0,0,0,0,0,1,0,0,E
9171,0,0,0,0,0,0,0,0,1,0,0,E
9172,0,0,0,0,0,0,0,0,1,0,0,E
9173,0,0,0,0,0,0,0,0,1,0,0,E
9174,0,0,0,0,0,0,0,0,1,0,0,E
9175,0,0,0,0,0,0,0,0,1,0,0,E
9176,0,0,0,0,0,0,0,0,1,0,0,E
9177,0,0,0,0,0,0,0,0,1,0,0,E
9178,0,0,0,0,0,0,0,0,1,0,0,E
9179,0,0,0,0,0,0,0,0,1,0,0,E
9180,0,0,0,0,0,0,0,0,1,0,0,E
9181,0,0,0,0,0,0,0,0,1,0,0,E
9182,0,0,0,0,0,0,0,0,1,0,0,E
9183,0,0,0,0,0,0,0,0,1,0,0,E
9184,0,0,0,0,0,0,0,0,1,0,0,E
9185,0,0,0,0,0,0,0,0,1,0,0,E
9186,0,0,0,0,0,0,0,0,1,0,0,E
9187,0,0,0,0,0,0,0,0,1,0,0,E
9188,0,0,0,0,0,0,0,0,1,0,0,E
9189,0,0,0,0,0,0,0,0,1,0,0,E
9190,0,0,0,0,0,0,0,0,1,0,0,E
9191,0,0,0,0,0,0,0,0,1,0,0,E
9192,0,0,0,0,0,0,0,0,1,0,0,E
9193,0,0,0,0,0,0,0,0,1,0,0,E
9194,0,0,0,0,0,0,0,0,1,0,0,E
9195,0,0,0,0,0,0,0,0,1,0,0,E
9196,0,0,0,0,0,0,0,0,1,0,0,E
9197,0,0,0,0,0,0,0,0,1,0,0,E
9198,0,0,0,0,0,0,0,0,1,0,0,E
9199,0,0,0,0,0,0,0,0,1,0,0,E
9200,0,0,0,0,0,0,0,0,1,0,0,E
9201,0,0,0,0,0,0,0,0,1,0,0,E
9202,0,0,0,0,0,0,0,0,1,0,0,E
9203,0,0,0,0,0,0,0,0,1,0,0,E
9204,0,0,0,0,0,0,0,0,1,0,0,E
9205,0,0,0,0,0,0,0,0,1,0,0,E
9206,0,0,0,0,0,0,0,0,1,0,0,E
9207,0,0,0,0,0,0,0,0,1,0,0,E
9208,0,0,0,0,0,0,0,0,1,0,0,E
9209,0,0,0,0,0,0,0,0,1,0,0,E
9210,0,0,0,0,0,0,0,0,1,0,0,E
9211,0,0,0,0,0,0,0,0,1,0,0,E
9212,0,0,0,0,0,0,0,0,1,0,0,E
9213,0,0,0,0,0,0,0,0,1,0,0,E
9214,0,0,0,0,0,0,0,0,1,0,0,E
9215,0,0,0,0,0,0,0,0,1,0,0,E
9216,0,0,0,0,0,0,0,0,1,0,0,E
9217,0,0,0,0,0,0,0,0,1,0,0,E
9218,0,0,0,0,0,0,0,0,1,0,0,E
9219,0,0,0,0,0,0,0,0,1,0,0,E
9220,0,0,0,0,0,0,0,0,1,0,0,E
9221,0,0,0,0,0,0,0,0,1,0,0,E
9222,0,0,0,0,0,0,0,0,1,0,0,E
9223,0,0,0,0,0,0,0,0,1,0,0,E
9224,0,0,0,0,0,0,0,0,1,0,0,E
9225,0,0,0,0,0,0,0,0,1,0,0,E
9226,0,0,0,0,0,0,0,0,1,0,0,E
9227,0,0,0,0,0,0,0,0,1,0,0,E
9228,0,0,0,0,0,0,0,0,1,0,0,E
9229,0,0,0,0,0,0,0,0,1,0,0,E
9230,0,0,0,0,0,0,0,0,1,0,0,E
9231,0,0,0,0,0,0,0,0,1,0,0,E
9232,0,0,0,0,0,0,0,0,1,0,0,E
9233,0,0,0,0,0,0,0,0,1,0,0,E
9234,0,0,0,0,0,0,0,0,1,0,0,E
9235,0,0,0,0,0,0,0,0,1,0,0,E
9236,0,0,0,0,0,0,0,0,1,0,0,E
9237,0,0,0,0,0,0,0,0,1,0,0,E
9238,0,0,0,0,0,0,0,0,1,0,0,E
9239,0,0,0,0,0,0,0,0,1,0,0,E
9240,0,0,0,0,0,0,0,0,1,0,0,E
9241,0,0,0,0,0,0,0,0,1,0,0,E
9242,0,0,0,0,0,0,0,0,1,0,0,E
9243,0,0,0,0,0,0,0,0,1,0,0,E
9244,0,0,0,0,0,0,0,0,1,0,0,E
9245,0,0,0,0,0,0,0,0,1,0,0,E
9246,0,0,0,0,0,0,0,0,1,0,0,E
9247,0,0,0,0,0,0,0,0,1,0,0,E
9248,0,0,0,0,0,0,0,0,1,0,0,E
9249,0,0,0,0,0,0,0,0,1,0,0,E
9250,0,0,0,0,0,0,0,0,1,0,0,E
9251,0,0,0,0,0,0,0,0,1,0,0,E
9252,0,0,0,0,0,0,0,0,1,0,0,E
9253,0,0,0,0,0,0,0,0,1,0,0,E
9254,0,0,0,0,0,0,0,0,1,0,0,E
9255,0,0,0,0,0,0,0,0,1,0,0,E
9256,0,0,0,0,0,0,0,0,1,0,0,E
9257,0,0,0,0,0,0,0,0,1,0,0,E
9258,0,0,0,0,0,0,0,0,1,0,0,E
9259,0,0,0,0,0,0,0,0,1,0,0,E
9260,0,0,0,0,0,0,0,0,1,0,0,E
9261,0,0,0,0,0,0,0,0,1,0,0,E
9262,0,0,0,0,0,0,0,0,1,0,0,E
9263,0,0,0,0,0,0,0,0,1,0,0,E
9264,0,0,0,0,0,0,0,0,1,0,0,E
9265,0,0,0,0,0,0,0,0,1,0,0,E
9266,0,0,0,0,0,0,0,0,1,0,0,E
9267,0,0,0,0,0,0,0,0,1,0,0,E
9268,0,0,0,0,0,0,0,0,1,0,0,E
9269,0,0,0,0,0,0,0,0,1,0,0,E
9270,0,0,0,0,0,0,0,0,1,0,0,E
9271,0,0,0,0,0,0,0,0,1,0,0,E
9272,0,0,0,0,0,0,0,0,1,0,0,E
9273,0,0,0,0,0,0,0,0,1,0,0,E
9274,0,0,0,0,0,0,0,0,1,0,0,E
9275,0,0,0,0,0,0,0,0,1,0,0,E
9276,0,0,0,0,0,0,0,0,1,0,0,E
9277,0,0,0,0,0,0,0,0,1,0,0,E
9278,0,0,0,0,0,0,0,0,1,0,0,E
9279,0,0,0,0,0,0,0,0,1,0,0,E
9280,0,0,0,0,0,0,0,0,1,0,0,E
9281,0,0,0,0,0,0,0,0,1,0,0,E
9282,0,0,0,0,0,0,0,0,1,0,0,E
9283,0,0,0,0,0,0,0,0,1,0,0,E
9284,0,0,0,0,0,0,0,0,1,0,0,E
9285,0,0,0,0,0,0,0,0,1,0,0,E
9286,0,0,0,0,0,0,0,0,1,0,0,E
9287,0,0,0,0,0,0,0,0,1,0,0,E
9288,0,0,0,0,0,0,0,0,1,0,0,E
9289,0,0,0,0,0,0,0,0,1,0,0,E
9290,0,0,0,0,0,0,0,0,1,0,0,E
9291,0,0,0,0,0,0,0,0,1,0,0,E
9292,0,0,0,0,0,0,0,0,1,0,0,E
9293,0,0,0,0,0,0,0,0,1,0,0,E
9294,0,0,0,0,0,0,0,0,1,0,0,E
9295,0,0,0,0,0,0,0,0,1,0,0,E
9296,0,0,0,0,0,0,0,0,1,0,0,E
9297,0,0,0,0,0,0,0,0,1,0,0,E
9298,0,0,0,0,0,0,0,0,1,0,0,E
9299,0,0,0,0,0,0,0,0,1,0,0,E
9300,0,0,0,0,0,0,0,0,1,0,0,E
9301,0,0,0,0,0,0,0,0,1,0,0,E
9302,0,0,0,0,0,0,0,0,1,0,0,E
9303,0,0,0,0,0,0,0,0,1,0,0,E
9304,0,0,0,0,0,0,0,0,1,0,0,E
9305,0,0,0,0,0,0,0,0,1,0,0,E
9306,0,0,0,0,0,0,0,0,1,0,0,E
9307,0,0,0,0,0,0,0,0,1,0,0,E
9308,0,0,0,0,0,0,0,0,1,0,0,E
9309,0,0,0,0,0,0,0,0,1,0,0,E
9310,0,0,0,0,0,0,0,0,1,0,0,E
9311,0,0,0,0,0,0,0,0,1,0,0,E
9312,0,0,0,0,0,0,0,0,1,0,0,E
9313,0,0,0,0,0,0,0,0,1,0,0,E
9314,0,0,0,0,0,0,0,0,1,0,0,E
9315,0,0,0,0,0,0,0,0,1,0,0,E
9316,0,0,0,0,0,0,0,0,1,0,0,E
9317,0,0,0,0,0,0,0,0,1,0,0,E
9318,0,0,0,0,0,0,0,0,1,0,0,E
9319,0,0,0,0,0,0,0,0,1,0,0,E
9320,0,0,0,0,0,0,0,0,1,0,0,E
9321,0,0,0,0,0,0,0,0,1,0,0,E
9322,0,0,0,0,0,0,0,0,1,0,0,E
9323,0,0,0,0,0,0,0,0,1,0,0,E
9324,0,0,0,0,0,0,0,0,1,0,0,E
9325,0,0,0,0,0,0,0,0,1,0,0,E
9326,0,0,0,0,0,0,0,0,1,0,0,E
9327,0,0,0,0,0,0,0,0,1,0,0,E
9328,0,0,0,0,0,0,0,0,1,0,0,E
9329,0,0,0,0,0,0,0,0,1,0,0,E
9330,0,0,0,0,0,0,0,0,1,0,0,E
9331,0,0,0,0,0,0,0,0,1,0,0,E
9332,0,0,0,0,0,0,0,0,1,0,0,E
9333,0,0,0,0,0,0,0,0,1,0,0,E
9334,0,0,0,0,0,0,0,0,1,0,0,E
9335,0,0,0,0,0,0,0,0,1,0,0,E
9336,0,0,0,0,0,0,0,0,1,0,0,E
9337,0,0,0,0,0,0,0,0,1,0,0,E
9338,0,0,0,0,0,0,0,0,1,0,0,E
9339,0,0,0,0,0,0,0,0,1,0,0,E
9340,0,0,0,0,0,0,0,0,1,0,0,E
9341,0,0,0,0,0,0,0,0,1,0,0,E
9342,0,0,0,0,0,0,0,0,1,0,0,E
9343,0,0,0,0,0,0,0,0,1,0,0,E
9344,0,0,0,0,0,0,0,0,1,0,0,E
9345,0,0,0,0,0,0,0,0,1,0,0,E
9346,0,0,0,0,0,0,0,0,1,0,0,E
9347,0,0,0,0,0,0,0,0,1,0,0,E
9348,0,0,0,0,0,0,0,0,1,0,0,E
9349,0,0,0,0,0,0,0,0,1,0,0,E
9350,0,0,0,0,0,0,0,0,1,0,0,E
9351,0,0,0,0,0,0,0,0,1,0,0,E
9352,0,0,0,0,0,0,0,0,1,0,0,E
9353,0,0,0,0,0,0,0,0,1,0,0,E
9354,0,0,0,0,0,0,0,0,1,0,0,E
9355,0,0,0,0,0,0,0,0,1,0,0,E
9356,0,0,0,0,0,0,0,0,1,0,0,E
9357,0,0,0,0,0,0,0,0,1,0,0,E
9358,0,0,0,0,0,0,0,0,1,0,0,E
9359,0,0,0,0,0,0,0,0,1,0,0,E
9360,0,0,0,0,0,0,0,0,1,0,0,E
9361,0,0,0,0,0,0,0,0,1,0,0,E
9362,0,0,0,0,0,0,0,0,1,0,0,E
9363,0,0,0,0,0,0,0,0,1,0,0,E
9364,0,0,0,0,0,0,0,0,1,0,0,E
9365,0,0,0,0,0,0,0,0,1,0,0,E
9366,0,0,0,0,0,0,0,0,1,0,0,E
9367,0,0,0,0,0,0,0,0,1,0,0,E
9368,0,0,0,0,0,0,0,0,1,0,0,E
9369,0,0,0,0,0,0,0,0,1,0,0,E
9370,0,0,0,0,0,0,0,0,1,0,0,E
9371,0,0,0,0,0,0,0,0,1,0,0,E
9372,0,0,0,0,0,0,0,0,1,0,0,E
9373,0,0,0,0,0,0,0,0,1,0,0,E
9374,0,0,0,0,0,0,0,0,1,0,0,E
9375,0,0,0,0,0,0,0,0,1,0,0,E
9376,0,0,0,0,0,0,0,0,1,0,0,E
9377,0,0,0,0,0,0,0,0,1,0,0,E
9378,0,0,0,0,0,0,0,0,1,0,0,E
9379,0,0,0,0,0,0,0,0,1,0,0,E
9380,0,0,0,0,0,0,0,0,1,0,0,E
9381,0,0,0,0,0,0,0,0,1,0,0,E
9382,0,0,0,0,0,0,0,0,1,0,0,E
9383,0,0,0,0,0,0,0,0,1,0,0,E
9384,0,0,0,0,0,0,0,0,1,0,0,E
9385,0,0,0,0,0,0,0,0,1,0,0,E
9386,0,0,0,0,0,0,0,0,1,0,0,E
9387,0,0,0,0,0,0,0,0,1,0,0,E
9388,0,0,0,0,0,0,0,0,1,0,0,E
9389,0,0,0,0,0,0,0,0,1,0,0,E
9390,0,0,0,0,0,0,0,0,1,0,0,E
9391,0,0,0,0,0,0,0,0,1,0,0,E
9392,0,0,0,0,0,0,0,0,1,0,0,E
9393,0,0,0,0,0,0,0,0,1,0,0,E
9394,0,0,0,0,0,0,0,0,1,0,0,E
9395,0,0,0,0,0,0,0,0,1,0,0,E
9396,0,0,0,0,0,0,0,0,1,0,0,E
9397,0,0,0,0,0,0,0,0,1,0,0,E
9398,0,0,0,0,0,0,0,0,1,0,0,E
9399,0,0,0,0,0,0,0,0,1,0,0,E
9400,0,0,0,0,0,0,0,0,1,0,0,E
9401,0,0,0,0,0,0,0,0,1,0,0,E
9402,0,0,0,0,0,0,0,0,1,0,0,E
9403,0,0,0,0,0,0,0,0,1,0,0,E
9404,0,0,0,0,0,0,0,0,1,0,0,E
9405,0,0,0,0,0,0,0,0,1,0,0,E
9406,0,0,0,0,0,0,0,0,1,0,0,E
9407,0,0,0,0,0,0,0,0,1,0,0,E
9408,0,0,0,0,0,0,0,0,1,0,0,E
9409,0,0,0,0,0,0,0,0,1,0,0,E
9410,0,0,0,0,0,0,0,0,1,0,0,E
9411,0,0,0,0,0,0,0,0,1,0,0,E
9412,0,0,0,0,0,0,0,0,1,0,0,E
9413,0,0,0,0,0,0,0,0,1,0,0,E
9414,0,0,0,0,0,0,0,0,1,0,0,E
9415,0,0,0,0,0,0,0,0,1,0,0,E
9416,0,0,0,0,0,0,0,0,1,0,0,E
9417,0,0,0,0,0,0,0,0,1,0,0,E
9418,0,0,0,0,0,0,0,0,1,0,0,E
9419,0,0,0,0,0,0,0,0,1,0,0,E
9420,0,0,0,0,0,0,0,0,1,0,0,E
9421,0,0,0,0,0,0,0,0,1,0,0,E
9422,0,0,0,0,0,0,0,0,1,0,0,E
9423,0,0,0,0,0,0,0,0,1,0,0,E
9424,0,0,0,0,0,0,0,0,1,0,0,E
9425,0,0,0,0,0,0,0,0,1,0,0,E
9426,0,0,0,0,0,0,0,0,1,0,0,E
9427,0,0,0,0,0,0,0,0,1,0,0,E
9428,0,0,0,0,0,0,0,0,1,0,0,E
9429,0,0,0,0,0,0,0,0,1,0,0,E
9430,0,0,0,0,0,0,0,0,1,0,0,E
9431,0,0,0,0,0,0,0,0,1,0,0,E
9432,0,0,0,0,0,0,0,0,1,0,0,E
9433,0,0,0,0,0,0,0,0,1,0,0,E
9434,0,0,0,0,0,0,0,0,1,0,0,E
9435,0,0,0,0,0,0,0,0,1,0,0,E
9436,0,0,0,0,0,0,0,0,1,0,0,E
9437,0,0,0,0,0,0,0,0,1,0,0,E
9438,0,0,0,0,0,0,0,0,1,0,0,E
9439,0,0,0,0,0,0,0,0,1,0,0,E
9440,0,0,0,0,0,0,0,0,1,0,0,E
9441,0,0,0,0,0,0,0,0,1,0,0,E
9442,0,0,0,0,0,0,0,0,1,0,0,E
9443,0,0,0,0,0,0,0,0,1,0,0,E
9444,0,0,0,0,0,0,0,0,1,0,0,E
9445,0,0,0,0,0,0,0,0,1,0,0,E
9446,0,0,0,0,0,0,0,0,1,0,0,E
9447,0,0,0,0,0,0,0,0,1,0,0,E
9448,0,0,0,0,0,0,0,0,1,0,0,E
9449,0,0,0,0,0,0,0,0,1,0,0,E
9450,0,0,0,0,0,0,0,0,1,0,0,E
9451,0,0,0,0,0,0,0,0,1,0,0,E
9452,0,0,0,0,0,0,0,0,1,0,0,E
9453,0,0,0,0,0,0,0,0,1,0,0,E
9454,0,0,0,0,0,0,0,0,1,0,0,E
9455,0,0,0,0,0,0,0,0,1,0,0,E
9456,0,0,0,0,0,0,0,0,1,0,0,E
9457,0,0,0,0,0,0,0,0,1,0,0,E
9458,0,0,0,0,0,0,0,0,1,0,0,E
9459,0,0,0,0,0,0,0,0,1,0,0,E
9460,0,0,0,0,0,0,0,0,1,0,0,E
9461,0,0,0,0,0,0,0,0,1,0,0,E
9462,0,0,0,0,0,0,0,0,1,0,0,E
9463,0,0,0,0,0,0,0,0,1,0,0,E
9464,0,0,0,0,0,0,0,0,1,0,0,E
9465,0,0,0,0,0,0,0,0,1,0,0,E
9466,0,0,0,0,0,0,0,0,1,0,0,E
9467,0,0,0,0,0,0,0,0,1,0,0,E
9468,0,0,0,0,0,0,0,0,1,0,0,E
9469,0,0,0,0,0,0,0,0,1,0,0,E
9470,0,0,0,0,0,0,0,0,1,0,0,E
9471,0,0,0,0,0,0,0,0,1,0,0,E
9472,0,0,0,0,0,0,0,0,1,0,0,E
9473,0,0,0,0,0,0,0,0,1,0,0,E
9474,0,0,0,0,0,0,0,0,1,0,0,E
9475,0,0,0,0,0,0,0,0,1,0,0,E
9476,0,0,0,0,0,0,0,0,1,0,0,E
9477,0,0,0,0,0,0,0,0,1,0,0,E
9478,0,0,0,0,0,0,0,0,1,0,0,E
9479,0,0,0,0,0,0,0,0,1,0,0,E
9480,0,0,0,0,0,0,0,0,1,0,0,E
9481,0,0,0,0,0,0,0,0,1,0,0,E
9482,0,0,0,0,0,0,0,0,1,0,0,E
9483,0,0,0,0,0,0,0,0,1,0,0,E
9484,0,0,0,0,0,0,0,0,1,0,0,E
9485,0,0,0,0,0,0,0,0,1,0,0,E
9486,0,0,0,0,0,0,0,0,1,0,0,E
9487,0,0,0,0,0,0,0,0,1,0,0,E
9488,0,0,0,0,0,0,0,0,1,0,0,E
9489,0,0,0,0,0,0,0,0,1,0,0,E
9490,0,0,0,0,0,0,0,0,1,0,0,E
9491,0,0,0,0,0,0,0,0,1,0,0,E
9492,0,0,0,0,0,0,0,0,1,0,0,E
9493,0,0,0,0,0,0,0,0,1,0,0,E
9494,0,0,0,0,0,0,0,0,1,0,0,E
9495,0,0,0,0,0,0,0,0,1,0,0,E
9496,0,0,0,0,0,0,0,0,1,0,0,E
9497,0,0,0,0,0,0,0,0,1,0,0,E
9498,0,0,0,0,0,0,0,0,1,0,0,E
9499,0,0,0,0,0,0,0,0,1,0,0,E
9500,0,0,0,0,0,0,0,0,1,0,0,E
9501,0,0,0,0,0,0,0,0,1,0,0,E
9502,0,0,0,0,0,0,0,0,1,0,0,E
9503,0,0,0,0,0,0,0,0,1,0,0,E
9504,0,0,0,0,0,0,0,0,1,0,0,E
9505,0,0,0,0,0,0,0,0,1,0,0,E
9506,0,0,0,0,0,0,0,0,1,0,0,E
9507,0,0,0,0,0,0,0,0,1,0,0,E
9508,0,0,0,0,0,0,0,0,1,0,0,E
9509,0,0,0,0,0,0,0,0,1,0,0,E
9510,0,0,0,0,0,0,0,0,1,0,0,E
9511,0,0,0,0,0,0,0,0,1,0,0,E
9512,0,0,0,0,0,0,0,0,1,0,0,E
9513,0,0,0,0,0,0,0,0,1,0,0,E
9514,0,0,0,0,0,0,0,0,1,0,0,E
9515,0,0,0,0,0,0,0,0,1,0,0,E
9516,0,0,0,0,0,0,0,0,1,0,0,E
9517,0,0,0,0,0,0,0,0,1,0,0,E
9518,0,0,0,0,0,0,0,0,1,0,0,E
9519,0,0,0,0,0,0,0,0,1,0,0,E
9520,0,0,0,0,0,0,0,0,1,0,0,E
9521,0,0,0,0,0,0,0,0,1,0,0,E
9522,0,0,0,0,0,0,0,0,1,0,0,E
9523,0,0,0,0,0,0,0,0,1,0,0,E
9524,0,0,0,0,0,0,0,0,1,0,0,E
9525,0,0,0,0,0,0,0,0,1,0,0,E
9526,0,0,0,0,0,0,0,0,1,0,0,E
9527,0,0,0,0,0,0,0,0,1,0,0,E
9528,0,0,0,0,0,0,0,0,1,0,0,E
9529,0,0,0,0,0,0,0,0,1,0,0,E
9530,0,0,0,0,0,0,0,0,1,0,0,E
9531,0,0,0,0,0,0,0,0,1,0,0,E
9532,0,0,0,0,0,0,0,0,1,0,0,E
9533,0,0,0,0,0,0,0,0,1,0,0,E
9534,0,0,0,0,0,0,0,0,1,0,0,E
9535,0,0,0,0,0,0,0,0,1,0,0,E
9536,0,0,0,0,0,0,0,0,1,0,0,E
9537,0,0,0,0,0,0,0,0,1,0,0,E
9538,0,0,0,0,0,0,0,0,1,0,0,E
9539,0,0,0,0,0,0,0,0,1,0,0,E
9540,0,0,0,0,0,0,0,0,1,0,0,E
9541,0,0,0,0,0,0,0,0,1,0,0,E
9542,0,0,0,0,0,0,0,0,1,0,0,E
9543,0,0,0,0,0,0,0,0,1,0,0,E
9544,0,0,0,0,0,0,0,0,1,0,0,E
9545,0,0,0,0,0,0,0,0,1,0,0,E
9546,0,0,0,0,0,0,0,0,1,0,0,E
9547,0,0,0,0,0,0,0,0,1,0,0,E
9548,0,0,0,0,0,0,0,0,1,0,0,E
9549,0,0,0,0,0,0,0,0,1,0,0,E
9550,0,0,0,0,0,0,0,0,1,0,0,E
9551,0,0,0,0,0,0,0,0,1,0,0,E
9552,0,0,0,0,0,0,0,0,1,0,0,E
9553,0,0,0,0,0,0,0,0,1,0,0,E
9554,0,0,0,0,0,0,0,0,1,0,0,E
9555,0,0,0,0,0,0,0,0,1,0,0,E
9556,0,0,0,0,0,0,0,0,1,0,0,E
9557,0,0,0,0,0,0,0,0,1,0,0,E
9558,0,0,0,0,0,0,0,0,1,0,0,E
9559,0,0,0,0,0,0,0,0,1,0,0,E
9560,0,0,0,0,0,0,0,0,1,0,0,E
9561,0,0,0,0,0,0,0,0,1,0,0,E
9562,0,0,0,0,0,0,0,0,1,0,0,E
9563,0,0,0,0,0,0,0,0,1,0,0,E
9564,0,0,0,0,0,0,0,0,1,0,0,E
9565,0,0,0,0,0,0,0,0,1,0,0,E
9566,0,0,0,0,0,0,0,0,1,0,0,E
9567,0,0,0,0,0,0,0,0,1,0,0,E
9568,0,0,0,0,0,0,0,0,1,0,0,E
9569,0,0,0,0,0,0,0,0,1,0,0,E
9570,0,0,0,0,0,0,0,0,1,0,0,E
9571,0,0,0,0,0,0,0,0,1,0,0,E
9572,0,0,0,0,0,0,0,0,1,0,0,E
9573,0,0,0,0,0,0,0,0,1,0,0,E
9574,0,0,0,0,0,0,0,0,1,0,0,E
9575,0,0,0,0,0,0,0,0,1,0,0,E
9576,0,0,0,0,0,0,0,0,1,0,0,E
9577,0,0,0,0,0,0,0,0,1,0,0,E
9578,0,0,0,0,0,0,0,0,1,0,0,E
9579,0,0,0,0,0,0,0,0,1,0,0,E
9580,0,0,0,0,0,0,0,0,1,0,0,E
9581,0,0,0,0,0,0,0,0,1,0,0,E
9582,0,0,0,0,0,0,0,0,1,0,0,E
9583,0,0,0,0,0,0,0,0,1,0,0,E
9584,0,0,0,0,0,0,0,0,1,0,0,E
9585,0,0,0,0,0,0,0,0,1,0,0,E
9586,0,0,0,0,0,0,0,0,1,0,0,E
9587,0,0,0,0,0,0,0,0,1,0,0,E
9588,0,0,0,0,0,0,0,0,1,0,0,E
9589,0,0,0,0,0,0,0,0,1,0,0,E
9590,0,0,0,0,0,0,0,0,1,0,0,E
9591,0,0,0,0,0,0,0,0,1,0,0,E
9592,0,0,0,0,0,0,0,0,1,0,0,E
9593,0,0,0,0,0,0,0,0,1,0,0,E
9594,0,0,0,0,0,0,0,0,1,0,0,E
9595,0,0,0,0,0,0,0,0,1,0,0,E
9596,0,0,0,0,0,0,0,0,1,0,0,E
9597,0,0,0,0,0,0,0,0,1,0,0,E
9598,0,0,0,0,0,0,0,0,1,0,0,E
9599,0,0,0,0,0,0,0,0,1,0,0,E
9600,0,0,0,0,0,0,0,0,1,0,0,E
9601,0,0,0,0,0,0,0,0,1,0,0,E
9602,0,0,0,0,0,0,0,0,1,0,0,E
9603,0,0,0,0,0,0,0,0,1,0,0,E
9604,0,0,0,0,0,0,0,0,1,0,0,E
9605,0,0,0,0,0,0,0,0,1,0,0,E
9606,0,0,0,0,0,0,0,0,1,0,0,E
9607,0,0,0,0,0,0,0,0,1,0,0,E
9608,0,0,0,0,0,0,0,0,1,0,0,E
9609,0,0,0,0,0,0,0,0,1,0,0,E
9610,0,0,0,0,0,0,0,0,1,0,0,E
9611,0,0,0,0,0,0,0,0,1,0,0,E
9612,0,0,0,0,0,0,0,0,1,0,0,E
9613,0,0,0,0,0,0,0,0,1,0,0,E
9614,0,0,0,0,0,0,0,0,1,0,0,E
9615,0,0,0,0,0,0,0,0,1,0,0,E
9616,0,0,0,0,0,0,0,0,1,0,0,E
9617,0,0,0,0,0,0,0,0,1,0,0,E
9618,0,0,0,0,0,0,0,0,1,0,0,E
9619,0,0,0,0,0,0,0,0,1,0,0,E
9620,0,0,0,0,0,0,0,0,1,0,0,E
9621,0,0,0,0,0,0,0,0,1,0,0,E
9622,0,0,0,0,0,0,0,0,1,0,0,E
9623,0,0,0,0,0,0,0,0,1,0,0,E
9624,0,0,0,0,0,0,0,0,1,0,0,E
9625,0,0,0,0,0,0,0,0,1,0,0,E
9626,0,0,0,0,0,0,0,0,1,0,0,E
9627,0,0,0,0,0,0,0,0,1,0,0,E
9628,0,0,0,0,0,0,0,0,1,0,0,E
9629,0,0,0,0,0,0,0,0,1,0,0,E
9630,0,0,0,0,0,0,0,0,1,0,0,E
9631,0,0,0,0,0,0,0,0,1,0,0,E
9632,0,0,0,0,0,0,0,0,1,0,0,E
9633,0,0,0,0,0,0,0,0,1,0,0,E
9634,0,0,0,0,0,0,0,0,1,0,0,E
9635,0,0,0,0,0,0,0,0,1,0,0,E
9636,0,0,0,0,0,0,0,0,1,0,0,E
9637,0,0,0,0,0,0,0,0,1,0,0,E
9638,0,0,0,0,0,0,0,0,1,0,0,E
9639,0,0,0,0,0,0,0,0,1,0,0,E
9640,0,0,0,0,0,0,0,0,1,0,0,E
9641,0,0,0,0,0,0,0,0,1,0,0,E
9642,0,0,0,0,0,0,0,0,1,0,0,E
9643,0,0,0,0,0,0,0,0,1,0,0,E
9644,0,0,0,0,0,0,0,0,1,0,0,E
9645,0,0,0,0,0,0,0,0,1,0,0,E
9646,0,0,0,0,0,0,0,0,1,0,0,E
9647,0,0,0,0,0,0,0,0,1,0,0,E
9648,0,0,0,0,0,0,0,0,1,0,0,E
9649,0,0,0,0,0,0,0,0,1,0,0,E
9650,0,0,0,0,0,0,0,0,1,0,0,E
9651,0,0,0,0,0,0,0,0,1,0,0,E
9652,0,0,0,0,0,0,0,0,1,0,0,E
9653,0,0,0,0,0,0,0,0,1,0,0,E
9654,0,0,0,0,0,0,0,0,1,0,0,E
9655,0,0,0,0,0,0,0,0,1,0,0,E
9656,0,0,0,0,0,0,0,0,1,0,0,E
9657,0,0,0,0,0,0,0,0,1,0,0,E
9658,0,0,0,0,0,0,0,0,1,0,0,E
9659,0,0,0,0,0,0,0,0,1,0,0,E
9660,0,0,0,0,0,0,0,0,1,0,0,E
9661,0,0,0,0,0,0,0,0,1,0,0,E
9662,0,0,0,0,0,0,0,0,1,0,0,E
9663,0,0,0,0,0,0,0,0,1,0,0,E
9664,0,0,0,0,0,0,0,0,1,0,0,E
9665,0,0,0,0,0,0,0,0,1,0,0,E
9666,0,0,0,0,0,0,0,0,1,0,0,E
9667,0,0,0,0,0,0,0,0,1,0,0,E
9668,0,0,0,0,0,0,0,0,1,0,0,E
9669,0,0,0,0,0,0,0,0,1,0,0,E
9670,0,0,0,0,0,0,0,0,1,0,0,E
9671,0,0,0,0,0,0,0,0,1,0,0,E
9672,0,0,0,0,0,0,0,0,1,0,0,E
9673,0,0,0,0,0,0,0,0,1,0,0,E
9674,0,0,0,0,0,0,0,0,1,0,0,E
9675,0,0,0,0,0,0,0,0,1,0,0,E
9676,0,0,0,0,0,0,0,0,1,0,0,E
9677,0,0,0,0,0,0,0,0,1,0,0,E
9678,0,0,0,0,0,0,0,0,1,0,0,E
9679,0,0,0,0,0,0,0,0,1,0,0,E
9680,0,0,0,0,0,0,0,0,1,0,0,E
9681,0,0,0,0,0,0,0,0,1,0,0,E
9682,0,0,0,0,0,0,0,0,1,0,0,E
9683,0,0,0,0,0,0,0,0,1,0,0,E
9684,0,0,0,0,0,0,0,0,1,0,0,E
9685,0,0,0,0,0,0,0,0,1,0,0,E
9686,0,0,0,0,0,0,0,0,1,0,0,E
9687,0,0,0,0,0,0,0,0,1,0,0,E
9688,0,0,0,0,0,0,0,0,1,0,0,E
9689,0,0,0,0,0,0,0,0,1,0,0,E
9690,0,0,0,0,0,0,0,0,1,0,0,E
9691,0,0,0,0,0,0,0,0,1,0,0,E
9692,0,0,0,0,0,0,0,0,1,0,0,E
9693,0,0,0,0,0,0,0,0,1,0,0,E
9694,0,0,0,0,0,0,0,0,1,0,0,E
9695,0,0,0,0,0,0,0,0,1,0,0,E
9696,0,0,0,0,0,0,0,0,1,0,0,E
9697,0,0,0,0,0,0,0,0,1,0,0,E
9698,0,0,0,0,0,0,0,0,1,0,0,E
9699,0,0,0,0,0,0,0,0,1,0,0,E
9700,0,0,0,0,0,0,0,0,1,0,0,E
9701,0,0,0,0,0,0,0,0,1,0,0,E
9702,0,0,0,0,0,0,0,0,1,0,0,E
9703,0,0,0,0,0,0,0,0,1,0,0,E
9704,0,0,0,0,0,0,0,0,1,0,0,E
9705,0,0,0,0,0,0,0,0,1,0,0,E
9706,0,0,0,0,0,0,0,0,1,0,0,E
9707,0,0,0,0,0,0,0,0,1,0,0,E
9708,0,0,0,0,0,0,0,0,1,0,0,E
9709,0,0,0,0,0,0,0,0,1,0,0,E
9710,0,0,0,0,0,0,0,0,1,0,0,E
9711,0,0,0,0,0,0,0,0,1,0,0,E
9712,0,0,0,0,0,0,0,0,1,0,0,E
9713,0,0,0,0,0,0,0,0,1,0,0,E
9714,0,0,0,0,0,0,0,0,1,0,0,E
9715,0,0,0,0,0,0,0,0,1,0,0,E
9716,0,0,0,0,0,0,0,0,1,0,0,E
9717,0,0,0,0,0,0,0,0,1,0,0,E
9718,0,0,0,0,0,0,0,0,1,0,0,E
9719,0,0,0,0,0,0,0,0,1,0,0,E
9720,0,0,0,0,0,0,0,0,1,0,0,E
9721,0,0,0,0,0,0,0,0,1,0,0,E
9722,0,0,0,0,0,0,0,0,1,0,0,E
9723,0,0,0,0,0,0,0,0,1,0,0,E
9724,0,0,0,0,0,0,0,0,1,0,0,E
9725,0,0,0,0,0,0,0,0,1,0,0,E
9726,0,0,0,0,0,0,0,0,0,0,0,G
9727,0,0,0,0,0,0,0,0,0,0,0,G
9728,0,0,0,0,0,0,0,0,0,0,0,G
9729,0,0,0,0,0,0,0,0,0,0,0,G
9730,0,0,0,0,0,0,0,0,0,0,0,G
9731,0,0,0,0,0,0,0,0,0,0,0,G
9732,0,0,0,0,0,0,0,0,0,0,0,G
9733,0,0,0,0,0,0,0,0,0,0,0,G
9734,0,0,0,0,0,0,0,0,0,0,0,G
9735,0,0,0,0,0,0,0,0,0,0,0,G
9736,0,0,0,0,0,0,0,0,0,0,0,G
9737,0,0,0,0,0,0,0,0,0,0,0,G
9738,0,0,0,0,0,0,0,0,0,0,0,G
9739,0,0,0,0,0,0,0,0,0,0,0,G
9740,0,0,0,0,0,0,0,0,0,0,0,G
9741,0,0,0,0,0,0,0,0,0,0,0,G
9742,0,0,0,0,0,0,0,0,0,0,0,G
9743,0,0,0,0,0,0,0,0,0,0,0,G
9744,0,0,0,0,0,0,0,0,0,0,0,G
9745,0,0,0,0,0,0,0,0,0,0,0,G
9746,0,0,0,0,0,0,0,1,0,0,0,D
9747,0,0,0,0,0,0,0,1,0,0,0,D
9748,0,0,0,0,0,0,0,1,0,0,0,D
9749,0,0,0,0,0,0,0,1,0,0,0,D
9750,0,0,0,0,0,0,0,1,0,0,0,D
9751,0,0,0,0,0,0,0,1,0,0,0,D
9752,0,0,0,0,0,0,0,1,0,0,0,D
9753,0,0,0,0,0,0,0,1,0,0,0,D
9754,0,0,0,0,0,0,0,1,0,0,0,D
9755,0,0,0,0,0,0,0,1,0,0,0,D
9756,0,0,0,0,0,0,0,1,0,0,0,D
9757,0,0,0,0,0,0,0,1,0,0,0,D
9758,0,0,0,0,0,0,0,1,0,0,0,D
9759,0,0,0,0,0,0,0,1,0,0,0,D
9760,0,0,0,0,0,0,0,1,0,0,0,D
9761,0,0,0,0,0,0,0,1,0,0,0,D
9762,0,0,0,0,0,0,0,1,0,0,0,D
9763,0,0,0,0,0,0,0,1,0,0,0,D
9764,0,0,0,0,0,0,0,1,0,0,0,D
9765,0,0,0,0,0,0,0,1,0,0,0,D
9766,0,0,0,0,0,0,0,1,0,0,0,D
9767,0,0,0,0,0,0,0,1,0,0,0,D
9768,0,0,0,0,0,0,0,1,0,0,0,D
9769,0,0,0,0,0,0,0,1,0,0,0,D
9770,0,0,0,0,0,0,0,1,0,0,0,D
9771,0,0,0,0,0,0,0,1,0,0,0,D
9772,0,0,0,0,0,0,0,1,0,0,0,D
9773,0,0,0,0,0,0,0,1,0,0,0,D
9774,0,0,0,0,0,0,0,1,0,0,0,D
9775,0,0,0,0,0,0,0,1,0,0,0,D
9776,0,0,0,0,0,0,0,1,0,0,0,D
9777,0,0,0,0,0,0,0,1,0,0,0,D
9778,0,0,0,0,0,0,0,1,0,0,0,D
9779,0,0,0,0,0,0,0,1,0,0,0,D
9780,0,0,0,0,0,0,0,1,0,0,0,D
9781,0,0,0,0,0,0,0,1,0,0,0,D
9782,0,0,0,0,0,0,0,1,0,0,0,D
9783,0,0,0,0,0,0,0,1,0,0,0,D
9784,0,0,0,0,0,0,0,1,0,0,0,D
9785,0,0,0,0,0,0,0,1,0,0,0,D
9786,0,0,0,0,0,0,0,1,0,0,0,D
9787,0,0,0,0,0,0,0,1,0,0,0,D
9788,0,0,0,0,0,0,0,1,0,0,0,D
9789,0,0,0,0,0,0,0,1,0,0,0,D
9790,0,0,0,0,0,0,0,1,0,0,0,D
9791,0,0,0,0,0,0,0,1,0,0,0,D
9792,0,0,0,0,0,0,0,1,0,0,0,D
9793,0,0,0,0,0,0,0,1,0,0,0,D
9794,0,0,0,0,0,0,0,1,0,0,0,D
9795,0,0,0,0,0,0,0,1,0,0,0,D
9796,0,0,0,0,0,0,0,1,0,0,0,D
9797,0,0,0,0,0,0,0,1,0,0,0,D
9798,0,0,0,0,0,0,0,1,0,0,0,D
9799,0,0,0,0,0,0,0,1,0,0,0,D
9800,0,0,0,0,0,0,0,1,0,0,0,D
9801,0,0,0,0,0,0,0,1,0,0,0,D
9802,0,0,0,0,0,0,0,1,0,0,0,D
9803,0,0,0,0,0,0,0,1,0,0,0,D
9804,0,0,0,0,0,0,0,1,0,1,0,D
9805,0,0,0,0,0,0,0,1,0,1,0,D
9806,0,0,0,0,0,0,0,1,0,1,0,D
9807,0,0,0,0,0,0,0,1,0,1,0,D
9808,0,0,0,0,0,0,0,1,0,1,0,D
9809,0,0,0,0,0,0,0,1,0,1,0,D
9810,0,0,0,0,0,0,0,1,0,1,0,D
9811,0,0,0,0,0,0,0,1,0,1,0,D
9812,0,0,0,0,0,0,0,1,0,1,0,D
9813,0,0,0,0,0,0,0,1,0,1,0,D
9814,0,0,0,0,0,0,0,1,0,1,0,D
9815,0,0,0,0,0,0,0,1,0,1,0,D
9816,0,0,0,0,0,0,0,1,0,1,0,D
9817,0,0,0,0,0,0,0,1,0,1,0,D
9818,0,0,0,0,0,0,0,1,0,1,0,D
9819,0,0,0,0,0,0,0,1,0,1,0,D
9820,0,0,0,0,0,0,0,1,0,1,0,D
9821,0,0,0,0,0,0,0,1,0,1,0,D
9822,0,0,0,0,0,0,0,1,0,1,0,D
9823,0,0,0,0,0,0,0,1,0,1,0,D
9824,0,0,0,0,0,0,0,1,0,1,0,D
9825,0,0,0,0,0,0,0,1,0,1,0,D
9826,0,0,0,0,0,0,0,1,0,1,0,D
9827,0,0,0,0,0,0,0,1,0,1,0,D
9828,0,0,0,0,0,0,0,1,0,1,0,D
9829,0,0,0,0,0,0,0,1,0,1,0,D
9830,0,0,0,0,0,0,0,1,0,1,0,D
9831,0,0,0,0,0,0,0,1,0,1,0,D
9832,0,0,0,0,0,0,0,1,0,1,0,D
9833,0,0,0,0,0,0,0,1,0,1,0,D
9834,0,0,0,0,0,0,0,1,0,1,0,D
9835,0,0,0,0,0,0,0,1,0,1,0,D
9836,0,0,0,0,0,0,0,1,0,1,0,D
9837,0,0,0,0,0,0,0,1,0,1,0,D
9838,0,0,0,0,0,0,0,1,0,1,0,D
9839,0,0,0,0,0,0,0,1,0,1,0,D
9840,0,0,0,0,0,0,0,1,0,1,0,D
9841,0,0,0,0,0,0,0,1,0,1,0,D
9842,0,0,0,0,0,0,0,1,0,1,0,D
9843,0,0,0,0,0,0,0,1,0,1,0,D
9844,0,0,0,0,0,0,0,1,0,1,0,D
9845,0,0,0,0,0,0,0,1,0,1,0,D
9846,0,0,0,0,0,0,0,1,0,1,0,D
9847,0,0,0,0,0,0,0,1,0,1,0,D
9848,0,0,0,0,0,0,0,1,0,1,0,D
9849,0,0,0,0,0,0,0,1,0,1,0,D
9850,0,0,0,0,0,0,0,1,0,1,0,D
9851,0,0,0,0,0,0,0,1,0,1,0,D
9852,0,0,0,0,0,0,0,1,0,1,0,D
9853,0,0,0,0,0,0,0,1,0,1,0,D
9854,0,0,0,0,0,0,0,1,0,1,0,D
9855,0,0,0,0,0,0,0,1,0,1,0,D
9856,0,0,0,0,0,0,0,1,0,1,0,D
9857,0,0,0,0,0,0,0,1,0,1,0,D
9858,0,0,0,0,0,0,0,1,0,1,0,D
9859,0,0,0,0,0,0,0,1,0,1,0,D
9860,0,0,0,0,0,0,0,1,0,1,0,D
9861,0,0,0,0,0,0,0,1,0,1,0,D
9862,0,0,0,0,0,0,0,1,0,1,0,D
9863,0,0,0,0,0,0,0,1,0,1,0,D
9864,0,0,0,0,0,0,0,1,0,1,0,D
9865,0,0,0,0,0,0,0,1,0,1,0,D
9866,0,0,0,0,0,0,0,1,0,1,0,D
9867,0,0,0,0,0,0,0,1,0,1,0,D
9868,0,0,0,0,0,0,0,1,0,1,0,D
9869,0,0,0,0,0,0,0,1,0,1,0,D
9870,0,0,0,0,0,0,0,1,0,1,0,D
9871,0,0,0,0,0,0,0,1,0,1,0,D
9872,0,0,0,0,0,0,0,1,0,1,0,D
9873,0,0,0,0,0,0,0,1,0,1,0,D
9874,0,0,0,0,0,0,0,1,0,1,0,D
9875,0,0,0,0,0,0,0,1,0,1,0,D
9876,0,0,0,0,0,0,0,1,0,1,0,D
9877,0,0,0,0,0,0,0,1,0,1,0,D
9878,0,0,0,0,0,0,0,1,0,1,0,D
9879,0,0,0,0,0,0,0,1,0,1,0,D
9880,0,0,0,0,0,0,0,1,0,1,0,D
9881,0,0,0,0,0,0,0,1,0,1,0,D
9882,0,0,0,0,0,0,0,1,0,1,0,D
9883,0,0,0,0,0,0,0,1,0,1,0,D
9884,0,0,0,0,0,0,0,1,0,1,0,D
9885,0,0,0,0,0,0,0,1,0,1,0,D
9886,0,0,0,0,0,0,0,1,0,1,0,D
9887,0,0,0,0,0,0,0,1,0,1,0,D
9888,0,0,0,0,0,0,0,1,0,1,0,D
9889,0,0,0,0,0,0,0,1,0,1,0,D
9890,0,0,0,0,0,0,0,1,0,1,0,D
9891,0,0,0,0,0,0,0,1,0,1,0,D
9892,0,0,0,0,0,0,0,1,0,1,0,D
9893,0,0,0,0,0,0,0,1,0,1,0,D
9894,0,0,0,0,0,0,0,1,0,1,0,D
9895,0,0,0,0,0,0,0,1,0,1,0,D
9896,0,0,0,0,0,0,0,1,0,1,0,D
9897,0,0,0,0,0,0,0,1,0,1,0,D
9898,0,0,0,0,0,0,0,1,0,1,0,D
9899,0,0,0,0,0,0,0,1,0,1,0,D
9900,0,0,0,0,0,0,0,1,0,1,0,D
9901,0,0,0,0,0,0,0,1,0,1,0,D
9902,0,0,0,0,0,0,0,1,0,1,0,D
9903,0,0,0,0,0,0,0,1,0,1,0,D
9904,0,0,0,0,0,0,0,1,0,1,0,D
9905,0,0,0,0,0,0,0,1,0,1,0,D
9906,0,0,0,0,0,0,0,1,0,1,0,D
9907,0,0,0,0,0,0,0,1,0,1,0,D
9908,0,0,0,0,0,0,0,1,0,1,0,D
9909,0,0,0,0,0,0,0,1,0,1,0,D
9910,0,0,0,0,0,0,0,1,0,1,0,D
9911,0,0,0,0,0,0,0,1,0,1,0,D
9912,0,0,0,0,0,0,0,1,0,1,0,D
9913,0,0,0,0,0,0,0,1,0,1,0,D
9914,0,0,0,0,0,0,0,1,0,1,0,D
9915,0,0,0,0,0,0,0,1,0,1,0,D
9916,0,0,0,0,0,0,0,1,0,1,0,D
9917,0,0,0,0,0,0,0,1,0,1,0,D
9918,0,0,0,0,0,0,0,1,0,1,0,D
9919,0,0,0,0,0,0,0,1,0,1,0,D
9920,0,0,0,0,0,0,0,1,0,1,0,D
9921,0,0,0,0,0,0,0,1,0,1,0,D
9922,0,0,0,0,0,0,0,1,0,1,0,D
9923,0,0,0,0,0,0,0,1,0,1,0,D
9924,0,0,0,0,0,0,0,1,0,1,0,D
9925,0,0,0,0,0,0,0,1,0,1,0,D
9926,0,0,0,0,0,0,0,1,0,1,0,D
9927,0,0,0,0,0,0,0,1,0,1,0,D
9928,0,0,0,0,0,0,0,1,0,1,0,D
9929,0,0,0,0,0,0,0,1,0,1,0,D
9930,0,0,0,0,0,0,0,1,0,1,0,D
9931,0,0,0,0,0,0,0,1,0,1,0,D
9932,0,0,0,0,0,0,0,1,0,1,0,D
9933,0,0,0,0,0,0,0,1,0,1,0,D
9934,0,0,0,0,0,0,0,1,0,1,0,D
9935,0,0,0,0,0,0,0,1,0,1,0,D
9936,0,0,0,0,0,0,0,1,0,1,0,D
9937,0,0,0,0,0,0,0,1,0,1,0,D
9938,0,0,0,0,0,0,0,1,0,1,0,D
9939,0,0,0,0,0,0,0,1,0,1,0,D
9940,0,0,0,0,0,0,0,1,0,1,0,D
9941,0,0,0,0,0,0,0,1,0,1,0,D
9942,0,0,0,0,0,0,0,1,0,1,0,D
9943,0,0,0,0,0,0,0,1,0,1,0,D
9944,0,0,0,0,0,0,0,1,0,1,0,D
9945,0,0,0,0,0,0,0,1,0,1,0,D
9946,0,0,0,0,0,0,0,1,0,1,0,D
9947,0,0,0,0,0,0,0,1,0,1,0,D
9948,0,0,0,0,0,0,0,1,0,1,0,D
9949,0,0,0,0,0,0,0,1,0,1,0,D
9950,0,0,0,0,0,0,0,1,0,1,0,D
9951,0,0,0,0,0,0,0,1,0,1,0,D
9952,0,0,0,0,0,0,0,1,0,1,0,D
9953,0,0,0,0,0,0,0,1,0,1,0,D
9954,0,0,0,0,0,0,0,1,0,1,0,D
9955,0,0,0,0,0,0,0,1,0,1,0,D
9956,0,0,0,0,0,0,0,1,0,1,0,D
9957,0,0,0,0,0,0,0,1,0,1,0,D
9958,0,0,0,0,0,0,0,1,0,1,0,D
9959,0,0,0,0,0,0,0,1,0,1,0,D
9960,0,0,0,0,0,0,0,1,0,1,0,D
9961,0,0,0,0,0,0,0,1,0,1,0,D
9962,0,0,0,0,0,0,0,1,0,1,0,D
9963,0,0,0,0,0,0,0,1,0,1,0,D
9964,0,0,0,0,0,0,0,1,0,1,0,D
9965,0,0,0,0,0,0,0,1,0,1,0,D
9966,0,0,0,0,0,0,0,1,0,1,0,D
9967,0,0,0,0,0,0,0,1,0,1,0,D
9968,0,0,0,0,0,0,0,1,0,1,0,D
9969,0,0,0,0,0,0,0,1,0,1,0,D
9970,0,0,0,0,0,0,0,1,0,1,0,D
9971,0,0,0,0,0,0,0,1,0,1,0,D
9972,0,0,0,0,0,0,0,1,0,1,0,D
9973,0,0,0,0,0,0,0,1,0,1,0,D
9974,0,0,0,0,0,0,0,1,0,1,0,D
9975,0,0,0,0,0,0,0,1,0,1,0,D
9976,0,0,0,0,0,0,0,1,0,1,0,D
9977,0,0,0,0,0,0,0,1,0,1,0,D
9978,0,0,0,0,0,0,0,1,0,1,0,D
9979,0,0,0,0,0,0,0,1,0,1,0,D
9980,0,0,0,0,0,0,0,1,0,1,0,D
9981,0,0,0,0,0,0,0,1,0,1,0,D
9982,0,0,0,0,0,0,0,1,0,1,0,D
9983,0,0,0,0,0,0,0,1,0,1,0,D
9984,0,0,0,0,0,0,0,1,0,1,0,D
9985,0,0,0,0,0,0,0,1,0,1,0,D
9986,0,0,0,0,0,0,0,1,0,1,0,D
9987,0,0,0,0,0,0,0,1,0,1,0,D
9988,0,0,0,0,0,0,0,1,0,1,0,D
9989,0,0,0,0,0,0,0,1,0,1,0,D
9990,0,0,0,0,0,0,0,1,0,1,0,D
9991,0,0,0,0,0,0,0,1,0,1,0,D
9992,0,0,0,0,0,0,0,1,0,1,0,D
9993,0,0,0,0,0,0,0,1,0,1,0,D
9994,0,0,0,0,0,0,0,1,0,1,0,D
9995,0,0,0,0,0,0,0,1,0,1,0,D
9996,0,0,0,0,0,0,0,1,0,1,0,D
9997,0,0,0,0,0,0,0,1,0,1,0,D
9998,0,0,0,0,0,0,0,1,0,1,0,D
9999,0,0,0,0,0,0,0,1,0,1,0,D
10000,0,0,0,0,0,0,0,1,0,1,0,D
10001,0,0,0,0,0,0,0,1,0,1,0,D
10002,0,0,0,0,0,0,0,1,0,1,0,D
10003,0,0,0,0,0,0,0,1,0,1,0,D
10004,0,0,0,0,0,0,0,1,0,1,0,D
10005,0,0,0,0,0,0,0,1,0,1,0,D
10006,0,0,0,0,0,0,0,1,0,1,0,D
10007,0,0,0,0,0,0,0,1,0,1,0,D
10008,0,0,0,0,0,0,0,1,0,1,0,D
10009,0,0,0,0,0,0,0,1,0,1,0,D
10010,0,0,0,0,0,0,0,1,0,1,0,D
10011,0,0,0,0,0,0,0,1,0,1,0,D
10012,0,0,0,0,0,0,0,1,0,1,0,D
10013,0,0,0,0,0,0,0,1,0,1,0,D
10014,0,0,0,0,0,0,0,1,0,1,0,D
10015,0,0,0,0,0,0,0,1,0,1,0,D
10016,0,0,0,0,0,0,0,1,0,1,0,D
10017,0,0,0,0,0,0,0,1,0,1,0,D
10018,0,0,0,0,0,0,0,1,0,1,0,D
10019,0,0,0,0,0,0,0,1,0,1,0,D
10020,0,0,0,0,0,0,0,1,0,1,0,D
10021,0,0,0,0,0,0,0,1,0,1,0,D
10022,0,0,0,0,0,0,0,1,0,1,0,D
10023,0,0,0,0,0,0,0,1,0,1,0,D
10024,0,0,0,0,0,0,0,1,0,1,0,D
10025,0,0,0,0,0,0,0,1,0,1,0,D
10026,0,0,0,0,0,0,0,1,0,1,0,D
10027,0,0,0,0,0,0,0,1,0,1,0,D
10028,0,0,0,0,0,0,0,1,0,1,0,D
10029,0,0,0,0,0,0,0,1,0,1,0,D
10030,0,0,0,0,0,0,0,1,0,1,0,D
10031,0,0,0,0,0,0,0,1,0,1,0,D
10032,0,0,0,0,0,0,0,1,0,1,0,D
10033,0,0,0,0,0,0,0,1,0,1,0,D
10034,0,0,0,0,0,0,0,1,0,1,0,D
10035,0,0,0,0,0,0,0,1,0,1,0,D
10036,0,0,0,0,0,0,0,1,0,1,0,D
10037,0,0,0,0,0,0,0,1,0,1,0,D
10038,0,0,0,0,0,0,0,1,0,1,0,D
10039,0,0,0,0,0,0,0,1,0,1,0,D
10040,0,0,0,0,0,0,0,1,0,1,0,D
10041,0,0,0,0,0,0,0,1,0,1,0,D
10042,0,0,0,0,0,0,0,1,0,1,0,D
10043,0,0,0,0,0,0,0,1,0,1,0,D
10044,0,0,0,0,0,0,0,1,0,1,0,D
10045,0,0,0,0,0,0,0,1,0,1,0,D
10046,0,0,0,0,0,0,0,1,0,1,0,D
10047,0,0,0,0,0,0,0,1,0,1,0,D
10048,0,0,0,0,0,0,0,1,0,1,0,D
10049,0,0,0,0,0,0,0,1,0,1,0,D
10050,0,0,0,0,0,0,0,1,0,1,0,D
10051,0,0,0,0,0,0,0,1,0,1,0,D
10052,0,0,0,0,0,0,0,1,0,1,0,D
10053,0,0,0,0,0,0,0,1,0,1,0,D
10054,0,0,0,0,0,0,0,1,0,1,0,D
10055,0,0,0,0,0,0,0,1,0,1,0,D
10056,0,0,0,0,0,0,0,1,0,1,0,D
10057,0,0,0,0,0,0,0,1,0,1,0,D
10058,0,0,0,0,0,0,0,1,0,1,0,D
10059,0,0,0,0,0,0,0,1,0,1,0,D
10060,0,0,0,0,0,0,0,1,0,1,0,D
10061,0,0,0,0,0,0,0,1,0,1,0,D
10062,0,0,0,0,0,0,0,1,0,1,0,D
10063,0,0,0,0,0,0,0,1,0,1,0,D
10064,0,0,0,0,0,0,0,1,0,1,0,D
10065,0,0,0,0,0,0,0,1,0,1,0,D
10066,0,0,0,0,0,0,0,1,0,1,0,D
10067,0,0,0,0,0,0,0,1,0,1,0,D
10068,0,0,0,0,0,0,0,1,0,1,0,D
10069,0,0,0,0,0,0,0,1,0,1,0,D
10070,0,0,0,0,0,0,0,1,0,1,0,D
10071,0,0,0,0,0,0,0,1,0,1,0,D
10072,0,0,0,0,0,0,0,1,0,1,0,D
10073,0,0,0,0,0,0,0,1,0,1,0,D
10074,0,0,0,0,0,0,0,1,0,1,0,D
10075,0,0,0,0,0,0,0,1,0,1,0,D
10076,0,0,0,0,0,0,0,1,0,1,0,D
10077,0,0,0,0,0,0,0,1,0,1,0,D
10078,0,0,0,0,0,0,0,1,0,1,0,D
10079,0,0,0,0,0,0,0,1,0,1,0,D
10080,0,0,0,0,0,0,0,1,0,1,0,D
10081,0,0,0,0,0,0,0,1,0,1,0,D
10082,0,0,0,0,0,0,0,1,0,1,0,D
10083,0,0,0,0,0,0,0,1,0,1,0,D
10084,0,0,0,0,0,0,0,1,0,1,0,D
10085,0,0,0,0,0,0,0,1,0,1,0,D
10086,0,0,0,0,0,0,0,1,0,1,0,D
10087,0,0,0,0,0,0,0,1,0,1,0,D
10088,0,0,0,0,0,0,0,1,0,1,0,D
10089,0,0,0,0,0,0,0,1,0,1,0,D
10090,0,0,0,0,0,0,0,1,0,1,0,D
10091,0,0,0,0,0,0,0,1,0,1,0,D
10092,0,0,0,0,0,0,0,1,0,1,0,D
10093,0,0,0,0,0,0,0,1,0,1,0,D
10094,0,0,0,0,0,0,0,1,0,1,0,D
10095,0,0,0,0,0,0,0,1,0,1,0,D
10096,0,0,0,0,0,0,0,1,0,1,0,D
10097,0,0,0,0,0,0,0,1,0,1,0,D
10098,0,0,0,0,0,0,0,1,0,1,0,D
10099,0,0,0,0,0,0,0,1,0,1,0,D
10100,0,0,0,0,0,0,0,1,0,1,0,D
10101,0,0,0,0,0,0,0,1,0,1,0,D
10102,0,0,0,0,0,0,0,1,0,1,0,D
10103,0,0,0,0,0,0,0,1,0,1,0,D
10104,0,0,0,0,0,0,0,1,0,1,0,D
10105,0,0,0,0,0,0,0,1,0,1,0,D
10106,0,0,0,0,0,0,0,1,0,1,0,D
10107,0,0,0,0,0,0,0,1,0,1,0,D
10108,0,0,0,0,0,0,0,1,0,1,0,D
10109,0,0,0,0,0,0,0,1,0,1,0,D
10110,0,0,0,0,0,0,0,1,0,1,0,D
10111,0,0,0,0,0,0,0,1,0,1,0,D
10112,0,0,0,0,0,0,0,1,0,1,0,D
10113,0,0,0,0,0,0,0,1,0,1,0,D
10114,0,0,0,0,0,0,0,1,0,1,0,D
10115,0,0,0,0,0,0,0,1,0,1,0,D
10116,0,0,0,0,0,0,0,1,0,1,0,D
10117,0,0,0,0,0,0,0,1,0,1,0,D
10118,0,0,0,0,0,0,0,1,0,1,0,D
10119,0,0,0,0,0,0,0,1,0,1,0,D
10120,0,0,0,0,0,0,0,1,0,1,0,D
10121,0,0,0,0,0,0,0,1,0,1,0,D
10122,0,0,0,0,0,0,0,1,0,1,0,D
10123,0,0,0,0,0,0,0,1,0,1,0,D
10124,0,0,0,0,0,0,0,1,0,1,0,D
10125,0,0,0,0,0,0,0,1,0,1,0,D
10126,0,0,0,0,0,0,0,1,0,1,0,D
10127,0,0,0,0,0,0,0,1,0,1,0,D
10128,0,0,0,0,0,0,0,1,0,1,0,D
10129,0,0,0,0,0,0,0,1,0,1,0,D
10130,0,0,0,0,0,0,0,1,0,1,0,D
10131,0,0,0,0,0,0,0,1,0,1,0,D
10132,0,0,0,0,0,0,0,1,0,1,0,D
10133,0,0,0,0,0,0,0,1,0,1,0,D
10134,0,0,0,0,0,0,0,1,0,1,0,D
10135,0,0,0,0,0,0,0,1,0,1,0,D
10136,0,0,0,0,0,0,0,1,0,1,0,D
10137,0,0,0,0,0,0,0,1,0,1,0,D
10138,0,0,0,0,0,0,0,1,0,1,0,D
10139,0,0,0,0,0,0,0,1,0,1,0,D
10140,0,0,0,0,0,0,0,1,0,1,0,D
10141,0,0,0,0,0,0,0,1,0,1,0,D
10142,0,0,0,0,0,0,0,1,0,1,0,D
10143,0,0,0,0,0,0,0,1,0,1,0,D
10144,0,0,0,0,0,0,0,1,0,1,0,D
10145,0,0,0,0,0,0,0,1,0,1,0,D
10146,0,0,0,0,0,0,0,1,0,1,0,D
10147,0,0,0,0,0,0,0,1,0,1,0,D
10148,0,0,0,0,0,0,0,1,0,1,0,D
10149,0,0,0,0,0,0,0,1,0,1,0,D
10150,0,0,0,0,0,0,0,1,0,1,0,D
10151,0,0,0,0,0,0,0,1,0,1,0,D
10152,0,0,0,0,0,0,0,1,0,1,0,D
10153,0,0,0,0,0,0,0,1,0,1,0,D
10154,0,0,0,0,0,0,0,1,0,1,0,D
10155,0,0,0,0,0,0,0,1,0,1,0,D
10156,0,0,0,0,0,0,0,1,0,1,0,D
10157,0,0,0,0,0,0,0,1,0,1,0,D
10158,0,0,0,0,0,0,0,1,0,1,0,D
10159,0,0,0,0,0,0,0,1,0,1,0,D
10160,0,0,0,0,0,0,0,1,0,1,0,D
10161,0,0,0,0,0,0,0,1,0,1,0,D
10162,0,0,0,0,0,0,0,1,0,1,0,D
10163,0,0,0,0,0,0,0,1,0,1,0,D
10164,0,0,0,0,0,0,0,1,0,1,0,D
10165,0,0,0,0,0,0,0,1,0,1,0,D
10166,0,0,0,0,0,0,0,1,0,1,0,D
10167,0,0,0,0,0,0,0,1,0,1,0,D
10168,0,0,0,0,0,0,0,1,0,1,0,D
10169,0,0,0,0,0,0,0,1,0,1,0,D
10170,0,0,0,0,0,0,0,1,0,1,0,D
10171,0,0,0,0,0,0,0,1,0,1,0,D
10172,0,0,0,0,0,0,0,1,0,1,0,D
10173,0,0,0,0,0,0,0,1,0,1,0,D
10174,0,0,0,0,0,0,0,1,0,1,0,D
10175,0,0,0,0,0,0,0,1,0,1,0,D
10176,0,0,0,0,0,0,0,1,0,1,0,D
10177,0,0,0,0,0,0,0,1,0,1,0,D
10178,0,0,0,0,0,0,0,1,0,1,0,D
10179,0,0,0,0,0,0,0,1,0,1,0,D
10180,0,0,0,0,0,0,0,1,0,1,0,D
10181,0,0,0,0,0,0,0,1,0,1,0,D
10182,0,0,0,0,0,0,0,1,0,1,0,D
10183,0,0,0,0,0,0,0,1,0,1,0,D
10184,0,0,0,0,0,0,0,1,0,1,0,D
10185,0,0,0,0,0,0,0,1,0,1,0,D
10186,0,0,0,0,0,0,0,1,0,1,0,D
10187,0,0,0,0,0,0,0,1,0,1,0,D
10188,0,0,0,0,0,0,0,1,0,1,0,D
10189,0,0,0,0,0,0,0,1,0,1,0,D
10190,0,0,0,0,0,0,0,1,0,1,0,D
10191,0,0,0,0,0,0,0,1,0,1,0,D
10192,0,0,0,0,0,0,0,1,0,1,0,D
10193,0,0,0,0,0,0,0,1,0,1,0,D
10194,0,0,0,0,0,0,0,1,0,1,0,D
10195,0,0,0,0,0,0,0,1,0,1,0,D
10196,0,0,0,0,0,0,0,1,0,1,0,D
10197,0,0,0,0,0,0,0,1,0,1,0,D
10198,0,0,0,0,0,0,0,1,0,1,0,D
10199,0,0,0,0,0,0,0,1,0,1,0,D
10200,0,0,0,0,0,0,0,1,0,1,0,D
10201,0,0,0,0,0,0,0,1,0,1,0,D
10202,0,0,0,0,0,0,0,1,0,1,0,D
10203,0,0,0,0,0,0,0,1,0,1,0,D
10204,0,0,0,0,0,0,0,1,0,1,0,D
10205,0,0,0,0,0,0,0,1,0,1,0,D
10206,0,0,0,0,0,0,0,1,0,1,0,D
10207,0,0,0,0,0,0,0,1,0,1,0,D
10208,0,0,0,0,0,0,0,1,0,1,0,D
10209,0,0,0,0,0,0,0,1,0,1,0,D
10210,0,0,0,0,0,0,0,1,0,1,0,D
10211,0,0,0,0,0,0,0,1,0,1,0,D
10212,0,0,0,0,0,0,0,1,0,1,0,D
10213,0,0,0,0,0,0,0,1,0,1,0,D
10214,0,0,0,0,0,0,0,1,0,1,0,D
10215,0,0,0,0,0,0,0,1,0,1,0,D
10216,0,0,0,0,0,0,0,1,0,1,0,D
10217,0,0,0,0,0,0,0,1,0,1,0,D
10218,0,0,0,0,0,0,0,1,0,1,0,D
10219,0,0,0,0,0,0,0,1,0,1,0,D
10220,0,0,0,0,0,0,0,1,0,1,0,D
10221,0,0,0,0,0,0,0,1,0,1,0,D
10222,0,0,0,0,0,0,0,1,0,1,0,D
10223,0,0,0,0,0,0,0,1,0,1,0,D
10224,0,0,0,0,0,0,0,1,0,1,0,D
10225,0,0,0,0,0,0,0,1,0,1,0,D
10226,0,0,0,0,0,0,0,1,0,1,0,D
10227,0,0,0,0,0,0,0,1,0,1,0,D
10228,0,0,0,0,0,0,0,1,0,1,0,D
10229,0,0,0,0,0,0,0,1,0,1,0,D
10230,0,0,0,0,0,0,0,1,0,1,0,D
10231,0,0,0,0,0,0,0,1,0,1,0,D
10232,0,0,0,0,0,0,0,1,0,1,0,D
10233,0,0,0,0,0,0,0,1,0,1,0,D
10234,0,0,0,0,0,0,0,1,0,1,0,D
10235,0,0,0,0,0,0,0,1,0,1,0,D
10236,0,0,0,0,0,0,0,1,0,1,0,D
10237,0,0,0,0,0,0,0,1,0,1,0,D
10238,0,0,0,0,0,0,0,1,0,1,0,D
10239,0,0,0,0,0,0,0,1,0,1,0,D
10240,0,0,0,0,0,0,0,1,0,1,0,D
10241,0,0,0,0,0,0,0,1,0,1,0,D
10242,0,0,0,0,0,0,0,1,0,1,0,D
10243,0,0,0,0,0,0,0,1,0,1,0,D
10244,0,0,0,0,0,0,0,1,0,1,0,D
10245,0,0,0,0,0,0,0,1,0,1,0,D
10246,0,0,0,0,0,0,0,1,0,1,0,D
10247,0,0,0,0,0,0,0,1,0,1,0,D
10248,0,0,0,0,0,0,0,1,0,1,0,D
10249,0,0,0,0,0,0,0,1,0,1,0,D
10250,0,0,0,0,0,0,0,1,0,1,0,D
10251,0,0,0,0,0,0,0,1,0,1,0,D
10252,0,0,0,0,0,0,0,1,0,1,0,D
10253,0,0,0,0,0,0,0,1,0,1,0,D
10254,0,0,0,0,0,0,0,1,0,1,0,D
10255,0,0,0,0,0,0,0,1,0,1,0,D
10256,0,0,0,0,0,0,0,1,0,1,0,D
10257,0,0,0,0,0,0,0,1,0,1,0,D
10258,0,0,0,0,0,0,0,1,0,1,0,D
10259,0,0,0,0,0,0,0,1,0,1,0,D
10260,0,0,0,0,0,0,0,1,0,1,0,D
10261,0,0,0,0,0,0,0,1,0,1,0,D
10262,0,0,0,0,0,0,0,1,0,1,0,D
10263,0,0,0,0,0,0,0,1,0,1,0,D
10264,0,0,0,0,0,0,0,1,0,1,0,D
10265,0,0,0,0,0,0,0,1,0,1,0,D
10266,0,0,0,0,0,0,0,1,0,1,0,D
10267,0,0,0,0,0,0,0,1,0,1,0,D
10268,0,0,0,0,0,0,0,1,0,1,0,D
10269,0,0,0,0,0,0,0,1,0,1,0,D
10270,0,0,0,0,0,0,0,1,0,1,0,D
10271,0,0,0,0,0,0,0,1,0,1,0,D
10272,0,0,0,0,0,0,0,1,0,1,0,D
10273,0,0,0,0,0,0,0,1,0,1,0,D
10274,0,0,0,0,0,0,0,1,0,1,0,D
10275,0,0,0,0,0,0,0,1,0,1,0,D
10276,0,0,0,0,0,0,0,1,0,1,0,D
10277,0,0,0,0,0,0,0,1,0,1,0,D
10278,0,0,0,0,0,0,0,1,0,1,0,D
10279,0,0,0,0,0,0,0,1,0,1,0,D
10280,0,0,0,0,0,0,0,1,0,1,0,D
10281,0,0,0,0,0,0,0,1,0,1,0,D
10282,0,0,0,0,0,0,0,1,0,1,0,D
10283,0,0,0,0,0,0,0,1,0,1,0,D
10284,0,0,0,0,0,0,0,1,0,1,0,D
10285,0,0,0,0,0,0,0,1,0,1,0,D
10286,0,0,0,0,0,0,0,1,0,1,0,D
10287,0,0,0,0,0,0,0,1,0,1,0,D
10288,0,0,0,0,0,0,0,1,0,1,0,D
10289,0,0,0,0,0,0,0,1,0,1,0,D
10290,0,0,0,0,0,0,0,1,0,1,0,D
10291,0,0,0,0,0,0,0,1,0,1,0,D
10292,0,0,0,0,0,0,0,1,0,1,0,D
10293,0,0,0,0,0,0,0,1,0,1,0,D
10294,0,0,0,0,0,0,0,1,0,1,0,D
10295,0,0,0,0,0,0,0,1,0,1,0,D
10296,0,0,0,0,0,0,0,1,0,1,0,D
10297,0,0,0,0,0,0,0,1,0,1,0,D
10298,0,0,0,0,0,0,0,1,0,1,0,D
10299,0,0,0,0,0,0,0,1,0,1,0,D
10300,0,0,0,0,0,0,0,1,0,1,0,D
10301,0,0,0,0,0,0,0,1,0,1,0,D
10302,0,0,0,0,0,0,0,1,0,1,0,D
10303,0,0,0,0,0,0,0,1,0,1,0,D
10304,0,0,0,0,0,0,0,1,0,1,0,D
10305,0,0,0,0,0,0,0,1,0,1,0,D
10306,0,0,0,0,0,0,0,1,0,1,0,D
10307,0,0,0,0,0,0,0,1,0,1,0,D
10308,0,0,0,0,0,0,0,1,0,1,0,D
10309,0,0,0,0,0,0,0,1,0,1,0,D
10310,0,0,0,0,0,0,0,1,0,1,0,D
10311,0,0,0,0,0,0,0,1,0,1,0,D
10312,0,0,0,0,0,0,0,1,0,1,0,D
10313,0,0,0,0,0,0,0,1,0,1,0,D
10314,0,0,0,0,0,0,0,1,0,1,0,D
10315,0,0,0,0,0,0,0,1,0,1,0,D
10316,0,0,0,0,0,0,0,1,0,1,0,D
10317,0,0,0,0,0,0,0,1,0,1,0,D
10318,0,0,0,0,0,0,0,1,0,1,0,D
10319,0,0,0,0,0,0,0,1,0,1,0,D
10320,0,0,0,0,0,0,0,1,0,1,0,D
10321,0,0,0,0,0,0,0,1,0,1,0,D
10322,0,0,0,0,0,0,0,1,0,1,0,D
10323,0,0,0,0,0,0,0,1,0,1,0,D
10324,0,0,0,0,0,0,0,1,0,1,0,D
10325,0,0,0,0,0,0,0,1,0,1,0,D
10326,0,0,0,0,0,0,0,1,0,1,0,D
10327,0,0,0,0,0,0,0,1,0,1,0,D
10328,0,0,0,0,0,0,0,1,0,1,0,D
10329,0,0,0,0,0,0,0,1,0,1,0,D
10330,0,0,0,0,0,0,0,1,0,1,0,D
10331,0,0,0,0,0,0,0,1,0,1,0,D
10332,0,0,0,0,0,0,0,1,0,1,0,D
10333,0,0,0,0,0,0,0,1,0,1,0,D
10334,0,0,0,0,0,0,0,1,0,1,0,D
10335,0,0,0,0,0,0,0,1,0,1,0,D
10336,0,0,0,0,0,0,0,1,0,1,0,D
10337,0,0,0,0,0,0,0,1,0,1,0,D
10338,0,0,0,0,0,0,0,1,0,1,0,D
10339,0,0,0,0,0,0,0,1,0,1,0,D
10340,0,0,0,0,0,0,0,1,0,1,0,D
10341,0,0,0,0,0,0,0,1,0,1,0,D
10342,0,0,0,0,0,0,0,1,0,1,0,D
10343,0,0,0,0,0,0,0,1,0,1,0,D
10344,0,0,0,0,0,0,0,1,0,1,0,D
10345,0,0,0,0,0,0,0,1,0,1,0,D
10346,0,0,0,0,0,0,0,1,0,1,0,D
10347,0,0,0,0,0,0,0,1,0,1,0,D
10348,0,0,0,0,0,0,0,1,0,1,0,D
10349,0,0,0,0,0,0,0,1,0,1,0,D
10350,0,0,0,0,0,0,0,1,0,1,0,D
10351,0,0,0,0,0,0,0,1,0,1,0,D
10352,0,0,0,0,0,0,0,1,0,1,0,D
10353,0,0,0,0,0,0,0,1,0,1,0,D
10354,0,0,0,0,0,0,0,1,0,1,0,D
10355,0,0,0,0,0,0,0,1,0,1,0,D
10356,0,0,0,0,0,0,0,1,0,1,0,D
10357,0,0,0,0,0,0,0,1,0,1,0,D
10358,0,0,0,0,0,0,0,1,0,1,0,D
10359,0,0,0,0,0,0,0,1,0,1,0,D
10360,0,0,0,0,0,0,0,1,0,1,0,D
10361,0,0,0,0,0,0,0,1,0,1,0,D
10362,0,0,0,0,0,0,0,1,0,1,0,D
10363,0,0,0,0,0,0,0,1,0,1,0,D
10364,0,0,0,0,0,0,0,1,0,1,0,D
10365,0,0,0,0,0,0,0,1,0,1,0,D
10366,0,0,0,0,0,0,0,1,0,1,0,D
10367,0,0,0,0,0,0,0,1,0,1,0,D
10368,0,0,0,0,0,0,0,1,0,1,0,D
10369,0,0,0,0,0,0,0,1,0,1,0,D
10370,0,0,0,0,0,0,0,1,0,1,0,D
10371,0,0,0,0,0,0,0,1,0,1,0,D
10372,0,0,0,0,0,0,0,1,0,1,0,D
10373,0,0,0,0,0,0,0,1,0,1,0,D
10374,0,0,0,0,0,0,0,1,0,1,0,D
10375,0,0,0,0,0,0,0,1,0,1,0,D
10376,0,0,0,0,0,0,0,1,0,1,0,D
10377,0,0,0,0,0,0,0,1,0,1,0,D
10378,0,0,0,0,0,0,0,1,0,1,0,D
10379,0,0,0,0,0,0,0,1,0,1,0,D
10380,0,0,0,0,0,0,0,1,0,1,0,D
10381,0,0,0,0,0,0,0,1,0,1,0,D
10382,0,0,0,0,0,0,0,1,0,1,0,D
10383,0,0,0,0,0,0,0,1,0,1,0,D
10384,0,0,0,0,0,0,0,1,0,1,0,D
10385,0,0,0,0,0,0,0,1,0,1,0,D
10386,0,0,0,0,0,0,0,1,0,1,0,D
10387,0,0,0,0,0,0,0,1,0,1,0,D
10388,0,0,0,0,0,0,0,1,0,1,0,D
10389,0,0,0,0,0,0,0,1,0,1,0,D
10390,0,0,0,0,0,0,0,1,0,1,0,D
10391,0,0,0,0,0,0,0,1,0,1,0,D
10392,0,0,0,0,0,0,0,1,0,1,0,D
10393,0,0,0,0,0,0,0,1,0,1,0,D
10394,0,0,0,0,0,0,0,1,0,1,0,D
10395,0,0,0,0,0,0,0,1,0,1,0,D
10396,0,0,0,0,0,0,0,1,0,1,0,D
10397,0,0,0,0,0,0,0,1,0,1,0,D
10398,0,0,0,0,0,0,0,1,0,1,0,D
10399,0,0,0,0,0,0,0,1,0,1,0,D
10400,0,0,0,0,0,0,0,1,0,1,0,D
10401,0,0,0,0,0,0,0,1,0,1,0,D
10402,0,0,0,0,0,0,0,1,0,1,0,D
10403,0,0,0,0,0,0,0,1,0,1,0,D
10404,0,0,0,0,0,0,0,1,0,1,0,D
10405,0,0,0,0,0,0,0,1,0,1,0,D
10406,0,0,0,0,0,0,0,1,0,1,0,D
10407,0,0,0,0,0,0,0,1,0,1,0,D
10408,0,0,0,0,0,0,0,1,0,1,0,D
10409,0,0,0,0,0,0,0,1,0,1,0,D
10410,0,0,0,0,0,0,0,1,0,1,0,D
10411,0,0,0,0,0,0,0,1,0,1,0,D
10412,0,0,0,0,0,0,0,1,0,1,0,D
10413,0,0,0,0,0,0,0,1,0,1,0,D
10414,0,0,0,0,0,0,0,1,0,1,0,D
10415,0,0,0,0,0,0,0,1,0,1,0,D
10416,0,0,0,0,0,0,0,1,0,1,0,D
10417,0,0,0,0,0,0,0,1,0,1,0,D
10418,0,0,0,0,0,0,0,1,0,1,0,D
10419,0,0,0,0,0,0,0,1,0,1,0,D
10420,0,0,0,0,0,0,0,1,0,1,0,D
10421,0,0,0,0,0,0,0,1,0,1,0,D
10422,0,0,0,0,0,0,0,1,0,1,0,D
10423,0,0,0,0,0,0,0,1,0,1,0,D
10424,0,0,0,0,0,0,0,1,0,1,0,D
10425,0,0,0,0,0,0,0,1,0,1,0,D
10426,0,0,0,0,0,0,0,1,0,1,0,D
10427,0,0,0,0,0,0,0,1,0,1,0,D
10428,0,0,0,0,0,0,0,1,0,1,0,D
10429,0,0,0,0,0,0,0,1,0,1,0,D
10430,0,0,0,0,0,0,0,1,0,1,0,D
10431,0,0,0,0,0,0,0,1,0,1,0,D
10432,0,0,0,0,0,0,0,1,0,1,0,D
10433,0,0,0,0,0,0,0,1,0,1,0,D
10434,0,0,0,0,0,0,0,1,0,1,0,D
10435,0,0,0,0,0,0,0,1,0,1,0,D
10436,0,0,0,0,0,0,0,1,0,1,0,D
10437,0,0,0,0,0,0,0,1,0,1,0,D
10438,0,0,0,0,0,0,0,1,0,1,0,D
10439,0,0,0,0,0,0,0,1,0,1,0,D
10440,0,0,0,0,0,0,0,1,0,1,0,D
10441,0,0,0,0,0,0,0,1,0,1,0,D
10442,0,0,0,0,0,0,0,1,0,1,0,D
10443,0,0,0,0,0,0,0,1,0,1,0,D
10444,0,0,0,0,0,0,0,1,0,1,0,D
10445,0,0,0,0,0,0,0,1,0,1,0,D
10446,0,0,0,0,0,0,0,1,0,1,0,D
10447,0,0,0,0,0,0,0,1,0,1,0,D
10448,0,0,0,0,0,0,0,1,0,1,0,D
10449,0,0,0,0,0,0,0,1,0,1,0,D
10450,0,0,0,0,0,0,0,1,0,1,0,D
10451,0,0,0,0,0,0,0,1,0,1,0,D
10452,0,0,0,0,0,0,0,1,0,1,0,D
10453,0,0,0,0,0,0,0,1,0,1,0,D
10454,0,0,0,0,0,0,0,1,0,1,0,D
10455,0,0,0,0,0,0,0,1,0,1,0,D
10456,0,0,0,0,0,0,0,1,0,1,0,D
10457,0,0,0,0,0,0,0,1,0,1,0,D
10458,0,0,0,0,0,0,0,1,0,1,0,D
10459,0,0,0,0,0,0,0,1,0,1,0,D
10460,0,0,0,0,0,0,0,1,0,1,0,D
10461,0,0,0,0,0,0,0,1,0,1,0,D
10462,0,0,0,0,0,0,0,1,0,1,0,D
10463,0,0,0,0,0,0,0,1,0,1,0,D
10464,0,0,0,0,0,0,0,1,0,1,0,D
10465,0,0,0,0,0,0,0,1,0,1,0,D
10466,0,0,0,0,0,0,0,1,0,1,0,D
10467,0,0,0,0,0,0,0,1,0,1,0,D
10468,0,0,0,0,0,0,0,1,0,1,0,D
10469,0,0,0,0,0,0,0,1,0,1,0,D
10470,0,0,0,0,0,0,0,1,0,1,0,D
10471,0,0,0,0,0,0,0,1,0,1,0,D
10472,0,0,0,0,0,0,0,1,0,1,0,D
10473,0,0,0,0,0,0,0,1,0,1,0,D
10474,0,0,0,0,0,0,0,1,0,1,0,D
10475,0,0,0,0,0,0,0,1,0,1,0,D
10476,0,0,0,0,0,0,0,1,0,1,0,D
10477,0,0,0,0,0,0,0,1,0,1,0,D
10478,0,0,0,0,0,0,0,1,0,1,0,D
10479,0,0,0,0,0,0,0,1,0,1,0,D
10480,0,0,0,0,0,0,0,1,0,1,0,D
10481,0,0,0,0,0,0,0,1,0,1,0,D
10482,0,0,0,0,0,0,0,1,0,1,0,D
10483,0,0,0,0,0,0,0,1,0,1,0,D
10484,0,0,0,0,0,0,0,1,0,1,0,D
10485,0,0,0,0,0,0,0,1,0,1,0,D
10486,0,0,0,0,0,0,0,1,0,1,0,D
10487,0,0,0,0,0,0,0,1,0,1,0,D
10488,0,0,0,0,0,0,0,1,0,1,0,D
10489,0,0,0,0,0,0,0,1,0,1,0,D
10490,0,0,0,0,0,0,0,1,0,1,0,D
10491,0,0,0,0,0,0,0,1,0,1,0,D
10492,0,0,0,0,0,0,0,1,0,1,0,D
10493,0,0,0,0,0,0,0,1,0,1,0,D
10494,0,0,0,0,0,0,0,1,0,1,0,D
10495,0,0,0,0,0,0,0,1,0,1,0,D
10496,0,0,0,0,0,0,0,1,0,1,0,D
10497,0,0,0,0,0,0,0,1,0,1,0,D
10498,0,0,0,0,0,0,0,1,0,1,0,D
10499,0,0,0,0,0,0,0,1,0,1,0,D
10500,0,0,0,0,0,0,0,1,0,1,0,D
10501,0,0,0,0,0,0,0,1,0,1,0,D
10502,0,0,0,0,0,0,0,1,0,1,0,D
10503,0,0,0,0,0,0,0,1,0,1,0,D
10504,0,0,0,0,0,0,0,1,0,1,0,D
10505,0,0,0,0,0,0,0,1,0,1,0,D
10506,0,0,0,0,0,0,0,1,0,1,0,D
10507,0,0,0,0,0,0,0,1,0,1,0,D
10508,0,0,0,0,0,0,0,1,0,1,0,D
10509,0,0,0,0,0,0,0,1,0,1,0,D
10510,0,0,0,0,0,0,0,1,0,1,0,D
10511,0,0,0,0,0,0,0,1,0,1,0,D
10512,0,0,0,0,0,0,0,1,0,1,0,D
10513,0,0,0,0,0,0,0,1,0,1,0,D
10514,0,0,0,0,0,0,0,1,0,1,0,D
10515,0,0,0,0,0,0,0,1,0,1,0,D
10516,0,0,0,0,0,0,0,1,0,1,0,D
10517,0,0,0,0,0,0,0,1,0,1,0,D
10518,0,0,0,0,0,0,0,1,0,1,0,D
10519,0,0,0,0,0,0,0,1,0,1,0,D
10520,0,0,0,0,0,0,0,1,0,1,0,D
10521,0,0,0,0,0,0,0,1,0,1,0,D
10522,0,0,0,0,0,0,0,1,0,1,0,D
10523,0,0,0,0,0,0,0,1,0,1,0,D
10524,0,0,0,0,0,0,0,1,0,1,0,D
10525,0,0,0,0,0,0,0,1,0,1,0,D
10526,0,0,0,0,0,0,0,1,0,1,0,D
10527,0,0,0,0,0,0,0,1,0,1,0,D
10528,0,0,0,0,0,0,0,1,0,1,0,D
10529,0,0,0,0,0,0,0,1,0,1,0,D
10530,0,0,0,0,0,0,0,1,0,1,0,D
10531,0,0,0,0,0,0,0,1,0,1,0,D
10532,0,0,0,0,0,0,0,1,0,1,0,D
10533,0,0,0,0,0,0,0,1,0,1,0,D
10534,0,0,0,0,0,0,0,1,0,1,0,D
10535,0,0,0,0,0,0,0,1,0,1,0,D
10536,0,0,0,0,0,0,0,1,0,1,0,D
10537,0,0,0,0,0,0,0,1,0,1,0,D
10538,0,0,0,0,0,0,0,1,0,1,0,D
10539,0,0,0,0,0,0,0,1,0,1,0,D
10540,0,0,0,0,0,0,0,1,0,1,0,D
10541,0,0,0,0,0,0,0,1,0,1,0,D
10542,0,0,0,0,0,0,0,1,0,1,0,D
10543,0,0,0,0,0,0,0,1,0,1,0,D
10544,0,0,0,0,0,0,0,1,0,1,0,D
10545,0,0,0,0,0,0,0,1,0,1,0,D
10546,0,0,0,0,0,0,0,1,0,1,0,D
10547,0,0,0,0,0,0,0,1,0,1,0,D
10548,0,0,0,0,0,0,0,1,0,1,0,D
10549,0,0,0,0,0,0,0,1,0,1,0,D
10550,0,0,0,0,0,0,0,1,0,1,0,D
10551,0,0,0,0,0,0,0,1,0,1,0,D
10552,0,0,0,0,0,0,0,1,0,1,0,D
10553,0,0,0,0,0,0,0,1,0,1,0,D
10554,0,0,0,0,0,0,0,1,0,1,0,D
10555,0,0,0,0,0,0,0,1,0,1,0,D
10556,0,0,0,0,0,0,0,1,0,1,0,D
10557,0,0,0,0,0,0,0,1,0,1,0,D
10558,0,0,0,0,0,0,0,1,0,1,0,D
10559,0,0,0,0,0,0,0,1,0,1,0,D
10560,0,0,0,0,0,0,0,1,0,1,0,D
10561,0,0,0,0,0,0,0,1,0,1,0,D
10562,0,0,0,0,0,0,0,1,0,1,0,D
10563,0,0,0,0,0,0,0,1,0,1,0,D
10564,0,0,0,0,0,0,0,1,0,1,0,D
10565,0,0,0,0,0,0,0,1,0,1,0,D
10566,0,0,0,0,0,0,0,1,0,1,0,D
10567,0,0,0,0,0,0,0,1,0,1,0,D
10568,0,0,0,0,0,0,0,1,0,1,0,D
10569,0,0,0,0,0,0,0,1,0,1,0,D
10570,0,0,0,0,0,0,0,1,0,1,0,D
10571,0,0,0,0,0,0,0,1,0,1,0,D
10572,0,0,0,0,0,0,0,1,0,1,0,D
10573,0,0,0,0,0,0,0,1,0,1,0,D
10574,0,0,0,0,0,0,0,1,0,1,0,D
10575,0,0,0,0,0,0,0,1,0,1,0,D
10576,0,0,0,0,0,0,0,1,0,1,0,D
10577,0,0,0,0,0,0,0,1,0,1,0,D
10578,0,0,0,0,0,0,0,1,0,1,0,D
10579,0,0,0,0,0,0,0,1,0,1,0,D
10580,0,0,0,0,0,0,0,1,0,1,0,D
10581,0,0,0,0,0,0,0,1,0,1,0,D
10582,0,0,0,0,0,0,0,1,0,1,0,D
10583,0,0,0,0,0,0,0,1,0,1,0,D
10584,0,0,0,0,0,0,0,1,0,1,0,D
10585,0,0,0,0,0,0,0,1,0,1,0,D
10586,0,0,0,0,0,0,0,1,0,1,0,D
10587,0,0,0,0,0,0,0,1,0,1,0,D
10588,0,0,0,0,0,0,0,1,0,1,0,D
10589,0,0,0,0,0,0,0,1,0,1,0,D
10590,0,0,0,0,0,0,0,1,0,1,0,D
10591,0,0,0,0,0,0,0,1,0,1,0,D
10592,0,0,0,0,0,0,0,1,0,1,0,D
10593,0,0,0,0,0,0,0,1,0,1,0,D
10594,0,0,0,0,0,0,0,1,0,1,0,D
10595,0,0,0,0,0,0,0,1,0,1,0,D
10596,0,0,0,0,0,0,0,1,0,1,0,D
10597,0,0,0,0,0,0,0,1,0,1,0,D
10598,0,0,0,0,0,0,0,1,0,1,0,D
10599,0,0,0,0,0,0,0,1,0,1,0,D
10600,0,0,0,0,0,0,0,1,0,1,0,D
10601,0,0,0,0,0,0,0,1,0,1,0,D
10602,0,0,0,0,0,0,0,1,0,1,0,D
10603,0,0,0,0,0,0,0,1,0,1,0,D
10604,0,0,0,0,0,0,0,1,0,1,0,D
10605,0,0,0,0,0,0,0,1,0,1,0,D
10606,0,0,0,0,0,0,0,1,0,1,0,D
10607,0,0,0,0,0,0,0,1,0,1,0,D
10608,0,0,0,0,0,0,0,1,0,1,0,D
10609,0,0,0,0,0,0,0,1,0,1,0,D
10610,0,0,0,0,0,0,0,1,0,1,0,D
10611,0,0,0,0,0,0,0,1,0,1,0,D
10612,0,0,0,0,0,0,0,1,0,1,0,D
10613,0,0,0,0,0,0,0,1,0,1,0,D
10614,0,0,0,0,0,0,0,1,0,1,0,D
10615,0,0,0,0,0,0,0,1,0,1,0,D
10616,0,0,0,0,0,0,0,1,0,1,0,D
10617,0,0,0,0,0,0,0,1,0,1,0,D
10618,0,0,0,0,0,0,0,1,0,1,0,D
10619,0,0,0,0,0,0,0,1,0,1,0,D
10620,0,0,0,0,0,0,0,1,0,1,0,D
10621,0,0,0,0,0,0,0,1,0,1,0,D
10622,0,0,0,0,0,0,0,1,0,1,0,D
10623,0,0,0,0,0,0,0,1,0,1,0,D
10624,0,0,0,0,0,0,0,1,0,1,0,D
10625,0,0,0,0,0,0,0,1,0,1,0,D
10626,0,0,0,0,0,0,0,1,0,1,0,D
10627,0,0,0,0,0,0,0,1,0,1,0,D
10628,0,0,0,0,0,0,0,1,0,1,0,D
10629,0,0,0,0,0,0,0,1,0,1,0,D
10630,0,0,0,0,0,0,0,1,0,1,0,D
10631,0,0,0,0,0,0,0,1,0,1,0,D
10632,0,0,0,0,0,0,0,1,0,1,0,D
10633,0,0,0,0,0,0,0,1,0,1,0,D
10634,0,0,0,0,0,0,0,1,0,1,0,D
10635,0,0,0,0,0,0,0,1,0,1,0,D
10636,0,0,0,0,0,0,0,1,0,1,0,D
10637,0,0,0,0,0,0,0,1,0,1,0,D
10638,0,0,0,0,0,0,0,1,0,1,0,D
10639,0,0,0,0,0,0,0,1,0,1,0,D
10640,0,0,0,0,0,0,0,1,0,1,0,D
10641,0,0,0,0,0,0,0,1,0,1,0,D
10642,0,0,0,0,0,0,0,1,0,1,0,D
10643,0,0,0,0,0,0,0,1,0,1,0,D
10644,0,0,0,0,0,0,0,1,0,1,0,D
10645,0,0,0,0,0,0,0,1,0,1,0,D
10646,0,0,0,0,0,0,0,1,0,1,0,D
10647,0,0,0,0,0,0,0,1,0,1,0,D
10648,0,0,0,0,0,0,0,1,0,1,0,D
10649,0,0,0,0,0,0,0,1,0,1,0,D
10650,0,0,0,0,0,0,0,1,0,1,0,D
10651,0,0,0,0,0,0,0,1,0,1,0,D
10652,0,0,0,0,0,0,0,1,0,1,0,D
10653,0,0,0,0,0,0,0,1,0,1,0,D
10654,0,0,0,0,0,0,0,1,0,1,0,D
10655,0,0,0,0,0,0,0,1,0,1,0,D
10656,0,0,0,0,0,0,0,1,0,1,0,D
10657,0,0,0,0,0,0,0,1,0,1,0,D
10658,0,0,0,0,0,0,0,1,0,1,0,D
10659,0,0,0,0,0,0,0,1,0,1,0,D
10660,0,0,0,0,0,0,0,1,0,1,0,D
10661,0,0,0,0,0,0,0,1,0,1,0,D
10662,0,0,0,0,0,0,0,1,0,1,0,D
10663,0,0,0,0,0,0,0,1,0,1,0,D
10664,0,0,0,0,0,0,0,1,0,1,0,D
10665,0,0,0,0,0,0,0,1,0,1,0,D
10666,0,0,0,0,0,0,0,1,0,1,0,D
10667,0,0,0,0,0,0,0,1,0,1,0,D
10668,0,0,0,0,0,0,0,1,0,1,0,D
10669,0,0,0,0,0,0,0,1,0,1,0,D
10670,0,0,0,0,0,0,0,1,0,1,0,D
10671,0,0,0,0,0,0,0,1,0,1,0,D
10672,0,0,0,0,0,0,0,1,0,1,0,D
10673,0,0,0,0,0,0,0,1,0,1,0,D
10674,0,0,0,0,0,0,0,1,0,1,0,D
10675,0,0,0,0,0,0,0,1,0,1,0,D
10676,0,0,0,0,0,0,0,1,0,1,0,D
10677,0,0,0,0,0,0,0,1,0,1,0,D
10678,0,0,0,0,0,0,0,1,0,1,0,D
10679,0,0,0,0,0,0,0,1,0,1,0,D
10680,0,0,0,0,0,0,0,1,0,1,0,D
10681,0,0,0,0,0,0,0,1,0,1,0,D
10682,0,0,0,0,0,0,0,1,0,1,0,D
10683,0,0,0,0,0,0,0,1,0,1,0,D
10684,0,0,0,0,0,0,0,1,0,1,0,D
10685,0,0,0,0,0,0,0,1,0,1,0,D
10686,0,0,0,0,0,0,0,1,0,1,0,D
10687,0,0,0,0,0,0,0,1,0,1,0,D
10688,0,0,0,0,0,0,0,1,0,1,0,D
10689,0,0,0,0,0,0,0,1,0,1,0,D
10690,0,0,0,0,0,0,0,1,0,1,0,D
10691,0,0,0,0,0,0,0,1,0,1,0,D
10692,0,0,0,0,0,0,0,1,0,1,0,D
10693,0,0,0,0,0,0,0,1,0,1,0,D
10694,0,0,0,0,0,0,0,1,0,1,0,D
10695,0,0,0,0,0,0,0,1,0,1,0,D
10696,0,0,0,0,0,0,0,1,0,1,0,D
10697,0,0,0,0,0,0,0,1,0,1,0,D
10698,0,0,0,0,0,0,0,1,0,1,0,D
10699,0,0,0,0,0,0,0,1,0,1,0,D
10700,0,0,0,0,0,0,0,1,0,1,0,D
10701,0,0,0,0,0,0,0,1,0,1,0,D
10702,0,0,0,0,0,0,0,1,0,1,0,D
10703,0,0,0,0,0,0,0,1,0,1,0,D
10704,0,0,0,0,0,0,0,1,0,1,0,D
10705,0,0,0,0,0,0,0,1,0,1,0,D
10706,0,0,0,0,0,0,0,1,0,1,0,D
10707,0,0,0,0,0,0,0,1,0,1,0,D
10708,0,0,0,0,0,0,0,1,0,1,0,D
10709,0,0,0,0,0,0,0,1,0,1,0,D
10710,0,0,0,0,0,0,0,1,0,1,0,D
10711,0,0,0,0,0,0,0,1,0,1,0,D
10712,0,0,0,0,0,0,0,1,0,1,0,D
10713,0,0,0,0,0,0,0,1,0,1,0,D
10714,0,0,0,0,0,0,0,1,0,1,0,D
10715,0,0,0,0,0,0,0,1,0,1,0,D
10716,0,0,0,0,0,0,0,1,0,1,0,D
10717,0,0,0,0,0,0,0,1,0,1,0,D
10718,0,0,0,0,0,0,0,1,0,1,0,D
10719,0,0,0,0,0,0,0,1,0,1,0,D
10720,0,0,0,0,0,0,0,1,0,1,0,D
10721,0,0,0,0,0,0,0,1,0,1,0,D
10722,0,0,0,0,0,0,0,1,0,1,0,D
10723,0,0,0,0,0,0,0,1,0,1,0,D
10724,0,0,0,0,0,0,0,1,0,1,0,D
10725,0,0,0,0,0,0,0,1,0,1,0,D
10726,0,0,0,0,0,0,0,1,0,1,0,D
10727,0,0,0,0,0,0,0,1,0,1,0,D
10728,0,0,0,0,0,0,0,1,0,1,0,D
10729,0,0,0,0,0,0,0,1,0,1,0,D
10730,0,0,0,0,0,0,0,1,0,1,0,D
10731,0,0,0,0,0,0,0,1,0,1,0,D
10732,0,0,0,0,0,0,0,1,0,1,0,D
10733,0,0,0,0,0,0,0,1,0,1,0,D
10734,0,0,0,0,0,0,0,1,0,1,0,D
10735,0,0,0,0,0,0,0,1,0,1,0,D
10736,0,0,0,0,0,0,0,1,0,1,0,D
10737,0,0,0,0,0,0,0,1,0,1,0,D
10738,0,0,0,0,0,0,0,1,0,1,0,D
10739,0,0,0,0,0,0,0,1,0,1,0,D
10740,0,0,0,0,0,0,0,1,0,1,0,D
10741,0,0,0,0,0,0,0,1,0,1,0,D
10742,0,0,0,0,0,0,0,1,0,1,0,D
10743,0,0,0,0,0,0,0,1,0,1,0,D
10744,0,0,0,0,0,0,0,1,0,1,0,D
10745,0,0,0,0,0,0,0,1,0,1,0,D
10746,0,0,0,0,0,0,0,1,0,1,0,D
10747,0,0,0,0,0,0,0,1,0,1,0,D
10748,0,0,0,0,0,0,0,1,0,1,0,D
10749,0,0,0,0,0,0,0,1,0,1,0,D
10750,0,0,0,0,0,0,0,1,0,1,0,D
10751,0,0,0,0,0,0,0,1,0,1,0,D
10752,0,0,0,0,0,0,0,1,0,1,0,D
10753,0,0,0,0,0,0,0,1,0,1,0,D
10754,0,0,0,0,0,0,0,1,0,1,0,D
10755,0,0,0,0,0,0,0,1,0,1,0,D
10756,0,0,0,0,0,0,0,1,0,1,0,D
10757,0,0,0,0,0,0,0,1,0,1,0,D
10758,0,0,0,0,0,0,0,1,0,1,0,D
10759,0,0,0,0,0,0,0,1,0,1,0,D
10760,0,0,0,0,0,0,0,1,0,1,0,D
10761,0,0,0,0,0,0,0,1,0,1,0,D
10762,0,0,0,0,0,0,0,1,0,1,0,D
10763,0,0,0,0,0,0,0,1,0,1,0,D
10764,0,0,0,0,0,0,0,1,0,1,0,D
10765,0,0,0,0,0,0,0,1,0,1,0,D
10766,0,0,0,0,0,0,0,1,0,1,0,D
10767,0,0,0,0,0,0,0,1,0,1,0,D
10768,0,0,0,0,0,0,0,1,0,1,0,D
10769,0,0,0,0,0,0,0,1,0,1,0,D
10770,0,0,0,0,0,0,0,1,0,1,0,D
10771,0,0,0,0,0,0,0,1,0,1,0,D
10772,0,0,0,0,0,0,0,1,0,1,0,D
10773,0,0,0,0,0,0,0,1,0,1,0,D
10774,0,0,0,0,0,0,0,1,0,1,0,D
10775,0,0,0,0,0,0,0,1,0,1,0,D
10776,0,0,0,0,0,0,0,1,0,1,0,D
10777,0,0,0,0,0,0,0,1,0,1,0,D
10778,0,0,0,0,0,0,0,1,0,1,0,D
10779,0,0,0,0,0,0,0,1,0,1,0,D
10780,0,0,0,0,0,0,0,1,0,1,0,D
10781,0,0,0,0,0,0,0,1,0,1,0,D
10782,0,0,0,0,0,0,0,1,0,1,0,D
10783,0,0,0,0,0,0,0,1,0,1,0,D
10784,0,0,0,0,0,0,0,1,0,1,0,D
10785,0,0,0,0,0,0,0,1,0,1,0,D
10786,0,0,0,0,0,0,0,1,0,1,0,D
10787,0,0,0,0,0,0,0,1,0,1,0,D
10788,0,0,0,0,0,0,0,1,0,1,0,D
10789,0,0,0,0,0,0,0,1,0,1,0,D
10790,0,0,0,0,0,0,0,1,0,1,0,D
10791,0,0,0,0,0,0,0,1,0,1,0,D
10792,0,0,0,0,0,0,0,1,0,1,0,D
10793,0,0,0,0,0,0,0,1,0,1,0,D
10794,0,0,0,0,0,0,0,1,0,1,0,D
10795,0,0,0,0,0,0,0,1,0,1,0,D
10796,0,0,0,0,0,0,0,1,0,1,0,D
10797,0,0,0,0,0,0,0,1,0,1,0,D
10798,0,0,0,0,0,0,0,1,0,1,0,D
10799,0,0,0,0,0,0,0,1,0,1,0,D
10800,0,0,0,0,0,0,0,1,0,1,0,D
10801,0,0,0,0,0,0,0,1,0,1,0,D
10802,0,0,0,0,0,0,0,1,0,1,0,D
10803,0,0,0,0,0,0,0,1,0,1,0,D
10804,0,0,0,0,0,0,0,1,0,1,0,D
10805,0,0,0,0,0,0,0,1,0,1,0,D
10806,0,0,0,0,0,0,0,1,0,1,0,D
10807,0,0,0,0,0,0,0,1,0,1,0,D
10808,0,0,0,0,0,0,0,1,0,1,0,D
10809,0,0,0,0,0,0,0,1,0,1,0,D
10810,0,0,0,0,0,0,0,1,0,1,0,D
10811,0,0,0,0,0,0,0,1,0,1,0,D
10812,0,0,0,0,0,0,0,1,0,1,0,D
10813,0,0,0,0,0,0,0,1,0,1,0,D
10814,0,0,0,0,0,0,0,1,0,1,0,D
10815,0,0,0,0,0,0,0,1,0,1,0,D
10816,0,0,0,0,0,0,0,1,0,1,0,D
10817,0,0,0,0,0,0,0,1,0,1,0,D
10818,0,0,0,0,0,0,0,1,0,1,0,D
10819,0,0,0,0,0,0,0,1,0,1,0,D
10820,0,0,0,0,0,0,0,1,0,1,0,D
10821,0,0,0,0,0,0,0,1,0,1,0,D
10822,0,0,0,0,0,0,0,1,0,1,0,D
10823,0,0,0,0,0,0,0,1,0,1,0,D
10824,0,0,0,0,0,0,0,1,0,1,0,D
10825,0,0,0,0,0,0,0,1,0,1,0,D
10826,0,0,0,0,0,0,0,1,0,1,0,D
10827,0,0,0,0,0,0,0,1,0,1,0,D
10828,0,0,0,0,0,0,0,1,0,1,0,D
10829,0,0,0,0,0,0,0,1,0,1,0,D
10830,0,0,0,0,0,0,0,1,0,1,0,D
10831,0,0,0,0,0,0,0,1,0,1,0,D
10832,0,0,0,0,0,0,0,1,0,1,0,D
10833,0,0,0,0,0,0,0,1,0,1,0,D
10834,0,0,0,0,0,0,0,1,0,1,0,D
10835,0,0,0,0,0,0,0,1,0,1,0,D
10836,0,0,0,0,0,0,0,1,0,1,0,D
10837,0,0,0,0,0,0,0,1,0,1,0,D
10838,0,0,0,0,0,0,0,1,0,1,0,D
10839,0,0,0,0,0,0,0,1,0,1,0,D
10840,0,0,0,0,0,0,0,1,0,1,0,D
10841,0,0,0,0,0,0,0,1,0,1,0,D
10842,0,0,0,0,0,0,0,1,0,1,0,D
10843,0,0,0,0,0,0,0,1,0,1,0,D
10844,0,0,0,0,0,0,0,1,0,1,0,D
10845,0,0,0,0,0,0,0,1,0,1,0,D
10846,0,0,0,0,0,0,0,1,0,1,0,D
10847,0,0,0,0,0,0,0,1,0,1,0,D
10848,0,0,0,0,0,0,0,1,0,1,0,D
10849,0,0,0,0,0,0,0,1,0,1,0,D
10850,0,0,0,0,0,0,0,1,0,1,0,D
10851,0,0,0,0,0,0,0,1,0,1,0,D
10852,0,0,0,0,0,0,0,1,0,1,0,D
10853,0,0,0,0,0,0,0,1,0,1,0,D
10854,0,0,0,0,0,0,0,1,0,1,0,D
10855,0,0,0,0,0,0,0,1,0,1,0,D
10856,0,0,0,0,0,0,0,1,0,1,0,D
10857,0,0,0,0,0,0,0,1,0,1,0,D
10858,0,0,0,0,0,0,0,1,0,1,0,D
10859,0,0,0,0,0,0,0,1,0,1,0,D
10860,0,0,0,0,0,0,0,1,0,1,0,D
10861,0,0,0,0,0,0,0,1,0,1,0,D
10862,0,0,0,0,0,0,0,1,0,1,0,D
10863,0,0,0,0,0,0,0,1,0,1,0,D
10864,0,0,0,0,0,0,0,1,0,1,0,D
10865,0,0,0,0,0,0,0,1,0,1,0,D
10866,0,0,0,0,0,0,0,1,0,1,0,D
10867,0,0,0,0,0,0,0,1,0,1,0,D
10868,0,0,0,0,0,0,0,1,0,1,0,D
10869,0,0,0,0,0,0,0,1,0,1,0,D
10870,0,0,0,0,0,0,0,1,0,1,0,D
10871,0,0,0,0,0,0,0,1,0,1,0,D
10872,0,0,0,0,0,0,0,1,0,1,0,D
10873,0,0,0,0,0,0,0,1,0,1,0,D
10874,0,0,0,0,0,0,0,1,0,1,0,D
10875,0,0,0,0,0,0,0,1,0,1,0,D
10876,0,0,0,0,0,0,0,1,0,1,0,D
10877,0,0,0,0,0,0,0,1,0,1,0,D
10878,0,0,0,0,0,0,0,1,0,1,0,D
10879,0,0,0,0,0,0,0,1,0,1,0,D
10880,0,0,0,0,0,0,0,1,0,1,0,D
10881,0,0,0,0,0,0,0,1,0,1,0,D
10882,0,0,0,0,0,0,0,1,0,1,0,D
10883,0,0,0,0,0,0,0,1,0,1,0,D
10884,0,0,0,0,0,0,0,1,0,1,0,D
10885,0,0,0,0,0,0,0,1,0,1,0,D
10886,0,0,0,0,0,0,0,1,0,1,0,D
10887,0,0,0,0,0,0,0,1,0,1,0,D
10888,0,0,0,0,0,0,0,1,0,1,0,D
10889,0,0,0,0,0,0,0,1,0,1,0,D
10890,0,0,0,0,0,0,0,1,0,1,0,D
10891,0,0,0,0,0,0,0,1,0,1,0,D
10892,0,0,0,0,0,0,0,1,0,1,0,D
10893,0,0,0,0,0,0,0,1,0,1,0,D
10894,0,0,0,0,0,0,0,1,0,1,0,D
10895,0,0,0,0,0,0,0,1,0,1,0,D
10896,0,0,0,0,0,0,0,1,0,1,0,D
10897,0,0,0,0,0,0,0,1,0,1,0,D
10898,0,0,0,0,0,0,0,1,0,1,0,D
10899,0,0,0,0,0,0,0,1,0,1,0,D
10900,0,0,0,0,0,0,0,1,0,1,0,D
10901,0,0,0,0,0,0,0,1,0,1,0,D
10902,0,0,0,0,0,0,0,1,0,1,0,D
10903,0,0,0,0,0,0,0,1,0,1,0,D
10904,0,0,0,0,0,0,0,1,0,1,0,D
10905,0,0,0,0,0,0,0,1,0,1,0,D
10906,0,0,0,0,0,0,0,1,0,1,0,D
10907,0,0,0,0,0,0,0,1,0,1,0,D
10908,0,0,0,0,0,0,0,1,0,1,0,D
10909,0,0,0,0,0,0,0,1,0,1,0,D
10910,0,0,0,0,0,0,0,1,0,1,0,D
10911,0,0,0,0,0,0,0,1,0,1,0,D
10912,0,0,0,0,0,0,0,1,0,1,0,D
10913,0,0,0,0,0,0,0,1,0,1,0,D
10914,0,0,0,0,0,0,0,1,0,1,0,D
10915,0,0,0,0,0,0,0,1,0,1,0,D
10916,0,0,0,0,0,0,0,1,0,1,0,D
10917,0,0,0,0,0,0,0,1,0,1,0,D
10918,0,0,0,0,0,0,0,1,0,1,0,D
10919,0,0,0,0,0,0,0,1,0,1,0,D
10920,0,0,0,0,0,0,0,1,0,1,0,D
10921,0,0,0,0,0,0,0,1,0,1,0,D
10922,0,0,0,0,0,0,0,1,0,1,0,D
10923,0,0,0,0,0,0,0,1,0,1,0,D
10924,0,0,0,0,0,0,0,1,0,1,0,D
10925,0,0,0,0,0,0,0,1,0,1,0,D
10926,0,0,0,0,0,0,0,1,0,1,0,D
10927,0,0,0,0,0,0,0,1,0,1,0,D
10928,0,0,0,0,0,0,0,1,0,1,0,D
10929,0,0,0,0,0,0,0,1,0,1,0,D
10930,0,0,0,0,0,0,0,1,0,1,0,D
10931,0,0,0,0,0,0,0,1,0,1,0,D
10932,0,0,0,0,0,0,0,1,0,1,0,D
10933,0,0,0,0,0,0,0,1,0,1,0,D
10934,0,0,0,0,0,0,0,1,0,1,0,D
10935,0,0,0,0,0,0,0,1,0,1,0,D
10936,0,0,0,0,0,0,0,1,0,1,0,D
10937,0,0,0,0,0,0,0,1,0,1,0,D
10938,0,0,0,0,0,0,0,1,0,1,0,D
10939,0,0,0,0,0,0,0,1,0,1,0,D
10940,0,0,0,0,0,0,0,1,0,1,0,D
10941,0,0,0,0,0,0,0,1,0,1,0,D
10942,0,0,0,0,0,0,0,1,0,1,0,D
10943,0,0,0,0,0,0,0,1,0,1,0,D
10944,0,0,0,0,0,0,0,1,0,1,0,D
10945,0,0,0,0,0,0,0,1,0,1,0,D
10946,0,0,0,0,0,0,0,1,0,1,0,D
10947,0,0,0,0,0,0,0,1,0,1,0,D
10948,0,0,0,0,0,0,0,1,0,1,0,D
10949,0,0,0,0,0,0,0,1,0,1,0,D
10950,0,0,0,0,0,0,0,1,0,1,0,D
10951,0,0,0,0,0,0,0,1,0,1,0,D
10952,0,0,0,0,0,0,0,1,0,1,0,D
10953,0,0,0,0,0,0,0,1,0,1,0,D
10954,0,0,0,0,0,0,0,1,0,1,0,D
10955,0,0,0,0,0,0,0,1,0,1,0,D
10956,0,0,0,0,0,0,0,1,0,1,0,D
10957,0,0,0,0,0,0,0,1,0,1,0,D
10958,0,0,0,0,0,0,0,1,0,1,0,D
10959,0,0,0,0,0,0,0,1,0,1,0,D
10960,0,0,0,0,0,0,0,1,0,1,0,D
10961,0,0,0,0,0,0,0,1,0,1,0,D
10962,0,0,0,0,0,0,0,1,0,1,0,D
10963,0,0,0,0,0,0,0,1,0,1,0,D
10964,0,0,0,0,0,0,0,1,0,1,0,D
10965,0,0,0,0,0,0,0,1,0,1,0,D
10966,0,0,0,0,0,0,0,1,0,1,0,D
10967,0,0,0,0,0,0,0,1,0,1,0,D
10968,0,0,0,0,0,0,0,1,0,1,0,D
10969,0,0,0,0,0,0,0,1,0,1,0,D
10970,0,0,0,0,0,0,0,1,0,1,0,D
10971,0,0,0,0,0,0,0,1,0,1,0,D
10972,0,0,0,0,0,0,0,1,0,1,0,D
10973,0,0,0,0,0,0,0,1,0,1,0,D
10974,0,0,0,0,0,0,0,1,0,1,0,D
10975,0,0,0,0,0,0,0,1,0,1,0,D
10976,0,0,0,0,0,0,0,1,0,1,0,D
10977,0,0,0,0,0,0,0,1,0,1,0,D
10978,0,0,0,0,0,0,0,1,0,1,0,D
10979,0,0,0,0,0,0,0,1,0,1,0,D
10980,0,0,0,0,0,0,0,1,0,1,0,D
10981,0,0,0,0,0,0,0,1,0,1,0,D
10982,0,0,0,0,0,0,0,1,0,1,0,D
10983,0,0,0,0,0,0,0,1,0,1,0,D
10984,0,0,0,0,0,0,0,1,0,1,0,D
10985,0,0,0,0,0,0,0,1,0,1,0,D
10986,0,0,0,0,0,0,0,1,0,1,0,D
10987,0,0,0,0,0,0,0,1,0,1,0,D
10988,0,0,0,0,0,0,0,1,0,1,0,D
10989,0,0,0,0,0,0,0,1,0,1,0,D
10990,0,0,0,0,0,0,0,1,0,1,0,D
10991,0,0,0,0,0,0,0,1,0,1,0,D
10992,0,0,0,0,0,0,0,1,0,1,0,D
10993,0,0,0,0,0,0,0,1,0,1,0,D
10994,0,0,0,0,0,0,0,1,0,1,0,D
10995,0,0,0,0,0,0,0,1,0,1,0,D
10996,0,0,0,0,0,0,0,1,0,1,0,D
10997,0,0,0,0,0,0,0,1,0,1,0,D
10998,0,0,0,0,0,0,0,1,0,1,0,D
10999,0,0,0,0,0,0,0,1,0,1,0,D
11000,0,0,0,0,0,0,0,1,0,1,0,D
11001,0,0,0,0,0,0,0,1,0,1,0,D
11002,0,0,0,0,0,0,0,1,0,1,0,D
11003,0,0,0,0,0,0,0,1,0,1,0,D
11004,0,0,0,0,0,0,0,1,0,1,0,D
11005,0,0,0,0,0,0,0,1,0,1,0,D
11006,0,0,0,0,0,0,0,1,0,1,0,D
11007,0,0,0,0,0,0,0,1,0,1,0,D
11008,0,0,0,0,0,0,0,1,0,1,0,D
11009,0,0,0,0,0,0,0,1,0,1,0,D
11010,0,0,0,0,0,0,0,1,0,1,0,D
11011,0,0,0,0,0,0,0,1,0,1,0,D
11012,0,0,0,0,0,0,0,1,0,1,0,D
11013,0,0,0,0,0,0,0,1,0,1,0,D
11014,0,0,0,0,0,0,0,1,0,1,0,D
11015,0,0,0,0,0,0,0,1,0,1,0,D
11016,0,0,0,0,0,0,0,1,0,1,0,D
11017,0,0,0,0,0,0,0,1,0,1,0,D
11018,0,0,0,0,0,0,0,1,0,1,0,D
11019,0,0,0,0,0,0,0,1,0,1,0,D
11020,0,0,0,0,0,0,0,1,0,1,0,D
11021,0,0,0,0,0,0,0,1,0,1,0,D
11022,0,0,0,0,0,0,0,1,0,1,0,D
11023,0,0,0,0,0,0,0,1,0,1,0,D
11024,0,0,0,0,0,0,0,1,0,1,0,D
11025,0,0,0,0,0,0,0,1,0,1,0,D
11026,0,0,0,0,0,0,0,1,0,1,0,D
11027,0,0,0,0,0,0,0,1,0,1,0,D
11028,0,0,0,0,0,0,0,1,0,1,0,D
11029,0,0,0,0,0,0,0,1,0,1,0,D
11030,0,0,0,0,0,0,0,1,0,1,0,D
11031,0,0,0,0,0,0,0,1,0,1,0,D
11032,0,0,0,0,0,0,0,1,0,1,0,D
11033,0,0,0,0,0,0,0,1,0,1,0,D
11034,0,0,0,0,0,0,0,1,0,1,0,D
11035,0,0,0,0,0,0,0,1,0,1,0,D
11036,0,0,0,0,0,0,0,1,0,1,0,D
11037,0,0,0,0,0,0,0,1,0,1,0,D
11038,0,0,0,0,0,0,0,1,0,1,0,D
11039,0,0,0,0,0,0,0,1,0,1,0,D
11040,0,0,0,0,0,0,0,1,0,1,0,D
11041,0,0,0,0,0,0,0,1,0,1,0,D
11042,0,0,0,0,0,0,0,1,0,1,0,D
11043,0,0,0,0,0,0,0,1,0,1,0,D
11044,0,0,0,0,0,0,0,1,0,1,0,D
11045,0,0,0,0,0,0,0,1,0,1,0,D
11046,0,0,0,0,0,0,0,1,0,1,0,D
11047,0,0,0,0,0,0,0,1,0,1,0,D
11048,0,0,0,0,0,0,0,1,0,1,0,D
11049,0,0,0,0,0,0,0,1,0,1,0,D
11050,0,0,0,0,0,0,0,1,0,1,0,D
11051,0,0,0,0,0,0,0,1,0,1,0,D
11052,0,0,0,0,0,0,0,1,0,1,0,D
11053,0,0,0,0,0,0,0,1,0,1,0,D
11054,0,0,0,0,0,0,0,1,0,1,0,D
11055,0,0,0,0,0,0,0,1,0,1,0,D
11056,0,0,0,0,0,0,0,1,0,1,0,D
11057,0,0,0,0,0,0,0,1,0,1,0,D
11058,0,0,0,0,0,0,0,1,0,1,0,D
11059,0,0,0,0,0,0,0,1,0,1,0,D
11060,0,0,0,0,0,0,0,1,0,1,0,D
11061,0,0,0,0,0,0,0,1,0,1,0,D
11062,0,0,0,0,0,0,0,1,0,1,0,D
11063,0,0,0,0,0,0,0,1,0,1,0,D
11064,0,0,0,0,0,0,0,1,0,1,0,D
11065,0,0,0,0,0,0,0,1,0,1,0,D
11066,0,0,0,0,0,0,0,1,0,1,0,D
11067,0,0,0,0,0,0,0,1,0,1,0,D
11068,0,0,0,0,0,0,0,1,0,1,0,D
11069,0,0,0,0,0,0,0,1,0,1,0,D
11070,0,0,0,0,0,0,0,1,0,1,0,D
11071,0,0,0,0,0,0,0,1,0,1,0,D
11072,0,0,0,0,0,0,0,1,0,1,0,D
11073,0,0,0,0,0,0,0,1,0,1,0,D
11074,0,0,0,0,0,0,0,1,0,1,0,D
11075,0,0,0,0,0,0,0,1,0,1,0,D
11076,0,0,0,0,0,0,0,1,0,1,0,D
11077,0,0,0,0,0,0,0,1,0,1,0,D
11078,0,0,0,0,0,0,0,1,0,1,0,D
11079,0,0,0,0,0,0,0,1,0,1,0,D
11080,0,0,0,0,0,0,0,1,0,1,0,D
11081,0,0,0,0,0,0,0,1,0,1,0,D
11082,0,0,0,0,0,0,0,1,0,1,0,D
11083,0,0,0,0,0,0,0,1,0,1,0,D
11084,0,0,0,0,0,0,0,1,0,1,0,D
11085,0,0,0,0,0,0,0,1,0,1,0,D
11086,0,0,0,0,0,0,0,1,0,1,0,D
11087,0,0,0,0,0,0,0,1,0,1,0,D
11088,0,0,0,0,0,0,0,1,0,1,0,D
11089,0,0,0,0,0,0,0,1,0,1,0,D
11090,0,0,0,0,0,0,0,1,0,1,0,D
11091,0,0,0,0,0,0,0,1,0,1,0,D
11092,0,0,0,0,0,0,0,1,0,1,0,D
11093,0,0,0,0,0,0,0,1,0,1,0,D
11094,0,0,0,0,0,0,0,1,0,1,0,D
11095,0,0,0,0,0,0,0,1,0,1,0,D
11096,0,0,0,0,0,0,0,1,0,1,0,D
11097,0,0,0,0,0,0,0,1,0,1,0,D
11098,0,0,0,0,0,0,0,1,0,1,0,D
11099,0,0,0,0,0,0,0,1,0,1,0,D
11100,0,0,0,0,0,0,0,1,0,1,0,D
11101,0,0,0,0,0,0,0,1,0,1,0,D
11102,0,0,0,0,0,0,0,1,0,1,0,D
11103,0,0,0,0,0,0,0,1,0,1,0,D
11104,0,0,0,0,0,0,0,1,0,1,0,D
11105,0,0,0,0,0,0,0,1,0,1,0,D
11106,0,0,0,0,0,0,0,1,0,1,0,D
11107,0,0,0,0,0,0,0,1,0,1,0,D
11108,0,0,0,0,0,0,0,1,0,1,0,D
11109,0,0,0,0,0,0,0,1,0,1,0,D
11110,0,0,0,0,0,0,0,1,0,1,0,D
11111,0,0,0,0,0,0,0,1,0,1,0,D
11112,0,0,0,0,0,0,0,1,0,1,0,D
11113,0,0,0,0,0,0,0,1,0,1,0,D
11114,0,0,0,0,0,0,0,1,0,0,0,D
11115,0,0,0,0,0,0,0,1,0,0,0,D
11116,0,0,0,0,0,0,0,1,0,0,0,D
11117,0,0,0,0,0,0,0,1,0,0,0,D
11118,0,0,0,0,0,0,0,1,0,0,0,D
11119,0,0,0,0,0,0,0,1,0,0,0,D
11120,0,0,0,0,0,0,0,1,0,0,0,D
11121,0,0,0,0,0,0,0,1,0,0,0,D
11122,0,0,0,0,0,0,0,1,0,0,0,D
11123,0,0,0,0,0,0,0,1,0,0,0,D
11124,0,0,0,0,0,0,0,1,0,0,0,D
11125,0,0,0,0,0,0,0,1,0,0,0,D
11126,0,0,0,0,0,0,0,1,0,0,0,D
11127,0,0,0,0,0,0,0,1,0,0,0,D
11128,0,0,0,0,0,0,0,1,0,0,0,D
11129,0,0,0,0,0,0,0,1,0,0,0,D
11130,0,0,0,0,0,0,0,1,0,0,0,D
11131,0,0,0,0,0,0,0,1,0,0,0,D
11132,0,0,0,0,0,0,0,1,0,0,0,D
11133,0,0,0,0,0,0,0,1,0,0,0,D
11134,0,0,0,0,0,0,0,1,0,0,0,D
11135,0,0,0,0,0,0,0,1,0,0,0,D
11136,0,0,0,0,0,0,0,1,0,0,0,D
11137,0,0,0,0,0,0,0,1,0,0,0,D
11138,0,0,0,0,0,0,0,1,0,0,0,D
11139,0,0,0,0,0,0,0,1,0,0,0,D
11140,0,0,0,0,0,0,0,1,0,0,0,D
11141,0,0,0,0,0,0,0,1,0,0,0,D
11142,0,0,0,0,0,0,0,1,0,0,0,D
11143,0,0,0,0,0,0,0,1,0,0,0,D
11144,0,0,0,0,0,0,0,1,0,0,0,D
11145,0,0,0,0,0,0,0,1,0,0,0,D
11146,0,0,0,0,0,0,0,1,0,0,0,D
11147,0,0,0,0,0,0,0,1,0,0,0,D
11148,0,0,0,0,0,0,0,1,0,0,0,D
11149,0,0,0,0,0,0,0,1,0,0,0,D
11150,0,0,0,0,0,0,0,1,0,0,0,D
11151,0,0,0,0,0,0,0,1,0,0,0,D
11152,0,0,0,0,0,0,0,1,0,0,0,D
11153,0,0,0,0,0,0,0,1,0,0,0,D
11154,0,0,0,0,0,0,0,1,0,0,0,D
11155,0,0,0,0,0,0,0,1,0,0,0,D
11156,0,0,0,0,0,0,0,1,0,0,0,D
11157,0,0,0,0,0,0,0,1,0,0,0,D
11158,0,0,0,0,0,0,0,1,0,0,0,D
11159,0,0,0,0,0,0,0,1,0,0,0,D
11160,0,0,0,0,0,0,0,1,0,0,0,D
11161,0,0,0,0,0,0,0,1,0,0,0,D
11162,0,0,0,0,0,0,0,1,0,0,0,D
11163,0,0,0,0,0,0,0,1,0,0,0,D
11164,0,0,0,0,0,0,0,1,0,0,0,D
11165,0,0,0,0,0,0,0,1,0,0,0,D
11166,0,0,0,0,0,0,0,1,0,0,0,D
11167,0,0,0,0,0,0,0,1,0,0,0,D
11168,0,0,0,0,0,0,0,1,0,0,0,D
11169,0,0,0,0,0,0,0,1,0,0,0,D
11170,0,0,0,0,0,0,0,1,0,0,0,D
11171,0,0,0,0,0,0,0,1,0,0,0,D
11172,0,0,0,0,0,0,0,1,0,0,0,D
11173,0,0,0,0,0,0,0,1,0,0,0,D
11174,0,0,0,0,0,0,0,1,0,0,0,D
11175,0,0,0,0,0,0,0,1,0,0,0,D
11176,0,0,0,0,0,0,0,1,0,0,0,D
11177,0,0,0,0,0,0,0,1,0,0,0,D
11178,0,0,0,0,0,0,0,1,0,0,0,D
11179,0,0,0,0,0,0,0,1,0,0,0,D
11180,0,0,0,0,0,0,0,1,0,1,0,D
11181,0,0,0,0,0,0,0,1,0,1,0,D
11182,0,0,0,0,0,0,0,1,0,1,0,D
11183,0,0,0,0,0,0,0,1,0,1,0,D
11184,0,0,0,0,0,0,0,1,0,1,0,D
11185,0,0,0,0,0,0,0,1,0,1,0,D
11186,0,0,0,0,0,0,0,1,0,1,0,D
11187,0,0,0,0,0,0,0,1,0,1,0,D
11188,0,0,0,0,0,0,0,1,0,1,0,D
11189,0,0,0,0,0,0,0,1,0,1,0,D
11190,0,0,0,0,0,0,0,1,0,1,0,D
11191,0,0,0,0,0,0,0,1,0,1,0,D
11192,0,0,0,0,0,0,0,1,0,1,0,D
11193,0,0,0,0,0,0,0,1,0,1,0,D
11194,0,0,0,0,0,0,0,1,0,1,0,D
11195,0,0,0,0,0,0,0,1,0,1,0,D
11196,0,0,0,0,0,0,0,1,0,1,0,D
11197,0,0,0,0,0,0,0,1,0,1,0,D
11198,0,0,0,0,0,0,0,1,0,1,0,D
11199,0,0,0,0,0,0,0,1,0,1,0,D
11200,0,0,0,0,0,0,0,1,0,1,0,D
11201,0,0,0,0,0,0,0,1,0,1,0,D
11202,0,0,0,0,0,0,0,1,0,1,0,D
11203,0,0,0,0,0,0,0,1,0,1,0,D
11204,0,0,0,0,0,0,0,1,0,1,0,D
11205,0,0,0,0,0,0,0,1,0,1,0,D
11206,0,0,0,0,0,0,0,1,0,1,0,D
11207,0,0,0,0,0,0,0,1,0,1,0,D
11208,0,0,0,0,0,0,0,1,0,1,0,D
11209,0,0,0,0,0,0,0,1,0,1,0,D
11210,0,0,0,0,0,0,0,1,0,1,0,D
11211,0,0,0,0,0,0,0,1,0,1,0,D
11212,0,0,0,0,0,0,0,1,0,1,0,D
11213,0,0,0,0,0,0,0,1,0,1,0,D
11214,0,0,0,0,0,0,0,1,0,1,0,D
11215,0,0,0,0,0,0,0,1,0,1,0,D
11216,0,0,0,0,0,0,0,1,0,1,0,D
11217,0,0,0,0,0,0,0,1,0,1,0,D
11218,0,0,0,0,0,0,0,1,0,1,0,D
11219,0,0,0,0,0,0,0,1,0,1,0,D
11220,0,0,0,0,0,0,0,1,0,1,0,D
11221,0,0,0,0,0,0,0,1,0,1,0,D
11222,0,0,0,0,0,0,0,1,0,1,0,D
11223,0,0,0,0,0,0,0,1,0,1,0,D
11224,0,0,0,0,0,0,0,1,0,1,0,D
11225,0,0,0,0,0,0,0,1,0,1,0,D
11226,0,0,0,0,0,0,0,1,0,1,0,D
11227,0,0,0,0,0,0,0,1,0,1,0,D
11228,0,0,0,0,0,0,0,1,0,1,0,D
11229,0,0,0,0,0,0,0,1,0,1,0,D
11230,0,0,0,0,0,0,0,1,0,1,0,D
11231,0,0,0,0,0,0,0,1,0,1,0,D
11232,0,0,0,0,0,0,0,1,0,1,0,D
11233,0,0,0,0,0,0,0,1,0,1,0,D
11234,0,0,0,0,0,0,0,1,0,1,0,D
11235,0,0,0,0,0,0,0,1,0,1,0,D
11236,0,0,0,0,0,0,0,1,0,1,0,D
11237,0,0,0,0,0,0,0,1,0,1,0,D
11238,0,0,0,0,0,0,0,1,0,1,0,D
11239,0,0,0,0,0,0,0,1,0,1,0,D
11240,0,0,0,0,0,0,0,1,0,1,0,D
11241,0,0,0,0,0,0,0,1,0,1,0,D
11242,0,0,0,0,0,0,0,1,0,1,0,D
11243,0,0,0,0,0,0,0,1,0,1,0,D
11244,0,0,0,0,0,0,0,1,0,1,0,D
11245,0,0,0,0,0,0,0,1,0,1,0,D
11246,0,0,0,0,0,0,0,1,0,1,0,D
11247,0,0,0,0,0,0,0,1,0,1,0,D
11248,0,0,0,0,0,0,0,1,0,1,0,D
11249,0,0,0,0,0,0,0,1,0,1,0,D
11250,0,0,0,0,0,0,0,1,0,1,0,D
11251,0,0,0,0,0,0,0,1,0,1,0,D
11252,0,0,0,0,0,0,0,1,0,1,0,D
11253,0,0,0,0,0,0,0,1,0,1,0,D
11254,0,0,0,0,0,0,0,1,0,1,0,D
11255,0,0,0,0,0,0,0,1,0,1,0,D
11256,0,0,0,0,0,0,0,1,0,1,0,D
11257,0,0,0,0,0,0,0,1,0,1,0,D
11258,0,0,0,0,0,0,0,1,0,1,0,D
11259,0,0,0,0,0,0,0,1,0,1,0,D
11260,0,0,0,0,0,0,0,1,0,1,0,D
11261,0,0,0,0,0,0,0,1,0,1,0,D
11262,0,0,0,0,0,0,0,1,0,1,0,D
11263,0,0,0,0,0,0,0,1,0,1,0,D
11264,0,0,0,0,0,0,0,1,0,1,0,D
11265,0,0,0,0,0,0,0,1,0,1,0,D
11266,0,0,0,0,0,0,0,1,0,1,0,D
11267,0,0,0,0,0,0,0,1,0,1,0,D
11268,0,0,0,0,0,0,0,1,0,1,0,D
11269,0,0,0,0,0,0,0,1,0,1,0,D
11270,0,0,0,0,0,0,0,1,0,1,0,D
11271,0,0,0,0,0,0,0,1,0,1,0,D
11272,0,0,0,0,0,0,0,1,0,1,0,D
11273,0,0,0,0,0,0,0,1,0,1,0,D
11274,0,0,0,0,0,0,0,1,0,1,0,D
11275,0,0,0,0,0,0,0,1,0,1,0,D
11276,0,0,0,0,0,0,0,1,0,1,0,D
11277,0,0,0,0,0,0,0,1,0,1,0,D
11278,0,0,0,0,0,0,0,1,0,1,0,D
11279,0,0,0,0,0,0,0,1,0,1,0,D
11280,0,0,0,0,0,0,0,1,0,1,0,D
11281,0,0,0,0,0,0,0,1,0,1,0,D
11282,0,0,0,0,0,0,0,1,0,1,0,D
11283,0,0,0,0,0,0,0,1,0,1,0,D
11284,0,0,0,0,0,0,0,1,0,1,0,D
11285,0,0,0,0,0,0,0,1,0,1,0,D
11286,0,0,0,0,0,0,0,1,0,1,0,D
11287,0,0,0,0,0,0,0,1,0,1,0,D
11288,0,0,0,0,0,0,0,1,0,1,0,D
11289,0,0,0,0,0,0,0,1,0,1,0,D
11290,0,0,0,0,0,0,0,1,0,1,0,D
11291,0,0,0,0,0,0,0,1,0,1,0,D
11292,0,0,0,0,0,0,0,1,0,1,0,D
11293,0,0,0,0,0,0,0,1,0,1,0,D
11294,0,0,0,0,0,0,0,1,0,1,0,D
11295,0,0,0,0,0,0,0,1,0,1,0,D
11296,0,0,0,0,0,0,0,1,0,1,0,D
11297,0,0,0,0,0,0,0,1,0,1,0,D
11298,0,0,0,0,0,0,0,1,0,1,0,D
11299,0,0,0,0,0,0,0,1,0,1,0,D
11300,0,0,0,0,0,0,0,1,0,1,0,D
11301,0,0,0,0,0,0,0,1,0,1,0,D
11302,0,0,0,0,0,0,0,1,0,1,0,D
11303,0,0,0,0,0,0,0,1,0,1,0,D
11304,0,0,0,0,0,0,0,1,0,1,0,D
11305,0,0,0,0,0,0,0,1,0,1,0,D
11306,0,0,0,0,0,0,0,1,0,1,0,D
11307,0,0,0,0,0,0,0,1,0,1,0,D
11308,0,0,0,0,0,0,0,1,0,1,0,D
11309,0,0,0,0,0,0,0,1,0,1,0,D
11310,0,0,0,0,0,0,0,1,0,1,0,D
11311,0,0,0,0,0,0,0,1,0,1,0,D
11312,0,0,0,0,0,0,0,1,0,1,0,D
11313,0,0,0,0,0,0,0,1,0,1,0,D
11314,0,0,0,0,0,0,0,1,0,1,0,D
11315,0,0,0,0,0,0,0,1,0,1,0,D
11316,0,0,0,0,0,0,0,1,0,1,0,D
11317,0,0,0,0,0,0,0,1,0,1,0,D
11318,0,0,0,0,0,0,0,1,0,1,0,D
11319,0,0,0,0,0,0,0,1,0,1,0,D
11320,0,0,0,0,0,0,0,1,0,1,0,D
11321,0,0,0,0,0,0,0,1,0,1,0,D
11322,0,0,0,0,0,0,0,1,0,1,0,D
11323,0,0,0,0,0,0,0,1,0,1,0,D
11324,0,0,0,0,0,0,0,1,0,1,0,D
11325,0,0,0,0,0,0,0,1,0,1,0,D
11326,0,0,0,0,0,0,0,1,0,1,0,D
11327,0,0,0,0,0,0,0,1,0,1,0,D
11328,0,0,0,0,0,0,0,1,0,1,0,D
11329,0,0,0,0,0,0,0,1,0,1,0,D
11330,0,0,0,0,0,0,0,1,0,1,0,D
11331,0,0,0,0,0,0,0,1,0,1,0,D
11332,0,0,0,0,0,0,0,1,0,1,0,D
11333,0,0,0,0,0,0,0,1,0,1,0,D
11334,0,0,0,0,0,0,0,1,0,1,0,D
11335,0,0,0,0,0,0,0,1,0,1,0,D
11336,0,0,0,0,0,0,0,1,0,1,0,D
11337,0,0,0,0,0,0,0,1,0,1,0,D
11338,0,0,0,0,0,0,0,1,0,1,0,D
11339,0,0,0,0,0,0,0,1,0,1,0,D
11340,0,0,0,0,0,0,0,1,0,1,0,D
11341,0,0,0,0,0,0,0,1,0,1,0,D
11342,0,0,0,0,0,0,0,1,0,1,0,D
11343,0,0,0,0,0,0,0,1,0,1,0,D
11344,0,0,0,0,0,0,0,1,0,1,0,D
11345,0,0,0,0,0,0,0,1,0,1,0,D
11346,0,0,0,0,0,0,0,1,0,1,0,D
11347,0,0,0,0,0,0,0,1,0,1,0,D
11348,0,0,0,0,0,0,0,1,0,1,0,D
11349,0,0,0,0,0,0,0,1,0,1,0,D
11350,0,0,0,0,0,0,0,1,0,1,0,D
11351,0,0,0,0,0,0,0,1,0,1,0,D
11352,0,0,0,0,0,0,0,1,0,1,0,D
11353,0,0,0,0,0,0,0,1,0,1,0,D
11354,0,0,0,0,0,0,0,1,0,1,0,D
11355,0,0,0,0,0,0,0,1,0,1,0,D
11356,0,0,0,0,0,0,0,1,0,1,0,D
11357,0,0,0,0,0,0,0,1,0,1,0,D
11358,0,0,0,0,0,0,0,1,0,1,0,D
11359,0,0,0,0,0,0,0,1,0,1,0,D
11360,0,0,0,0,0,0,0,1,0,1,0,D
11361,0,0,0,0,0,0,0,1,0,1,0,D
11362,0,0,0,0,0,0,0,1,0,1,0,D
11363,0,0,0,0,0,0,0,1,0,1,0,D
11364,0,0,0,0,0,0,0,1,0,1,0,D
11365,0,0,0,0,0,0,0,1,0,1,0,D
11366,0,0,0,0,0,0,0,1,0,1,0,D
11367,0,0,0,0,0,0,0,1,0,1,0,D
11368,0,0,0,0,0,0,0,1,0,1,0,D
11369,0,0,0,0,0,0,0,1,0,1,0,D
11370,0,0,0,0,0,0,0,1,0,1,0,D
11371,0,0,0,0,0,0,0,1,0,1,0,D
11372,0,0,0,0,0,0,0,1,0,1,0,D
11373,0,0,0,0,0,0,0,1,0,1,0,D
11374,0,0,0,0,0,0,0,1,0,1,0,D
11375,0,0,0,0,0,0,0,1,0,1,0,D
11376,0,0,0,0,0,0,0,1,0,1,0,D
11377,0,0,0,0,0,0,0,1,0,1,0,D
11378,0,0,0,0,0,0,0,1,0,1,0,D
11379,0,0,0,0,0,0,0,1,0,1,0,D
11380,0,0,0,0,0,0,0,1,0,1,0,D
11381,0,0,0,0,0,0,0,1,0,1,0,D
11382,0,0,0,0,0,0,0,1,0,1,0,D
11383,0,0,0,0,0,0,0,1,0,1,0,D
11384,0,0,0,0,0,0,0,1,0,1,0,D
11385,0,0,0,0,0,0,0,1,0,1,0,D
11386,0,0,0,0,0,0,0,1,0,1,0,D
11387,0,0,0,0,0,0,0,1,0,1,0,D
11388,0,0,0,0,0,0,0,1,0,1,0,D
11389,0,0,0,0,0,0,0,1,0,1,0,D
11390,0,0,0,0,0,0,0,1,0,1,0,D
11391,0,0,0,0,0,0,0,1,0,1,0,D
11392,0,0,0,0,0,0,0,1,0,1,0,D
11393,0,0,0,0,0,0,0,1,0,1,0,D
11394,0,0,0,0,0,0,0,1,0,1,0,D
11395,0,0,0,0,0,0,0,1,0,1,0,D
11396,0,0,0,0,0,0,0,1,0,1,0,D
11397,0,0,0,0,0,0,0,1,0,1,0,D
11398,0,0,0,0,0,0,0,1,0,1,0,D
11399,0,0,0,0,0,0,0,1,0,1,0,D
11400,0,0,0,0,0,0,0,1,0,1,0,D
11401,0,0,0,0,0,0,0,1,0,1,0,D
11402,0,0,0,0,0,0,0,1,0,1,0,D
11403,0,0,0,0,0,0,0,1,0,1,0,D
11404,0,0,0,0,0,0,0,1,0,1,0,D
11405,0,0,0,0,0,0,0,1,0,1,0,D
11406,0,0,0,0,0,0,0,1,0,1,0,D
11407,0,0,0,0,0,0,0,1,0,1,0,D
11408,0,0,0,0,0,0,0,1,0,1,0,D
11409,0,0,0,0,0,0,0,1,0,1,0,D
11410,0,0,0,0,0,0,0,1,0,1,0,D
11411,0,0,0,0,0,0,0,1,0,1,0,D
11412,0,0,0,0,0,0,0,1,0,1,0,D
11413,0,0,0,0,0,0,0,1,0,1,0,D
11414,0,0,0,0,0,0,0,1,0,1,0,D
11415,0,0,0,0,0,0,0,1,0,1,0,D
11416,0,0,0,0,0,0,0,1,0,1,0,D
11417,0,0,0,0,0,0,0,1,0,1,0,D
11418,0,0,0,0,0,0,0,1,0,1,0,D
11419,0,0,0,0,0,0,0,1,0,1,0,D
11420,0,0,0,0,0,0,0,1,0,1,0,D
11421,0,0,0,0,0,0,0,1,0,1,0,D
11422,0,0,0,0,0,0,0,1,0,1,0,D
11423,0,0,0,0,0,0,0,1,0,1,0,D
11424,0,0,0,0,0,0,0,1,0,1,0,D
11425,0,0,0,0,0,0,0,1,0,1,0,D
11426,0,0,0,0,0,0,0,1,0,1,0,D
11427,0,0,0,0,0,0,0,1,0,1,0,D
11428,0,0,0,0,0,0,0,1,0,1,0,D
11429,0,0,0,0,0,0,0,1,0,1,0,D
11430,0,0,0,0,0,0,0,1,0,1,0,D
11431,0,0,0,0,0,0,0,1,0,1,0,D
11432,0,0,0,0,0,0,0,1,0,1,0,D
11433,0,0,0,0,0,0,0,1,0,1,0,D
11434,0,0,0,0,0,0,0,1,0,1,0,D
11435,0,0,0,0,0,0,0,1,0,1,0,D
11436,0,0,0,0,0,0,0,1,0,1,0,D
11437,0,0,0,0,0,0,0,1,0,1,0,D
11438,0,0,0,0,0,0,0,1,0,1,0,D
11439,0,0,0,0,0,0,0,1,0,1,0,D
11440,0,0,0,0,0,0,0,1,0,1,0,D
11441,0,0,0,0,0,0,0,1,0,1,0,D
11442,0,0,0,0,0,0,0,1,0,1,0,D
11443,0,0,0,0,0,0,0,1,0,1,0,D
11444,0,0,0,0,0,0,0,1,0,1,0,D
11445,0,0,0,0,0,0,0,1,0,1,0,D
11446,0,0,0,0,0,0,0,1,0,1,0,D
11447,0,0,0,0,0,0,0,1,0,1,0,D
11448,0,0,0,0,0,0,0,1,0,1,0,D
11449,0,0,0,0,0,0,0,1,0,1,0,D
11450,0,0,0,0,0,0,0,1,0,1,0,D
11451,0,0,0,0,0,0,0,1,0,1,0,D
11452,0,0,0,0,0,0,0,1,0,1,0,D
11453,0,0,0,0,0,0,0,1,0,1,0,D
11454,0,0,0,0,0,0,0,1,0,1,0,D
11455,0,0,0,0,0,0,0,1,0,1,0,D
11456,0,0,0,0,0,0,0,1,0,1,0,D
11457,0,0,0,0,0,0,0,1,0,1,0,D
11458,0,0,0,0,0,0,0,1,0,1,0,D
11459,0,0,0,0,0,0,0,1,0,1,0,D
11460,0,0,0,0,0,0,0,1,0,1,0,D
11461,0,0,0,0,0,0,0,1,0,1,0,D
11462,0,0,0,0,0,0,0,1,0,1,0,D
11463,0,0,0,0,0,0,0,1,0,1,0,D
11464,0,0,0,0,0,0,0,1,0,1,0,D
11465,0,0,0,0,0,0,0,1,0,1,0,D
11466,0,0,0,0,0,0,0,1,0,1,0,D
11467,0,0,0,0,0,0,0,1,0,1,0,D
11468,0,0,0,0,0,0,0,1,0,1,0,D
11469,0,0,0,0,0,0,0,1,0,1,0,D
11470,0,0,0,0,0,0,0,1,0,1,0,D
11471,0,0,0,0,0,0,0,1,0,1,0,D
11472,0,0,0,0,0,0,0,1,0,1,0,D
11473,0,0,0,0,0,0,0,1,0,1,0,D
11474,0,0,0,0,0,0,0,1,0,1,0,D
11475,0,0,0,0,0,0,0,1,0,1,0,D
11476,0,0,0,0,0,0,0,1,0,1,0,D
11477,0,0,0,0,0,0,0,1,0,1,0,D
11478,0,0,0,0,0,0,0,1,0,1,0,D
11479,0,0,0,0,0,0,0,1,0,1,0,D
11480,0,0,0,0,0,0,0,1,0,1,0,D
11481,0,0,0,0,0,0,0,1,0,1,0,D
11482,0,0,0,0,0,0,0,1,0,1,0,D
11483,0,0,0,0,0,0,0,1,0,1,0,D
11484,0,0,0,0,0,0,0,1,0,1,0,D
11485,0,0,0,0,0,0,0,1,0,1,0,D
11486,0,0,0,0,0,0,0,1,0,1,0,D
11487,0,0,0,0,0,0,0,1,0,1,0,D
11488,0,0,0,0,0,0,0,1,0,1,0,D
11489,0,0,0,0,0,0,0,1,0,1,0,D
11490,0,0,0,0,0,0,0,1,0,1,0,D
11491,0,0,0,0,0,0,0,1,0,1,0,D
11492,0,0,0,0,0,0,0,1,0,1,0,D
11493,0,0,0,0,0,0,0,1,0,1,0,D
11494,0,0,0,0,0,0,0,1,0,1,0,D
11495,0,0,0,0,0,0,0,1,0,1,0,D
11496,0,0,0,0,0,0,0,1,0,1,0,D
11497,0,0,0,0,0,0,0,1,0,1,0,D
11498,0,0,0,0,0,0,0,1,0,1,0,D
11499,0,0,0,0,0,0,0,1,0,1,0,D
11500,0,0,0,0,0,0,0,1,0,1,0,D
11501,0,0,0,0,0,0,0,1,0,1,0,D
11502,0,0,0,0,0,0,0,1,0,1,0,D
11503,0,0,0,0,0,0,0,1,0,1,0,D
11504,0,0,0,0,0,0,0,1,0,1,0,D
11505,0,0,0,0,0,0,0,1,0,1,0,D
11506,0,0,0,0,0,0,0,1,0,1,0,D
11507,0,0,0,0,0,0,0,1,0,1,0,D
11508,0,0,0,0,0,0,0,1,0,1,0,D
11509,0,0,0,0,0,0,0,1,0,1,0,D
11510,0,0,0,0,0,0,0,1,0,1,0,D
11511,0,0,0,0,0,0,0,1,0,1,0,D
11512,0,0,0,0,0,0,0,1,0,1,0,D
11513,0,0,0,0,0,0,0,1,0,1,0,D
11514,0,0,0,0,0,0,0,1,0,1,0,D
11515,0,0,0,0,0,0,0,1,0,1,0,D
11516,0,0,0,0,0,0,0,1,0,1,0,D
11517,0,0,0,0,0,0,0,1,0,1,0,D
11518,0,0,0,0,0,0,0,1,0,1,0,D
11519,0,0,0,0,0,0,0,1,0,1,0,D
11520,0,0,0,0,0,0,0,1,0,1,0,D
11521,0,0,0,0,0,0,0,1,0,1,0,D
11522,0,0,0,0,0,0,0,1,0,1,0,D
11523,0,0,0,0,0,0,0,1,0,1,0,D
11524,0,0,0,0,0,0,0,1,0,1,0,D
11525,0,0,0,0,0,0,0,1,0,1,0,D
11526,0,0,0,0,0,0,0,1,0,1,0,D
11527,0,0,0,0,0,0,0,1,0,1,0,D
11528,0,0,0,0,0,0,0,1,0,1,0,D
11529,0,0,0,0,0,0,0,1,0,1,0,D
11530,0,0,0,0,0,0,0,1,0,1,0,D
11531,0,0,0,0,0,0,0,1,0,1,0,D
11532,0,0,0,0,0,0,0,1,0,1,0,D
11533,0,0,0,0,0,0,0,1,0,1,0,D
11534,0,0,0,0,0,0,0,1,0,1,0,D
11535,0,0,0,0,0,0,0,1,0,1,0,D
11536,0,0,0,0,0,0,0,1,0,1,0,D
11537,0,0,0,0,0,0,0,1,0,1,0,D
11538,0,0,0,0,0,0,0,1,0,1,0,D
11539,0,0,0,0,0,0,0,1,0,1,0,D
11540,0,0,0,0,0,0,0,1,0,1,0,D
11541,0,0,0,0,0,0,0,1,0,1,0,D
11542,0,0,0,0,0,0,0,1,0,1,0,D
11543,0,0,0,0,0,0,0,1,0,1,0,D
11544,0,0,0,0,0,0,0,1,0,1,0,D
11545,0,0,0,0,0,0,0,1,0,1,0,D
11546,0,0,0,0,0,0,0,1,0,1,0,D
11547,0,0,0,0,0,0,0,1,0,1,0,D
11548,0,0,0,0,0,0,0,1,0,1,0,D
11549,0,0,0,0,0,0,0,1,0,1,0,D
11550,0,0,0,0,0,0,0,1,0,1,0,D
11551,0,0,0,0,0,0,0,1,0,1,0,D
11552,0,0,0,0,0,0,0,1,0,1,0,D
11553,0,0,0,0,0,0,0,1,0,1,0,D
11554,0,0,0,0,0,0,0,1,0,1,0,D
11555,0,0,0,0,0,0,0,1,0,1,0,D
11556,0,0,0,0,0,0,0,1,0,1,0,D
11557,0,0,0,0,0,0,0,1,0,1,0,D
11558,0,0,0,0,0,0,0,1,0,1,0,D
11559,0,0,0,0,0,0,0,1,0,1,0,D
11560,0,0,0,0,0,0,0,1,0,1,0,D
11561,0,0,0,0,0,0,0,1,0,1,0,D
11562,0,0,0,0,0,0,0,1,0,1,0,D
11563,0,0,0,0,0,0,0,1,0,1,0,D
11564,0,0,0,0,0,0,0,1,0,1,0,D
11565,0,0,0,0,0,0,0,1,0,1,0,D
11566,0,0,0,0,0,0,0,1,0,1,0,D
11567,0,0,0,0,0,0,0,1,0,1,0,D
11568,0,0,0,0,0,0,0,1,0,1,0,D
11569,0,0,0,0,0,0,0,1,0,1,0,D
11570,0,0,0,0,0,0,0,1,0,1,0,D
11571,0,0,0,0,0,0,0,1,0,1,0,D
11572,0,0,0,0,0,0,0,1,0,1,0,D
11573,0,0,0,0,0,0,0,1,0,1,0,D
11574,0,0,0,0,0,0,0,1,0,1,0,D
11575,0,0,0,0,0,0,0,1,0,1,0,D
11576,0,0,0,0,0,0,0,1,0,1,0,D
11577,0,0,0,0,0,0,0,1,0,1,0,D
11578,0,0,0,0,0,0,0,1,0,1,0,D
11579,0,0,0,0,0,0,0,1,0,1,0,D
11580,0,0,0,0,0,0,0,1,0,1,0,D
11581,0,0,0,0,0,0,0,1,0,1,0,D
11582,0,0,0,0,0,0,0,1,0,1,0,D
11583,0,0,0,0,0,0,0,1,0,1,0,D
11584,0,0,0,0,0,0,0,1,0,1,0,D
11585,0,0,0,0,0,0,0,1,0,1,0,D
11586,0,0,0,0,0,0,0,1,0,1,0,D
11587,0,0,0,0,0,0,0,1,0,1,0,D
11588,0,0,0,0,0,0,0,1,0,1,0,D
11589,0,0,0,0,0,0,0,1,0,1,0,D
11590,0,0,0,0,0,0,0,1,0,1,0,D
11591,0,0,0,0,0,0,0,1,0,1,0,D
11592,0,0,0,0,0,0,0,1,0,1,0,D
11593,0,0,0,0,0,0,0,1,0,1,0,D
11594,0,0,0,0,0,0,0,1,0,1,0,D
11595,0,0,0,0,0,0,0,1,0,1,0,D
11596,0,0,0,0,0,0,0,1,0,1,0,D
11597,0,0,0,0,0,0,0,1,0,1,0,D
11598,0,0,0,0,0,0,0,1,0,1,0,D
11599,0,0,0,0,0,0,0,1,0,1,0,D
11600,0,0,0,0,0,0,0,1,0,1,0,D
11601,0,0,0,0,0,0,0,1,0,1,0,D
11602,0,0,0,0,0,0,0,1,0,1,0,D
11603,0,0,0,0,0,0,0,1,0,1,0,D
11604,0,0,0,0,0,0,0,1,0,1,0,D
11605,0,0,0,0,0,0,0,1,0,1,0,D
11606,0,0,0,0,0,0,0,1,0,1,0,D
11607,0,0,0,0,0,0,0,1,0,1,0,D
11608,0,0,0,0,0,0,0,1,0,1,0,D
11609,0,0,0,0,0,0,0,1,0,1,0,D
11610,0,0,0,0,0,0,0,1,0,1,0,D
11611,0,0,0,0,0,0,0,1,0,1,0,D
11612,0,0,0,0,0,0,0,1,0,1,0,D
11613,0,0,0,0,0,0,0,1,0,1,0,D
11614,0,0,0,0,0,0,0,1,0,1,0,D
11615,0,0,0,0,0,0,0,1,0,1,0,D
11616,0,0,0,0,0,0,0,1,0,1,0,D
11617,0,0,0,0,0,0,0,1,0,1,0,D
11618,0,0,0,0,0,0,0,1,0,1,0,D
11619,0,0,0,0,0,0,0,1,0,1,0,D
11620,0,0,0,0,0,0,0,1,0,1,0,D
11621,0,0,0,0,0,0,0,1,0,1,0,D
11622,0,0,0,0,0,0,0,1,0,1,0,D
11623,0,0,0,0,0,0,0,1,0,1,0,D
11624,0,0,0,0,0,0,0,1,0,1,0,D
11625,0,0,0,0,0,0,0,1,0,1,0,D
11626,0,0,0,0,0,0,0,1,0,1,0,D
11627,0,0,0,0,0,0,0,1,0,1,0,D
11628,0,0,0,0,0,0,0,1,0,1,0,D
11629,0,0,0,0,0,0,0,1,0,1,0,D
11630,0,0,0,0,0,0,0,1,0,1,0,D
11631,0,0,0,0,0,0,0,1,0,1,0,D
11632,0,0,0,0,0,0,0,1,0,1,0,D
11633,0,0,0,0,0,0,0,1,0,1,0,D
11634,0,0,0,0,0,0,0,1,0,1,0,D
11635,0,0,0,0,0,0,0,1,0,1,0,D
11636,0,0,0,0,0,0,0,1,0,1,0,D
11637,0,0,0,0,0,0,0,1,0,1,0,D
11638,0,0,0,0,0,0,0,1,0,1,0,D
11639,0,0,0,0,0,0,0,1,0,1,0,D
11640,0,0,0,0,0,0,0,1,0,1,0,D
11641,0,0,0,0,0,0,0,1,0,1,0,D
11642,0,0,0,0,0,0,0,1,0,1,0,D
11643,0,0,0,0,0,0,0,1,0,1,0,D
11644,0,0,0,0,0,0,0,1,0,1,0,D
11645,0,0,0,0,0,0,0,1,0,1,0,D
11646,0,0,0,0,0,0,0,1,0,1,0,D
11647,0,0,0,0,0,0,0,1,0,1,0,D
11648,0,0,0,0,0,0,0,1,0,1,0,D
11649,0,0,0,0,0,0,0,1,0,1,0,D
11650,0,0,0,0,0,0,0,1,0,1,0,D
11651,0,0,0,0,0,0,0,1,0,1,0,D
11652,0,0,0,0,0,0,0,1,0,1,0,D
11653,0,0,0,0,0,0,0,1,0,1,0,D
11654,0,0,0,0,0,0,0,1,0,1,0,D
11655,0,0,0,0,0,0,0,1,0,1,0,D
11656,0,0,0,0,0,0,0,1,0,1,0,D
11657,0,0,0,0,0,0,0,1,0,1,0,D
11658,0,0,0,0,0,0,0,1,0,1,0,D
11659,0,0,0,0,0,0,0,1,0,1,0,D
11660,0,0,0,0,0,0,0,1,0,1,0,D
11661,0,0,0,0,0,0,0,1,0,1,0,D
11662,0,0,0,0,0,0,0,1,0,1,0,D
11663,0,0,0,0,0,0,0,1,0,1,0,D
11664,0,0,0,0,0,0,0,1,0,1,0,D
11665,0,0,0,0,0,0,0,1,0,1,0,D
11666,0,0,0,0,0,0,0,1,0,1,0,D
11667,0,0,0,0,0,0,0,1,0,1,0,D
11668,0,0,0,0,0,0,0,1,0,1,0,D
11669,0,0,0,0,0,0,0,1,0,1,0,D
11670,0,0,0,0,0,0,0,1,0,1,0,D
11671,0,0,0,0,0,0,0,1,0,1,0,D
11672,0,0,0,0,0,0,0,1,0,1,0,D
11673,0,0,0,0,0,0,0,1,0,1,0,D
11674,0,0,0,0,0,0,0,1,0,1,0,D
11675,0,0,0,0,0,0,0,1,0,1,0,D
11676,0,0,0,0,0,0,0,1,0,1,0,D
11677,0,0,0,0,0,0,0,1,0,1,0,D
11678,0,0,0,0,0,0,0,1,0,1,0,D
11679,0,0,0,0,0,0,0,1,0,1,0,D
11680,0,0,0,0,0,0,0,1,0,1,0,D
11681,0,0,0,0,0,0,0,1,0,1,0,D
11682,0,0,0,0,0,0,0,1,0,1,0,D
11683,0,0,0,0,0,0,0,1,0,1,0,D
11684,0,0,0,0,0,0,0,1,0,1,0,D
11685,0,0,0,0,0,0,0,1,0,1,0,D
11686,0,0,0,0,0,0,0,1,0,1,0,D
11687,0,0,0,0,0,0,0,1,0,1,0,D
11688,0,0,0,0,0,0,0,1,0,1,0,D
11689,0,0,0,0,0,0,0,1,0,1,0,D
11690,0,0,0,0,0,0,0,1,0,1,0,D
11691,0,0,0,0,0,0,0,1,0,1,0,D
11692,0,0,0,0,0,0,0,1,0,1,0,D
11693,0,0,0,0,0,0,0,1,0,1,0,D
11694,0,0,0,0,0,0,0,1,0,1,0,D
11695,0,0,0,0,0,0,0,1,0,1,0,D
11696,0,0,0,0,0,0,0,1,0,1,0,D
11697,0,0,0,0,0,0,0,1,0,1,0,D
11698,0,0,0,0,0,0,0,1,0,1,0,D
11699,0,0,0,0,0,0,0,1,0,1,0,D
11700,0,0,0,0,0,0,0,1,0,1,0,D
11701,0,0,0,0,0,0,0,1,0,1,0,D
11702,0,0,0,0,0,0,0,1,0,1,0,D
11703,0,0,0,0,0,0,0,1,0,1,0,D
11704,0,0,0,0,0,0,0,1,0,1,0,D
11705,0,0,0,0,0,0,0,1,0,1,0,D
11706,0,0,0,0,0,0,0,1,0,1,0,D
11707,0,0,0,0,0,0,0,1,0,1,0,D
11708,0,0,0,0,0,0,0,1,0,1,0,D
11709,0,0,0,0,0,0,0,1,0,1,0,D
11710,0,0,0,0,0,0,0,1,0,1,0,D
11711,0,0,0,0,0,0,0,1,0,1,0,D
11712,0,0,0,0,0,0,0,1,0,1,0,D
11713,0,0,0,0,0,0,0,1,0,1,0,D
11714,0,0,0,0,0,0,0,1,0,1,0,D
11715,0,0,0,0,0,0,0,1,0,1,0,D
11716,0,0,0,0,0,0,0,1,0,1,0,D
11717,0,0,0,0,0,0,0,1,0,1,0,D
11718,0,0,0,0,0,0,0,1,0,1,0,D
11719,0,0,0,0,0,0,0,1,0,1,0,D
11720,0,0,0,0,0,0,0,1,0,1,0,D
11721,0,0,0,0,0,0,0,1,0,1,0,D
11722,0,0,0,0,0,0,0,1,0,1,0,D
11723,0,0,0,0,0,0,0,1,0,1,0,D
11724,0,0,0,0,0,0,0,1,0,1,0,D
11725,0,0,0,0,0,0,0,1,0,1,0,D
11726,0,0,0,0,0,0,0,1,0,1,0,D
11727,0,0,0,0,0,0,0,1,0,1,0,D
11728,0,0,0,0,0,0,0,1,0,1,0,D
11729,0,0,0,0,0,0,0,1,0,1,0,D
11730,0,0,0,0,0,0,0,1,0,1,0,D
11731,0,0,0,0,0,0,0,1,0,1,0,D
11732,0,0,0,0,0,0,0,1,0,1,0,D
11733,0,0,0,0,0,0,0,1,0,1,0,D
11734,0,0,0,0,0,0,0,1,0,1,0,D
11735,0,0,0,0,0,0,0,1,0,1,0,D
11736,0,0,0,0,0,0,0,1,0,1,0,D
11737,0,0,0,0,0,0,0,1,0,1,0,D
11738,0,0,0,0,0,0,0,1,0,1,0,D
11739,0,0,0,0,0,0,0,1,0,1,0,D
11740,0,0,0,0,0,0,0,1,0,1,0,D
11741,0,0,0,0,0,0,0,1,0,1,0,D
11742,0,0,0,0,0,0,0,1,0,1,0,D
11743,0,0,0,0,0,0,0,1,0,1,0,D
11744,0,0,0,0,0,0,0,1,0,1,0,D
11745,0,0,0,0,0,0,0,1,0,1,0,D
11746,0,0,0,0,0,0,0,1,0,1,0,D
11747,0,0,0,0,0,0,0,1,0,1,0,D
11748,0,0,0,0,0,0,0,1,0,1,0,D
11749,0,0,0,0,0,0,0,1,0,1,0,D
11750,0,0,0,0,0,0,0,1,0,1,0,D
11751,0,0,0,0,0,0,0,1,0,1,0,D
11752,0,0,0,0,0,0,0,1,0,1,0,D
11753,0,0,0,0,0,0,0,1,0,1,0,D
11754,0,0,0,0,0,0,0,1,0,1,0,D
11755,0,0,0,0,0,0,0,1,0,1,0,D
11756,0,0,0,0,0,0,0,1,0,1,0,D
11757,0,0,0,0,0,0,0,1,0,1,0,D
11758,0,0,0,0,0,0,0,1,0,1,0,D
11759,0,0,0,0,0,0,0,1,0,1,0,D
11760,0,0,0,0,0,0,0,1,0,1,0,D
11761,0,0,0,0,0,0,0,1,0,1,0,D
11762,0,0,0,0,0,0,0,1,0,1,0,D
11763,0,0,0,0,0,0,0,1,0,1,0,D
11764,0,0,0,0,0,0,0,1,0,1,0,D
11765,0,0,0,0,0,0,0,1,0,1,0,D
11766,0,0,0,0,0,0,0,1,0,1,0,D
11767,0,0,0,0,0,0,0,1,0,1,0,D
11768,0,0,0,0,0,0,0,1,0,1,0,D
11769,0,0,0,0,0,0,0,1,0,1,0,D
11770,0,0,0,0,0,0,0,1,0,1,0,D
11771,0,0,0,0,0,0,0,1,0,1,0,D
11772,0,0,0,0,0,0,0,1,0,1,0,D
11773,0,0,0,0,0,0,0,1,0,1,0,D
11774,0,0,0,0,0,0,0,1,0,1,0,D
11775,0,0,0,0,0,0,0,1,0,1,0,D
11776,0,0,0,0,0,0,0,1,0,1,0,D
11777,0,0,0,0,0,0,0,1,0,1,0,D
11778,0,0,0,0,0,0,0,1,0,1,0,D
11779,0,0,0,0,0,0,0,1,0,1,0,D
11780,0,0,0,0,0,0,0,1,0,1,0,D
11781,0,0,0,0,0,0,0,1,0,1,0,D
11782,0,0,0,0,0,0,0,1,0,1,0,D
11783,0,0,0,0,0,0,0,1,0,1,0,D
11784,0,0,0,0,0,0,0,1,0,1,0,D
11785,0,0,0,0,0,0,0,1,0,1,0,D
11786,0,0,0,0,0,0,0,1,0,1,0,D
11787,0,0,0,0,0,0,0,1,0,1,0,D
11788,0,0,0,0,0,0,0,1,0,1,0,D
11789,0,0,0,0,0,0,0,1,0,1,0,D
11790,0,0,0,0,0,0,0,1,0,1,0,D
11791,0,0,0,0,0,0,0,1,0,1,0,D
11792,0,0,0,0,0,0,0,1,0,1,0,D
11793,0,0,0,0,0,0,0,1,0,1,0,D
11794,0,0,0,0,0,0,0,1,0,1,0,D
11795,0,0,0,0,0,0,0,1,0,1,0,D
11796,0,0,0,0,0,0,0,1,0,1,0,D
11797,0,0,0,0,0,0,0,1,0,1,0,D
11798,0,0,0,0,0,0,0,1,0,1,0,D
11799,0,0,0,0,0,0,0,1,0,1,0,D
11800,0,0,0,0,0,0,0,1,0,1,0,D
11801,0,0,0,0,0,0,0,1,0,1,0,D
11802,0,0,0,0,0,0,0,1,0,1,0,D
11803,0,0,0,0,0,0,0,1,0,1,0,D
11804,0,0,0,0,0,0,0,1,0,1,0,D
11805,0,0,0,0,0,0,0,1,0,1,0,D
11806,0,0,0,0,0,0,0,1,0,1,0,D
11807,0,0,0,0,0,0,0,1,0,1,0,D
11808,0,0,0,0,0,0,0,1,0,1,0,D
11809,0,0,0,0,0,0,0,1,0,1,0,D
11810,0,0,0,0,0,0,0,1,0,1,0,D
11811,0,0,0,0,0,0,0,1,0,1,0,D
11812,0,0,0,0,0,0,0,1,0,1,0,D
11813,0,0,0,0,0,0,0,1,0,1,0,D
11814,0,0,0,0,0,0,0,1,0,1,0,D
11815,0,0,0,0,0,0,0,1,0,1,0,D
11816,0,0,0,0,0,0,0,1,0,1,0,D
11817,0,0,0,0,0,0,0,1,0,1,0,D
11818,0,0,0,0,0,0,0,1,0,1,0,D
11819,0,0,0,0,0,0,0,1,0,1,0,D
11820,0,0,0,0,0,0,0,1,0,1,0,D
11821,0,0,0,0,0,0,0,1,0,1,0,D
11822,0,0,0,0,0,0,0,1,0,1,0,D
11823,0,0,0,0,0,0,0,1,0,1,0,D
11824,0,0,0,0,0,0,0,1,0,1,0,D
11825,0,0,0,0,0,0,0,1,0,1,0,D
11826,0,0,0,0,0,0,0,1,0,1,0,D
11827,0,0,0,0,0,0,0,1,0,1,0,D
11828,0,0,0,0,0,0,0,1,0,1,0,D
11829,0,0,0,0,0,0,0,1,0,1,0,D
11830,0,0,0,0,0,0,0,1,0,1,0,D
11831,0,0,0,0,0,0,0,1,0,1,0,D
11832,0,0,0,0,0,0,0,1,0,1,0,D
11833,0,0,0,0,0,0,0,1,0,1,0,D
11834,0,0,0,0,0,0,0,1,0,1,0,D
11835,0,0,0,0,0,0,0,1,0,1,0,D
11836,0,0,0,0,0,0,0,1,0,1,0,D
11837,0,0,0,0,0,0,0,1,0,1,0,D
11838,0,0,0,0,0,0,0,1,0,1,0,D
11839,0,0,0,0,0,0,0,1,0,1,0,D
11840,0,0,0,0,0,0,0,1,0,1,0,D
11841,0,0,0,0,0,0,0,1,0,1,0,D
11842,0,0,0,0,0,0,0,1,0,1,0,D
11843,0,0,0,0,0,0,0,1,0,1,0,D
11844,0,0,0,0,0,0,0,1,0,1,0,D
11845,0,0,0,0,0,0,0,1,0,1,0,D
11846,0,0,0,0,0,0,0,1,0,1,0,D
11847,0,0,0,0,0,0,0,1,0,1,0,D
11848,0,0,0,0,0,0,0,1,0,1,0,D
11849,0,0,0,0,0,0,0,1,0,1,0,D
11850,0,0,0,0,0,0,0,1,0,1,0,D
11851,0,0,0,0,0,0,0,1,0,1,0,D
11852,0,0,0,0,0,0,0,1,0,1,0,D
11853,0,0,0,0,0,0,0,1,0,1,0,D
11854,0,0,0,0,0,0,0,1,0,1,0,D
11855,0,0,0,0,0,0,0,1,0,1,0,D
11856,0,0,0,0,0,0,0,1,0,1,0,D
11857,0,0,0,0,0,0,0,1,0,1,0,D
11858,0,0,0,0,0,0,0,1,0,1,0,D
11859,0,0,0,0,0,0,0,1,0,1,0,D
11860,0,0,0,0,0,0,0,1,0,1,0,D
11861,0,0,0,0,0,0,0,1,0,1,0,D
11862,0,0,0,0,0,0,0,1,0,1,0,D
11863,0,0,0,0,0,0,0,1,0,1,0,D
11864,0,0,0,0,0,0,0,1,0,1,0,D
11865,0,0,0,0,0,0,0,1,0,1,0,D
11866,0,0,0,0,0,0,0,1,0,1,0,D
11867,0,0,0,0,0,0,0,1,0,1,0,D
11868,0,0,0,0,0,0,0,1,0,1,0,D
11869,0,0,0,0,0,0,0,1,0,1,0,D
11870,0,0,0,0,0,0,0,1,0,1,0,D
11871,0,0,0,0,0,0,0,1,0,1,0,D
11872,0,0,0,0,0,0,0,1,0,1,0,D
11873,0,0,0,0,0,0,0,1,0,1,0,D
11874,0,0,0,0,0,0,0,1,0,1,0,D
11875,0,0,0,0,0,0,0,1,0,1,0,D
11876,0,0,0,0,0,0,0,1,0,1,0,D
11877,0,0,0,0,0,0,0,1,0,1,0,D
11878,0,0,0,0,0,0,0,1,0,1,0,D
11879,0,0,0,0,0,0,0,1,0,1,0,D
11880,0,0,0,0,0,0,0,1,0,1,0,D
11881,0,0,0,0,0,0,0,1,0,1,0,D
11882,0,0,0,0,0,0,0,1,0,1,0,D
11883,0,0,0,0,0,0,0,1,0,1,0,D
11884,0,0,0,0,0,0,0,1,0,1,0,D
11885,0,0,0,0,0,0,0,1,0,1,0,D
11886,0,0,0,0,0,0,0,1,0,1,0,D
11887,0,0,0,0,0,0,0,1,0,1,0,D
11888,0,0,0,0,0,0,0,1,0,1,0,D
11889,0,0,0,0,0,0,0,1,0,1,0,D
11890,0,0,0,0,0,0,0,1,0,1,0,D
11891,0,0,0,0,0,0,0,1,0,1,0,D
11892,0,0,0,0,0,0,0,1,0,1,0,D
11893,0,0,0,0,0,0,0,1,0,1,0,D
11894,0,0,0,0,0,0,0,1,0,1,0,D
11895,0,0,0,0,0,0,0,1,0,1,0,D
11896,0,0,0,0,0,0,0,1,0,1,0,D
11897,0,0,0,0,0,0,0,1,0,1,0,D
11898,0,0,0,0,0,0,0,1,0,1,0,D
11899,0,0,0,0,0,0,0,1,0,1,0,D
11900,0,0,0,0,0,0,0,1,0,1,0,D
11901,0,0,0,0,0,0,0,1,0,1,0,D
11902,0,0,0,0,0,0,0,1,0,1,0,D
11903,0,0,0,0,0,0,0,1,0,1,0,D
11904,0,0,0,0,0,0,0,1,0,1,0,D
11905,0,0,0,0,0,0,0,1,0,1,0,D
11906,0,0,0,0,0,0,0,1,0,1,0,D
11907,0,0,0,0,0,0,0,1,0,1,0,D
11908,0,0,0,0,0,0,0,1,0,1,0,D
11909,0,0,0,0,0,0,0,1,0,1,0,D
11910,0,0,0,0,0,0,0,1,0,1,0,D
11911,0,0,0,0,0,0,0,1,0,1,0,D
11912,0,0,0,0,0,0,0,1,0,1,0,D
11913,0,0,0,0,0,0,0,1,0,1,0,D
11914,0,0,0,0,0,0,0,1,0,1,0,D
11915,0,0,0,0,0,0,0,1,0,1,0,D
11916,0,0,0,0,0,0,0,1,0,1,0,D
11917,0,0,0,0,0,0,0,1,0,1,0,D
11918,0,0,0,0,0,0,0,1,0,1,0,D
11919,0,0,0,0,0,0,0,1,0,1,0,D
11920,0,0,0,0,0,0,0,1,0,1,0,D
11921,0,0,0,0,0,0,0,1,0,1,0,D
11922,0,0,0,0,0,0,0,1,0,1,0,D
11923,0,0,0,0,0,0,0,1,0,1,0,D
11924,0,0,0,0,0,0,0,1,0,1,0,D
11925,0,0,0,0,0,0,0,1,0,1,0,D
11926,0,0,0,0,0,0,0,1,0,1,0,D
11927,0,0,0,0,0,0,0,1,0,1,0,D
11928,0,0,0,0,0,0,0,1,0,1,0,D
11929,0,0,0,0,0,0,0,1,0,1,0,D
11930,0,0,0,0,0,0,0,1,0,1,0,D
11931,0,0,0,0,0,0,0,1,0,1,0,D
11932,0,0,0,0,0,0,0,1,0,1,0,D
11933,0,0,0,0,0,0,0,1,0,1,0,D
11934,0,0,0,0,0,0,0,1,0,1,0,D
11935,0,0,0,0,0,0,0,1,0,1,0,D
11936,0,0,0,0,0,0,0,1,0,1,0,D
11937,0,0,0,0,0,0,0,1,0,1,0,D
11938,0,0,0,0,0,0,0,1,0,1,0,D
11939,0,0,0,0,0,0,0,1,0,1,0,D
11940,0,0,0,0,0,0,0,1,0,1,0,D
11941,0,0,0,0,0,0,0,1,0,1,0,D
11942,0,0,0,0,0,0,0,1,0,1,0,D
11943,0,0,0,0,0,0,0,1,0,1,0,D
11944,0,0,0,0,0,0,0,1,0,1,0,D
11945,0,0,0,0,0,0,0,1,0,1,0,D
11946,0,0,0,0,0,0,0,1,0,1,0,D
11947,0,0,0,0,0,0,0,1,0,1,0,D
11948,0,0,0,0,0,0,0,1,0,1,0,D
11949,0,0,0,0,0,0,0,1,0,1,0,D
11950,0,0,0,0,0,0,0,1,0,1,0,D
11951,0,0,0,0,0,0,0,1,0,1,0,D
11952,0,0,0,0,0,0,0,1,0,1,0,D
11953,0,0,0,0,0,0,0,1,0,1,0,D
11954,0,0,0,0,0,0,0,1,0,1,0,D
11955,0,0,0,0,0,0,0,1,0,1,0,D
11956,0,0,0,0,0,0,0,1,0,1,0,D
11957,0,0,0,0,0,0,0,1,0,1,0,D
11958,0,0,0,0,0,0,0,1,0,1,0,D
11959,0,0,0,0,0,0,0,1,0,1,0,D
11960,0,0,0,0,0,0,0,1,0,1,0,D
11961,0,0,0,0,0,0,0,1,0,1,0,D
11962,0,0,0,0,0,0,0,1,0,1,0,D
11963,0,0,0,0,0,0,0,1,0,1,0,D
11964,0,0,0,0,0,0,0,1,0,1,0,D
11965,0,0,0,0,0,0,0,1,0,1,0,D
11966,0,0,0,0,0,0,0,1,0,1,0,D
11967,0,0,0,0,0,0,0,1,0,1,0,D
11968,0,0,0,0,0,0,0,1,0,1,0,D
11969,0,0,0,0,0,0,0,1,0,1,0,D
11970,0,0,0,0,0,0,0,1,0,1,0,D
11971,0,0,0,0,0,0,0,1,0,1,0,D
11972,0,0,0,0,0,0,0,1,0,1,0,D
11973,0,0,0,0,0,0,0,1,0,1,0,D
11974,0,0,0,0,0,0,0,1,0,1,0,D
11975,0,0,0,0,0,0,0,1,0,1,0,D
11976,0,0,0,0,0,0,0,1,0,1,0,D
11977,0,0,0,0,0,0,0,1,0,1,0,D
11978,0,0,0,0,0,0,0,1,0,1,0,D
11979,0,0,0,0,0,0,0,1,0,1,0,D
11980,0,0,0,0,0,0,0,1,0,1,0,D
11981,0,0,0,0,0,0,0,1,0,1,0,D
11982,0,0,0,0,0,0,0,1,0,1,0,D
11983,0,0,0,0,0,0,0,1,0,1,0,D
11984,0,0,0,0,0,0,0,1,0,1,0,D
11985,0,0,0,0,0,0,0,1,0,1,0,D
11986,0,0,0,0,0,0,0,1,0,1,0,D
11987,0,0,0,0,0,0,0,1,0,1,0,D
11988,0,0,0,0,0,0,0,1,0,1,0,D
11989,0,0,0,0,0,0,0,1,0,1,0,D
11990,0,0,0,0,0,0,0,1,0,1,0,D
11991,0,0,0,0,0,0,0,1,0,1,0,D
11992,0,0,0,0,0,0,0,1,0,1,0,D
11993,0,0,0,0,0,0,0,1,0,1,0,D
11994,0,0,0,0,0,0,0,1,0,1,0,D
11995,0,0,0,0,0,0,0,1,0,1,0,D
11996,0,0,0,0,0,0,0,1,0,1,0,D
11997,0,0,0,0,0,0,0,1,0,1,0,D
11998,0,0,0,0,0,0,0,1,0,1,0,D
11999,0,0,0,0,0,0,0,1,0,1,0,D
12000,0,0,0,0,0,0,0,1,0,1,0,D
12001,0,0,0,0,0,0,0,1,0,1,0,D
12002,0,0,0,0,0,0,0,1,0,1,0,D
12003,0,0,0,0,0,0,0,1,0,1,0,D
12004,0,0,0,0,0,0,0,1,0,1,0,D
12005,0,0,0,0,0,0,0,1,0,1,0,D
12006,0,0,0,0,0,0,0,1,0,1,0,D
12007,0,0,0,0,0,0,0,1,0,1,0,D
12008,0,0,0,0,0,0,0,1,0,1,0,D
12009,0,0,0,0,0,0,0,1,0,1,0,D
12010,0,0,0,0,0,0,0,1,0,1,0,D
12011,0,0,0,0,0,0,0,1,0,1,0,D
12012,0,0,0,0,0,0,0,1,0,1,0,D
12013,0,0,0,0,0,0,0,1,0,1,0,D
12014,0,0,0,0,0,0,0,1,0,1,0,D
12015,0,0,0,0,0,0,0,1,0,1,0,D
12016,0,0,0,0,0,0,0,1,0,1,0,D
12017,0,0,0,0,0,0,0,1,0,1,0,D
12018,0,0,0,0,0,0,0,1,0,1,0,D
12019,0,0,0,0,0,0,0,1,0,1,0,D
12020,0,0,0,0,0,0,0,1,0,1,0,D
12021,0,0,0,0,0,0,0,1,0,1,0,D
12022,0,0,0,0,0,0,0,1,0,1,0,D
12023,0,0,0,0,0,0,0,1,0,1,0,D
12024,0,0,0,0,0,0,0,1,0,1,0,D
12025,0,0,0,0,0,0,0,1,0,1,0,D
12026,0,0,0,0,0,0,0,1,0,1,0,D
12027,0,0,0,0,0,0,0,1,0,1,0,D
12028,0,0,0,0,0,0,0,1,0,1,0,D
12029,0,0,0,0,0,0,0,1,0,1,0,D
12030,0,0,0,0,0,0,0,1,0,1,0,D
12031,0,0,0,0,0,0,0,1,0,1,0,D
12032,0,0,0,0,0,0,0,1,0,1,0,D
12033,0,0,0,0,0,0,0,1,0,1,0,D
12034,0,0,0,0,0,0,0,1,0,1,0,D
12035,0,0,0,0,0,0,0,1,0,1,0,D
12036,0,0,0,0,0,0,0,1,0,1,0,D
12037,0,0,0,0,0,0,0,1,0,1,0,D
12038,0,0,0,0,0,0,0,1,0,1,0,D
12039,0,0,0,0,0,0,0,1,0,1,0,D
12040,0,0,0,0,0,0,0,1,0,1,0,D
12041,0,0,0,0,0,0,0,1,0,1,0,D
12042,0,0,0,0,0,0,0,1,0,1,0,D
12043,0,0,0,0,0,0,0,1,0,1,0,D
12044,0,0,0,0,0,0,0,1,0,1,0,D
12045,0,0,0,0,0,0,0,1,0,1,0,D
12046,0,0,0,0,0,0,0,1,0,1,0,D
12047,0,0,0,0,0,0,0,1,0,1,0,D
12048,0,0,0,0,0,0,0,1,0,1,0,D
12049,0,0,0,0,0,0,0,1,0,1,0,D
12050,0,0,0,0,0,0,0,1,0,1,0,D
12051,0,0,0,0,0,0,0,1,0,1,0,D
12052,0,0,0,0,0,0,0,1,0,1,0,D
12053,0,0,0,0,0,0,0,1,0,1,0,D
12054,0,0,0,0,0,0,0,1,0,1,0,D
12055,0,0,0,0,0,0,0,1,0,1,0,D
12056,0,0,0,0,0,0,0,1,0,1,0,D
12057,0,0,0,0,0,0,0,1,0,1,0,D
12058,0,0,0,0,0,0,0,1,0,1,0,D
12059,0,0,0,0,0,0,0,1,0,1,0,D
12060,0,0,0,0,0,0,0,1,0,1,0,D
12061,0,0,0,0,0,0,0,1,0,1,0,D
12062,0,0,0,0,0,0,0,1,0,1,0,D
12063,0,0,0,0,0,0,0,1,0,1,0,D
12064,0,0,0,0,0,0,0,1,0,1,0,D
12065,0,0,0,0,0,0,0,1,0,1,0,D
12066,0,0,0,0,0,0,0,1,0,1,0,D
12067,0,0,0,0,0,0,0,1,0,1,0,D
12068,0,0,0,0,0,0,0,1,0,1,0,D
12069,0,0,0,0,0,0,0,1,0,1,0,D
12070,0,0,0,0,0,0,0,1,0,1,0,D
12071,0,0,0,0,0,0,0,1,0,1,0,D
12072,0,0,0,0,0,0,0,1,0,1,0,D
12073,0,0,0,0,0,0,0,1,0,1,0,D
12074,0,0,0,0,0,0,0,1,0,1,0,D
12075,0,0,0,0,0,0,0,1,0,1,0,D
12076,0,0,0,0,0,0,0,1,0,1,0,D
12077,0,0,0,0,0,0,0,1,0,1,0,D
12078,0,0,0,0,0,0,0,1,0,1,0,D
12079,0,0,0,0,0,0,0,1,0,1,0,D
12080,0,0,0,0,0,0,0,1,0,1,0,D
12081,0,0,0,0,0,0,0,1,0,1,0,D
12082,0,0,0,0,0,0,0,1,0,1,0,D
12083,0,0,0,0,0,0,0,1,0,1,0,D
12084,0,0,0,0,0,0,0,1,0,1,0,D
12085,0,0,0,0,0,0,0,1,0,1,0,D
12086,0,0,0,0,0,0,0,1,0,1,0,D
12087,0,0,0,0,0,0,0,1,0,1,0,D
12088,0,0,0,0,0,0,0,1,0,1,0,D
12089,0,0,0,0,0,0,0,1,0,1,0,D
12090,0,0,0,0,0,0,0,1,0,1,0,D
12091,0,0,0,0,0,0,0,1,0,1,0,D
12092,0,0,0,0,0,0,0,1,0,1,0,D
12093,0,0,0,0,0,0,0,1,0,1,0,D
12094,0,0,0,0,0,0,0,1,0,1,0,D
12095,0,0,0,0,0,0,0,1,0,1,0,D
12096,0,0,0,0,0,0,0,1,0,1,0,D
12097,0,0,0,0,0,0,0,1,0,1,0,D
12098,0,0,0,0,0,0,0,1,0,1,0,D
12099,0,0,0,0,0,0,0,1,0,1,0,D
12100,0,0,0,0,0,0,0,1,0,1,0,D
12101,0,0,0,0,0,0,0,1,0,1,0,D
12102,0,0,0,0,0,0,0,1,0,1,0,D
12103,0,0,0,0,0,0,0,1,0,1,0,D
12104,0,0,0,0,0,0,0,1,0,1,0,D
12105,0,0,0,0,0,0,0,1,0,1,0,D
12106,0,0,0,0,0,0,0,1,0,1,0,D
12107,0,0,0,0,0,0,0,1,0,1,0,D
12108,0,0,0,0,0,0,0,1,0,1,0,D
12109,0,0,0,0,0,0,0,1,0,1,0,D
12110,0,0,0,0,0,0,0,1,0,1,0,D
12111,0,0,0,0,0,0,0,1,0,1,0,D
12112,0,0,0,0,0,0,0,1,0,1,0,D
12113,0,0,0,0,0,0,0,1,0,1,0,D
12114,0,0,0,0,0,0,0,1,0,1,0,D
12115,0,0,0,0,0,0,0,1,0,1,0,D
12116,0,0,0,0,0,0,0,1,0,1,0,D
12117,0,0,0,0,0,0,0,1,0,1,0,D
12118,0,0,0,0,0,0,0,1,0,1,0,D
12119,0,0,0,0,0,0,0,1,0,1,0,D
12120,0,0,0,0,0,0,0,1,0,1,0,D
12121,0,0,0,0,0,0,0,1,0,1,0,D
12122,0,0,0,0,0,0,0,1,0,1,0,D
12123,0,0,0,0,0,0,0,1,0,1,0,D
12124,0,0,0,0,0,0,0,1,0,1,0,D
12125,0,0,0,0,0,0,0,1,0,1,0,D
12126,0,0,0,0,0,0,0,1,0,1,0,D
12127,0,0,0,0,0,0,0,1,0,1,0,D
12128,0,0,0,0,0,0,0,1,0,1,0,D
12129,0,0,0,0,0,0,0,1,0,1,0,D
12130,0,0,0,0,0,0,0,1,0,1,0,D
12131,0,0,0,0,0,0,0,1,0,1,0,D
12132,0,0,0,0,0,0,0,1,0,1,0,D
12133,0,0,0,0,0,0,0,1,0,1,0,D
12134,0,0,0,0,0,0,0,1,0,1,0,D
12135,0,0,0,0,0,0,0,1,0,1,0,D
12136,0,0,0,0,0,0,0,1,0,1,0,D
12137,0,0,0,0,0,0,0,1,0,1,0,D
12138,0,0,0,0,0,0,0,1,0,1,0,D
12139,0,0,0,0,0,0,0,1,0,1,0,D
12140,0,0,0,0,0,0,0,1,0,1,0,D
12141,0,0,0,0,0,0,0,1,0,1,0,D
12142,0,0,0,0,0,0,0,1,0,1,0,D
12143,0,0,0,0,0,0,0,1,0,1,0,D
12144,0,0,0,0,0,0,0,1,0,1,0,D
12145,0,0,0,0,0,0,0,1,0,1,0,D
12146,0,0,0,0,0,0,0,1,0,1,0,D
12147,0,0,0,0,0,0,0,1,0,1,0,D
12148,0,0,0,0,0,0,0,1,0,1,0,D
12149,0,0,0,0,0,0,0,1,0,1,0,D
12150,0,0,0,0,0,0,0,1,0,1,0,D
12151,0,0,0,0,0,0,0,1,0,1,0,D
12152,0,0,0,0,0,0,0,1,0,1,0,D
12153,0,0,0,0,0,0,0,1,0,1,0,D
12154,0,0,0,0,0,0,0,1,0,1,0,D
12155,0,0,0,0,0,0,0,1,0,1,0,D
12156,0,0,0,0,0,0,0,1,0,1,0,D
12157,0,0,0,0,0,0,0,1,0,1,0,D
12158,0,0,0,0,0,0,0,1,0,1,0,D
12159,0,0,0,0,0,0,0,1,0,1,0,D
12160,0,0,0,0,0,0,0,1,0,1,0,D
12161,0,0,0,0,0,0,0,1,0,1,0,D
12162,0,0,0,0,0,0,0,1,0,1,0,D
12163,0,0,0,0,0,0,0,1,0,1,0,D
12164,0,0,0,0,0,0,0,1,0,1,0,D
12165,0,0,0,0,0,0,0,1,0,1,0,D
12166,0,0,0,0,0,0,0,1,0,1,0,D
12167,0,0,0,0,0,0,0,1,0,1,0,D
12168,0,0,0,0,0,0,0,1,0,1,0,D
12169,0,0,0,0,0,0,0,1,0,1,0,D
12170,0,0,0,0,0,0,0,1,0,1,0,D
12171,0,0,0,0,0,0,0,1,0,1,0,D
12172,0,0,0,0,0,0,0,1,0,1,0,D
12173,0,0,0,0,0,0,0,1,0,1,0,D
12174,0,0,0,0,0,0,0,1,0,1,0,D
12175,0,0,0,0,0,0,0,1,0,1,0,D
12176,0,0,0,0,0,0,0,1,0,1,0,D
12177,0,0,0,0,0,0,0,1,0,1,0,D
12178,0,0,0,0,0,0,0,1,0,1,0,D
12179,0,0,0,0,0,0,0,1,0,1,0,D
12180,0,0,0,0,0,0,0,1,0,1,0,D
12181,0,0,0,0,0,0,0,1,0,1,0,D
12182,0,0,0,0,0,0,0,1,0,1,0,D
12183,0,0,0,0,0,0,0,1,0,1,0,D
12184,0,0,0,0,0,0,0,1,0,1,0,D
12185,0,0,0,0,0,0,0,1,0,1,0,D
12186,0,0,0,0,0,0,0,1,0,1,0,D
12187,0,0,0,0,0,0,0,1,0,1,0,D
12188,0,0,0,0,0,0,0,1,0,1,0,D
12189,0,0,0,0,0,0,0,1,0,1,0,D
12190,0,0,0,0,0,0,0,1,0,1,0,D
12191,0,0,0,0,0,0,0,1,0,1,0,D
12192,0,0,0,0,0,0,0,1,0,1,0,D
12193,0,0,0,0,0,0,0,1,0,1,0,D
12194,0,0,0,0,0,0,0,1,0,1,0,D
12195,0,0,0,0,0,0,0,1,0,1,0,D
12196,0,0,0,0,0,0,0,1,0,1,0,D
12197,0,0,0,0,0,0,0,1,0,1,0,D
12198,0,0,0,0,0,0,0,1,0,1,0,D
12199,0,0,0,0,0,0,0,1,0,1,0,D
12200,0,0,0,0,0,0,0,1,0,1,0,D
12201,0,0,0,0,0,0,0,1,0,1,0,D
12202,0,0,0,0,0,0,0,1,0,1,0,D
12203,0,0,0,0,0,0,0,1,0,1,0,D
12204,0,0,0,0,0,0,0,1,0,1,0,D
12205,0,0,0,0,0,0,0,1,0,1,0,D
12206,0,0,0,0,0,0,0,1,0,1,0,D
12207,0,0,0,0,0,0,0,1,0,1,0,D
12208,0,0,0,0,0,0,0,1,0,1,0,D
12209,0,0,0,0,0,0,0,1,0,1,0,D
12210,0,0,0,0,0,0,0,1,0,1,0,D
12211,0,0,0,0,0,0,0,1,0,1,0,D
12212,0,0,0,0,0,0,0,1,0,1,0,D
12213,0,0,0,0,0,0,0,1,0,1,0,D
12214,0,0,0,0,0,0,0,1,0,1,0,D
12215,0,0,0,0,0,0,0,1,0,1,0,D
12216,0,0,0,0,0,0,0,1,0,1,0,D
12217,0,0,0,0,0,0,0,1,0,1,0,D
12218,0,0,0,0,0,0,0,1,0,1,0,D
12219,0,0,0,0,0,0,0,1,0,1,0,D
12220,0,0,0,0,0,0,0,1,0,1,0,D
12221,0,0,0,0,0,0,0,1,0,1,0,D
12222,0,0,0,0,0,0,0,1,0,1,0,D
12223,0,0,0,0,0,0,0,1,0,1,0,D
12224,0,0,0,0,0,0,0,1,0,1,0,D
12225,0,0,0,0,0,0,0,1,0,1,0,D
12226,0,0,0,0,0,0,0,1,0,1,0,D
12227,0,0,0,0,0,0,0,1,0,1,0,D
12228,0,0,0,0,0,0,0,1,0,1,0,D
12229,0,0,0,0,0,0,0,1,0,1,0,D
12230,0,0,0,0,0,0,0,1,0,1,0,D
12231,0,0,0,0,0,0,0,1,0,1,0,D
12232,0,0,0,0,0,0,0,1,0,1,0,D
12233,0,0,0,0,0,0,0,1,0,1,0,D
12234,0,0,0,0,0,0,0,1,0,1,0,D
12235,0,0,0,0,0,0,0,1,0,1,0,D
12236,0,0,0,0,0,0,0,1,0,1,0,D
12237,0,0,0,0,0,0,0,1,0,1,0,D
12238,0,0,0,0,0,0,0,1,0,1,0,D
12239,0,0,0,0,0,0,0,1,0,1,0,D
12240,0,0,0,0,0,0,0,1,0,1,0,D
12241,0,0,0,0,0,0,0,1,0,1,0,D
12242,0,0,0,0,0,0,0,1,0,1,0,D
12243,0,0,0,0,0,0,0,1,0,1,0,D
12244,0,0,0,0,0,0,0,1,0,1,0,D
12245,0,0,0,0,0,0,0,1,0,1,0,D
12246,0,0,0,0,0,0,0,1,0,1,0,D
12247,0,0,0,0,0,0,0,1,0,1,0,D
12248,0,0,0,0,0,0,0,1,0,1,0,D
12249,0,0,0,0,0,0,0,1,0,1,0,D
12250,0,0,0,0,0,0,0,1,0,1,0,D
12251,0,0,0,0,0,0,0,1,0,1,0,D
12252,0,0,0,0,0,0,0,1,0,1,0,D
12253,0,0,0,0,0,0,0,1,0,1,0,D
12254,0,0,0,0,0,0,0,1,0,1,0,D
12255,0,0,0,0,0,0,0,1,0,1,0,D
12256,0,0,0,0,0,0,0,1,0,1,0,D
12257,0,0,0,0,0,0,0,1,0,1,0,D
12258,0,0,0,0,0,0,0,1,0,1,0,D
12259,0,0,0,0,0,0,0,1,0,1,0,D
12260,0,0,0,0,0,0,0,1,0,1,0,D
12261,0,0,0,0,0,0,0,1,0,1,0,D
12262,0,0,0,0,0,0,0,1,0,1,0,D
12263,0,0,0,0,0,0,0,1,0,1,0,D
12264,0,0,0,0,0,0,0,1,0,1,0,D
12265,0,0,0,0,0,0,0,1,0,1,0,D
12266,0,0,0,0,0,0,0,1,0,1,0,D
12267,0,0,0,0,0,0,0,1,0,1,0,D
12268,0,0,0,0,0,0,0,1,0,1,0,D
12269,0,0,0,0,0,0,0,1,0,1,0,D
12270,0,0,0,0,0,0,0,1,0,1,0,D
12271,0,0,0,0,0,0,0,1,0,1,0,D
12272,0,0,0,0,0,0,0,1,0,1,0,D
12273,0,0,0,0,0,0,0,1,0,1,0,D
12274,0,0,0,0,0,0,0,1,0,1,0,D
12275,0,0,0,0,0,0,0,1,0,1,0,D
12276,0,0,0,0,0,0,0,1,0,1,0,D
12277,0,0,0,0,0,0,0,1,0,1,0,D
12278,0,0,0,0,0,0,0,1,0,1,0,D
12279,0,0,0,0,0,0,0,1,0,1,0,D
12280,0,0,0,0,0,0,0,1,0,1,0,D
12281,0,0,0,0,0,0,0,1,0,1,0,D
12282,0,0,0,0,0,0,0,1,0,1,0,D
12283,0,0,0,0,0,0,0,1,0,1,0,D
12284,0,0,0,0,0,0,0,1,0,1,0,D
12285,0,0,0,0,0,0,0,1,0,1,0,D
12286,0,0,0,0,0,0,0,1,0,1,0,D
12287,0,0,0,0,0,0,0,1,0,1,0,D
12288,0,0,0,0,0,0,0,1,0,1,0,D
12289,0,0,0,0,0,0,0,1,0,1,0,D
12290,0,0,0,0,0,0,0,1,0,1,0,D
12291,0,0,0,0,0,0,0,1,0,1,0,D
12292,0,0,0,0,0,0,0,1,0,1,0,D
12293,0,0,0,0,0,0,0,1,0,1,0,D
12294,0,0,0,0,0,0,0,1,0,1,0,D
12295,0,0,0,0,0,0,0,1,0,1,0,D
12296,0,0,0,0,0,0,0,1,0,1,0,D
12297,0,0,0,0,0,0,0,1,0,1,0,D
12298,0,0,0,0,0,0,0,1,0,1,0,D
12299,0,0,0,0,0,0,0,1,0,1,0,D
12300,0,0,0,0,0,0,0,1,0,1,0,D
12301,0,0,0,0,0,0,0,1,0,1,0,D
12302,0,0,0,0,0,0,0,1,0,1,0,D
12303,0,0,0,0,0,0,0,1,0,1,0,D
12304,0,0,0,0,0,0,0,1,0,1,0,D
12305,0,0,0,0,0,0,0,1,0,1,0,D
12306,0,0,0,0,0,0,0,1,0,1,0,D
12307,0,0,0,0,0,0,0,1,0,1,0,D
12308,0,0,0,0,0,0,0,1,0,1,0,D
12309,0,0,0,0,0,0,0,1,0,1,0,D
12310,0,0,0,0,0,0,0,1,0,1,0,D
12311,0,0,0,0,0,0,0,1,0,1,0,D
12312,0,0,0,0,0,0,0,1,0,1,0,D
12313,0,0,0,0,0,0,0,1,0,1,0,D
12314,0,0,0,0,0,0,0,1,0,1,0,D
12315,0,0,0,0,0,0,0,1,0,1,0,D
12316,0,0,0,0,0,0,0,1,0,1,0,D
12317,0,0,0,0,0,0,0,1,0,1,0,D
12318,0,0,0,0,0,0,0,1,0,1,0,D
12319,0,0,0,0,0,0,0,1,0,1,0,D
12320,0,0,0,0,0,0,0,1,0,1,0,D
12321,0,0,0,0,0,0,0,1,0,1,0,D
12322,0,0,0,0,0,0,0,1,0,1,0,D
12323,0,0,0,0,0,0,0,1,0,1,0,D
12324,0,0,0,0,0,0,0,1,0,1,0,D
12325,0,0,0,0,0,0,0,1,0,1,0,D
12326,0,0,0,0,0,0,0,1,0,1,0,D
12327,0,0,0,0,0,0,0,1,0,1,0,D
12328,0,0,0,0,0,0,0,1,0,1,0,D
12329,0,0,0,0,0,0,0,1,0,1,0,D
12330,0,0,0,0,0,0,0,1,0,1,0,D
12331,0,0,0,0,0,0,0,1,0,1,0,D
12332,0,0,0,0,0,0,0,1,0,1,0,D
12333,0,0,0,0,0,0,0,1,0,1,0,D
12334,0,0,0,0,0,0,0,1,0,1,0,D
12335,0,0,0,0,0,0,0,1,0,1,0,D
12336,0,0,0,0,0,0,0,1,0,1,0,D
12337,0,0,0,0,0,0,0,1,0,1,0,D
12338,0,0,0,0,0,0,0,1,0,1,0,D
12339,0,0,0,0,0,0,0,1,0,1,0,D
12340,0,0,0,0,0,0,0,1,0,1,0,D
12341,0,0,0,0,0,0,0,1,0,1,0,D
12342,0,0,0,0,0,0,0,1,0,1,0,D
12343,0,0,0,0,0,0,0,1,0,1,0,D
12344,0,0,0,0,0,0,0,1,0,1,0,D
12345,0,0,0,0,0,0,0,1,0,1,0,D
12346,0,0,0,0,0,0,0,1,0,1,0,D
12347,0,0,0,0,0,0,0,1,0,1,0,D
12348,0,0,0,0,0,0,0,1,0,1,0,D
12349,0,0,0,0,0,0,0,1,0,1,0,D
12350,0,0,0,0,0,0,0,1,0,1,0,D
12351,0,0,0,0,0,0,0,1,0,1,0,D
12352,0,0,0,0,0,0,0,1,0,1,0,D
12353,0,0,0,0,0,0,0,1,0,1,0,D
12354,0,0,0,0,0,0,0,1,0,1,0,D
12355,0,0,0,0,0,0,0,1,0,1,0,D
12356,0,0,0,0,0,0,0,1,0,1,0,D
12357,0,0,0,0,0,0,0,1,0,1,0,D
12358,0,0,0,0,0,0,0,1,0,1,0,D
12359,0,0,0,0,0,0,0,1,0,1,0,D
12360,0,0,0,0,0,0,0,1,0,1,0,D
12361,0,0,0,0,0,0,0,1,0,1,0,D
12362,0,0,0,0,0,0,0,1,0,1,0,D
12363,0,0,0,0,0,0,0,1,0,1,0,D
12364,0,0,0,0,0,0,0,1,0,1,0,D
12365,0,0,0,0,0,0,0,1,0,1,0,D
12366,0,0,0,0,0,0,0,1,0,1,0,D
12367,0,0,0,0,0,0,0,1,0,1,0,D
12368,0,0,0,0,0,0,0,1,0,1,0,D
12369,0,0,0,0,0,0,0,1,0,1,0,D
12370,0,0,0,0,0,0,0,1,0,1,0,D
12371,0,0,0,0,0,0,0,1,0,1,0,D
12372,0,0,0,0,0,0,0,1,0,1,0,D
12373,0,0,0,0,0,0,0,1,0,1,0,D
12374,0,0,0,0,0,0,0,1,0,1,0,D
12375,0,0,0,0,0,0,0,1,0,1,0,D
12376,0,0,0,0,0,0,0,1,0,1,0,D
12377,0,0,0,0,0,0,0,1,0,1,0,D
12378,0,0,0,0,0,0,0,1,0,1,0,D
12379,0,0,0,0,0,0,0,1,0,1,0,D
12380,0,0,0,0,0,0,0,1,0,1,0,D
12381,0,0,0,0,0,0,0,1,0,1,0,D
12382,0,0,0,0,0,0,0,1,0,1,0,D
12383,0,0,0,0,0,0,0,1,0,1,0,D
12384,0,0,0,0,0,0,0,1,0,1,0,D
12385,0,0,0,0,0,0,0,1,0,1,0,D
12386,0,0,0,0,0,0,0,1,0,1,0,D
12387,0,0,0,0,0,0,0,1,0,1,0,D
12388,0,0,0,0,0,0,0,1,0,1,0,D
12389,0,0,0,0,0,0,0,1,0,1,0,D
12390,0,0,0,0,0,0,0,1,0,1,0,D
12391,0,0,0,0,0,0,0,1,0,1,0,D
12392,0,0,0,0,0,0,0,1,0,1,0,D
12393,0,0,0,0,0,0,0,1,0,1,0,D
12394,0,0,0,0,0,0,0,1,0,1,0,D
12395,0,0,0,0,0,0,0,1,0,1,0,D
12396,0,0,0,0,0,0,0,1,0,1,0,D
12397,0,0,0,0,0,0,0,1,0,1,0,D
12398,0,0,0,0,0,0,0,1,0,1,0,D
12399,0,0,0,0,0,0,0,1,0,1,0,D
12400,0,0,0,0,0,0,0,1,0,1,0,D
12401,0,0,0,0,0,0,0,1,0,1,0,D
12402,0,0,0,0,0,0,0,1,0,1,0,D
12403,0,0,0,0,0,0,0,1,0,1,0,D
12404,0,0,0,0,0,0,0,1,0,1,0,D
12405,0,0,0,0,0,0,0,1,0,1,0,D
12406,0,0,0,0,0,0,0,1,0,1,0,D
12407,0,0,0,0,0,0,0,1,0,1,0,D
12408,0,0,0,0,0,0,0,1,0,1,0,D
12409,0,0,0,0,0,0,0,1,0,1,0,D
12410,0,0,0,0,0,0,0,1,0,1,0,D
12411,0,0,0,0,0,0,0,1,0,1,0,D
12412,0,0,0,0,0,0,0,1,0,1,0,D
12413,0,0,0,0,0,0,0,1,0,1,0,D
12414,0,0,0,0,0,0,0,1,0,1,0,D
12415,0,0,0,0,0,0,0,1,0,1,0,D
12416,0,0,0,0,0,0,0,1,0,1,0,D
12417,0,0,0,0,0,0,0,1,0,1,0,D
12418,0,0,0,0,0,0,0,1,0,1,0,D
12419,0,0,0,0,0,0,0,1,0,1,0,D
12420,0,0,0,0,0,0,0,1,0,1,0,D
12421,0,0,0,0,0,0,0,1,0,1,0,D
12422,0,0,0,0,0,0,0,1,0,1,0,D
12423,0,0,0,0,0,0,0,1,0,1,0,D
12424,0,0,0,0,0,0,0,1,0,1,0,D
12425,0,0,0,0,0,0,0,1,0,1,0,D
12426,0,0,0,0,0,0,0,1,0,1,0,D
12427,0,0,0,0,0,0,0,1,0,1,0,D
12428,0,0,0,0,0,0,0,1,0,1,0,D
12429,0,0,0,0,0,0,0,1,0,1,0,D
12430,0,0,0,0,0,0,0,1,0,1,0,D
12431,0,0,0,0,0,0,0,1,0,1,0,D
12432,0,0,0,0,0,0,0,1,0,1,0,D
12433,0,0,0,0,0,0,0,1,0,1,0,D
12434,0,0,0,0,0,0,0,1,0,1,0,D
12435,0,0,0,0,0,0,0,1,0,1,0,D
12436,0,0,0,0,0,0,0,1,0,1,0,D
12437,0,0,0,0,0,0,0,1,0,0,0,D
12438,0,0,0,0,0,0,0,1,0,0,0,D
12439,0,0,0,0,0,0,0,1,0,0,0,D
12440,0,0,0,0,0,0,0,1,0,0,0,D
12441,0,0,0,0,0,0,0,1,0,0,0,D
12442,0,0,0,0,0,0,0,1,0,0,0,D
12443,0,0,0,0,0,0,0,1,0,0,0,D
12444,0,0,0,0,0,0,0,1,0,0,0,D
12445,0,0,0,0,0,0,0,1,0,0,0,D
12446,0,0,0,0,0,0,0,1,0,0,0,D
12447,0,0,0,0,0,0,0,1,0,0,0,D
12448,0,0,0,0,0,0,0,1,0,0,0,D
12449,0,0,0,0,0,0,0,1,0,0,0,D
12450,0,0,0,0,0,0,0,1,0,0,0,D
12451,0,0,0,0,0,0,0,1,0,0,0,D
12452,0,0,0,0,0,0,0,1,0,0,0,D
12453,0,0,0,0,0,0,0,1,0,0,0,D
12454,0,0,0,0,0,0,0,1,0,0,0,D
12455,0,0,0,0,0,0,0,1,0,0,0,D
12456,0,0,0,0,0,0,0,1,0,0,0,D
12457,0,0,0,0,0,0,0,1,0,0,0,D
12458,0,0,0,0,0,0,0,1,0,0,0,D
12459,0,0,0,0,0,0,0,1,0,0,0,D
12460,0,0,0,0,0,0,0,1,0,0,0,D
12461,0,0,0,0,0,0,0,1,0,0,0,D
12462,0,0,0,0,0,0,0,1,0,0,0,D
12463,0,0,0,0,0,0,0,1,0,0,0,D
12464,0,0,0,0,0,0,0,1,0,0,0,D
12465,0,0,0,0,0,0,0,1,0,0,0,D
12466,0,0,0,0,0,0,0,1,0,0,0,D
12467,0,0,0,0,0,0,0,1,0,0,0,D
12468,0,0,0,0,0,0,0,1,0,0,0,D
12469,0,0,0,0,0,0,0,1,0,0,0,D
12470,0,0,0,0,0,0,0,1,0,0,0,D
12471,0,0,0,0,0,0,0,1,0,0,0,D
12472,0,0,0,0,0,0,0,1,0,0,0,D
12473,0,0,0,0,0,0,0,1,0,0,0,D
12474,0,0,0,0,0,0,0,1,0,0,0,D
12475,0,0,0,0,0,0,0,1,0,0,0,D
12476,0,0,0,0,0,0,0,1,0,0,0,D
12477,0,0,0,0,0,0,0,1,0,0,0,D
12478,0,0,0,0,0,0,0,1,0,0,0,D
12479,0,0,0,0,0,0,0,1,0,0,0,D
12480,0,0,0,0,0,0,0,1,0,0,0,D
12481,0,0,0,0,0,0,0,1,0,0,0,D
12482,0,0,0,0,0,0,0,1,0,0,0,D
12483,0,0,0,0,0,0,0,1,0,0,0,D
12484,0,0,0,0,0,0,0,1,0,0,0,D
12485,0,0,0,0,0,0,0,1,0,0,0,D
12486,0,0,0,0,0,0,0,1,0,0,0,D
12487,0,0,0,0,0,0,0,1,0,0,0,D
12488,0,0,0,0,0,0,0,1,0,0,0,D
12489,0,0,0,0,0,0,0,1,0,0,0,D
12490,0,0,0,0,0,0,0,1,0,0,0,D
12491,0,0,0,0,0,0,0,1,0,0,0,D
12492,0,0,0,0,0,0,0,1,0,0,0,D
12493,0,0,0,0,0,0,0,1,0,0,0,D
12494,0,0,0,0,0,0,0,1,0,0,0,D
12495,0,0,0,0,0,0,0,1,0,0,0,D
12496,0,0,0,0,0,0,0,1,0,0,0,D
12497,0,0,0,0,0,0,0,1,0,0,0,D
12498,0,0,0,0,0,0,0,1,0,0,0,D
12499,0,0,0,0,0,0,0,1,0,0,0,D
12500,0,0,0,0,0,0,0,1,0,0,0,D
12501,0,0,0,0,0,0,0,1,0,0,0,D
12502,0,0,0,0,0,0,0,1,0,0,0,D
12503,0,0,0,0,0,0,0,1,0,0,0,D
12504,0,0,0,0,0,0,0,1,0,0,0,D
12505,0,0,0,0,0,0,0,1,0,0,0,D
12506,0,0,0,0,0,0,0,1,0,0,0,D
12507,0,0,0,0,0,0,0,1,0,0,0,D
12508,0,0,0,0,0,0,0,1,0,0,0,D
12509,0,0,0,0,0,0,0,1,0,0,0,D
12510,0,0,0,0,0,0,0,1,0,0,0,D
12511,0,0,0,0,0,0,0,1,0,0,0,D
12512,0,0,0,0,0,0,0,1,0,0,0,D
12513,0,0,0,0,0,0,0,1,0,0,0,D
12514,0,0,0,0,0,0,0,1,0,0,0,D
12515,0,0,0,0,0,0,0,1,0,0,0,D
12516,0,0,0,0,0,0,0,1,0,0,0,D
12517,0,0,0,0,0,0,0,1,0,0,0,D
12518,0,0,0,0,0,0,0,1,0,0,0,D
12519,0,0,0,0,0,0,0,1,0,0,0,D
12520,0,0,0,0,0,0,0,1,0,0,0,D
12521,0,0,0,0,0,0,0,1,0,0,0,D
12522,0,0,0,0,0,0,0,1,0,0,0,D
12523,0,0,0,0,0,0,0,1,0,0,0,D
12524,0,0,0,0,0,0,0,1,0,0,0,D
12525,0,0,0,0,0,0,0,1,0,0,0,D
12526,0,0,0,0,0,0,0,1,0,0,0,D
12527,0,0,0,0,0,0,0,1,0,0,0,D
12528,0,0,0,0,0,0,0,1,0,0,0,D
12529,0,0,0,0,0,0,0,1,0,0,0,D
12530,0,0,0,0,0,0,0,1,0,0,0,D
12531,0,0,0,0,0,0,0,1,0,0,0,D
12532,0,0,0,0,0,0,0,1,0,0,0,D
12533,0,0,0,0,0,0,0,1,0,0,0,D
12534,0,0,0,0,0,0,0,1,0,0,0,D
12535,0,0,0,0,0,0,0,1,0,0,0,D
12536,0,0,0,0,0,0,0,1,0,0,0,D
12537,0,0,0,0,0,0,0,1,0,0,0,D
12538,0,0,0,0,0,0,0,1,0,0,0,D
12539,0,0,0,0,0,0,0,1,0,0,0,D
12540,0,0,0,0,0,0,0,1,0,0,0,D
12541,0,0,0,0,0,0,0,1,0,0,0,D
12542,0,0,0,0,0,0,0,1,0,0,0,D
12543,0,0,0,0,0,0,0,1,0,0,0,D
12544,0,0,0,0,0,0,0,1,0,0,0,D
12545,0,0,0,0,0,0,0,1,0,0,0,D
12546,0,0,0,0,0,0,0,1,0,0,0,D
12547,0,0,0,0,0,0,0,1,0,0,0,D
12548,0,0,0,0,0,0,0,1,0,0,0,D
12549,0,0,0,0,0,0,0,1,0,0,0,D
12550,0,0,0,0,0,0,0,1,0,0,0,D
12551,0,0,0,0,0,0,0,1,0,0,0,D
12552,0,0,0,0,0,0,0,1,0,0,0,D
12553,0,0,0,0,0,0,0,1,0,0,0,D
12554,0,0,0,0,0,0,0,1,0,0,0,D
12555,0,0,0,0,0,0,0,1,0,0,0,D
12556,0,0,0,0,0,0,0,1,0,0,0,D
12557,0,0,0,0,0,0,0,1,0,0,0,D
12558,0,0,0,0,0,0,0,1,0,0,0,D
12559,0,0,0,0,0,0,0,1,0,0,0,D
12560,0,0,0,0,0,0,0,1,0,0,0,D
12561,0,0,0,0,0,0,0,1,0,0,0,D
12562,0,0,0,0,0,0,0,1,0,0,0,D
12563,0,0,0,0,0,0,0,1,0,0,0,D
12564,0,0,0,0,0,0,0,1,0,0,0,D
12565,0,0,0,0,0,0,0,1,0,0,0,D
12566,0,0,0,0,0,0,0,1,0,0,0,D
12567,0,0,0,0,0,0,0,1,0,0,0,D
12568,0,0,0,0,0,0,0,1,0,0,0,D
12569,0,0,0,0,0,0,0,1,0,0,0,D
12570,0,0,0,0,0,0,0,1,0,0,0,D
12571,0,0,0,0,0,0,0,1,0,0,0,D
12572,0,0,0,0,0,0,0,1,0,0,0,D
12573,0,0,0,0,0,0,0,1,0,0,0,D
12574,0,0,0,0,0,0,0,1,0,0,0,D
12575,0,0,0,0,0,0,0,1,0,0,0,D
12576,0,0,0,0,0,0,0,1,0,0,0,D
12577,0,0,0,0,0,0,0,1,0,0,0,D
12578,0,0,0,0,0,0,0,1,0,0,0,D
12579,0,0,0,0,0,0,0,1,0,0,0,D
12580,0,0,0,0,0,0,0,1,0,0,0,D
12581,0,0,0,0,0,0,0,1,0,0,0,D
12582,0,0,0,0,0,0,0,1,0,0,0,D
12583,0,0,0,0,0,0,0,1,0,0,0,D
12584,0,0,0,0,0,0,0,1,0,0,0,D
12585,0,0,0,0,0,0,0,1,0,0,0,D
12586,0,0,0,0,0,0,0,1,0,0,0,D
12587,0,0,0,0,0,0,0,1,0,0,0,D
12588,0,0,0,0,0,0,0,1,0,0,0,D
12589,0,0,0,0,0,0,0,1,0,0,0,D
12590,0,0,0,0,0,0,0,1,0,0,0,D
12591,0,0,0,0,0,0,0,1,0,0,0,D
12592,0,0,0,0,0,0,0,1,0,0,0,D
12593,0,0,0,0,0,0,0,1,0,0,0,D
12594,0,0,0,0,0,0,0,1,0,0,0,D
12595,0,0,0,0,0,0,0,1,0,0,0,D
12596,0,0,0,0,0,0,0,1,0,0,0,D
12597,0,0,0,0,0,0,0,1,0,0,0,D
12598,0,0,0,0,0,0,0,1,0,0,0,D
12599,0,0,0,0,0,0,0,1,0,0,0,D
12600,0,0,0,0,0,0,0,1,0,0,0,D
12601,0,0,0,0,0,0,0,1,0,0,0,D
12602,0,0,0,0,0,0,0,1,0,0,0,D
12603,0,0,0,0,0,0,0,1,0,0,0,D
12604,0,0,0,0,0,0,0,1,0,0,0,D
12605,0,0,0,0,0,0,0,1,0,0,0,D
12606,0,0,0,0,0,0,0,1,0,0,0,D
12607,0,0,0,0,0,0,0,1,0,0,0,D
12608,0,0,0,0,0,0,0,1,0,0,0,D
12609,0,0,0,0,0,0,0,1,0,0,0,D
12610,0,0,0,0,0,0,0,1,0,0,0,D
12611,0,0,0,0,0,0,0,1,0,0,0,D
12612,0,0,0,0,0,0,0,1,0,0,0,D
12613,0,0,0,0,0,0,0,1,0,0,0,D
12614,0,0,0,0,0,0,0,1,0,0,0,D
12615,0,0,0,0,0,0,0,1,0,0,0,D
12616,0,0,0,0,0,0,0,1,0,0,0,D
12617,0,0,0,0,0,0,0,1,0,0,0,D
12618,0,0,0,0,0,0,0,1,0,0,0,D
12619,0,0,0,0,0,0,0,1,0,0,0,D
12620,0,0,0,0,0,0,0,1,0,0,0,D
12621,0,0,0,0,0,0,0,1,0,0,0,D
12622,0,0,0,0,0,0,0,1,0,0,0,D
12623,0,0,0,0,0,0,0,1,0,0,0,D
12624,0,0,0,1,0,0,0,1,0,0,0,D
12625,0,0,0,1,0,0,0,1,0,0,0,D
12626,0,0,0,1,0,0,0,1,0,0,0,D
12627,0,0,0,1,0,0,0,0,0,0,0,C
12628,0,0,0,1,0,0,0,0,0,0,0,C
12629,0,0,0,1,0,0,0,0,0,0,0,C
12630,0,0,0,1,0,0,0,0,0,0,0,C
12631,0,0,0,1,0,0,0,0,0,0,0,C
12632,0,0,0,1,0,0,0,0,0,0,0,C
12633,0,0,0,1,0,0,0,0,0,0,0,C
12634,0,0,0,1,0,0,0,0,0,0,0,C
12635,0,0,0,1,0,0,0,0,0,0,0,C
12636,0,0,0,1,0,0,0,0,0,0,0,C
12637,0,0,0,1,0,0,0,0,0,0,0,C
12638,0,0,0,1,0,0,0,0,0,0,0,C
12639,0,0,0,1,0,0,0,0,0,0,0,C
12640,0,0,0,1,0,0,0,0,0,0,0,C
12641,0,0,0,1,0,0,0,0,0,0,0,C
12642,0,0,0,1,0,0,0,0,0,0,0,C
12643,0,0,0,1,0,0,0,0,0,0,0,C
12644,0,0,0,1,0,0,0,0,0,0,0,C
12645,0,0,0,1,0,0,0,0,0,0,0,C
12646,0,0,0,1,0,0,0,0,0,0,0,C
12647,0,0,0,1,0,0,0,0,0,0,0,C
12648,0,0,0,1,0,0,0,0,0,0,0,C
12649,0,0,0,1,0,0,0,0,0,0,0,C
12650,0,0,0,1,0,0,0,0,0,0,0,C
12651,0,0,0,1,0,0,0,0,0,0,0,C
12652,0,0,0,1,0,0,0,0,0,0,0,C
12653,0,0,0,1,0,0,0,0,0,0,0,C
12654,0,0,0,1,0,0,0,0,0,0,0,C
12655,0,0,0,1,0,0,0,0,0,0,0,C
12656,0,0,0,1,0,0,0,0,0,0,0,C
12657,0,0,0,1,0,0,0,0,0,0,0,C
12658,0,0,0,1,0,0,0,0,0,0,0,C
12659,0,0,0,1,0,0,0,0,0,0,0,C
12660,0,0,0,1,0,0,0,0,0,0,0,C
12661,0,0,0,1,0,0,0,0,0,0,0,C
12662,0,0,0,1,0,0,0,0,0,0,0,C
12663,0,0,0,1,0,0,0,0,0,0,0,C
12664,0,0,0,1,0,0,0,0,0,0,0,C
12665,0,0,0,1,0,0,0,0,0,0,0,C
12666,0,0,0,1,0,0,0,0,0,0,0,C
12667,0,0,0,1,0,0,0,0,0,0,0,C
12668,0,0,0,1,1,0,0,0,0,0,0,C
12669,0,0,0,1,1,0,0,0,0,0,0,C
12670,0,0,0,1,1,0,0,0,0,0,0,C
12671,0,0,0,1,1,0,0,0,0,0,0,C
12672,0,0,0,1,1,0,0,0,0,0,0,C
12673,0,0,0,1,1,0,0,0,0,0,0,C
12674,0,0,0,1,1,0,0,0,0,0,0,C
12675,0,0,0,1,1,0,0,0,0,0,0,C
12676,0,0,0,1,1,0,0,0,0,0,0,C
12677,0,0,0,1,1,0,0,0,0,0,0,C
12678,0,0,0,1,1,0,0,0,0,0,0,C
12679,0,0,0,1,1,0,0,0,0,0,0,C
12680,0,0,0,1,1,0,0,0,0,0,0,C
12681,0,0,0,1,1,0,0,0,0,0,0,C
12682,0,0,0,1,1,0,0,0,0,0,0,C
12683,0,0,0,1,1,0,0,0,0,0,0,C
12684,0,0,0,1,1,0,0,0,0,0,0,C
12685,0,0,0,1,1,0,0,0,0,0,0,C
12686,0,0,0,1,1,0,0,0,0,0,0,C
12687,0,0,0,1,1,0,0,0,0,0,0,C
12688,0,0,0,1,1,0,0,0,0,0,0,C
12689,0,0,0,1,1,0,0,0,0,0,0,C
12690,0,0,0,1,1,0,0,0,0,0,0,C
12691,0,0,0,1,1,0,0,0,0,0,0,C
12692,0,0,0,1,1,0,0,0,0,0,0,C
12693,0,0,0,1,1,0,0,0,0,0,0,C
12694,0,0,0,1,1,0,0,0,0,0,0,C
12695,0,0,0,1,1,0,0,0,0,0,0,C
12696,0,0,0,1,1,0,0,0,0,0,0,C
12697,0,0,0,1,1,0,0,0,0,0,0,C
12698,0,0,0,1,1,0,0,0,0,0,0,C
12699,0,0,0,1,1,0,0,0,0,0,0,C
12700,0,0,0,1,1,0,0,0,0,0,0,C
12701,0,0,0,1,1,0,0,0,0,0,0,C
12702,0,0,0,1,1,0,0,0,0,0,0,C
12703,0,0,0,1,1,0,0,0,0,0,0,C
12704,0,0,0,1,1,0,0,0,0,0,0,C
12705,0,0,0,1,1,0,0,0,0,0,0,C
12706,0,0,0,1,1,0,0,0,0,0,0,C
12707,0,0,0,1,1,0,0,0,0,0,0,C
12708,0,0,0,1,1,0,0,0,0,0,0,C
12709,0,0,0,1,1,0,0,0,0,0,0,C
12710,0,0,0,1,1,0,0,0,0,0,0,C
12711,0,0,0,1,1,0,0,0,0,0,0,C
12712,0,0,0,1,1,0,0,0,0,0,0,C
12713,0,0,0,1,1,0,0,0,0,0,0,C
12714,0,0,0,1,1,0,0,0,0,0,0,C
12715,0,0,0,1,1,0,0,0,0,0,0,C
12716,0,0,0,1,1,0,0,0,0,0,0,C
12717,0,0,0,1,1,0,0,0,0,0,0,C
12718,0,0,0,1,1,0,0,0,0,0,0,C
12719,0,0,0,1,1,0,0,0,0,0,0,C
12720,0,0,0,1,1,0,0,0,0,0,0,C
12721,0,0,0,1,1,0,0,0,0,0,0,C
12722,0,0,0,1,1,0,0,0,0,0,0,C
12723,0,0,0,1,1,0,0,0,0,0,0,C
12724,0,0,0,1,1,0,0,0,0,0,0,C
12725,0,0,0,1,1,0,0,0,0,0,0,C
12726,0,0,0,1,1,0,0,0,0,0,0,C
12727,0,0,0,1,1,0,0,0,0,0,0,C
12728,0,0,0,1,1,0,0,0,0,0,0,C
12729,0,0,0,1,1,0,0,0,0,0,0,C
12730,0,0,0,1,1,0,0,0,0,0,0,C
12731,0,0,0,1,1,0,0,0,0,0,0,C
12732,0,0,0,1,1,0,0,0,0,0,0,C
12733,0,0,0,1,1,0,0,0,0,0,0,C
12734,0,0,0,1,1,0,0,0,0,0,0,C
12735,0,0,0,1,1,0,0,0,0,0,0,C
12736,0,0,0,1,1,0,0,0,0,0,0,C
12737,0,0,0,1,1,0,0,0,0,0,0,C
12738,0,0,0,1,1,0,0,0,0,0,0,C
12739,0,0,0,1,1,0,0,0,0,0,0,C
12740,0,0,0,1,1,0,0,0,0,0,0,C
12741,0,0,0,1,1,0,0,0,0,0,0,C
12742,0,0,0,1,1,0,0,0,0,0,0,C
12743,0,0,0,1,1,0,0,0,0,0,0,C
12744,0,0,0,1,1,0,0,0,0,0,0,C
12745,0,0,0,1,1,0,0,0,0,0,0,C
12746,0,0,0,1,1,0,0,0,0,0,0,C
12747,0,0,0,1,1,0,0,0,0,0,0,C
12748,0,0,0,1,1,0,0,0,0,0,0,C
12749,0,0,0,1,1,0,0,0,0,0,0,C
12750,0,0,0,1,1,0,0,0,0,0,0,C
12751,0,0,0,1,1,0,0,0,0,0,0,C
12752,0,0,0,1,1,0,0,0,0,0,0,C
12753,0,0,0,1,1,0,0,0,0,0,0,C
12754,0,0,0,1,1,0,0,0,0,0,0,C
12755,0,0,0,1,1,0,0,0,0,0,0,C
12756,0,0,0,1,1,0,0,0,0,0,0,C
12757,0,0,0,1,1,0,0,0,0,0,0,C
12758,0,0,0,1,1,0,0,0,0,0,0,C
12759,0,0,0,1,1,0,0,0,0,0,0,C
12760,0,0,0,1,1,0,0,0,0,0,0,C
12761,0,0,0,1,1,0,0,0,0,0,0,C
12762,0,0,0,1,1,0,0,0,0,0,0,C
12763,0,0,0,1,1,0,0,0,0,0,0,C
12764,0,0,0,1,1,0,0,0,0,0,0,C
12765,0,0,0,1,1,0,0,0,0,0,0,C
12766,0,0,0,1,1,0,0,0,0,0,0,C
12767,0,0,0,1,1,0,0,0,0,0,0,C
12768,0,0,0,1,1,0,0,0,0,0,0,C
12769,0,0,0,1,1,0,0,0,0,0,0,C
12770,0,0,0,1,1,0,0,0,0,0,0,C
12771,0,0,0,1,1,0,0,0,0,0,0,C
12772,0,0,0,1,1,0,0,0,0,0,0,C
12773,0,0,0,1,1,0,0,0,0,0,0,C
12774,0,0,0,1,1,0,0,0,0,0,0,C
12775,0,0,0,1,1,0,0,0,0,0,0,C
12776,0,0,0,1,1,0,0,0,0,0,0,C
12777,0,0,0,1,1,0,0,0,0,0,0,C
12778,0,0,0,1,1,0,0,0,0,0,0,C
12779,0,0,0,1,1,0,0,0,0,0,0,C
12780,0,0,0,1,1,0,0,0,0,0,0,C
12781,0,0,0,1,1,0,0,0,0,0,0,C
12782,0,0,0,1,1,0,0,0,0,0,0,C
12783,0,0,0,1,1,0,0,0,0,0,0,C
12784,0,0,0,1,1,0,0,0,0,0,0,C
12785,0,0,0,1,1,0,0,0,0,0,0,C
12786,0,0,0,1,1,0,0,0,0,0,0,C
12787,0,0,0,1,1,0,0,0,0,0,0,C
12788,0,0,0,1,1,0,0,0,0,0,0,C
12789,0,0,0,1,1,0,0,0,0,0,0,C
12790,0,0,0,1,1,0,0,0,0,0,0,C
12791,0,0,0,1,1,0,0,0,0,0,0,C
12792,0,0,0,1,1,0,0,0,0,0,0,C
12793,0,0,0,1,1,0,0,0,0,0,0,C
12794,0,0,0,1,1,0,0,0,0,0,0,C
12795,0,0,0,1,1,0,0,0,0,0,0,C
12796,0,0,0,1,1,0,0,0,0,0,0,C
12797,0,0,0,1,1,0,0,0,0,0,0,C
12798,0,0,0,1,1,0,0,0,0,0,0,C
12799,0,0,0,1,1,0,0,0,0,0,0,C
12800,0,0,0,1,1,0,0,0,0,0,0,C
12801,0,0,0,1,1,0,0,0,0,0,0,C
12802,0,0,0,1,1,0,0,0,0,0,0,C
12803,0,0,0,1,1,0,0,0,0,0,0,C
12804,0,0,0,1,1,0,0,0,0,0,0,C
12805,0,0,0,1,1,0,0,0,0,0,0,C
12806,0,0,0,1,1,0,0,0,0,0,0,C
12807,0,0,0,1,1,0,0,0,0,0,0,C
12808,0,0,0,1,1,0,0,0,0,0,0,C
12809,0,0,0,1,1,0,0,0,0,0,0,C
12810,0,0,0,1,1,0,0,0,0,0,0,C
12811,0,0,0,1,1,0,0,0,0,0,0,C
12812,0,0,0,1,1,0,0,0,0,0,0,C
12813,0,0,0,1,1,0,0,0,0,0,0,C
12814,0,0,0,1,1,0,0,0,0,0,0,C
12815,0,0,0,1,1,0,0,0,0,0,0,C
12816,0,0,0,1,1,0,0,0,0,0,0,C
12817,0,0,0,1,1,0,0,0,0,0,0,C
12818,0,0,0,1,1,0,0,0,0,0,0,C
12819,0,0,0,1,1,0,0,0,0,0,0,C
12820,0,0,0,1,1,0,0,0,0,0,0,C
12821,0,0,0,1,1,0,0,0,0,0,0,C
12822,0,0,0,1,1,0,0,0,0,0,0,C
12823,0,0,0,1,1,0,0,0,0,0,0,C
12824,0,0,0,1,1,0,0,0,0,0,0,C
12825,0,0,0,1,1,0,0,0,0,0,0,C
12826,0,0,0,1,1,0,0,0,0,0,0,C
12827,0,0,0,1,1,0,0,0,0,0,0,C
12828,0,0,0,1,1,0,0,0,0,0,0,C
12829,0,0,0,1,1,0,0,0,0,0,0,C
12830,0,0,0,1,1,0,0,0,0,0,0,C
12831,0,0,0,1,1,0,0,0,0,0,0,C
12832,0,0,0,1,1,0,0,0,0,0,0,C
12833,0,0,0,1,1,0,0,0,0,0,0,C
12834,0,0,0,1,1,0,0,0,0,0,0,C
12835,0,0,0,1,1,0,0,0,0,0,0,C
12836,0,0,0,1,1,0,0,0,0,0,0,C
12837,0,0,0,1,1,0,0,0,0,0,0,C
12838,0,0,0,1,1,0,0,0,0,0,0,C
12839,0,0,0,1,1,0,0,0,0,0,0,C
12840,0,0,0,1,1,0,0,0,0,0,0,C
12841,0,0,0,1,1,0,0,0,0,0,0,C
12842,0,0,0,1,1,0,0,0,0,0,0,C
12843,0,0,0,1,1,0,0,0,0,0,0,C
12844,0,0,0,1,1,0,0,0,0,0,0,C
12845,0,0,0,1,1,0,0,0,0,0,0,C
12846,0,0,0,1,1,0,0,0,0,0,0,C
12847,0,0,0,1,1,0,0,0,0,0,0,C
12848,0,0,0,1,1,0,0,0,0,0,0,C
12849,0,0,0,1,1,0,0,0,0,0,0,C
12850,0,0,0,1,1,0,0,0,0,0,0,C
12851,0,0,0,1,1,0,0,0,0,0,0,C
12852,0,0,0,1,1,0,0,0,0,0,0,C
12853,0,0,0,1,1,0,0,0,0,0,0,C
12854,0,0,0,1,1,0,0,0,0,0,0,C
12855,0,0,0,1,1,0,0,0,0,0,0,C
12856,0,0,0,1,1,0,0,0,0,0,0,C
12857,0,0,0,1,1,0,0,0,0,0,0,C
12858,0,0,0,1,1,0,0,0,0,0,0,C
12859,0,0,0,1,1,0,0,0,0,0,0,C
12860,0,0,0,1,1,0,0,0,0,0,0,C
12861,0,0,0,1,1,0,0,0,0,0,0,C
12862,0,0,0,1,1,0,0,0,0,0,0,C
12863,0,0,0,1,1,0,0,0,0,0,0,C
12864,0,0,0,1,1,0,0,0,0,0,0,C
12865,0,0,0,1,1,0,0,0,0,0,0,C
12866,0,0,0,1,1,0,0,0,0,0,0,C
12867,0,0,0,1,1,0,0,0,0,0,0,C
12868,0,0,0,1,1,0,0,0,0,0,0,C
12869,0,0,0,1,1,0,0,0,0,0,0,C
12870,0,0,0,1,1,0,0,0,0,0,0,C
12871,0,0,0,1,1,0,0,0,0,0,0,C
12872,0,0,0,1,1,0,0,0,0,0,0,C
12873,0,0,0,1,1,0,0,0,0,0,0,C
12874,0,0,0,1,1,0,0,0,0,0,0,C
12875,0,0,0,1,1,0,0,0,0,0,0,C
12876,0,0,0,1,1,0,0,0,0,0,0,C
12877,0,0,0,1,1,0,0,0,0,0,0,C
12878,0,0,0,1,1,0,0,0,0,0,0,C
12879,0,0,0,1,1,0,0,0,0,0,0,C
12880,0,0,0,1,1,0,0,0,0,0,0,C
12881,0,0,0,1,1,0,0,0,0,0,0,C
12882,0,0,0,1,1,0,0,0,0,0,0,C
12883,0,0,0,1,1,0,0,0,0,0,0,C
12884,0,0,0,1,1,0,0,0,0,0,0,C
12885,0,0,0,1,1,0,0,0,0,0,0,C
12886,0,0,0,1,1,0,0,0,0,0,0,C
12887,0,0,0,1,1,0,0,0,0,0,0,C
12888,0,0,0,1,1,0,0,0,0,0,0,C
12889,0,0,0,1,1,0,0,0,0,0,0,C
12890,0,0,0,1,1,0,0,0,0,0,0,C
12891,0,0,0,1,1,0,0,0,0,0,0,C
12892,0,0,0,1,1,0,0,0,0,0,0,C
12893,0,0,0,1,1,0,0,0,0,0,0,C
12894,0,0,0,1,1,0,0,0,0,0,0,C
12895,0,0,0,1,1,0,0,0,0,0,0,C
12896,0,0,0,1,1,0,0,0,0,0,0,C
12897,0,0,0,1,1,0,0,0,0,0,0,C
12898,0,0,0,1,1,0,0,0,0,0,0,C
12899,0,0,0,1,1,0,0,0,0,0,0,C
12900,0,0,0,1,1,0,0,0,0,0,0,C
12901,0,0,0,1,1,0,0,0,0,0,0,C
12902,0,0,0,1,1,0,0,0,0,0,0,C
12903,0,0,0,1,1,0,0,0,0,0,0,C
12904,0,0,0,1,1,0,0,0,0,0,0,C
12905,0,0,0,1,1,0,0,0,0,0,0,C
12906,0,0,0,1,1,0,0,0,0,0,0,C
12907,0,0,0,1,1,0,0,0,0,0,0,C
12908,0,0,0,1,1,0,0,0,0,0,0,C
12909,0,0,0,1,1,0,0,0,0,0,0,C
12910,0,0,0,1,1,0,0,0,0,0,0,C
12911,0,0,0,1,1,0,0,0,0,0,0,C
12912,0,0,0,1,1,0,0,0,0,0,0,C
12913,0,0,0,1,1,0,0,0,0,0,0,C
12914,0,0,0,1,1,0,0,0,0,0,0,C
12915,0,0,0,1,1,0,0,0,0,0,0,C
12916,0,0,0,1,1,0,0,0,0,0,0,C
12917,0,0,0,1,1,0,0,0,0,0,0,C
12918,0,0,0,1,1,0,0,0,0,0,0,C
12919,0,0,0,0,1,0,0,0,0,0,0,C
12920,0,0,0,0,1,0,0,0,0,0,0,C
12921,0,0,0,0,1,0,0,0,0,0,0,C
12922,0,0,0,0,1,0,0,0,0,0,0,C
12923,0,0,0,0,1,0,0,0,0,0,0,C
12924,0,0,0,0,1,0,0,0,0,0,0,C
12925,0,0,0,0,1,0,0,0,0,0,0,C
12926,0,0,0,0,1,0,0,0,0,0,0,C
12927,0,0,0,0,1,0,0,0,0,0,0,C
12928,0,0,0,0,1,0,0,0,0,0,0,C
12929,0,0,0,0,1,0,0,0,0,0,0,C
12930,0,0,0,0,1,0,0,0,0,0,0,C
12931,0,0,0,0,1,0,0,0,0,0,0,C
12932,0,0,0,0,1,0,0,0,0,0,0,C
12933,0,0,0,0,1,0,0,0,0,0,0,C
12934,0,0,0,0,1,0,0,0,0,0,0,C
12935,0,0,0,0,1,0,0,0,0,0,0,C
12936,0,0,0,0,1,0,0,0,0,0,0,C
12937,0,0,0,0,1,0,0,0,0,0,0,C
12938,0,0,0,0,1,0,0,0,0,0,0,C
12939,0,0,0,0,1,0,0,0,0,0,0,C
12940,0,0,0,0,1,0,0,0,0,0,0,C
12941,0,0,0,0,1,0,0,0,0,0,0,C
12942,0,0,0,0,1,0,0,0,0,0,0,C
12943,0,0,0,0,1,0,0,0,0,0,0,C
12944,0,0,0,0,1,0,0,0,0,0,0,C
12945,0,0,0,0,1,0,0,0,0,0,0,C
12946,0,0,0,0,1,0,0,0,0,0,0,C
12947,0,0,0,0,1,0,0,0,0,0,0,C
12948,0,0,0,0,1,0,0,0,0,0,0,C
12949,0,0,0,0,1,0,0,0,0,0,0,C
12950,0,0,0,0,1,0,0,0,0,0,0,C
12951,0,0,0,0,1,0,0,0,0,0,0,C
12952,0,0,0,0,1,0,0,0,0,0,0,C
12953,0,0,0,0,1,0,0,0,0,0,0,C
12954,0,0,0,0,1,0,0,0,0,0,0,C
12955,0,0,0,0,1,0,0,0,0,0,0,C
12956,0,0,0,0,1,0,0,0,0,0,0,C
12957,0,0,0,0,1,0,0,0,0,0,0,C
12958,0,0,0,0,1,0,0,0,0,0,0,C
12959,0,0,0,0,1,0,0,0,0,0,0,C
12960,0,0,0,0,1,0,0,0,0,0,0,C
12961,0,0,0,0,1,0,0,0,0,0,0,C
12962,0,0,0,0,1,0,0,0,0,0,0,C
12963,0,0,0,0,1,0,0,0,0,0,0,C
12964,0,0,0,0,1,0,0,0,0,0,0,C
12965,0,0,0,0,1,0,0,0,0,0,0,C
12966,0,0,0,0,1,0,0,0,0,0,0,C
12967,0,0,0,0,1,0,0,0,0,0,0,C
12968,0,0,0,0,1,0,0,0,0,0,0,C
12969,0,0,0,0,1,0,0,0,0,0,0,C
12970,0,0,0,0,1,0,0,0,0,0,0,C
12971,0,0,0,0,1,0,0,0,0,0,0,C
12972,0,0,0,0,1,0,0,0,0,0,0,C
12973,0,0,0,0,1,0,0,0,0,0,0,C
12974,0,0,0,0,1,0,0,0,0,0,0,C
12975,0,0,0,0,1,0,0,0,0,0,0,C
12976,0,0,0,0,1,0,0,0,0,0,0,C
12977,0,0,0,0,1,0,0,0,0,0,0,C
12978,0,0,0,0,1,0,0,0,0,0,0,C
12979,0,0,0,0,1,0,0,0,0,0,0,C
12980,0,0,0,0,1,0,0,0,0,0,0,C
12981,0,0,0,0,1,0,0,0,0,0,0,C
12982,0,0,0,0,1,0,0,0,0,0,0,C
12983,0,0,0,0,1,0,0,0,0,0,0,C
12984,0,0,0,0,1,0,0,0,0,0,0,C
12985,0,0,0,0,1,0,0,0,0,0,0,C
12986,0,0,0,0,1,0,0,0,0,0,0,C
12987,0,0,0,0,1,0,0,0,0,0,0,C
12988,0,0,0,0,1,0,0,0,0,0,0,C
12989,0,0,0,0,1,0,0,0,0,0,0,C
12990,0,0,0,0,1,0,0,0,0,0,0,C
12991,0,0,0,0,1,0,0,0,0,0,0,C
12992,0,0,0,0,1,0,0,0,0,0,0,C
12993,0,0,0,0,1,0,0,0,0,0,0,C
12994,0,0,0,0,1,0,0,0,0,0,0,C
12995,0,0,0,0,1,0,0,0,0,0,0,C
12996,0,0,0,0,1,0,0,0,0,0,0,C
12997,0,0,0,0,1,0,0,0,0,0,0,C
12998,0,0,0,0,1,0,0,0,0,0,0,C
12999,0,0,0,0,1,0,0,0,0,0,0,C
13000,0,0,0,0,1,0,0,0,0,0,0,C
13001,0,0,0,0,1,0,0,0,0,0,0,C
13002,0,0,0,0,1,0,0,0,0,0,0,C
13003,0,0,0,0,1,0,0,0,0,0,0,C
13004,0,0,0,0,1,0,0,0,0,0,0,C
13005,0,0,0,0,1,0,0,0,0,0,0,C
13006,0,0,0,0,1,0,0,0,0,0,0,C
13007,0,0,0,0,1,0,0,0,0,0,0,C
13008,0,0,0,0,1,0,0,0,0,0,0,C
13009,0,0,0,0,1,0,0,0,0,0,0,C
13010,0,0,0,0,1,0,0,0,0,0,0,C
13011,0,0,0,0,1,0,0,0,0,0,0,C
13012,0,0,0,0,1,0,0,0,0,0,0,C
13013,0,0,0,0,1,0,0,0,0,0,0,C
13014,0,0,0,0,1,0,0,0,0,0,0,C
13015,0,0,0,0,1,0,0,0,0,0,0,C
13016,0,0,0,0,1,0,0,0,0,0,0,C
13017,0,0,0,0,1,0,0,0,0,0,0,C
13018,0,0,0,0,1,0,0,0,0,0,0,C
13019,0,0,0,0,1,0,0,0,0,0,0,C
13020,0,0,0,0,1,0,0,0,0,0,0,C
13021,0,0,0,0,1,0,0,0,0,0,0,C
13022,0,0,0,0,1,0,0,0,0,0,0,C
13023,0,0,0,0,1,0,0,0,0,0,0,C
13024,0,0,0,0,1,0,0,0,0,0,0,C
13025,0,0,0,0,1,0,0,0,0,0,0,C
13026,0,0,0,0,1,0,0,0,0,0,0,C
13027,0,0,0,0,1,0,0,0,0,0,0,C
13028,0,0,0,0,1,0,0,0,0,0,0,C
13029,0,0,0,0,1,0,0,0,0,0,0,C
13030,0,0,0,0,1,0,0,0,0,0,0,C
13031,0,0,0,0,1,0,0,0,0,0,0,C
13032,0,0,0,0,1,0,0,0,0,0,0,C
13033,0,0,0,0,1,0,0,0,0,0,0,C
13034,0,0,0,0,1,0,0,0,0,0,0,C
13035,0,0,0,0,1,0,0,0,0,0,0,C
13036,0,0,0,0,1,0,0,0,0,0,0,C
13037,0,0,0,0,1,0,0,0,0,0,0,C
13038,0,0,0,0,1,0,0,0,0,0,0,C
13039,0,0,0,0,1,0,0,0,0,0,0,C
13040,0,0,0,0,1,0,0,0,0,0,0,C
13041,0,0,0,0,1,0,0,0,0,0,0,C
13042,0,0,0,0,1,0,0,0,0,0,0,C
13043,0,0,0,0,1,0,0,0,0,0,0,C
13044,0,0,0,0,1,0,0,0,0,0,0,C
13045,0,0,0,0,1,0,0,0,0,0,0,C
13046,0,0,0,0,1,0,0,0,0,0,0,C
13047,0,0,0,0,1,0,0,0,0,0,0,C
13048,0,0,0,0,1,0,0,0,0,0,0,C
13049,0,0,0,0,1,0,0,0,0,0,0,C
13050,0,0,0,0,1,0,0,0,0,0,0,C
13051,0,0,0,0,1,0,0,0,0,0,0,C
13052,0,0,0,0,1,0,0,0,0,0,0,C
13053,0,0,0,0,1,0,0,0,0,0,0,C
13054,0,0,0,0,1,0,0,0,0,0,0,C
13055,0,0,0,0,1,0,0,0,0,0,0,C
13056,0,0,0,0,1,0,0,0,0,0,0,C
13057,0,0,0,0,1,0,0,0,0,0,0,C
13058,0,0,0,0,1,0,0,0,0,0,0,C
13059,0,0,0,0,1,0,0,0,0,0,0,C
13060,0,0,0,0,1,0,0,0,0,0,0,C
13061,0,0,0,0,1,0,0,0,0,0,0,C
13062,0,0,0,0,1,0,0,0,0,0,0,C
13063,0,0,0,0,1,0,0,0,0,0,0,C
13064,0,0,0,0,1,0,0,0,0,0,0,C
13065,0,0,0,0,1,0,0,0,0,0,0,C
13066,0,0,0,0,1,0,0,0,0,0,0,C
13067,0,0,0,0,1,0,0,0,0,0,0,C
13068,0,0,0,0,1,0,0,0,0,0,0,C
13069,0,0,0,0,1,0,0,0,0,0,0,C
13070,0,0,0,0,1,0,0,0,0,0,0,C
13071,0,0,0,0,1,0,0,0,0,0,0,C
13072,0,0,0,0,1,0,0,0,0,0,0,C
13073,0,0,0,0,1,0,0,0,0,0,0,C
13074,0,0,0,0,1,0,0,0,0,0,0,C
13075,0,0,0,0,1,0,0,0,0,0,0,C
13076,0,0,0,0,1,0,0,0,0,0,0,C
13077,0,0,0,0,1,0,0,0,0,0,0,C
13078,0,0,0,0,1,0,0,0,0,0,0,C
13079,0,0,0,0,1,0,0,0,0,0,0,C
13080,0,0,0,0,1,0,0,0,0,0,0,C
13081,0,0,0,0,1,0,0,0,0,0,0,C
13082,0,0,0,0,1,0,0,0,0,0,0,C
13083,0,0,0,0,1,0,0,0,0,0,0,C
13084,0,0,0,0,1,0,0,0,0,0,0,C
13085,0,0,0,0,1,0,0,0,0,0,0,C
13086,0,0,0,0,1,0,0,0,0,0,0,C
13087,0,0,0,0,1,0,0,0,0,0,0,C
13088,0,0,0,0,1,0,0,0,0,0,0,C
13089,0,0,0,0,1,0,0,0,0,0,0,C
13090,0,0,0,0,1,0,0,0,0,0,0,C
13091,0,0,0,0,1,0,0,0,0,0,0,C
13092,0,0,0,0,1,0,0,0,0,0,0,C
13093,0,0,0,0,1,0,0,0,0,0,0,C
13094,0,0,0,0,1,0,0,0,0,0,0,C
13095,0,0,0,0,1,0,0,0,0,0,0,C
13096,0,0,0,0,1,0,0,0,0,0,0,C
13097,0,0,0,0,1,0,0,0,0,0,0,C
13098,0,0,0,0,1,0,0,0,0,0,0,C
13099,0,0,0,0,1,0,0,0,0,0,0,C
13100,0,0,0,0,1,0,0,0,0,0,0,C
13101,0,0,0,0,1,0,0,0,0,0,0,C
13102,0,0,0,0,1,0,0,0,0,0,0,C
13103,0,0,0,0,1,0,0,0,0,0,0,C
13104,0,0,0,0,1,0,0,0,0,0,0,C
13105,0,0,0,0,1,0,0,0,0,0,0,C
13106,0,0,0,0,1,0,0,0,0,0,0,C
13107,0,0,0,0,1,0,0,0,0,0,0,C
13108,0,0,0,0,1,0,0,0,0,0,0,C
13109,0,0,0,0,1,0,0,0,0,0,0,C
13110,0,0,0,0,1,0,0,0,0,0,0,C
13111,0,0,0,0,1,0,0,0,0,0,0,C
13112,0,0,0,0,1,0,0,0,0,0,0,C
13113,0,0,0,0,1,0,0,0,0,0,0,C
13114,0,0,0,0,1,0,0,0,0,0,0,C
13115,0,0,0,0,1,0,0,0,0,0,0,C
13116,0,0,0,0,1,0,0,0,0,0,0,C
13117,0,0,0,0,1,0,0,0,0,0,0,C
13118,0,0,0,0,1,0,0,0,0,0,0,C
13119,0,0,0,0,1,0,0,0,0,0,0,C
13120,0,0,0,0,1,0,0,0,0,0,0,C
13121,0,0,0,0,1,0,0,0,0,0,0,C
13122,0,0,0,0,1,0,0,0,0,0,0,C
13123,0,0,0,0,1,0,0,0,0,0,0,C
13124,0,0,0,0,1,0,0,0,0,0,0,C
13125,0,0,0,0,1,0,0,0,0,0,0,C
13126,0,0,0,0,1,0,0,0,0,0,0,C
13127,0,0,0,0,1,0,0,0,0,0,0,C
13128,0,0,0,0,1,0,0,0,0,0,0,C
13129,0,0,0,0,1,0,0,0,0,0,0,C
13130,0,0,0,0,1,0,0,0,0,0,0,C
13131,0,0,0,0,1,0,0,0,0,0,0,C
13132,0,0,0,0,1,0,0,0,0,0,0,C
13133,0,0,0,0,1,0,0,0,0,0,0,C
13134,0,0,0,0,1,0,0,0,0,0,0,C
13135,0,0,0,0,1,0,0,0,0,0,0,C
13136,0,0,0,0,1,0,0,0,0,0,0,C
13137,0,0,0,0,1,0,0,0,0,0,0,C
13138,0,0,0,0,1,0,0,0,0,0,0,C
13139,0,0,0,0,1,0,0,0,0,0,0,C
13140,0,0,0,0,1,0,0,0,0,0,0,C
13141,0,0,0,0,1,0,0,0,0,0,0,C
13142,0,0,0,0,1,0,0,0,0,0,0,C
13143,0,0,0,0,1,0,0,0,0,0,0,C
13144,0,0,0,0,1,0,0,0,0,0,0,C
13145,0,0,0,0,1,0,0,0,0,0,0,C
13146,0,0,0,0,1,0,0,0,0,0,0,C
13147,0,0,0,0,1,0,0,0,0,0,0,C
13148,0,0,0,0,1,0,0,0,0,0,0,C
13149,0,0,0,0,1,0,0,0,0,0,0,C
13150,0,0,0,0,1,0,0,0,0,0,0,C
13151,0,0,0,0,1,0,0,0,0,0,0,C
13152,0,0,0,0,1,0,0,0,0,0,0,C
13153,0,0,0,0,1,0,0,0,0,0,0,C
13154,0,0,0,0,1,0,0,0,0,0,0,C
13155,0,0,0,0,1,0,0,0,0,0,0,C
13156,0,0,0,0,1,0,0,0,0,0,0,C
13157,0,0,0,0,1,0,0,0,0,0,0,C
13158,0,0,0,0,1,0,0,0,0,0,0,C
13159,0,0,0,0,1,0,0,0,0,0,0,C
13160,0,0,0,0,1,0,0,0,0,0,0,C
13161,0,0,0,0,1,0,0,0,0,0,0,C
13162,0,0,0,0,1,0,0,0,0,0,0,C
13163,0,0,0,0,1,0,0,0,0,0,0,C
13164,0,0,0,0,1,0,0,0,0,0,0,C
13165,0,0,0,0,1,0,0,0,0,0,0,C
13166,0,0,0,0,1,0,0,0,0,0,0,C
13167,0,0,0,0,1,0,0,0,0,0,0,C
13168,0,0,0,0,1,0,0,0,0,0,0,C
13169,0,0,0,0,1,0,0,0,0,0,0,C
13170,0,0,0,0,1,0,0,0,0,0,0,C
13171,0,0,0,0,1,0,0,0,0,0,0,C
13172,0,0,0,0,1,0,0,0,0,0,0,C
13173,0,0,0,0,1,0,0,0,0,0,0,C
13174,0,0,0,0,1,0,0,0,0,0,0,C
13175,0,0,0,0,1,0,0,0,0,0,0,C
13176,0,0,0,0,1,0,0,0,0,0,0,C
13177,0,0,0,0,1,0,0,0,0,0,0,C
13178,0,0,0,0,1,0,0,0,0,0,0,C
13179,0,0,0,0,1,0,0,0,0,0,0,C
13180,0,0,0,0,1,0,0,0,0,0,0,C
13181,0,0,0,0,1,0,0,0,0,0,0,C
13182,0,0,0,0,1,0,0,0,0,0,0,C
13183,0,0,0,0,1,0,0,0,0,0,0,C
13184,0,0,0,0,1,0,0,0,0,0,0,C
13185,0,0,0,0,1,0,0,0,0,0,0,C
13186,0,0,0,0,1,0,0,0,0,0,0,C
13187,0,0,0,0,1,0,0,0,0,0,0,C
13188,0,0,0,0,1,0,0,0,0,0,0,C
13189,0,0,0,0,1,0,0,0,0,0,0,C
13190,0,0,0,0,1,0,0,0,0,0,0,C
13191,0,0,0,0,1,0,0,0,0,0,0,C
13192,0,0,0,0,1,0,0,0,0,0,0,C
13193,0,0,0,0,1,0,0,0,0,0,0,C
13194,0,0,0,0,1,0,0,0,0,0,0,C
13195,0,0,0,0,1,0,0,0,0,0,0,C
13196,0,0,0,0,1,0,0,0,0,0,0,C
13197,0,0,0,0,1,0,0,0,0,0,0,C
13198,0,0,0,0,1,0,0,0,0,0,0,C
13199,0,0,0,0,1,0,0,0,0,0,0,C
13200,0,0,0,0,1,0,0,0,0,0,0,C
13201,0,0,0,0,1,0,0,0,0,0,0,C
13202,0,0,0,0,1,0,0,0,0,0,0,C
13203,0,0,0,0,1,0,0,0,0,0,0,C
13204,0,0,0,0,1,0,0,0,0,0,0,C
13205,0,0,0,0,1,0,0,0,0,0,0,C
13206,0,0,0,0,1,0,0,0,0,0,0,C
13207,0,0,0,0,1,0,0,0,0,0,0,C
13208,0,0,0,0,1,0,0,0,0,0,0,C
13209,0,0,0,0,1,0,0,0,0,0,0,C
13210,0,0,0,0,1,0,0,0,0,0,0,C
13211,0,0,0,0,1,0,0,0,0,0,0,C
13212,0,0,0,0,1,0,0,0,0,0,0,C
13213,0,0,0,0,1,0,0,0,0,0,0,C
13214,0,0,0,0,1,0,0,0,0,0,0,C
13215,0,0,0,0,1,0,0,0,0,0,0,C
13216,0,0,0,0,1,0,0,0,0,0,0,C
13217,0,0,0,0,1,0,0,0,0,0,0,C
13218,0,0,0,0,1,0,0,0,0,0,0,C
13219,0,0,0,0,1,0,0,0,0,0,0,C
13220,0,0,0,0,1,0,0,0,0,0,0,C
13221,0,0,0,0,1,0,0,0,0,0,0,C
13222,0,0,0,0,1,0,0,0,0,0,0,C
13223,0,0,0,0,1,0,0,0,0,0,0,C
13224,0,0,0,0,1,0,0,0,0,0,0,C
13225,0,0,0,0,1,0,0,0,0,0,0,C
13226,0,0,0,0,1,0,0,0,0,0,0,C
13227,0,0,0,0,1,0,0,0,0,0,0,C
13228,0,0,0,0,1,0,0,0,0,0,0,C
13229,0,0,0,0,1,0,0,0,0,0,0,C
13230,0,0,0,0,1,0,0,0,0,0,0,C
13231,0,0,0,0,1,0,0,0,0,0,0,C
13232,0,0,0,0,1,0,0,0,0,0,0,C
13233,0,0,0,0,1,0,0,0,0,0,0,C
13234,0,0,0,0,1,0,0,0,0,0,0,C
13235,0,0,0,0,1,0,0,0,0,0,0,C
13236,0,0,0,0,1,0,0,0,0,0,0,C
13237,0,0,0,0,1,0,0,0,0,0,0,C
13238,0,0,0,0,1,0,0,0,0,0,0,C
13239,0,0,0,0,1,0,0,0,0,0,0,C
13240,0,0,0,0,1,0,0,0,0,0,0,C
13241,0,0,0,0,1,0,0,0,0,0,0,C
13242,0,0,0,0,1,0,0,0,0,0,0,C
13243,0,0,0,0,1,0,0,0,0,0,0,C
13244,0,0,0,0,1,0,0,0,0,0,0,C
13245,0,0,0,0,1,0,0,0,0,0,0,C
13246,0,0,0,0,1,0,0,0,0,0,0,C
13247,0,0,0,0,1,0,0,0,0,0,0,C
13248,0,0,0,0,1,0,0,0,0,0,0,C
13249,0,0,0,0,1,0,0,0,0,0,0,C
13250,0,0,0,0,1,0,0,0,0,0,0,C
13251,0,0,0,0,1,0,0,0,0,0,0,C
13252,0,0,0,0,1,0,0,0,0,0,0,C
13253,0,0,0,0,1,0,0,0,0,0,0,C
13254,0,0,0,0,1,0,0,0,0,0,0,C
13255,0,0,0,0,1,0,0,0,0,0,0,C
13256,0,0,0,0,1,0,0,0,0,0,0,C
13257,0,0,0,0,1,0,0,0,0,0,0,C
13258,0,0,0,0,1,0,0,0,0,0,0,C
13259,0,0,0,0,1,0,0,0,0,0,0,C
13260,0,0,0,0,1,0,0,0,0,0,0,C
13261,0,0,0,0,1,0,0,0,0,0,0,C
13262,0,0,0,0,1,0,0,0,0,0,0,C
13263,0,0,0,0,1,0,0,0,0,0,0,C
13264,0,0,0,0,1,0,0,0,0,0,0,C
13265,0,0,0,0,1,0,0,0,0,0,0,C
13266,0,0,0,0,1,0,0,0,0,0,0,C
13267,0,0,0,0,1,0,0,0,0,0,0,C
13268,0,0,0,0,1,0,0,0,0,0,0,C
13269,0,0,0,0,1,0,0,0,0,0,0,C
13270,0,0,0,0,1,0,0,0,0,0,0,C
13271,0,0,0,0,1,0,0,0,0,0,0,C
13272,0,0,0,0,1,0,0,0,0,0,0,C
13273,0,0,0,0,1,0,0,0,0,0,0,C
13274,0,0,0,0,1,0,0,0,0,0,0,C
13275,0,0,0,0,1,0,0,0,0,0,0,C
13276,0,0,0,0,1,0,0,0,0,0,0,C
13277,0,0,0,0,1,0,0,0,0,0,0,C
13278,0,0,0,0,1,0,0,0,0,0,0,C
13279,0,0,0,0,1,0,0,0,0,0,0,C
13280,0,0,0,0,1,0,0,0,0,0,0,C
13281,0,0,0,0,1,0,0,0,0,0,0,C
13282,0,0,0,0,1,0,0,0,0,0,0,C
13283,0,0,0,0,1,0,0,0,0,0,0,C
13284,0,0,0,0,1,0,0,0,0,0,0,C
13285,0,0,0,0,1,0,0,0,0,0,0,C
13286,0,0,0,0,1,0,0,0,0,0,0,C
13287,0,0,0,0,1,0,0,0,0,0,0,C
13288,0,0,0,0,1,0,0,0,0,0,0,C
13289,0,0,0,0,1,0,0,0,0,0,0,C
13290,0,0,0,0,1,0,0,0,0,0,0,C
13291,0,0,0,0,1,0,0,0,0,0,0,C
13292,0,0,0,0,1,0,0,0,0,0,0,C
13293,0,0,0,0,1,0,0,0,0,0,0,C
13294,0,0,0,0,1,0,0,0,0,0,0,C
13295,0,0,0,0,1,0,0,0,0,0,0,C
13296,0,0,0,0,1,0,0,0,0,0,0,C
13297,0,0,0,0,1,0,0,0,0,0,0,C
13298,0,0,0,0,1,0,0,0,0,0,0,C
13299,0,0,0,0,1,0,0,0,0,0,0,C
13300,0,0,0,0,1,0,0,0,0,0,0,C
13301,0,0,0,0,1,0,0,0,0,0,0,C
13302,0,0,0,0,1,0,0,0,0,0,0,C
13303,0,0,0,0,1,0,0,0,0,0,0,C
13304,0,0,0,0,1,0,0,0,0,0,0,C
13305,0,0,0,0,1,0,0,0,0,0,0,C
13306,0,0,0,0,1,0,0,0,0,0,0,C
13307,0,0,0,0,1,0,0,0,0,0,0,C
13308,0,0,0,0,1,0,0,0,0,0,0,C
13309,0,0,0,0,1,0,0,0,0,0,0,C
13310,0,0,0,0,1,0,0,0,0,0,0,C
13311,0,0,0,0,1,0,0,0,0,0,0,C
13312,0,0,0,0,1,0,0,0,0,0,0,C
13313,0,0,0,0,1,0,0,0,0,0,0,C
13314,0,0,0,0,1,0,0,0,0,0,0,C
13315,0,0,0,0,1,0,0,0,0,0,0,C
13316,0,0,0,0,1,0,0,0,0,0,0,C
13317,0,0,0,0,1,0,0,0,0,0,0,C
13318,0,0,0,0,1,0,0,0,0,0,0,C
13319,0,0,0,0,1,0,0,0,0,0,0,C
13320,0,0,0,0,1,0,0,0,0,0,0,C
13321,0,0,0,0,1,0,0,0,0,0,0,C
13322,0,0,0,0,1,0,0,0,0,0,0,C
13323,0,0,0,0,1,0,0,0,0,0,0,C
13324,0,0,0,0,1,0,0,0,0,0,0,C
13325,0,0,0,0,1,0,0,0,0,0,0,C
13326,0,0,0,0,1,0,0,0,0,0,0,C
13327,0,0,0,0,1,0,0,0,0,0,0,C
13328,0,0,0,0,1,0,0,0,0,0,0,C
13329,0,0,0,0,1,0,0,0,0,0,0,C
13330,0,0,0,0,1,0,0,0,0,0,0,C
13331,0,0,0,0,1,0,0,0,0,0,0,C
13332,0,0,0,0,1,0,0,0,0,0,0,C
13333,0,0,0,0,1,0,0,0,0,0,0,C
13334,0,0,0,0,1,0,0,0,0,0,0,C
13335,0,0,0,0,1,0,0,0,0,0,0,C
13336,0,0,0,0,1,0,0,0,0,0,0,C
13337,0,0,0,0,1,0,0,0,0,0,0,C
13338,0,0,0,0,1,0,0,0,0,0,0,C
13339,0,0,0,0,1,0,0,0,0,0,0,C
13340,0,0,0,0,1,0,0,0,0,0,0,C
13341,0,0,0,0,1,0,0,0,0,0,0,C
13342,0,0,0,0,1,0,0,0,0,0,0,C
13343,0,0,0,0,1,0,0,0,0,0,0,C
13344,0,0,0,0,1,0,0,0,0,0,0,C
13345,0,0,0,0,1,0,0,0,0,0,0,C
13346,0,0,0,0,1,0,0,0,0,0,0,C
13347,0,0,0,0,1,0,0,0,0,0,0,C
13348,0,0,0,0,1,0,0,0,0,0,0,C
13349,0,0,0,0,1,0,0,0,0,0,0,C
13350,0,0,0,0,1,0,0,0,0,0,0,C
13351,0,0,0,0,1,0,0,0,0,0,0,C
13352,0,0,0,0,1,0,0,0,0,0,0,C
13353,0,0,0,0,1,0,0,0,0,0,0,C
13354,0,0,0,0,1,0,0,0,0,0,0,C
13355,0,0,0,0,1,0,0,0,0,0,0,C
13356,0,0,0,0,1,0,0,0,0,0,0,C
13357,0,0,0,0,1,0,0,0,0,0,0,C
13358,0,0,0,0,1,0,0,0,0,0,0,C
13359,0,0,0,0,1,0,0,0,0,0,0,C
13360,0,0,0,0,1,0,0,0,0,0,0,C
13361,0,0,0,0,1,0,0,0,0,0,0,C
13362,0,0,0,0,1,0,0,0,0,0,0,C
13363,0,0,0,0,1,0,0,0,0,0,0,C
13364,0,0,0,0,1,0,0,0,0,0,0,C
13365,0,0,0,0,1,0,0,0,0,0,0,C
13366,0,0,0,0,1,0,0,0,0,0,0,C
13367,0,0,0,0,1,0,0,0,0,0,0,C
13368,0,0,0,0,1,0,0,0,0,0,0,C
13369,0,0,0,0,1,0,0,0,0,0,0,C
13370,0,0,0,0,1,0,0,0,0,0,0,C
13371,0,0,0,0,1,0,0,0,0,0,0,C
13372,0,0,0,0,1,0,0,0,0,0,0,C
13373,0,0,0,0,1,0,0,0,0,0,0,C
13374,0,0,0,0,1,0,0,0,0,0,0,C
13375,0,0,0,0,1,0,0,0,0,0,0,C
13376,0,0,0,0,1,0,0,0,0,0,0,C
13377,0,0,0,0,1,0,0,0,0,0,0,C
13378,0,0,0,0,1,0,0,0,0,0,0,C
13379,0,0,0,0,1,0,0,0,0,0,0,C
13380,0,0,0,0,1,0,0,0,0,0,0,C
13381,0,0,0,0,1,0,0,0,0,0,0,C
13382,0,0,0,0,1,0,0,0,0,0,0,C
13383,0,0,0,0,1,0,0,0,0,0,0,C
13384,0,0,0,0,1,0,0,0,0,0,0,C
13385,0,0,0,0,1,0,0,0,0,0,0,C
13386,0,0,0,0,1,0,0,0,0,0,0,C
13387,0,0,0,0,1,0,0,0,0,0,0,C
13388,0,0,0,0,1,0,0,0,0,0,0,C
13389,0,0,0,0,1,0,0,0,0,0,0,C
13390,0,0,0,0,1,0,0,0,0,0,0,C
13391,0,0,0,0,1,0,0,0,0,0,0,C
13392,0,0,0,0,1,0,0,0,0,0,0,C
13393,0,0,0,0,1,0,0,0,0,0,0,C
13394,0,0,0,0,1,0,0,0,0,0,0,C
13395,0,0,0,0,1,0,0,0,0,0,0,C
13396,0,0,0,0,1,0,0,0,0,0,0,C
13397,0,0,0,0,1,0,0,0,0,0,0,C
13398,0,0,0,0,1,0,0,0,0,0,0,C
13399,0,0,0,0,1,0,0,0,0,0,0,C
13400,0,0,0,0,1,0,0,0,0,0,0,C
13401,0,0,0,0,1,0,0,0,0,0,0,C
13402,0,0,0,0,1,0,0,0,0,0,0,C
13403,0,0,0,0,1,0,0,0,0,0,0,C
13404,0,0,0,0,1,0,0,0,0,0,0,C
13405,0,0,0,0,1,0,0,0,0,0,0,C
13406,0,0,0,0,1,0,0,0,0,0,0,C
13407,0,0,0,0,1,0,0,0,0,0,0,C
13408,0,0,0,0,1,0,0,0,0,0,0,C
13409,0,0,0,0,1,0,0,0,0,0,0,C
13410,0,0,0,0,1,0,0,0,0,0,0,C
13411,0,0,0,0,1,0,0,0,0,0,0,C
13412,0,0,0,0,1,0,0,0,0,0,0,C
13413,0,0,0,0,1,0,0,0,0,0,0,C
13414,0,0,0,0,1,0,0,0,0,0,0,C
13415,0,0,0,0,1,0,0,0,0,0,0,C
13416,0,0,0,0,1,0,0,0,0,0,0,C
13417,0,0,0,0,1,0,0,0,0,0,0,C
13418,0,0,0,0,1,0,0,0,0,0,0,C
13419,0,0,0,0,1,0,0,0,0,0,0,C
13420,0,0,0,0,1,0,0,0,0,0,0,C
13421,0,0,0,0,1,0,0,0,0,0,0,C
13422,0,0,0,0,1,0,0,0,0,0,0,C
13423,0,0,0,0,1,0,0,0,0,0,0,C
13424,0,0,0,0,1,0,0,0,0,0,0,C
13425,0,0,0,0,1,0,0,0,0,0,0,C
13426,0,0,0,0,1,0,0,0,0,0,0,C
13427,0,0,0,0,1,0,0,0,0,0,0,C
13428,0,0,0,0,1,0,0,0,0,0,0,C
13429,0,0,0,0,1,0,0,0,0,0,0,C
13430,0,0,0,0,1,0,0,0,0,0,0,C
13431,0,0,0,0,1,0,0,0,0,0,0,C
13432,0,0,0,0,1,0,0,0,0,0,0,C
13433,0,0,0,0,1,0,0,0,0,0,0,C
13434,0,0,0,0,1,0,0,0,0,0,0,C
13435,0,0,0,0,1,0,0,0,0,0,0,C
13436,0,0,0,0,1,0,0,0,0,0,0,C
13437,0,0,0,0,1,0,0,0,0,0,0,C
13438,0,0,0,0,1,0,0,0,0,0,0,C
13439,0,0,0,0,1,0,0,0,0,0,0,C
13440,0,0,0,0,1,0,0,0,0,0,0,C
13441,0,0,0,0,1,0,0,0,0,0,0,C
13442,0,0,0,0,1,0,0,0,0,0,0,C
13443,0,0,0,0,1,0,0,0,0,0,0,C
13444,0,0,0,0,1,0,0,0,0,0,0,C
13445,0,0,0,0,1,0,0,0,0,0,0,C
13446,0,0,0,0,1,0,0,0,0,0,0,C
13447,0,0,0,0,1,0,0,0,0,0,0,C
13448,0,0,0,0,1,0,0,0,0,0,0,C
13449,0,0,0,0,1,0,0,0,0,0,0,C
13450,0,0,0,0,1,0,0,0,0,0,0,C
13451,0,0,0,0,1,0,0,0,0,0,0,C
13452,0,0,0,0,1,0,0,0,0,0,0,C
13453,0,0,0,0,1,0,0,0,0,0,0,C
13454,0,0,0,0,1,0,0,0,0,0,0,C
13455,0,0,0,0,1,0,0,0,0,0,0,C
13456,0,0,0,0,1,0,0,0,0,0,0,C
13457,0,0,0,0,1,0,0,0,0,0,0,C
13458,0,0,0,0,1,0,0,0,0,0,0,C
13459,0,0,0,0,1,0,0,0,0,0,0,C
13460,0,0,0,0,1,0,0,0,0,0,0,C
13461,0,0,0,0,1,0,0,0,0,0,0,C
13462,0,0,0,0,1,0,0,0,0,0,0,C
13463,0,0,0,0,1,0,0,0,0,0,0,C
13464,0,0,0,0,1,0,0,0,0,0,0,C
13465,0,0,0,0,1,0,0,0,0,0,0,C
13466,0,0,0,0,1,0,0,0,0,0,0,C
13467,0,0,0,0,1,0,0,0,0,0,0,C
13468,0,0,0,0,1,0,0,0,0,0,0,C
13469,0,0,0,0,1,0,0,0,0,0,0,C
13470,0,0,0,0,1,0,0,0,0,0,0,C
13471,0,0,0,0,1,0,0,0,0,0,0,C
13472,0,0,0,0,1,0,0,0,0,0,0,C
13473,0,0,0,0,1,0,0,0,0,0,0,C
13474,0,0,0,0,1,0,0,0,0,0,0,C
13475,0,0,0,0,1,0,0,0,0,0,0,C
13476,0,0,0,0,1,0,0,0,0,0,0,C
13477,0,0,0,0,1,0,0,0,0,0,0,C
13478,0,0,0,0,1,0,0,0,0,0,0,C
13479,0,0,0,0,1,0,0,0,0,0,0,C
13480,0,0,0,0,1,0,0,0,0,0,0,C
13481,0,0,0,0,1,0,0,0,0,0,0,C
13482,0,0,0,0,1,0,0,0,0,0,0,C
13483,0,0,0,0,1,0,0,0,0,0,0,C
13484,0,0,0,0,1,0,0,0,0,0,0,C
13485,0,0,0,0,1,0,0,0,0,0,0,C
13486,0,0,0,0,1,0,0,0,0,0,0,C
13487,0,0,0,0,1,0,0,0,0,0,0,C
13488,0,0,0,0,1,0,0,0,0,0,0,C
13489,0,0,0,0,1,0,0,0,0,0,0,C
13490,0,0,0,0,1,0,0,0,0,0,0,C
13491,0,0,0,0,1,0,0,0,0,0,0,C
13492,0,0,0,0,1,0,0,0,0,0,0,C
13493,0,0,0,0,1,0,0,0,0,0,0,C
13494,0,0,0,0,1,0,0,0,0,0,0,C
13495,0,0,0,0,1,0,0,0,0,0,0,C
13496,0,0,0,0,1,0,0,0,0,0,0,C
13497,0,0,0,0,1,0,0,0,0,0,0,C
13498,0,0,0,0,1,0,0,0,0,0,0,C
13499,0,0,0,0,1,0,0,0,0,0,0,C
13500,0,0,0,0,1,0,0,0,0,0,0,C
13501,0,0,0,0,1,0,0,0,0,0,0,C
13502,0,0,0,0,1,0,0,0,0,0,0,C
13503,0,0,0,0,1,0,0,0,0,0,0,C
13504,0,0,0,0,1,0,0,0,0,0,0,C
13505,0,0,0,0,1,0,0,0,0,0,0,C
13506,0,0,0,0,1,0,0,0,0,0,0,C
13507,0,0,0,0,1,0,0,0,0,0,0,C
13508,0,0,0,0,1,0,0,0,0,0,0,C
13509,0,0,0,0,1,0,0,0,0,0,0,C
13510,0,0,0,0,1,0,0,0,0,0,0,C
13511,0,0,0,0,1,0,0,0,0,0,0,C
13512,0,0,0,0,1,0,0,0,0,0,0,C
13513,0,0,0,0,1,0,0,0,0,0,0,C
13514,0,0,0,0,1,0,0,0,0,0,0,C
13515,0,0,0,0,1,0,0,0,0,0,0,C
13516,0,0,0,0,1,0,0,0,0,0,0,C
13517,0,0,0,0,1,0,0,0,0,0,0,C
13518,0,0,0,0,1,0,0,0,0,0,0,C
13519,0,0,0,0,0,0,0,0,0,0,0,G
13520,0,0,0,0,0,0,0,0,0,0,0,G
13521,0,0,0,0,0,0,0,0,0,0,0,G
13522,0,0,0,0,0,0,0,0,0,0,0,G
13523,0,0,0,0,0,0,0,0,0,0,0,G
13524,0,0,0,0,0,0,0,0,0,0,0,G
13525,0,0,0,0,0,0,0,0,0,0,0,G
13526,0,0,0,0,0,0,0,0,0,0,0,G
13527,0,0,0,0,0,0,0,0,0,0,0,G
13528,0,0,0,0,0,0,0,0,0,0,0,G
13529,0,0,0,0,0,0,0,0,0,0,0,G
13530,0,0,0,0,0,0,0,0,0,0,0,G
13531,0,0,0,0,0,0,0,0,0,0,0,G
13532,1,0,0,0,0,0,0,0,0,0,0,F
13533,1,0,0,0,0,0,0,0,0,0,0,F
13534,1,0,0,0,0,0,0,0,0,0,0,F
13535,1,0,0,0,0,0,0,0,0,0,0,F
13536,1,0,0,0,0,0,0,0,0,0,0,F
13537,1,0,0,0,0,0,0,0,0,0,0,F
13538,1,0,0,0,0,0,0,0,0,0,0,F
13539,1,0,0,0,0,0,0,0,0,0,0,F
13540,1,0,0,0,0,0,0,0,0,0,0,F
13541,1,0,0,0,0,0,0,0,0,0,0,F
13542,1,0,0,0,0,0,0,0,0,0,0,F
13543,1,0,0,0,0,0,0,0,0,0,0,F
13544,1,0,0,0,0,0,0,0,0,0,0,F
13545,1,0,0,0,0,0,0,0,0,0,0,F
13546,1,0,0,0,0,0,0,0,0,0,0,F
13547,1,0,0,0,0,0,0,0,0,0,0,F
13548,1,0,0,0,0,0,0,0,0,0,0,F
13549,1,0,0,0,0,0,0,0,0,0,0,F
13550,1,0,0,0,0,0,0,0,0,0,0,F
13551,1,0,0,0,0,0,0,0,0,0,0,F
13552,1,0,0,0,0,0,0,0,0,0,0,F
13553,1,0,0,0,0,0,0,0,0,0,0,F
13554,1,0,0,0,0,0,0,0,0,0,0,F
13555,1,0,0,0,0,0,0,0,0,0,0,F
13556,1,0,0,0,0,0,0,0,0,0,0,F
13557,1,0,0,0,0,0,0,0,0,0,0,F
13558,1,0,0,0,0,0,0,0,0,0,0,F
13559,1,0,0,0,0,0,0,0,0,0,0,F
13560,1,0,0,0,0,0,0,0,0,0,0,F
13561,1,0,0,0,0,0,0,0,0,0,0,F
13562,1,0,0,0,0,0,0,0,0,0,0,F
13563,1,0,0,0,0,0,0,0,0,0,0,F
13564,1,0,0,0,0,0,0,0,0,0,0,F
13565,1,0,0,0,0,0,0,0,0,0,0,F
13566,1,0,0,0,0,0,0,0,0,0,0,F
13567,1,0,0,0,0,0,0,0,0,0,0,F
13568,1,0,0,0,0,0,0,0,0,0,0,F
13569,1,0,0,0,0,0,0,0,0,0,0,F
13570,1,0,0,0,0,0,0,0,0,0,0,F
13571,1,0,0,0,0,0,0,0,0,0,0,F
13572,1,0,0,0,0,0,0,0,0,0,0,F
13573,1,0,0,0,0,0,0,0,0,0,0,F
13574,1,0,0,0,0,0,0,0,0,0,0,F
13575,1,0,0,0,0,0,0,0,0,0,0,F
13576,1,0,0,0,0,0,0,0,0,0,0,F
13577,1,0,0,0,0,0,0,0,0,0,0,F
13578,1,0,0,0,0,0,0,0,0,0,0,F
13579,1,0,0,0,0,0,0,0,0,0,0,F
13580,1,0,0,0,0,0,0,0,0,0,0,F
13581,1,0,0,0,0,0,0,0,0,0,0,F
13582,1,0,0,0,0,0,0,0,0,0,0,F
13583,1,0,0,0,0,0,0,0,0,0,0,F
13584,1,0,0,0,0,0,0,0,0,0,0,F
13585,1,0,0,0,0,0,0,0,0,0,0,F
13586,1,0,0,0,0,0,0,0,0,0,0,F
13587,1,0,0,0,0,0,0,0,0,0,0,F
13588,1,0,0,0,0,0,0,0,0,0,0,F
13589,1,0,0,0,0,0,0,0,0,0,0,F
13590,1,0,0,0,0,0,0,0,0,0,0,F
13591,1,0,0,0,0,0,0,0,0,0,0,F
13592,1,0,0,0,0,0,0,0,0,0,0,F
13593,1,0,0,0,0,0,0,0,0,0,0,F
13594,1,0,0,0,0,0,0,0,0,0,0,F
13595,1,0,0,0,0,0,0,0,0,0,0,F
13596,1,0,0,0,0,0,0,0,0,0,0,F
13597,1,0,0,0,0,0,0,0,0,0,0,F
13598,1,0,0,0,0,0,0,0,0,0,0,F
13599,1,0,0,0,0,0,0,0,0,0,0,F
13600,1,0,0,0,0,0,0,0,0,0,0,F
13601,1,0,0,0,0,0,0,0,0,0,0,F
13602,1,0,0,0,0,0,0,0,0,0,0,F
13603,1,0,0,0,0,0,0,0,0,0,0,F
13604,1,0,0,0,0,0,0,0,0,0,0,F
13605,1,0,0,0,0,0,0,0,0,0,0,F
13606,1,0,0,0,0,0,0,0,0,0,0,F
13607,1,0,0,0,0,0,0,0,0,0,0,F
13608,1,0,0,0,0,0,0,0,0,0,0,F
13609,1,0,0,0,0,0,0,0,0,0,0,F
13610,1,0,0,0,0,0,0,0,0,0,0,F
13611,1,0,0,0,0,0,0,0,0,0,0,F
13612,1,0,0,0,0,0,0,0,0,0,0,F
13613,1,0,0,0,0,0,0,0,0,0,0,F
13614,1,0,0,0,0,0,0,0,0,0,0,F
13615,1,0,0,0,0,0,0,0,0,0,0,F
13616,1,0,0,0,0,0,0,0,0,0,0,F
13617,1,0,0,0,0,0,0,0,0,0,0,F
13618,1,0,0,0,0,0,0,0,0,0,0,F
13619,1,0,0,0,0,0,0,0,0,0,0,F
13620,1,0,0,0,0,0,0,0,0,0,0,F
13621,1,0,0,0,0,0,0,0,0,0,0,F
13622,1,0,0,0,0,0,0,0,0,0,0,F
13623,1,0,0,0,0,0,0,0,0,0,0,F
13624,1,0,0,0,0,0,0,0,0,0,0,F
13625,1,0,0,0,0,0,0,0,0,0,0,F
13626,1,0,0,0,0,0,0,0,0,0,0,F
13627,1,0,0,0,0,0,0,0,0,0,0,F
13628,1,0,0,0,0,0,0,0,0,0,0,F
13629,1,0,0,0,0,0,0,0,0,0,0,F
13630,1,0,0,0,0,0,0,0,0,0,0,F
13631,1,0,0,0,0,0,0,0,0,0,0,F
13632,1,0,0,0,0,0,0,0,0,0,0,F
13633,1,0,0,0,0,0,0,0,0,0,0,F
13634,1,0,0,0,0,0,0,0,0,0,0,F
13635,1,0,0,0,0,0,0,0,0,0,0,F
13636,1,0,0,0,0,0,0,0,0,0,0,F
13637,1,0,0,0,0,0,0,0,0,0,1,F
13638,1,0,0,0,0,0,0,0,0,0,1,F
13639,1,0,0,0,0,0,0,0,0,0,1,F
13640,1,0,0,0,0,0,0,0,0,0,1,F
13641,1,0,0,0,0,0,0,0,0,0,1,F
13642,1,0,0,0,0,0,0,0,0,0,1,F
13643,1,0,0,0,0,0,0,0,0,0,1,F
13644,1,0,0,0,0,0,0,0,0,0,1,F
13645,1,0,0,0,0,0,0,0,0,0,1,F
13646,1,0,0,0,0,0,0,0,0,0,1,F
13647,1,0,0,0,0,0,0,0,0,0,1,F
13648,1,0,0,0,0,0,0,0,0,0,1,F
13649,1,0,0,0,0,0,0,0,0,0,1,F
13650,1,0,0,0,0,0,0,0,0,0,1,F
13651,1,0,0,0,0,0,0,0,0,0,1,F
13652,1,0,0,0,0,0,0,0,0,0,1,F
13653,1,0,0,0,0,0,0,0,0,0,1,F
13654,1,0,0,0,0,0,0,0,0,0,1,F
13655,1,0,0,0,0,0,0,0,0,0,1,F
13656,1,0,0,0,0,0,0,0,0,0,1,F
13657,1,0,0,0,0,0,0,0,0,0,1,F
13658,1,0,0,0,0,0,0,0,0,0,1,F
13659,1,0,0,0,0,0,0,0,0,0,1,F
13660,1,0,0,0,0,0,0,0,0,0,1,F
13661,1,0,0,0,0,0,0,0,0,0,1,F
13662,1,0,0,0,0,0,0,0,0,0,1,F
13663,1,0,0,0,0,0,0,0,0,0,1,F
13664,1,0,0,0,0,0,0,0,0,0,1,F
13665,1,0,0,0,0,0,0,0,0,0,1,F
13666,1,0,0,0,0,0,0,0,0,0,1,F
13667,1,0,0,0,0,0,0,0,0,0,1,F
13668,1,0,0,0,0,0,0,0,0,0,1,F
13669,1,0,0,0,0,0,0,0,0,0,1,F
13670,1,0,0,0,0,0,0,0,0,0,1,F
13671,1,0,0,0,0,0,0,0,0,0,1,F
13672,1,0,0,0,0,0,0,0,0,0,1,F
13673,1,0,0,0,0,0,0,0,0,0,1,F
13674,1,0,0,0,0,0,0,0,0,0,1,F
13675,1,0,0,0,0,0,0,0,0,0,1,F
13676,1,0,0,0,0,0,0,0,0,0,1,F
13677,1,0,0,0,0,0,0,0,0,0,1,F
13678,1,0,0,0,0,0,0,0,0,0,1,F
13679,1,0,0,0,0,0,0,0,0,0,1,F
13680,1,0,0,0,0,0,0,0,0,0,1,F
13681,1,0,0,0,0,0,0,0,0,0,1,F
13682,1,0,0,0,0,0,0,0,0,0,1,F
13683,1,0,0,0,0,0,0,0,0,0,1,F
13684,1,0,0,0,0,0,0,0,0,0,1,F
13685,1,0,0,0,0,0,0,0,0,0,1,F
13686,1,0,0,0,0,0,0,0,0,0,1,F
13687,1,0,0,0,0,0,0,0,0,0,1,F
13688,1,0,0,0,0,0,0,0,0,0,1,F
13689,1,0,0,0,0,0,0,0,0,0,1,F
13690,1,0,0,0,0,0,0,0,0,0,1,F
13691,1,0,0,0,0,0,0,0,0,0,1,F
13692,1,0,0,0,0,0,0,0,0,0,1,F
13693,1,0,0,0,0,0,0,0,0,0,1,F
13694,1,0,0,0,0,0,0,0,0,0,1,F
13695,1,0,0,0,0,0,0,0,0,0,1,F
13696,1,0,0,0,0,0,0,0,0,0,1,F
13697,1,0,0,0,0,0,0,0,0,0,1,F
13698,1,0,0,0,0,0,0,0,0,0,1,F
13699,1,0,0,0,0,0,0,0,0,0,1,F
13700,1,0,0,0,0,0,0,0,0,0,1,F
13701,1,0,0,0,0,0,0,0,0,0,1,F
13702,1,0,0,0,0,0,0,0,0,0,1,F
13703,1,0,0,0,0,0,0,0,0,0,1,F
13704,1,0,0,0,0,0,0,0,0,0,1,F
13705,1,0,0,0,0,0,0,0,0,0,1,F
13706,1,0,0,0,0,0,0,0,0,0,1,F
13707,1,0,0,0,0,0,0,0,0,0,1,F
13708,1,0,0,0,0,0,0,0,0,0,1,F
13709,1,0,0,0,0,0,0,0,0,0,1,F
13710,1,0,0,0,0,0,0,0,0,0,1,F
13711,1,0,0,0,0,0,0,0,0,0,1,F
13712,1,0,0,0,0,0,0,0,0,0,1,F
13713,1,0,0,0,0,0,0,0,0,0,1,F
13714,1,0,0,0,0,0,0,0,0,0,1,F
13715,1,0,0,0,0,0,0,0,0,0,1,F
13716,1,0,0,0,0,0,0,0,0,0,1,F
13717,1,0,0,0,0,0,0,0,0,0,1,F
13718,1,0,0,0,0,0,0,0,0,0,1,F
13719,1,0,0,0,0,0,0,0,0,0,1,F
13720,1,0,0,0,0,0,0,0,0,0,1,F
13721,1,0,0,0,0,0,0,0,0,0,1,F
13722,1,0,0,0,0,0,0,0,0,0,1,F
13723,1,0,0,0,0,0,0,0,0,0,1,F
13724,1,0,0,0,0,0,0,0,0,0,1,F
13725,1,0,0,0,0,0,0,0,0,0,1,F
13726,1,0,0,0,0,0,0,0,0,0,1,F
13727,1,0,0,0,0,0,0,0,0,0,1,F
13728,1,0,0,0,0,0,0,0,0,0,1,F
13729,1,0,0,0,0,0,0,0,0,0,1,F
13730,1,0,0,0,0,0,0,0,0,0,1,F
13731,1,0,0,0,0,0,0,0,0,0,1,F
13732,1,0,0,0,0,0,0,0,0,0,1,F
13733,1,0,0,0,0,0,0,0,0,0,1,F
13734,1,0,0,0,0,0,0,0,0,0,1,F
13735,1,0,0,0,0,0,0,0,0,0,1,F
13736,1,0,0,0,0,0,0,0,0,0,1,F
13737,1,0,0,0,0,0,0,0,0,0,1,F
13738,1,0,0,0,0,0,0,0,0,0,1,F
13739,1,0,0,0,0,0,0,0,0,0,1,F
13740,1,0,0,0,0,0,0,0,0,0,1,F
13741,1,0,0,0,0,0,0,0,0,0,1,F
13742,1,0,0,0,0,0,0,0,0,0,1,F
13743,1,0,0,0,0,0,0,0,0,0,1,F
13744,1,0,0,0,0,0,0,0,0,0,1,F
13745,1,0,0,0,0,0,0,0,0,0,1,F
13746,1,0,0,0,0,0,0,0,0,0,1,F
13747,1,0,0,0,0,0,0,0,0,0,1,F
13748,1,0,0,0,0,0,0,0,0,0,1,F
13749,1,0,0,0,0,0,0,0,0,0,1,F
13750,1,0,0,0,0,0,0,0,0,0,1,F
13751,1,0,0,0,0,0,0,0,0,0,1,F
13752,1,0,0,0,0,0,0,0,0,0,1,F
13753,1,0,0,0,0,0,0,0,0,0,1,F
13754,1,0,0,0,0,0,0,0,0,0,1,F
13755,1,0,0,0,0,0,0,0,0,0,1,F
13756,1,0,0,0,0,0,0,0,0,0,1,F
13757,1,0,0,0,0,0,0,0,0,0,1,F
13758,1,0,0,0,0,0,0,0,0,0,1,F
13759,1,0,0,0,0,0,0,0,0,0,1,F
13760,1,0,0,0,0,0,0,0,0,0,1,F
13761,1,0,0,0,0,0,0,0,0,0,1,F
13762,1,0,0,0,0,0,0,0,0,0,1,F
13763,1,0,0,0,0,0,0,0,0,0,1,F
13764,1,0,0,0,0,0,0,0,0,0,1,F
13765,1,0,0,0,0,0,0,0,0,0,1,F
13766,1,0,0,0,0,0,0,0,0,0,1,F
13767,1,0,0,0,0,0,0,0,0,0,1,F
13768,1,0,0,0,0,0,0,0,0,0,1,F
13769,1,0,0,0,0,0,0,0,0,0,1,F
13770,1,0,0,0,0,0,0,0,0,0,1,F
13771,1,0,0,0,0,0,0,0,0,0,1,F
13772,1,0,0,0,0,0,0,0,0,0,1,F
13773,1,0,0,0,0,0,0,0,0,0,1,F
13774,1,0,0,0,0,0,0,0,0,0,1,F
13775,1,0,0,0,0,0,0,0,0,0,1,F
13776,1,0,0,0,0,0,0,0,0,0,1,F
13777,1,0,0,0,0,0,0,0,0,0,1,F
13778,1,0,0,0,0,0,0,0,0,0,1,F
13779,1,0,0,0,0,0,0,0,0,0,1,F
13780,1,0,0,0,0,0,0,0,0,0,1,F
13781,1,0,0,0,0,0,0,0,0,0,1,F
13782,1,0,0,0,0,0,0,0,0,0,1,F
13783,1,0,0,0,0,0,0,0,0,0,1,F
13784,1,0,0,0,0,0,0,0,0,0,1,F
13785,1,0,0,0,0,0,0,0,0,0,1,F
13786,1,0,0,0,0,0,0,0,0,0,1,F
13787,1,0,0,0,0,0,0,0,0,0,1,F
13788,1,0,0,0,0,0,0,0,0,0,1,F
13789,1,0,0,0,0,0,0,0,0,0,1,F
13790,1,0,0,0,0,0,0,0,0,0,1,F
13791,1,0,0,0,0,0,0,0,0,0,1,F
13792,1,0,0,0,0,0,0,0,0,0,1,F
13793,1,0,0,0,0,0,0,0,0,0,1,F
13794,1,0,0,0,0,0,0,0,0,0,1,F
13795,1,0,0,0,0,0,0,0,0,0,1,F
13796,1,0,0,0,0,0,0,0,0,0,1,F
13797,1,0,0,0,0,0,0,0,0,0,1,F
13798,1,0,0,0,0,0,0,0,0,0,1,F
13799,1,0,0,0,0,0,0,0,0,0,1,F
13800,1,0,0,0,0,0,0,0,0,0,1,F
13801,1,0,0,0,0,0,0,0,0,0,1,F
13802,1,0,0,0,0,0,0,0,0,0,1,F
13803,1,0,0,0,0,0,0,0,0,0,1,F
13804,1,0,0,0,0,0,0,0,0,0,1,F
13805,1,0,0,0,0,0,0,0,0,0,1,F
13806,1,0,0,0,0,0,0,0,0,0,1,F
13807,1,0,0,0,0,0,0,0,0,0,1,F
13808,1,0,0,0,0,0,0,0,0,0,1,F
13809,1,0,0,0,0,0,0,0,0,0,1,F
13810,1,0,0,0,0,0,0,0,0,0,1,F
13811,1,0,0,0,0,0,0,0,0,0,1,F
13812,1,0,0,0,0,0,0,0,0,0,1,F
13813,1,0,0,0,0,0,0,0,0,0,1,F
13814,1,0,0,0,0,0,0,0,0,0,1,F
13815,1,0,0,0,0,0,0,0,0,0,1,F
13816,1,0,0,0,0,0,0,0,0,0,1,F
13817,1,0,0,0,0,0,0,0,0,0,1,F
13818,1,0,0,0,0,0,0,0,0,0,1,F
13819,1,0,0,0,0,0,0,0,0,0,1,F
13820,1,0,0,0,0,0,0,0,0,0,1,F
13821,1,0,0,0,0,0,0,0,0,0,1,F
13822,1,0,0,0,0,0,0,0,0,0,1,F
13823,1,0,0,0,0,0,0,0,0,0,1,F
13824,1,0,0,0,0,0,0,0,0,0,1,F
13825,1,0,0,0,0,0,0,0,0,0,1,F
13826,1,0,0,0,0,0,0,0,0,0,1,F
13827,1,0,0,0,0,0,0,0,0,0,1,F
13828,1,0,0,0,0,0,0,0,0,0,1,F
13829,1,0,0,0,0,0,0,0,0,0,1,F
13830,1,0,0,0,0,0,0,0,0,0,1,F
13831,1,0,0,0,0,0,0,0,0,0,1,F
13832,1,0,0,0,0,0,0,0,0,0,1,F
13833,1,0,0,0,0,0,0,0,0,0,1,F
13834,1,0,0,0,0,0,0,0,0,0,1,F
13835,1,0,0,0,0,0,0,0,0,0,1,F
13836,1,0,0,0,0,0,0,0,0,0,1,F
13837,1,0,0,0,0,0,0,0,0,0,1,F
13838,1,0,0,0,0,0,0,0,0,0,1,F
13839,1,0,0,0,0,0,0,0,0,0,1,F
13840,1,0,0,0,0,0,0,0,0,0,1,F
13841,1,0,0,0,0,0,0,0,0,0,1,F
13842,1,0,0,0,0,0,0,0,0,0,1,F
13843,1,0,0,0,0,0,0,0,0,0,1,F
13844,1,0,0,0,0,0,0,0,0,0,1,F
13845,1,0,0,0,0,0,0,0,0,0,1,F
13846,1,0,0,0,0,0,0,0,0,0,1,F
13847,1,0,0,0,0,0,0,0,0,0,1,F
13848,1,0,0,0,0,0,0,0,0,0,1,F
13849,1,0,0,0,0,0,0,0,0,0,1,F
13850,1,0,0,0,0,0,0,0,0,0,1,F
13851,1,0,0,0,0,0,0,0,0,0,1,F
13852,1,0,0,0,0,0,0,0,0,0,1,F
13853,1,0,0,0,0,0,0,0,0,0,1,F
13854,1,0,0,0,0,0,0,0,0,0,1,F
13855,1,0,0,0,0,0,0,0,0,0,1,F
13856,1,0,0,0,0,0,0,0,0,0,1,F
13857,1,0,0,0,0,0,0,0,0,0,1,F
13858,1,0,0,0,0,0,0,0,0,0,1,F
13859,1,0,0,0,0,0,0,0,0,0,1,F
13860,1,0,0,0,0,0,0,0,0,0,1,F
13861,1,0,0,0,0,0,0,0,0,0,1,F
13862,1,0,0,0,0,0,0,0,0,0,1,F
13863,1,0,0,0,0,0,0,0,0,0,1,F
13864,1,0,0,0,0,0,0,0,0,0,1,F
13865,1,0,0,0,0,0,0,0,0,0,1,F
13866,1,0,0,0,0,0,0,0,0,0,1,F
13867,1,0,0,0,0,0,0,0,0,0,1,F
13868,1,0,0,0,0,0,0,0,0,0,1,F
13869,1,0,0,0,0,0,0,0,0,0,1,F
13870,1,0,0,0,0,0,0,0,0,0,1,F
13871,1,0,0,0,0,0,0,0,0,0,1,F
13872,1,0,0,0,0,0,0,0,0,0,1,F
13873,1,0,0,0,0,0,0,0,0,0,1,F
13874,1,0,0,0,0,0,0,0,0,0,1,F
13875,1,0,0,0,0,0,0,0,0,0,1,F
13876,1,0,0,0,0,0,0,0,0,0,1,F
13877,1,0,0,0,0,0,0,0,0,0,1,F
13878,1,0,0,0,0,0,0,0,0,0,1,F
13879,1,0,0,0,0,0,0,0,0,0,1,F
13880,1,0,0,0,0,0,0,0,0,0,1,F
13881,1,0,0,0,0,0,0,0,0,0,1,F
13882,1,0,0,0,0,0,0,0,0,0,1,F
13883,1,0,0,0,0,0,0,0,0,0,1,F
13884,1,0,0,0,0,0,0,0,0,0,1,F
13885,1,0,0,0,0,0,0,0,0,0,1,F
13886,1,0,0,0,0,0,0,0,0,0,1,F
13887,1,0,0,0,0,0,0,0,0,0,1,F
13888,1,0,0,0,0,0,0,0,0,0,1,F
13889,1,0,0,0,0,0,0,0,0,0,1,F
13890,1,0,0,0,0,0,0,0,0,0,1,F
13891,1,0,0,0,0,0,0,0,0,0,1,F
13892,1,0,0,0,0,0,0,0,0,0,1,F
13893,1,0,0,0,0,0,0,0,0,0,1,F
13894,1,0,0,0,0,0,0,0,0,0,1,F
13895,1,0,0,0,0,0,0,0,0,0,1,F
13896,1,0,0,0,0,0,0,0,0,0,1,F
13897,1,0,0,0,0,0,0,0,0,0,1,F
13898,1,0,0,0,0,0,0,0,0,0,1,F
13899,1,0,0,0,0,0,0,0,0,0,1,F
13900,1,0,0,0,0,0,0,0,0,0,1,F
13901,1,0,0,0,0,0,0,0,0,0,1,F
13902,1,0,0,0,0,0,0,0,0,0,1,F
13903,1,0,0,0,0,0,0,0,0,0,1,F
13904,1,0,0,0,0,0,0,0,0,0,1,F
13905,1,0,0,0,0,0,0,0,0,0,1,F
13906,1,0,0,0,0,0,0,0,0,0,1,F
13907,1,0,0,0,0,0,0,0,0,0,1,F
13908,1,0,0,0,0,0,0,0,0,0,1,F
13909,1,0,0,0,0,0,0,0,0,0,1,F
13910,1,0,0,0,0,0,0,0,0,0,1,F
13911,1,0,0,0,0,0,0,0,0,0,1,F
13912,1,0,0,0,0,0,0,0,0,0,1,F
13913,1,0,0,0,0,0,0,0,0,0,1,F
13914,1,0,0,0,0,0,0,0,0,0,1,F
13915,1,0,0,0,0,0,0,0,0,0,1,F
13916,1,0,0,0,0,0,0,0,0,0,1,F
13917,1,0,0,0,0,0,0,0,0,0,1,F
13918,1,0,0,0,0,0,0,0,0,0,1,F
13919,1,0,0,0,0,0,0,0,0,0,1,F
13920,1,0,0,0,0,0,0,0,0,0,1,F
13921,1,0,0,0,0,0,0,0,0,0,1,F
13922,1,0,0,0,0,0,0,0,0,0,1,F
13923,1,0,0,0,0,0,0,0,0,0,1,F
13924,1,0,0,0,0,0,0,0,0,0,1,F
13925,1,0,0,0,0,0,0,0,0,0,1,F
13926,1,0,0,0,0,0,0,0,0,0,1,F
13927,1,0,0,0,0,0,0,0,0,0,1,F
13928,1,0,0,0,0,0,0,0,0,0,1,F
13929,1,0,0,0,0,0,0,0,0,0,1,F
13930,1,0,0,0,0,0,0,0,0,0,1,F
13931,1,0,0,0,0,0,0,0,0,0,1,F
13932,1,0,0,0,0,0,0,0,0,0,1,F
13933,1,0,0,0,0,0,0,0,0,0,1,F
13934,1,0,0,0,0,0,0,0,0,0,1,F
13935,1,0,0,0,0,0,0,0,0,0,1,F
13936,1,0,0,0,0,0,0,0,0,0,1,F
13937,1,0,0,0,0,0,0,0,0,0,1,F
13938,1,0,0,0,0,0,0,0,0,0,1,F
13939,1,0,0,0,0,0,0,0,0,0,1,F
13940,1,0,0,0,0,0,0,0,0,0,1,F
13941,1,0,0,0,0,0,0,0,0,0,1,F
13942,1,0,0,0,0,0,0,0,0,0,1,F
13943,1,0,0,0,0,0,0,0,0,0,1,F
13944,1,0,0,0,0,0,0,0,0,0,1,F
13945,1,0,0,0,0,0,0,0,0,0,1,F
13946,1,0,0,0,0,0,0,0,0,0,1,F
13947,1,0,0,0,0,0,0,0,0,0,1,F
13948,1,0,0,0,0,0,0,0,0,0,1,F
13949,1,0,0,0,0,0,0,0,0,0,1,F
13950,1,0,0,0,0,0,0,0,0,0,1,F
13951,1,0,0,0,0,0,0,0,0,0,1,F
13952,1,0,0,0,0,0,0,0,0,0,1,F
13953,1,0,0,0,0,0,0,0,0,0,1,F
13954,1,0,0,0,0,0,0,0,0,0,1,F
13955,1,0,0,0,0,0,0,0,0,0,1,F
13956,1,0,0,0,0,0,0,0,0,0,1,F
13957,1,0,0,0,0,0,0,0,0,0,1,F
13958,1,0,0,0,0,0,0,0,0,0,1,F
13959,1,0,0,0,0,0,0,0,0,0,1,F
13960,1,0,0,0,0,0,0,0,0,0,1,F
13961,1,0,0,0,0,0,0,0,0,0,1,F
13962,1,0,0,0,0,0,0,0,0,0,1,F
13963,1,0,0,0,0,0,0,0,0,0,1,F
13964,1,0,0,0,0,0,0,0,0,0,1,F
13965,1,0,0,0,0,0,0,0,0,0,1,F
13966,1,0,0,0,0,0,0,0,0,0,1,F
13967,1,0,0,0,0,0,0,0,0,0,1,F
13968,1,0,0,0,0,0,0,0,0,0,1,F
13969,1,0,0,0,0,0,0,0,0,0,1,F
13970,1,0,0,0,0,0,0,0,0,0,1,F
13971,1,0,0,0,0,0,0,0,0,0,1,F
13972,1,0,0,0,0,0,0,0,0,0,1,F
13973,1,0,0,0,0,0,0,0,0,0,1,F
13974,1,0,0,0,0,0,0,0,0,0,1,F
13975,1,0,0,0,0,0,0,0,0,0,1,F
13976,1,0,0,0,0,0,0,0,0,0,1,F
13977,1,0,0,0,0,0,0,0,0,0,1,F
13978,1,0,0,0,0,0,0,0,0,0,1,F
13979,1,0,0,0,0,0,0,0,0,0,1,F
13980,1,0,0,0,0,0,0,0,0,0,1,F
13981,1,0,0,0,0,0,0,0,0,0,1,F
13982,1,0,0,0,0,0,0,0,0,0,1,F
13983,1,0,0,0,0,0,0,0,0,0,1,F
13984,1,0,0,0,0,0,0,0,0,0,1,F
13985,1,0,0,0,0,0,0,0,0,0,1,F
13986,1,0,0,0,0,0,0,0,0,0,1,F
13987,1,0,0,0,0,0,0,0,0,0,1,F
13988,1,0,0,0,0,0,0,0,0,0,1,F
13989,1,0,0,0,0,0,0,0,0,0,1,F
13990,1,0,0,0,0,0,0,0,0,0,1,F
13991,1,0,0,0,0,0,0,0,0,0,1,F
13992,1,0,0,0,0,0,0,0,0,0,1,F
13993,1,0,0,0,0,0,0,0,0,0,1,F
13994,1,0,0,0,0,0,0,0,0,0,1,F
13995,1,0,0,0,0,0,0,0,0,0,1,F
13996,1,0,0,0,0,0,0,0,0,0,1,F
13997,1,0,0,0,0,0,0,0,0,0,1,F
13998,1,0,0,0,0,0,0,0,0,0,1,F
13999,1,0,0,0,0,0,0,0,0,0,1,F
14000,1,0,0,0,0,0,0,0,0,0,1,F
14001,1,0,0,0,0,0,0,0,0,0,1,F
14002,1,0,0,0,0,0,0,0,0,0,1,F
14003,1,0,0,0,0,0,0,0,0,0,1,F
14004,1,0,0,0,0,0,0,0,0,0,1,F
14005,1,0,0,0,0,0,0,0,0,0,1,F
14006,1,0,0,0,0,0,0,0,0,0,1,F
14007,1,0,0,0,0,0,0,0,0,0,1,F
14008,1,0,0,0,0,0,0,0,0,0,1,F
14009,1,0,0,0,0,0,0,0,0,0,1,F
14010,1,0,0,0,0,0,0,0,0,0,1,F
14011,1,0,0,0,0,0,0,0,0,0,1,F
14012,1,0,0,0,0,0,0,0,0,0,1,F
14013,1,0,0,0,0,0,0,0,0,0,1,F
14014,1,0,0,0,0,0,0,0,0,0,1,F
14015,1,0,0,0,0,0,0,0,0,0,1,F
14016,1,0,0,0,0,0,0,0,0,0,1,F
14017,1,0,0,0,0,0,0,0,0,0,1,F
14018,1,0,0,0,0,0,0,0,0,0,1,F
14019,1,0,0,0,0,0,0,0,0,0,1,F
14020,1,0,0,0,0,0,0,0,0,0,1,F
14021,1,0,0,0,0,0,0,0,0,0,1,F
14022,1,0,0,0,0,0,0,0,0,0,1,F
14023,1,0,0,0,0,0,0,0,0,0,1,F
14024,1,0,0,0,0,0,0,0,0,0,1,F
14025,1,0,0,0,0,0,0,0,0,0,1,F
14026,1,0,0,0,0,0,0,0,0,0,1,F
14027,1,0,0,0,0,0,0,0,0,0,1,F
14028,1,0,0,0,0,0,0,0,0,0,1,F
14029,1,0,0,0,0,0,0,0,0,0,1,F
14030,1,0,0,0,0,0,0,0,0,0,1,F
14031,1,0,0,0,0,0,0,0,0,0,1,F
14032,1,0,0,0,0,0,0,0,0,0,1,F
14033,1,0,0,0,0,0,0,0,0,0,1,F
14034,1,0,0,0,0,0,0,0,0,0,1,F
14035,1,0,0,0,0,0,0,0,0,0,1,F
14036,1,0,0,0,0,0,0,0,0,0,1,F
14037,1,0,0,0,0,0,0,0,0,0,1,F
14038,1,0,0,0,0,0,0,0,0,0,1,F
14039,1,0,0,0,0,0,0,0,0,0,1,F
14040,1,0,0,0,0,0,0,0,0,0,1,F
14041,1,0,0,0,0,0,0,0,0,0,1,F
14042,1,0,0,0,0,0,0,0,0,0,1,F
14043,1,0,0,0,0,0,0,0,0,0,1,F
14044,1,0,0,0,0,0,0,0,0,0,1,F
14045,1,0,0,0,0,0,0,0,0,0,1,F
14046,1,0,0,0,0,0,0,0,0,0,1,F
14047,1,0,0,0,0,0,0,0,0,0,1,F
14048,1,0,0,0,0,0,0,0,0,0,1,F
14049,1,0,0,0,0,0,0,0,0,0,1,F
14050,1,0,0,0,0,0,0,0,0,0,1,F
14051,1,0,0,0,0,0,0,0,0,0,1,F
14052,1,0,0,0,0,0,0,0,0,0,1,F
14053,1,0,0,0,0,0,0,0,0,0,1,F
14054,1,0,0,0,0,0,0,0,0,0,1,F
14055,1,0,0,0,0,0,0,0,0,0,1,F
14056,1,0,0,0,0,0,0,0,0,0,1,F
14057,1,0,0,0,0,0,0,0,0,0,1,F
14058,1,0,0,0,0,0,0,0,0,0,1,F
14059,1,0,0,0,0,0,0,0,0,0,1,F
14060,1,0,0,0,0,0,0,0,0,0,1,F
14061,1,0,0,0,0,0,0,0,0,0,1,F
14062,1,0,0,0,0,0,0,0,0,0,1,F
14063,1,0,0,0,0,0,0,0,0,0,1,F
14064,1,0,0,0,0,0,0,0,0,0,1,F
14065,1,0,0,0,0,0,0,0,0,0,1,F
14066,1,0,0,0,0,0,0,0,0,0,1,F
14067,1,0,0,0,0,0,0,0,0,0,1,F
14068,1,0,0,0,0,0,0,0,0,0,1,F
14069,1,0,0,0,0,0,0,0,0,0,1,F
14070,1,0,0,0,0,0,0,0,0,0,1,F
14071,1,0,0,0,0,0,0,0,0,0,1,F
14072,1,0,0,0,0,0,0,0,0,0,1,F
14073,1,0,0,0,0,0,0,0,0,0,1,F
14074,1,0,0,0,0,0,0,0,0,0,1,F
14075,1,0,0,0,0,0,0,0,0,0,1,F
14076,1,0,0,0,0,0,0,0,0,0,1,F
14077,1,0,0,0,0,0,0,0,0,0,1,F
14078,1,0,0,0,0,0,0,0,0,0,1,F
14079,1,0,0,0,0,0,0,0,0,0,1,F
14080,1,0,0,0,0,0,0,0,0,0,1,F
14081,1,0,0,0,0,0,0,0,0,0,1,F
14082,1,0,0,0,0,0,0,0,0,0,1,F
14083,1,0,0,0,0,0,0,0,0,0,1,F
14084,1,0,0,0,0,0,0,0,0,0,1,F
14085,1,0,0,0,0,0,0,0,0,0,1,F
14086,1,0,0,0,0,0,0,0,0,0,1,F
14087,1,0,0,0,0,0,0,0,0,0,1,F
14088,1,0,0,0,0,0,0,0,0,0,1,F
14089,1,0,0,0,0,0,0,0,0,0,1,F
14090,1,0,0,0,0,0,0,0,0,0,1,F
14091,1,0,0,0,0,0,0,0,0,0,1,F
14092,1,0,0,0,0,0,0,0,0,0,1,F
14093,1,0,0,0,0,0,0,0,0,0,1,F
14094,1,0,0,0,0,0,0,0,0,0,1,F
14095,1,0,0,0,0,0,0,0,0,0,1,F
14096,1,0,0,0,0,0,0,0,0,0,1,F
14097,1,0,0,0,0,0,0,0,0,0,1,F
14098,1,0,0,0,0,0,0,0,0,0,1,F
14099,1,0,0,0,0,0,0,0,0,0,1,F
14100,1,0,0,0,0,0,0,0,0,0,1,F
14101,1,0,0,0,0,0,0,0,0,0,1,F
14102,1,0,0,0,0,0,0,0,0,0,1,F
14103,1,0,0,0,0,0,0,0,0,0,1,F
14104,1,0,0,0,0,0,0,0,0,0,1,F
14105,1,0,0,0,0,0,0,0,0,0,1,F
14106,1,0,0,0,0,0,0,0,0,0,1,F
14107,1,0,0,0,0,0,0,0,0,0,1,F
14108,1,0,0,0,0,0,0,0,0,0,1,F
14109,1,0,0,0,0,0,0,0,0,0,1,F
14110,1,0,0,0,0,0,0,0,0,0,1,F
14111,1,0,0,0,0,0,0,0,0,0,1,F
14112,1,0,0,0,0,0,0,0,0,0,1,F
14113,1,0,0,0,0,0,0,0,0,0,1,F
14114,1,0,0,0,0,0,0,0,0,0,1,F
14115,1,0,0,0,0,0,0,0,0,0,1,F
14116,1,0,0,0,0,0,0,0,0,0,1,F
14117,1,0,0,0,0,0,0,0,0,0,1,F
14118,1,0,0,0,0,0,0,0,0,0,1,F
14119,1,0,0,0,0,0,0,0,0,0,1,F
14120,1,0,0,0,0,0,0,0,0,0,1,F
14121,1,0,0,0,0,0,0,0,0,0,1,F
14122,1,0,0,0,0,0,0,0,0,0,1,F
14123,1,0,0,0,0,0,0,0,0,0,1,F
14124,1,0,0,0,0,0,0,0,0,0,1,F
14125,1,0,0,0,0,0,0,0,0,0,1,F
14126,1,0,0,0,0,0,0,0,0,0,1,F
14127,1,0,0,0,0,0,0,0,0,0,1,F
14128,1,0,0,0,0,0,0,0,0,0,1,F
14129,1,0,0,0,0,0,0,0,0,0,1,F
14130,1,0,0,0,0,0,0,0,0,0,1,F
14131,1,0,0,0,0,0,0,0,0,0,1,F
14132,1,0,0,0,0,0,0,0,0,0,1,F
14133,1,0,0,0,0,0,0,0,0,0,1,F
14134,1,0,0,0,0,0,0,0,0,0,1,F
14135,1,0,0,0,0,0,0,0,0,0,1,F
14136,1,0,0,0,0,0,0,0,0,0,1,F
14137,1,0,0,0,0,0,0,0,0,0,1,F
14138,1,0,0,0,0,0,0,0,0,0,1,F
14139,1,0,0,0,0,0,0,0,0,0,1,F
14140,1,0,0,0,0,0,0,0,0,0,1,F
14141,1,0,0,0,0,0,0,0,0,0,1,F
14142,1,0,0,0,0,0,0,0,0,0,1,F
14143,1,0,0,0,0,0,0,0,0,0,1,F
14144,1,0,0,0,0,0,0,0,0,0,1,F
14145,1,0,0,0,0,0,0,0,0,0,1,F
14146,1,0,0,0,0,0,0,0,0,0,1,F
14147,1,0,0,0,0,0,0,0,0,0,1,F
14148,1,0,0,0,0,0,0,0,0,0,1,F
14149,1,0,0,0,0,0,0,0,0,0,1,F
14150,1,0,0,0,0,0,0,0,0,0,1,F
14151,1,0,0,0,0,0,0,0,0,0,1,F
14152,1,0,0,0,0,0,0,0,0,0,1,F
14153,1,0,0,0,0,0,0,0,0,0,1,F
14154,1,0,0,0,0,0,0,0,0,0,1,F
14155,1,0,0,0,0,0,0,0,0,0,1,F
14156,1,0,0,0,0,0,0,0,0,0,1,F
14157,1,0,0,0,0,0,0,0,0,0,1,F
14158,1,0,0,0,0,0,0,0,0,0,1,F
14159,1,0,0,0,0,0,0,0,0,0,1,F
14160,1,0,0,0,0,0,0,0,0,0,1,F
14161,1,0,0,0,0,0,0,0,0,0,1,F
14162,1,0,0,0,0,0,0,0,0,0,1,F
14163,1,0,0,0,0,0,0,0,0,0,1,F
14164,1,0,0,0,0,0,0,0,0,0,1,F
14165,1,0,0,0,0,0,0,0,0,0,1,F
14166,1,0,0,0,0,0,0,0,0,0,1,F
14167,1,0,0,0,0,0,0,0,0,0,1,F
14168,1,0,0,0,0,0,0,0,0,0,1,F
14169,1,0,0,0,0,0,0,0,0,0,1,F
14170,1,0,0,0,0,0,0,0,0,0,1,F
14171,1,0,0,0,0,0,0,0,0,0,1,F
14172,1,0,0,0,0,0,0,0,0,0,1,F
14173,1,0,0,0,0,0,0,0,0,0,1,F
14174,1,0,0,0,0,0,0,0,0,0,1,F
14175,1,0,0,0,0,0,0,0,0,0,1,F
14176,1,0,0,0,0,0,0,0,0,0,1,F
14177,1,0,0,0,0,0,0,0,0,0,1,F
14178,1,0,0,0,0,0,0,0,0,0,1,F
14179,1,0,0,0,0,0,0,0,0,0,1,F
14180,1,0,0,0,0,0,0,0,0,0,1,F
14181,1,0,0,0,0,0,0,0,0,0,1,F
14182,1,0,0,0,0,0,0,0,0,0,1,F
14183,1,0,0,0,0,0,0,0,0,0,1,F
14184,1,0,0,0,0,0,0,0,0,0,1,F
14185,1,0,0,0,0,0,0,0,0,0,1,F
14186,1,0,0,0,0,0,0,0,0,0,1,F
14187,1,0,0,0,0,0,0,0,0,0,1,F
14188,1,0,0,0,0,0,0,0,0,0,1,F
14189,1,0,0,0,0,0,0,0,0,0,1,F
14190,1,0,0,0,0,0,0,0,0,0,1,F
14191,1,0,0,0,0,0,0,0,0,0,1,F
14192,1,0,0,0,0,0,0,0,0,0,1,F
14193,1,0,0,0,0,0,0,0,0,0,1,F
14194,1,0,0,0,0,0,0,0,0,0,1,F
14195,1,0,0,0,0,0,0,0,0,0,1,F
14196,1,0,0,0,0,0,0,0,0,0,1,F
14197,1,0,0,0,0,0,0,0,0,0,1,F
14198,1,0,0,0,0,0,0,0,0,0,1,F
14199,1,0,0,0,0,0,0,0,0,0,1,F
14200,1,0,0,0,0,0,0,0,0,0,1,F
14201,1,0,0,0,0,0,0,0,0,0,1,F
14202,1,0,0,0,0,0,0,0,0,0,1,F
14203,1,0,0,0,0,0,0,0,0,0,1,F
14204,1,0,0,0,0,0,0,0,0,0,1,F
14205,1,0,0,0,0,0,0,0,0,0,1,F
14206,1,0,0,0,0,0,0,0,0,0,1,F
14207,1,0,0,0,0,0,0,0,0,0,1,F
14208,1,0,0,0,0,0,0,0,0,0,1,F
14209,1,0,0,0,0,0,0,0,0,0,1,F
14210,1,0,0,0,0,0,0,0,0,0,1,F
14211,1,0,0,0,0,0,0,0,0,0,1,F
14212,1,0,0,0,0,0,0,0,0,0,1,F
14213,1,0,0,0,0,0,0,0,0,0,1,F
14214,1,0,0,0,0,0,0,0,0,0,1,F
14215,1,0,0,0,0,0,0,0,0,0,1,F
14216,1,0,0,0,0,0,0,0,0,0,1,F
14217,1,0,0,0,0,0,0,0,0,0,1,F
14218,1,0,0,0,0,0,0,0,0,0,1,F
14219,1,0,0,0,0,0,0,0,0,0,1,F
14220,1,0,0,0,0,0,0,0,0,0,1,F
14221,1,0,0,0,0,0,0,0,0,0,1,F
14222,1,0,0,0,0,0,0,0,0,0,1,F
14223,1,0,0,0,0,0,0,0,0,0,1,F
14224,1,0,0,0,0,0,0,0,0,0,1,F
14225,1,0,0,0,0,0,0,0,0,0,1,F
14226,1,0,0,0,0,0,0,0,0,0,1,F
14227,1,0,0,0,0,0,0,0,0,0,1,F
14228,1,0,0,0,0,0,0,0,0,0,1,F
14229,1,0,0,0,0,0,0,0,0,0,1,F
14230,1,0,0,0,0,0,0,0,0,0,1,F
14231,1,0,0,0,0,0,0,0,0,0,1,F
14232,1,0,0,0,0,0,0,0,0,0,1,F
14233,1,0,0,0,0,0,0,0,0,0,1,F
14234,1,0,0,0,0,0,0,0,0,0,1,F
14235,1,0,0,0,0,0,0,0,0,0,1,F
14236,1,0,0,0,0,0,0,0,0,0,1,F
14237,1,0,0,0,0,0,0,0,0,0,1,F
14238,1,0,0,0,0,0,0,0,0,0,1,F
14239,1,0,0,0,0,0,0,0,0,0,1,F
14240,1,0,0,0,0,0,0,0,0,0,1,F
14241,1,0,0,0,0,0,0,0,0,0,1,F
14242,1,0,0,0,0,0,0,0,0,0,1,F
14243,1,0,0,0,0,0,0,0,0,0,1,F
14244,1,0,0,0,0,0,0,0,0,0,1,F
14245,1,0,0,0,0,0,0,0,0,0,1,F
14246,1,0,0,0,0,0,0,0,0,0,1,F
14247,1,0,0,0,0,0,0,0,0,0,1,F
14248,1,0,0,0,0,0,0,0,0,0,1,F
14249,1,0,0,0,0,0,0,0,0,0,1,F
14250,1,0,0,0,0,0,0,0,0,0,1,F
14251,1,0,0,0,0,0,0,0,0,0,1,F
14252,1,0,0,0,0,0,0,0,0,0,1,F
14253,1,0,0,0,0,0,0,0,0,0,1,F
14254,1,0,0,0,0,0,0,0,0,0,1,F
14255,1,0,0,0,0,0,0,0,0,0,1,F
14256,1,0,0,0,0,0,0,0,0,0,1,F
14257,1,0,0,0,0,0,0,0,0,0,1,F
14258,1,0,0,0,0,0,0,0,0,0,1,F
14259,1,0,0,0,0,0,0,0,0,0,1,F
14260,1,0,0,0,0,0,0,0,0,0,1,F
14261,1,0,0,0,0,0,0,0,0,0,1,F
14262,1,0,0,0,0,0,0,0,0,0,1,F
14263,1,0,0,0,0,0,0,0,0,0,1,F
14264,1,0,0,0,0,0,0,0,0,0,1,F
14265,1,0,0,0,0,0,0,0,0,0,1,F
14266,1,0,0,0,0,0,0,0,0,0,1,F
14267,1,0,0,0,0,0,0,0,0,0,1,F
14268,1,0,0,0,0,0,0,0,0,0,1,F
14269,1,0,0,0,0,0,0,0,0,0,1,F
14270,1,0,0,0,0,0,0,0,0,0,1,F
14271,1,0,0,0,0,0,0,0,0,0,1,F
14272,1,0,0,0,0,0,0,0,0,0,1,F
14273,1,0,0,0,0,0,0,0,0,0,1,F
14274,1,0,0,0,0,0,0,0,0,0,1,F
14275,1,0,0,0,0,0,0,0,0,0,1,F
14276,1,0,0,0,0,0,0,0,0,0,1,F
14277,1,0,0,0,0,0,0,0,0,0,1,F
14278,1,0,0,0,0,0,0,0,0,0,1,F
14279,1,0,0,0,0,0,0,0,0,0,1,F
14280,1,0,0,0,0,0,0,0,0,0,1,F
14281,1,0,0,0,0,0,0,0,0,0,1,F
14282,1,0,0,0,0,0,0,0,0,0,1,F
14283,1,0,0,0,0,0,0,0,0,0,1,F
14284,1,0,0,0,0,0,0,0,0,0,1,F
14285,1,0,0,0,0,0,0,0,0,0,1,F
14286,1,0,0,0,0,0,0,0,0,0,1,F
14287,1,0,0,0,0,0,0,0,0,0,1,F
14288,1,0,0,0,0,0,0,0,0,0,1,F
14289,1,0,0,0,0,0,0,0,0,0,1,F
14290,1,0,0,0,0,0,0,0,0,0,1,F
14291,1,0,0,0,0,0,0,0,0,0,1,F
14292,1,0,0,0,0,0,0,0,0,0,1,F
14293,1,0,0,0,0,0,0,0,0,0,1,F
14294,1,0,0,0,0,0,0,0,0,0,1,F
14295,1,0,0,0,0,0,0,0,0,0,1,F
14296,1,0,0,0,0,0,0,0,0,0,1,F
14297,1,0,0,0,0,0,0,0,0,0,1,F
14298,1,0,0,0,0,0,0,0,0,0,1,F
14299,1,0,0,0,0,0,0,0,0,0,1,F
14300,1,0,0,0,0,0,0,0,0,0,1,F
14301,1,0,0,0,0,0,0,0,0,0,1,F
14302,1,0,0,0,0,0,0,0,0,0,1,F
14303,1,0,0,0,0,0,0,0,0,0,1,F
14304,1,0,0,0,0,0,0,0,0,0,1,F
14305,1,0,0,0,0,0,0,0,0,0,1,F
14306,1,0,0,0,0,0,0,0,0,0,1,F
14307,1,0,0,0,0,0,0,0,0,0,1,F
14308,1,0,0,0,0,0,0,0,0,0,1,F
14309,1,0,0,0,0,0,0,0,0,0,1,F
14310,1,0,0,0,0,0,0,0,0,0,1,F
14311,1,0,0,0,0,0,0,0,0,0,1,F
14312,1,0,0,0,0,0,0,0,0,0,1,F
14313,1,0,0,0,0,0,0,0,0,0,1,F
14314,1,0,0,0,0,0,0,0,0,0,1,F
14315,1,0,0,0,0,0,0,0,0,0,1,F
14316,1,0,0,0,0,0,0,0,0,0,1,F
14317,1,0,0,0,0,0,0,0,0,0,1,F
14318,1,0,0,0,0,0,0,0,0,0,1,F
14319,1,0,0,0,0,0,0,0,0,0,1,F
14320,1,0,0,0,0,0,0,0,0,0,1,F
14321,1,0,0,0,0,0,0,0,0,0,1,F
14322,1,0,0,0,0,0,0,0,0,0,1,F
14323,1,0,0,0,0,0,0,0,0,0,1,F
14324,1,0,0,0,0,0,0,0,0,0,1,F
14325,1,0,0,0,0,0,0,0,0,0,1,F
14326,1,0,0,0,0,0,0,0,0,0,1,F
14327,1,0,0,0,0,0,0,0,0,0,1,F
14328,1,0,0,0,0,0,0,0,0,0,1,F
14329,1,0,0,0,0,0,0,0,0,0,1,F
14330,1,0,0,0,0,0,0,0,0,0,1,F
14331,1,0,0,0,0,0,0,0,0,0,1,F
14332,1,0,0,0,0,0,0,0,0,0,1,F
14333,1,0,0,0,0,0,0,0,0,0,1,F
14334,1,0,0,0,0,0,0,0,0,0,1,F
14335,1,0,0,0,0,0,0,0,0,0,1,F
14336,1,0,0,0,0,0,0,0,0,0,1,F
14337,1,0,0,0,0,0,0,0,0,0,1,F
14338,1,0,0,0,0,0,0,0,0,0,1,F
14339,1,0,0,0,0,0,0,0,0,0,1,F
14340,1,0,0,0,0,0,0,0,0,0,1,F
14341,1,0,0,0,0,0,0,0,0,0,1,F
14342,1,0,0,0,0,0,0,0,0,0,1,F
14343,1,0,0,0,0,0,0,0,0,0,1,F
14344,1,0,0,0,0,0,0,0,0,0,1,F
14345,1,0,0,0,0,0,0,0,0,0,1,F
14346,1,0,0,0,0,0,0,0,0,0,1,F
14347,1,0,0,0,0,0,0,0,0,0,1,F
14348,1,0,0,0,0,0,0,0,0,0,1,F
14349,1,0,0,0,0,0,0,0,0,0,1,F
14350,1,0,0,0,0,0,0,0,0,0,1,F
14351,1,0,0,0,0,0,0,0,0,0,1,F
14352,1,0,0,0,0,0,0,0,0,0,1,F
14353,1,0,0,0,0,0,0,0,0,0,1,F
14354,1,0,0,0,0,0,0,0,0,0,1,F
14355,1,0,0,0,0,0,0,0,0,0,1,F
14356,1,0,0,0,0,0,0,0,0,0,1,F
14357,1,0,0,0,0,0,0,0,0,0,1,F
14358,1,0,0,0,0,0,0,0,0,0,1,F
14359,1,0,0,0,0,0,0,0,0,0,1,F
14360,1,0,0,0,0,0,0,0,0,0,1,F
14361,1,0,0,0,0,0,0,0,0,0,1,F
14362,1,0,0,0,0,0,0,0,0,0,1,F
14363,1,0,0,0,0,0,0,0,0,0,1,F
14364,1,0,0,0,0,0,0,0,0,0,1,F
14365,1,0,0,0,0,0,0,0,0,0,1,F
14366,1,0,0,0,0,0,0,0,0,0,1,F
14367,1,0,0,0,0,0,0,0,0,0,1,F
14368,1,0,0,0,0,0,0,0,0,0,1,F
14369,1,0,0,0,0,0,0,0,0,0,1,F
14370,1,0,0,0,0,0,0,0,0,0,1,F
14371,1,0,0,0,0,0,0,0,0,0,1,F
14372,1,0,0,0,0,0,0,0,0,0,1,F
14373,1,0,0,0,0,0,0,0,0,0,1,F
14374,1,0,0,0,0,0,0,0,0,0,1,F
14375,1,0,0,0,0,0,0,0,0,0,1,F
14376,1,0,0,0,0,0,0,0,0,0,1,F
14377,1,0,0,0,0,0,0,0,0,0,1,F
14378,1,0,0,0,0,0,0,0,0,0,1,F
14379,1,0,0,0,0,0,0,0,0,0,1,F
14380,1,0,0,0,0,0,0,0,0,0,1,F
14381,1,0,0,0,0,0,0,0,0,0,1,F
14382,1,0,0,0,0,0,0,0,0,0,1,F
14383,1,0,0,0,0,0,0,0,0,0,1,F
14384,1,0,0,0,0,0,0,0,0,0,1,F
14385,1,0,0,0,0,0,0,0,0,0,1,F
14386,1,0,0,0,0,0,0,0,0,0,1,F
14387,1,0,0,0,0,0,0,0,0,0,1,F
14388,1,0,0,0,0,0,0,0,0,0,1,F
14389,1,0,0,0,0,0,0,0,0,0,1,F
14390,1,0,0,0,0,0,0,0,0,0,1,F
14391,1,0,0,0,0,0,0,0,0,0,1,F
14392,1,0,0,0,0,0,0,0,0,0,1,F
14393,1,0,0,0,0,0,0,0,0,0,1,F
14394,1,0,0,0,0,0,0,0,0,0,1,F
14395,1,0,0,0,0,0,0,0,0,0,1,F
14396,1,0,0,0,0,0,0,0,0,0,1,F
14397,1,0,0,0,0,0,0,0,0,0,1,F
14398,1,0,0,0,0,0,0,0,0,0,1,F
14399,1,0,0,0,0,0,0,0,0,0,1,F
14400,1,0,0,0,0,0,0,0,0,0,1,F
14401,1,0,0,0,0,0,0,0,0,0,1,F
14402,1,0,0,0,0,0,0,0,0,0,1,F
14403,1,0,0,0,0,0,0,0,0,0,1,F
14404,1,0,0,0,0,0,0,0,0,0,1,F
14405,1,0,0,0,0,0,0,0,0,0,1,F
14406,1,0,0,0,0,0,0,0,0,0,1,F
14407,1,0,0,0,0,0,0,0,0,0,1,F
14408,1,0,0,0,0,0,0,0,0,0,1,F
14409,1,0,0,0,0,0,0,0,0,0,1,F
14410,1,0,0,0,0,0,0,0,0,0,1,F
14411,1,0,0,0,0,0,0,0,0,0,1,F
14412,1,0,0,0,0,0,0,0,0,0,1,F
14413,1,0,0,0,0,0,0,0,0,0,1,F
14414,1,0,0,0,0,0,0,0,0,0,1,F
14415,1,0,0,0,0,0,0,0,0,0,1,F
14416,1,0,0,0,0,0,0,0,0,0,1,F
14417,1,0,0,0,0,0,0,0,0,0,1,F
14418,1,0,0,0,0,0,0,0,0,0,1,F
14419,1,0,0,0,0,0,0,0,0,0,1,F
14420,1,0,0,0,0,0,0,0,0,0,1,F
14421,1,0,0,0,0,0,0,0,0,0,1,F
14422,1,0,0,0,0,0,0,0,0,0,1,F
14423,1,0,0,0,0,0,0,0,0,0,1,F
14424,1,0,0,0,0,0,0,0,0,0,1,F
14425,1,0,0,0,0,0,0,0,0,0,1,F
14426,1,0,0,0,0,0,0,0,0,0,1,F
14427,1,0,0,0,0,0,0,0,0,0,1,F
14428,1,0,0,0,0,0,0,0,0,0,1,F
14429,1,0,0,0,0,0,0,0,0,0,1,F
14430,1,0,0,0,0,0,0,0,0,0,1,F
14431,1,0,0,0,0,0,0,0,0,0,1,F
14432,1,0,0,0,0,0,0,0,0,0,1,F
14433,1,0,0,0,0,0,0,0,0,0,1,F
14434,1,0,0,0,0,0,0,0,0,0,1,F
14435,1,0,0,0,0,0,0,0,0,0,1,F
14436,1,0,0,0,0,0,0,0,0,0,1,F
14437,1,0,0,0,0,0,0,0,0,0,1,F
14438,1,0,0,0,0,0,0,0,0,0,1,F
14439,1,0,0,0,0,0,0,0,0,0,1,F
14440,1,0,0,0,0,0,0,0,0,0,1,F
14441,1,0,0,0,0,0,0,0,0,0,1,F
14442,1,0,0,0,0,0,0,0,0,0,1,F
14443,1,0,0,0,0,0,0,0,0,0,1,F
14444,1,0,0,0,0,0,0,0,0,0,1,F
14445,1,0,0,0,0,0,0,0,0,0,1,F
14446,1,0,0,0,0,0,0,0,0,0,1,F
14447,1,0,0,0,0,0,0,0,0,0,1,F
14448,1,0,0,0,0,0,0,0,0,0,1,F
14449,1,0,0,0,0,0,0,0,0,0,1,F
14450,1,0,0,0,0,0,0,0,0,0,1,F
14451,1,0,0,0,0,0,0,0,0,0,1,F
14452,1,0,0,0,0,0,0,0,0,0,1,F
14453,1,0,0,0,0,0,0,0,0,0,1,F
14454,1,0,0,0,0,0,0,0,0,0,1,F
14455,1,0,0,0,0,0,0,0,0,0,1,F
14456,1,0,0,0,0,0,0,0,0,0,1,F
14457,1,0,0,0,0,0,0,0,0,0,1,F
14458,1,0,0,0,0,0,0,0,0,0,1,F
14459,1,0,0,0,0,0,0,0,0,0,1,F
14460,1,0,0,0,0,0,0,0,0,0,1,F
14461,1,0,0,0,0,0,0,0,0,0,1,F
14462,1,0,0,0,0,0,0,0,0,0,1,F
14463,1,0,0,0,0,0,0,0,0,0,1,F
14464,1,0,0,0,0,0,0,0,0,0,1,F
14465,1,0,0,0,0,0,0,0,0,0,1,F
14466,1,0,0,0,0,0,0,0,0,0,1,F
14467,1,0,0,0,0,0,0,0,0,0,1,F
14468,1,0,0,0,0,0,0,0,0,0,1,F
14469,1,0,0,0,0,0,0,0,0,0,1,F
14470,1,0,0,0,0,0,0,0,0,0,1,F
14471,1,0,0,0,0,0,0,0,0,0,1,F
14472,1,0,0,0,0,0,0,0,0,0,1,F
14473,1,0,0,0,0,0,0,0,0,0,1,F
14474,1,0,0,0,0,0,0,0,0,0,1,F
14475,1,0,0,0,0,0,0,0,0,0,1,F
14476,1,0,0,0,0,0,0,0,0,0,1,F
14477,1,0,0,0,0,0,0,0,0,0,1,F
14478,1,0,0,0,0,0,0,0,0,0,1,F
14479,1,0,0,0,0,0,0,0,0,0,1,F
14480,1,0,0,0,0,0,0,0,0,0,1,F
14481,1,0,0,0,0,0,0,0,0,0,1,F
14482,1,0,0,0,0,0,0,0,0,0,1,F
14483,1,0,0,0,0,0,0,0,0,0,1,F
14484,1,0,0,0,0,0,0,0,0,0,1,F
14485,1,0,0,0,0,0,0,0,0,0,1,F
14486,1,0,0,0,0,0,0,0,0,0,1,F
14487,1,0,0,0,0,0,0,0,0,0,1,F
14488,1,0,0,0,0,0,0,0,0,0,1,F
14489,1,0,0,0,0,0,0,0,0,0,1,F
14490,1,0,0,0,0,0,0,0,0,0,1,F
14491,1,0,0,0,0,0,0,0,0,0,1,F
14492,1,0,0,0,0,0,0,0,0,0,1,F
14493,1,0,0,0,0,0,0,0,0,0,1,F
14494,1,0,0,0,0,0,0,0,0,0,1,F
14495,1,0,0,0,0,0,0,0,0,0,1,F
14496,1,0,0,0,0,0,0,0,0,0,1,F
14497,1,0,0,0,0,0,0,0,0,0,1,F
14498,1,0,0,0,0,0,0,0,0,0,1,F
14499,1,0,0,0,0,0,0,0,0,0,1,F
14500,1,0,0,0,0,0,0,0,0,0,1,F
14501,1,0,0,0,0,0,0,0,0,0,1,F
14502,1,0,0,0,0,0,0,0,0,0,1,F
14503,1,0,0,0,0,0,0,0,0,0,1,F
14504,1,0,0,0,0,0,0,0,0,0,1,F
14505,1,0,0,0,0,0,0,0,0,0,1,F
14506,1,0,0,0,0,0,0,0,0,0,1,F
14507,1,0,0,0,0,0,0,0,0,0,1,F
14508,1,0,0,0,0,0,0,0,0,0,1,F
14509,1,0,0,0,0,0,0,0,0,0,1,F
14510,1,0,0,0,0,0,0,0,0,0,1,F
14511,1,0,0,0,0,0,0,0,0,0,1,F
14512,1,0,0,0,0,0,0,0,0,0,1,F
14513,1,0,0,0,0,0,0,0,0,0,1,F
14514,1,0,0,0,0,0,0,0,0,0,1,F
14515,1,0,0,0,0,0,0,0,0,0,1,F
14516,1,0,0,0,0,0,0,0,0,0,1,F
14517,1,0,0,0,0,0,0,0,0,0,1,F
14518,1,0,0,0,0,0,0,0,0,0,1,F
14519,1,0,0,0,0,0,0,0,0,0,1,F
14520,1,0,0,0,0,0,0,0,0,0,1,F
14521,1,0,0,0,0,0,0,0,0,0,1,F
14522,1,0,0,0,0,0,0,0,0,0,1,F
14523,1,0,0,0,0,0,0,0,0,0,1,F
14524,1,0,0,0,0,0,0,0,0,0,1,F
14525,1,0,0,0,0,0,0,0,0,0,1,F
14526,1,0,0,0,0,0,0,0,0,0,1,F
14527,1,0,0,0,0,0,0,0,0,0,1,F
14528,1,0,0,0,0,0,0,0,0,0,1,F
14529,1,0,0,0,0,0,0,0,0,0,1,F
14530,1,0,0,0,0,0,0,0,0,0,1,F
14531,1,0,0,0,0,0,0,0,0,0,1,F
14532,1,0,0,0,0,0,0,0,0,0,1,F
14533,1,0,0,0,0,0,0,0,0,0,1,F
14534,1,0,0,0,0,0,0,0,0,0,1,F
14535,1,0,0,0,0,0,0,0,0,0,1,F
14536,1,0,0,0,0,0,0,0,0,0,1,F
14537,1,0,0,0,0,0,0,0,0,0,1,F
14538,1,0,0,0,0,0,0,0,0,0,1,F
14539,1,0,0,0,0,0,0,0,0,0,1,F
14540,1,0,0,0,0,0,0,0,0,0,1,F
14541,1,0,0,0,0,0,0,0,0,0,1,F
14542,1,0,0,0,0,0,0,0,0,0,1,F
14543,1,0,0,0,0,0,0,0,0,0,1,F
14544,1,0,0,0,0,0,0,0,0,0,1,F
14545,1,0,0,0,0,0,0,0,0,0,1,F
14546,1,0,0,0,0,0,0,0,0,0,1,F
14547,1,0,0,0,0,0,0,0,0,0,1,F
14548,1,0,0,0,0,0,0,0,0,0,1,F
14549,1,0,0,0,0,0,0,0,0,0,1,F
14550,1,0,0,0,0,0,0,0,0,0,1,F
14551,1,0,0,0,0,0,0,0,0,0,1,F
14552,1,0,0,0,0,0,0,0,0,0,1,F
14553,1,0,0,0,0,0,0,0,0,0,1,F
14554,1,0,0,0,0,0,0,0,0,0,1,F
14555,1,0,0,0,0,0,0,0,0,0,1,F
14556,1,0,0,0,0,0,0,0,0,0,1,F
14557,1,0,0,0,0,0,0,0,0,0,1,F
14558,1,0,0,0,0,0,0,0,0,0,1,F
14559,1,0,0,0,0,0,0,0,0,0,1,F
14560,1,0,0,0,0,0,0,0,0,0,1,F
14561,1,0,0,0,0,0,0,0,0,0,1,F
14562,1,0,0,0,0,0,0,0,0,0,1,F
14563,1,0,0,0,0,0,0,0,0,0,1,F
14564,1,0,0,0,0,0,0,0,0,0,1,F
14565,1,0,0,0,0,0,0,0,0,0,1,F
14566,1,0,0,0,0,0,0,0,0,0,1,F
14567,1,0,0,0,0,0,0,0,0,0,1,F
14568,1,0,0,0,0,0,0,0,0,0,1,F
14569,1,0,0,0,0,0,0,0,0,0,1,F
14570,1,0,0,0,0,0,0,0,0,0,1,F
14571,1,0,0,0,0,0,0,0,0,0,1,F
14572,1,0,0,0,0,0,0,0,0,0,1,F
14573,1,0,0,0,0,0,0,0,0,0,1,F
14574,1,0,0,0,0,0,0,0,0,0,1,F
14575,1,0,0,0,0,0,0,0,0,0,1,F
14576,1,0,0,0,0,0,0,0,0,0,1,F
14577,1,0,0,0,0,0,0,0,0,0,1,F
14578,1,0,0,0,0,0,0,0,0,0,1,F
14579,1,0,0,0,0,0,0,0,0,0,1,F
14580,1,0,0,0,0,0,0,0,0,0,1,F
14581,1,0,0,0,0,0,0,0,0,0,1,F
14582,1,0,0,0,0,0,0,0,0,0,1,F
14583,1,0,0,0,0,0,0,0,0,0,1,F
14584,1,0,0,0,0,0,0,0,0,0,1,F
14585,1,0,0,0,0,0,0,0,0,0,1,F
14586,1,0,0,0,0,0,0,0,0,0,1,F
14587,1,0,0,0,0,0,0,0,0,0,1,F
14588,1,0,0,0,0,0,0,0,0,0,1,F
14589,1,0,0,0,0,0,0,0,0,0,1,F
14590,1,0,0,0,0,0,0,0,0,0,1,F
14591,1,0,0,0,0,0,0,0,0,0,1,F
14592,1,0,0,0,0,0,0,0,0,0,1,F
14593,1,0,0,0,0,0,0,0,0,0,1,F
14594,1,0,0,0,0,0,0,0,0,0,1,F
14595,1,0,0,0,0,0,0,0,0,0,1,F
14596,1,0,0,0,0,0,0,0,0,0,1,F
14597,1,0,0,0,0,0,0,0,0,0,1,F
14598,1,0,0,0,0,0,0,0,0,0,1,F
14599,1,0,0,0,0,0,0,0,0,0,1,F
14600,1,0,0,0,0,0,0,0,0,0,1,F
14601,1,0,0,0,0,0,0,0,0,0,1,F
14602,1,0,0,0,0,0,0,0,0,0,1,F
14603,1,0,0,0,0,0,0,0,0,0,1,F
14604,1,0,0,0,0,0,0,0,0,0,1,F
14605,1,0,0,0,0,0,0,0,0,0,1,F
14606,1,0,0,0,0,0,0,0,0,0,1,F
14607,1,0,0,0,0,0,0,0,0,0,1,F
14608,1,0,0,0,0,0,0,0,0,0,1,F
14609,1,0,0,0,0,0,0,0,0,0,1,F
14610,1,0,0,0,0,0,0,0,0,0,1,F
14611,1,0,0,0,0,0,0,0,0,0,1,F
14612,1,0,0,0,0,0,0,0,0,0,1,F
14613,1,0,0,0,0,0,0,0,0,0,1,F
14614,1,0,0,0,0,0,0,0,0,0,1,F
14615,1,0,0,0,0,0,0,0,0,0,1,F
14616,1,0,0,0,0,0,0,0,0,0,1,F
14617,1,0,0,0,0,0,0,0,0,0,1,F
14618,1,0,0,0,0,0,0,0,0,0,1,F
14619,1,0,0,0,0,0,0,0,0,0,1,F
14620,1,0,0,0,0,0,0,0,0,0,1,F
14621,1,0,0,0,0,0,0,0,0,0,1,F
14622,1,0,0,0,0,0,0,0,0,0,1,F
14623,1,0,0,0,0,0,0,0,0,0,1,F
14624,1,0,0,0,0,0,0,0,0,0,1,F
14625,1,0,0,0,0,0,0,0,0,0,1,F
14626,1,0,0,0,0,0,0,0,0,0,1,F
14627,1,0,0,0,0,0,0,0,0,0,1,F
14628,1,0,0,0,0,0,0,0,0,0,1,F
14629,1,0,0,0,0,0,0,0,0,0,1,F
14630,1,0,0,0,0,0,0,0,0,0,1,F
14631,1,0,0,0,0,0,0,0,0,0,1,F
14632,1,0,0,0,0,0,0,0,0,0,1,F
14633,1,0,0,0,0,0,0,0,0,0,1,F
14634,1,0,0,0,0,0,0,0,0,0,1,F
14635,1,0,0,0,0,0,0,0,0,0,1,F
14636,1,0,0,0,0,0,0,0,0,0,1,F
14637,1,0,0,0,0,0,0,0,0,0,1,F
14638,1,0,0,0,0,0,0,0,0,0,1,F
14639,1,0,0,0,0,0,0,0,0,0,1,F
14640,1,0,0,0,0,0,0,0,0,0,1,F
14641,1,0,0,0,0,0,0,0,0,0,1,F
14642,1,0,0,0,0,0,0,0,0,0,1,F
14643,1,0,0,0,0,0,0,0,0,0,1,F
14644,1,0,0,0,0,0,0,0,0,0,1,F
14645,1,0,0,0,0,0,0,0,0,0,1,F
14646,1,0,0,0,0,0,0,0,0,0,1,F
14647,1,0,0,0,0,0,0,0,0,0,1,F
14648,1,0,0,0,0,0,0,0,0,0,1,F
14649,1,0,0,0,0,0,0,0,0,0,1,F
14650,1,0,0,0,0,0,0,0,0,0,1,F
14651,1,0,0,0,0,0,0,0,0,0,1,F
14652,1,0,0,0,0,0,0,0,0,0,1,F
14653,1,0,0,0,0,0,0,0,0,0,1,F
14654,1,0,0,0,0,0,0,0,0,0,1,F
14655,1,0,0,0,0,0,0,0,0,0,1,F
14656,1,0,0,0,0,0,0,0,0,0,1,F
14657,1,0,0,0,0,0,0,0,0,0,1,F
14658,1,0,0,0,0,0,0,0,0,0,1,F
14659,1,0,0,0,0,0,0,0,0,0,1,F
14660,1,0,0,0,0,0,0,0,0,0,1,F
14661,1,0,0,0,0,0,0,0,0,0,1,F
14662,1,0,0,0,0,0,0,0,0,0,1,F
14663,1,0,0,0,0,0,0,0,0,0,1,F
14664,1,0,0,0,0,0,0,0,0,0,1,F
14665,1,0,0,0,0,0,0,0,0,0,1,F
14666,1,0,0,0,0,0,0,0,0,0,1,F
14667,1,0,0,0,0,0,0,0,0,0,1,F
14668,1,0,0,0,0,0,0,0,0,0,1,F
14669,1,0,0,0,0,0,0,0,0,0,1,F
14670,1,0,0,0,0,0,0,0,0,0,1,F
14671,1,0,0,0,0,0,0,0,0,0,1,F
14672,1,0,0,0,0,0,0,0,0,0,1,F
14673,1,0,0,0,0,0,0,0,0,0,1,F
14674,1,0,0,0,0,0,0,0,0,0,1,F
14675,1,0,0,0,0,0,0,0,0,0,1,F
14676,1,0,0,0,0,0,0,0,0,0,1,F
14677,1,0,0,0,0,0,0,0,0,0,1,F
14678,1,0,0,0,0,0,0,0,0,0,1,F
14679,1,0,0,0,0,0,0,0,0,0,1,F
14680,1,0,0,0,0,0,0,0,0,0,1,F
14681,1,0,0,0,0,0,0,0,0,0,1,F
14682,1,0,0,0,0,0,0,0,0,0,1,F
14683,1,0,0,0,0,0,0,0,0,0,1,F
14684,1,0,0,0,0,0,0,0,0,0,1,F
14685,1,0,0,0,0,0,0,0,0,0,1,F
14686,1,0,0,0,0,0,0,0,0,0,1,F
14687,1,0,0,0,0,0,0,0,0,0,1,F
14688,1,0,0,0,0,0,0,0,0,0,1,F
14689,1,0,0,0,0,0,0,0,0,0,1,F
14690,1,0,0,0,0,0,0,0,0,0,1,F
14691,1,0,0,0,0,0,0,0,0,0,1,F
14692,1,0,0,0,0,0,0,0,0,0,1,F
14693,1,0,0,0,0,0,0,0,0,0,1,F
14694,1,0,0,0,0,0,0,0,0,0,1,F
14695,1,0,0,0,0,0,0,0,0,0,1,F
14696,1,0,0,0,0,0,0,0,0,0,1,F
14697,1,0,0,0,0,0,0,0,0,0,1,F
14698,1,0,0,0,0,0,0,0,0,0,1,F
14699,1,0,0,0,0,0,0,0,0,0,1,F
14700,1,0,0,0,0,0,0,0,0,0,1,F
14701,1,0,0,0,0,0,0,0,0,0,1,F
14702,1,0,0,0,0,0,0,0,0,0,1,F
14703,1,0,0,0,0,0,0,0,0,0,1,F
14704,1,0,0,0,0,0,0,0,0,0,1,F
14705,1,0,0,0,0,0,0,0,0,0,1,F
14706,1,0,0,0,0,0,0,0,0,0,1,F
14707,1,0,0,0,0,0,0,0,0,0,1,F
14708,1,0,0,0,0,0,0,0,0,0,1,F
14709,1,0,0,0,0,0,0,0,0,0,1,F
14710,1,0,0,0,0,0,0,0,0,0,1,F
14711,1,0,0,0,0,0,0,0,0,0,1,F
14712,1,0,0,0,0,0,0,0,0,0,1,F
14713,1,0,0,0,0,0,0,0,0,0,1,F
14714,1,0,0,0,0,0,0,0,0,0,1,F
14715,1,0,0,0,0,0,0,0,0,0,1,F
14716,1,0,0,0,0,0,0,0,0,0,1,F
14717,1,0,0,0,0,0,0,0,0,0,1,F
14718,1,0,0,0,0,0,0,0,0,0,1,F
14719,1,0,0,0,0,0,0,0,0,0,1,F
14720,1,0,0,0,0,0,0,0,0,0,1,F
14721,1,0,0,0,0,0,0,0,0,0,1,F
14722,1,0,0,0,0,0,0,0,0,0,1,F
14723,1,0,0,0,0,0,0,0,0,0,1,F
14724,1,0,0,0,0,0,0,0,0,0,1,F
14725,1,0,0,0,0,0,0,0,0,0,1,F
14726,1,0,0,0,0,0,0,0,0,0,1,F
14727,1,0,0,0,0,0,0,0,0,0,1,F
14728,1,0,0,0,0,0,0,0,0,0,1,F
14729,1,0,0,0,0,0,0,0,0,0,1,F
14730,1,0,0,0,0,0,0,0,0,0,1,F
14731,1,0,0,0,0,0,0,0,0,0,1,F
14732,1,0,0,0,0,0,0,0,0,0,1,F
14733,1,0,0,0,0,0,0,0,0,0,1,F
14734,1,0,0,0,0,0,0,0,0,0,1,F
14735,1,0,0,0,0,0,0,0,0,0,1,F
14736,1,0,0,0,0,0,0,0,0,0,1,F
14737,1,0,0,0,0,0,0,0,0,0,1,F
14738,1,0,0,0,0,0,0,0,0,0,1,F
14739,1,0,0,0,0,0,0,0,0,0,1,F
14740,1,0,0,0,0,0,0,0,0,0,1,F
14741,1,0,0,0,0,0,0,0,0,0,1,F
14742,1,0,0,0,0,0,0,0,0,0,1,F
14743,1,0,0,0,0,0,0,0,0,0,1,F
14744,1,0,0,0,0,0,0,0,0,0,1,F
14745,1,0,0,0,0,0,0,0,0,0,1,F
14746,1,0,0,0,0,0,0,0,0,0,1,F
14747,1,0,0,0,0,0,0,0,0,0,1,F
14748,1,0,0,0,0,0,0,0,0,0,1,F
14749,1,0,0,0,0,0,0,0,0,0,1,F
14750,1,0,0,0,0,0,0,0,0,0,1,F
14751,1,0,0,0,0,0,0,0,0,0,1,F
14752,1,0,0,0,0,0,0,0,0,0,1,F
14753,1,0,0,0,0,0,0,0,0,0,1,F
14754,1,0,0,0,0,0,0,0,0,0,1,F
14755,1,0,0,0,0,0,0,0,0,0,1,F
14756,1,0,0,0,0,0,0,0,0,0,1,F
14757,1,0,0,0,0,0,0,0,0,0,1,F
14758,1,0,0,0,0,0,0,0,0,0,1,F
14759,1,0,0,0,0,0,0,0,0,0,1,F
14760,1,0,0,0,0,0,0,0,0,0,1,F
14761,1,0,0,0,0,0,0,0,0,0,1,F
14762,1,0,0,0,0,0,0,0,0,0,1,F
14763,1,0,0,0,0,0,0,0,0,0,1,F
14764,1,0,0,0,0,0,0,0,0,0,1,F
14765,1,0,0,0,0,0,0,0,0,0,1,F
14766,1,0,0,0,0,0,0,0,0,0,1,F
14767,1,0,0,0,0,0,0,0,0,0,1,F
14768,1,0,0,0,0,0,0,0,0,0,1,F
14769,1,0,0,0,0,0,0,0,0,0,1,F
14770,1,0,0,0,0,0,0,0,0,0,1,F
14771,1,0,0,0,0,0,0,0,0,0,1,F
14772,1,0,0,0,0,0,0,0,0,0,1,F
14773,1,0,0,0,0,0,0,0,0,0,1,F
14774,1,0,0,0,0,0,0,0,0,0,1,F
14775,1,0,0,0,0,0,0,0,0,0,1,F
14776,1,0,0,0,0,0,0,0,0,0,1,F
14777,1,0,0,0,0,0,0,0,0,0,1,F
14778,1,0,0,0,0,0,0,0,0,0,1,F
14779,1,0,0,0,0,0,0,0,0,0,1,F
14780,1,0,0,0,0,0,0,0,0,0,1,F
14781,1,0,0,0,0,0,0,0,0,0,1,F
14782,1,0,0,0,0,0,0,0,0,0,1,F
14783,1,0,0,0,0,0,0,0,0,0,1,F
14784,1,0,0,0,0,0,0,0,0,0,1,F
14785,1,0,0,0,0,0,0,0,0,0,1,F
14786,1,0,0,0,0,0,0,0,0,0,1,F
14787,1,0,0,0,0,0,0,0,0,0,1,F
14788,1,0,0,0,0,0,0,0,0,0,1,F
14789,1,0,0,0,0,0,0,0,0,0,1,F
14790,1,0,0,0,0,0,0,0,0,0,1,F
14791,1,0,0,0,0,0,0,0,0,0,1,F
14792,1,0,0,0,0,0,0,0,0,0,1,F
14793,1,0,0,0,0,0,0,0,0,0,1,F
14794,1,0,0,0,0,0,0,0,0,0,1,F
14795,1,0,0,0,0,0,0,0,0,0,1,F
14796,1,0,0,0,0,0,0,0,0,0,1,F
14797,1,0,0,0,0,0,0,0,0,0,1,F
14798,1,0,0,0,0,0,0,0,0,0,1,F
14799,1,0,0,0,0,0,0,0,0,0,1,F
14800,1,0,0,0,0,0,0,0,0,0,1,F
14801,1,0,0,0,0,0,0,0,0,0,1,F
14802,1,0,0,0,0,0,0,0,0,0,1,F
14803,1,0,0,0,0,0,0,0,0,0,1,F
14804,1,0,0,0,0,0,0,0,0,0,1,F
14805,1,0,0,0,0,0,0,0,0,0,1,F
14806,1,0,0,0,0,0,0,0,0,0,1,F
14807,1,0,0,0,0,0,0,0,0,0,1,F
14808,1,0,0,0,0,0,0,0,0,0,1,F
14809,1,0,0,0,0,0,0,0,0,0,1,F
14810,1,0,0,0,0,0,0,0,0,0,1,F
14811,1,0,0,0,0,0,0,0,0,0,1,F
14812,1,0,0,0,0,0,0,0,0,0,1,F
14813,1,0,0,0,0,0,0,0,0,0,1,F
14814,1,0,0,0,0,0,0,0,0,0,1,F
14815,1,0,0,0,0,0,0,0,0,0,1,F
14816,1,0,0,0,0,0,0,0,0,0,1,F
14817,1,0,0,0,0,0,0,0,0,0,1,F
14818,1,0,0,0,0,0,0,0,0,0,1,F
14819,1,0,0,0,0,0,0,0,0,0,1,F
14820,1,0,0,0,0,0,0,0,0,0,1,F
14821,1,0,0,0,0,0,0,0,0,0,1,F
14822,1,0,0,0,0,0,0,0,0,0,1,F
14823,1,0,0,0,0,0,0,0,0,0,1,F
14824,1,0,0,0,0,0,0,0,0,0,1,F
14825,1,0,0,0,0,0,0,0,0,0,1,F
14826,1,0,0,0,0,0,0,0,0,0,1,F
14827,1,0,0,0,0,0,0,0,0,0,1,F
14828,1,0,0,0,0,0,0,0,0,0,1,F
14829,1,0,0,0,0,0,0,0,0,0,1,F
14830,1,0,0,0,0,0,0,0,0,0,1,F
14831,1,0,0,0,0,0,0,0,0,0,1,F
14832,1,0,0,0,0,0,0,0,0,0,1,F
14833,1,0,0,0,0,0,0,0,0,0,1,F
14834,1,0,0,0,0,0,0,0,0,0,1,F
14835,1,0,0,0,0,0,0,0,0,0,1,F
14836,1,0,0,0,0,0,0,0,0,0,1,F
14837,1,0,0,0,0,0,0,0,0,0,1,F
14838,1,0,0,0,0,0,0,0,0,0,1,F
14839,1,0,0,0,0,0,0,0,0,0,1,F
14840,1,0,0,0,0,0,0,0,0,0,1,F
14841,1,0,0,0,0,0,0,0,0,0,1,F
14842,1,0,0,0,0,0,0,0,0,0,1,F
14843,1,0,0,0,0,0,0,0,0,0,1,F
14844,1,0,0,0,0,0,0,0,0,0,1,F
14845,1,0,0,0,0,0,0,0,0,0,1,F
14846,1,0,0,0,0,0,0,0,0,0,1,F
14847,1,0,0,0,0,0,0,0,0,0,1,F
14848,1,0,0,0,0,0,0,0,0,0,1,F
14849,1,0,0,0,0,0,0,0,0,0,1,F
14850,1,0,0,0,0,0,0,0,0,0,1,F
14851,1,0,0,0,0,0,0,0,0,0,1,F
14852,1,0,0,0,0,0,0,0,0,0,1,F
14853,1,0,0,0,0,0,0,0,0,0,1,F
14854,1,0,0,0,0,0,0,0,0,0,1,F
14855,1,0,0,0,0,0,0,0,0,0,1,F
14856,1,0,0,0,0,0,0,0,0,0,1,F
14857,1,0,0,0,0,0,0,0,0,0,1,F
14858,1,0,0,0,0,0,0,0,0,0,1,F
14859,1,0,0,0,0,0,0,0,0,0,1,F
14860,1,0,0,0,0,0,0,0,0,0,1,F
14861,1,0,0,0,0,0,0,0,0,0,1,F
14862,1,0,0,0,0,0,0,0,0,0,1,F
14863,1,0,0,0,0,0,0,0,0,0,1,F
14864,1,0,0,0,0,0,0,0,0,0,1,F
14865,1,0,0,0,0,0,0,0,0,0,1,F
14866,1,0,0,0,0,0,0,0,0,0,1,F
14867,1,0,0,0,0,0,0,0,0,0,1,F
14868,1,0,0,0,0,0,0,0,0,0,1,F
14869,1,0,0,0,0,0,0,0,0,0,1,F
14870,1,0,0,0,0,0,0,0,0,0,1,F
14871,1,0,0,0,0,0,0,0,0,0,1,F
14872,1,0,0,0,0,0,0,0,0,0,1,F
14873,1,0,0,0,0,0,0,0,0,0,1,F
14874,1,0,0,0,0,0,0,0,0,0,1,F
14875,1,0,0,0,0,0,0,0,0,0,1,F
14876,1,0,0,0,0,0,0,0,0,0,1,F
14877,1,0,0,0,0,0,0,0,0,0,1,F
14878,1,0,0,0,0,0,0,0,0,0,1,F
14879,1,0,0,0,0,0,0,0,0,0,1,F
14880,1,0,0,0,0,0,0,0,0,0,1,F
14881,1,0,0,0,0,0,0,0,0,0,1,F
14882,1,0,0,0,0,0,0,0,0,0,1,F
14883,1,0,0,0,0,0,0,0,0,0,1,F
14884,1,0,0,0,0,0,0,0,0,0,1,F
14885,1,0,0,0,0,0,0,0,0,0,1,F
14886,1,0,0,0,0,0,0,0,0,0,1,F
14887,1,0,0,0,0,0,0,0,0,0,1,F
14888,1,0,0,0,0,0,0,0,0,0,1,F
14889,1,0,0,0,0,0,0,0,0,0,1,F
14890,1,0,0,0,0,0,0,0,0,0,1,F
14891,1,0,0,0,0,0,0,0,0,0,1,F
14892,1,0,0,0,0,0,0,0,0,0,1,F
14893,1,0,0,0,0,0,0,0,0,0,1,F
14894,1,0,0,0,0,0,0,0,0,0,1,F
14895,1,0,0,0,0,0,0,0,0,0,1,F
14896,1,0,0,0,0,0,0,0,0,0,1,F
14897,1,0,0,0,0,0,0,0,0,0,1,F
14898,1,0,0,0,0,0,0,0,0,0,1,F
14899,1,0,0,0,0,0,0,0,0,0,1,F
14900,1,0,0,0,0,0,0,0,0,0,1,F
14901,1,0,0,0,0,0,0,0,0,0,1,F
14902,1,0,0,0,0,0,0,0,0,0,1,F
14903,1,0,0,0,0,0,0,0,0,0,1,F
14904,1,0,0,0,0,0,0,0,0,0,1,F
14905,1,0,0,0,0,0,0,0,0,0,1,F
14906,1,0,0,0,0,0,0,0,0,0,1,F
14907,1,0,0,0,0,0,0,0,0,0,1,F
14908,1,0,0,0,0,0,0,0,0,0,1,F
14909,1,0,0,0,0,0,0,0,0,0,1,F
14910,1,0,0,0,0,0,0,0,0,0,1,F
14911,1,0,0,0,0,0,0,0,0,0,1,F
14912,1,0,0,0,0,0,0,0,0,0,1,F
14913,1,0,0,0,0,0,0,0,0,0,1,F
14914,1,0,0,0,0,0,0,0,0,0,1,F
14915,1,0,0,0,0,0,0,0,0,0,1,F
14916,1,0,0,0,0,0,0,0,0,0,1,F
14917,1,0,0,0,0,0,0,0,0,0,1,F
14918,1,0,0,0,0,0,0,0,0,0,1,F
14919,1,0,0,0,0,0,0,0,0,0,1,F
14920,1,0,0,0,0,0,0,0,0,0,1,F
14921,1,0,0,0,0,0,0,0,0,0,1,F
14922,1,0,0,0,0,0,0,0,0,0,1,F
14923,1,0,0,0,0,0,0,0,0,0,1,F
14924,1,0,0,0,0,0,0,0,0,0,1,F
14925,1,0,0,0,0,0,0,0,0,0,1,F
14926,1,0,0,0,0,0,0,0,0,0,1,F
14927,1,0,0,0,0,0,0,0,0,0,1,F
14928,1,0,0,0,0,0,0,0,0,0,1,F
14929,1,0,0,0,0,0,0,0,0,0,1,F
14930,1,0,0,0,0,0,0,0,0,0,1,F
14931,1,0,0,0,0,0,0,0,0,0,1,F
14932,1,0,0,0,0,0,0,0,0,0,1,F
14933,1,0,0,0,0,0,0,0,0,0,1,F
14934,1,0,0,0,0,0,0,0,0,0,1,F
14935,1,0,0,0,0,0,0,0,0,0,1,F
14936,1,0,0,0,0,0,0,0,0,0,1,F
14937,1,0,0,0,0,0,0,0,0,0,1,F
14938,1,0,0,0,0,0,0,0,0,0,1,F
14939,1,0,0,0,0,0,0,0,0,0,1,F
14940,1,0,0,0,0,0,0,0,0,0,1,F
14941,1,0,0,0,0,0,0,0,0,0,1,F
14942,1,0,0,0,0,0,0,0,0,0,1,F
14943,1,0,0,0,0,0,0,0,0,0,1,F
14944,1,0,0,0,0,0,0,0,0,0,1,F
14945,1,0,0,0,0,0,0,0,0,0,1,F
14946,1,0,0,0,0,0,0,0,0,0,1,F
14947,1,0,0,0,0,0,0,0,0,0,1,F
14948,1,0,0,0,0,0,0,0,0,0,1,F
14949,1,0,0,0,0,0,0,0,0,0,1,F
14950,1,0,0,0,0,0,0,0,0,0,1,F
14951,1,0,0,0,0,0,0,0,0,0,1,F
14952,1,0,0,0,0,0,0,0,0,0,1,F
14953,1,0,0,0,0,0,0,0,0,0,1,F
14954,1,0,0,0,0,0,0,0,0,0,1,F
14955,1,0,0,0,0,0,0,0,0,0,1,F
14956,1,0,0,0,0,0,0,0,0,0,1,F
14957,1,0,0,0,0,0,0,0,0,0,1,F
14958,1,0,0,0,0,0,0,0,0,0,1,F
14959,1,0,0,0,0,0,0,0,0,0,1,F
14960,1,0,0,0,0,0,0,0,0,0,1,F
14961,1,0,0,0,0,0,0,0,0,0,1,F
14962,1,0,0,0,0,0,0,0,0,0,1,F
14963,1,0,0,0,0,0,0,0,0,0,1,F
14964,1,0,0,0,0,0,0,0,0,0,1,F
14965,1,0,0,0,0,0,0,0,0,0,1,F
14966,1,0,0,0,0,0,0,0,0,0,1,F
14967,1,0,0,0,0,0,0,0,0,0,1,F
14968,1,0,0,0,0,0,0,0,0,0,1,F
14969,1,0,0,0,0,0,0,0,0,0,1,F
14970,1,0,0,0,0,0,0,0,0,0,1,F
14971,1,0,0,0,0,0,0,0,0,0,1,F
14972,1,0,0,0,0,0,0,0,0,0,1,F
14973,1,0,0,0,0,0,0,0,0,0,1,F
14974,1,0,0,0,0,0,0,0,0,0,1,F
14975,1,0,0,0,0,0,0,0,0,0,1,F
14976,1,0,0,0,0,0,0,0,0,0,1,F
14977,1,0,0,0,0,0,0,0,0,0,1,F
14978,1,0,0,0,0,0,0,0,0,0,1,F
14979,1,0,0,0,0,0,0,0,0,0,1,F
14980,1,0,0,0,0,0,0,0,0,0,1,F
14981,1,0,0,0,0,0,0,0,0,0,1,F
14982,1,0,0,0,0,0,0,0,0,0,1,F
14983,1,0,0,0,0,0,0,0,0,0,1,F
14984,1,0,0,0,0,0,0,0,0,0,1,F
14985,1,0,0,0,0,0,0,0,0,0,1,F
14986,1,0,0,0,0,0,0,0,0,0,1,F
14987,1,0,0,0,0,0,0,0,0,0,1,F
14988,1,0,0,0,0,0,0,0,0,0,1,F
14989,1,0,0,0,0,0,0,0,0,0,1,F
14990,1,0,0,0,0,0,0,0,0,0,1,F
14991,1,0,0,0,0,0,0,0,0,0,1,F
14992,1,0,0,0,0,0,0,0,0,0,1,F
14993,1,0,0,0,0,0,0,0,0,0,1,F
14994,1,0,0,0,0,0,0,0,0,0,1,F
14995,1,0,0,0,0,0,0,0,0,0,1,F
14996,1,0,0,0,0,0,0,0,0,0,1,F
14997,1,0,0,0,0,0,0,0,0,0,1,F
14998,1,0,0,0,0,0,0,0,0,0,1,F
14999,1,0,0,0,0,0,0,0,0,0,1,F
15000,1,0,0,0,0,0,0,0,0,0,1,F
15001,1,0,0,0,0,0,0,0,0,0,1,F
15002,1,0,0,0,0,0,0,0,0,0,1,F
15003,1,0,0,0,0,0,0,0,0,0,1,F
15004,1,0,0,0,0,0,0,0,0,0,1,F
15005,1,0,0,0,0,0,0,0,0,0,1,F
15006,1,0,0,0,0,0,0,0,0,0,1,F
15007,1,0,0,0,0,0,0,0,0,0,1,F
15008,1,0,0,0,0,0,0,0,0,0,1,F
15009,1,0,0,0,0,0,0,0,0,0,1,F
15010,1,0,0,0,0,0,0,0,0,0,1,F
15011,1,0,0,0,0,0,0,0,0,0,1,F
15012,1,0,0,0,0,0,0,0,0,0,1,F
15013,1,0,0,0,0,0,0,0,0,0,1,F
15014,1,0,0,0,0,0,0,0,0,0,1,F
15015,1,0,0,0,0,0,0,0,0,0,1,F
15016,1,0,0,0,0,0,0,0,0,0,1,F
15017,1,0,0,0,0,0,0,0,0,0,1,F
15018,1,0,0,0,0,0,0,0,0,0,1,F
15019,1,0,0,0,0,0,0,0,0,0,1,F
15020,1,0,0,0,0,0,0,0,0,0,1,F
15021,1,0,0,0,0,0,0,0,0,0,1,F
15022,1,0,0,0,0,0,0,0,0,0,1,F
15023,1,0,0,0,0,0,0,0,0,0,1,F
15024,1,0,0,0,0,0,0,0,0,0,1,F
15025,1,0,0,0,0,0,0,0,0,0,1,F
15026,1,0,0,0,0,0,0,0,0,0,1,F
15027,1,0,0,0,0,0,0,0,0,0,1,F
15028,1,0,0,0,0,0,0,0,0,0,1,F
15029,1,0,0,0,0,0,0,0,0,0,1,F
15030,1,0,0,0,0,0,0,0,0,0,1,F
15031,1,0,0,0,0,0,0,0,0,0,1,F
15032,1,0,0,0,0,0,0,0,0,0,1,F
15033,1,0,0,0,0,0,0,0,0,0,1,F
15034,1,0,0,0,0,0,0,0,0,0,1,F
15035,1,0,0,0,0,0,0,0,0,0,1,F
15036,1,0,0,0,0,0,0,0,0,0,1,F
15037,1,0,0,0,0,0,0,0,0,0,1,F
15038,1,0,0,0,0,0,0,0,0,0,1,F
15039,1,0,0,0,0,0,0,0,0,0,1,F
15040,1,0,0,0,0,0,0,0,0,0,1,F
15041,1,0,0,0,0,0,0,0,0,0,1,F
15042,1,0,0,0,0,0,0,0,0,0,1,F
15043,1,0,0,0,0,0,0,0,0,0,1,F
15044,1,0,0,0,0,0,0,0,0,0,1,F
15045,1,0,0,0,0,0,0,0,0,0,1,F
15046,1,0,0,0,0,0,0,0,0,0,1,F
15047,1,0,0,0,0,0,0,0,0,0,1,F
15048,1,0,0,0,0,0,0,0,0,0,1,F
15049,1,0,0,0,0,0,0,0,0,0,1,F
15050,1,0,0,0,0,0,0,0,0,0,1,F
15051,1,0,0,0,0,0,0,0,0,0,1,F
15052,1,0,0,0,0,0,0,0,0,0,1,F
15053,1,0,0,0,0,0,0,0,0,0,1,F
15054,1,0,0,0,0,0,0,0,0,0,1,F
15055,1,0,0,0,0,0,0,0,0,0,1,F
15056,1,0,0,0,0,0,0,0,0,0,1,F
15057,1,0,0,0,0,0,0,0,0,0,1,F
15058,1,0,0,0,0,0,0,0,0,0,1,F
15059,1,0,0,0,0,0,0,0,0,0,1,F
15060,1,0,0,0,0,0,0,0,0,0,1,F
15061,1,0,0,0,0,0,0,0,0,0,1,F
15062,1,0,0,0,0,0,0,0,0,0,1,F
15063,1,0,0,0,0,0,0,0,0,0,1,F
15064,1,0,0,0,0,0,0,0,0,0,1,F
15065,1,0,0,0,0,0,0,0,0,0,1,F
15066,1,0,0,0,0,0,0,0,0,0,1,F
15067,1,0,0,0,0,0,0,0,0,0,1,F
15068,1,0,0,0,0,0,0,0,0,0,1,F
15069,1,0,0,0,0,0,0,0,0,0,1,F
15070,1,0,0,0,0,0,0,0,0,0,1,F
15071,1,0,0,0,0,0,0,0,0,0,1,F
15072,1,0,0,0,0,0,0,0,0,0,1,F
15073,1,0,0,0,0,0,0,0,0,0,1,F
15074,1,0,0,0,0,0,0,0,0,0,1,F
15075,1,0,0,0,0,0,0,0,0,0,1,F
15076,1,0,0,0,0,0,0,0,0,0,1,F
15077,1,0,0,0,0,0,0,0,0,0,1,F
15078,1,0,0,0,0,0,0,0,0,0,1,F
15079,1,0,0,0,0,0,0,0,0,0,1,F
15080,1,0,0,0,0,0,0,0,0,0,1,F
15081,1,0,0,0,0,0,0,0,0,0,1,F
15082,1,0,0,0,0,0,0,0,0,0,1,F
15083,1,0,0,0,0,0,0,0,0,0,1,F
15084,1,0,0,0,0,0,0,0,0,0,1,F
15085,1,0,0,0,0,0,0,0,0,0,1,F
15086,1,0,0,0,0,0,0,0,0,0,1,F
15087,1,0,0,0,0,0,0,0,0,0,1,F
15088,1,0,0,0,0,0,0,0,0,0,1,F
15089,1,0,0,0,0,0,0,0,0,0,1,F
15090,1,0,0,0,0,0,0,0,0,0,1,F
15091,1,0,0,0,0,0,0,0,0,0,1,F
15092,1,0,0,0,0,0,0,0,0,0,1,F
15093,1,0,0,0,0,0,0,0,0,0,1,F
15094,1,0,0,0,0,0,0,0,0,0,1,F
15095,1,0,0,0,0,0,0,0,0,0,1,F
15096,1,0,0,0,0,0,0,0,0,0,1,F
15097,1,0,0,0,0,0,0,0,0,0,1,F
15098,1,0,0,0,0,0,0,0,0,0,1,F
15099,1,0,0,0,0,0,0,0,0,0,1,F
15100,1,0,0,0,0,0,0,0,0,0,1,F
15101,1,0,0,0,0,0,0,0,0,0,1,F
15102,1,0,0,0,0,0,0,0,0,0,1,F
15103,1,0,0,0,0,0,0,0,0,0,1,F
15104,1,0,0,0,0,0,0,0,0,0,1,F
15105,1,0,0,0,0,0,0,0,0,0,1,F
15106,1,0,0,0,0,0,0,0,0,0,1,F
15107,1,0,0,0,0,0,0,0,0,0,1,F
15108,1,0,0,0,0,0,0,0,0,0,1,F
15109,1,0,0,0,0,0,0,0,0,0,1,F
15110,1,0,0,0,0,0,0,0,0,0,1,F
15111,1,0,0,0,0,0,0,0,0,0,1,F
15112,1,0,0,0,0,0,0,0,0,0,1,F
15113,1,0,0,0,0,0,0,0,0,0,1,F
15114,1,0,0,0,0,0,0,0,0,0,1,F
15115,1,0,0,0,0,0,0,0,0,0,1,F
15116,1,0,0,0,0,0,0,0,0,0,1,F
15117,1,0,0,0,0,0,0,0,0,0,1,F
15118,1,0,0,0,0,0,0,0,0,0,1,F
15119,1,0,0,0,0,0,0,0,0,0,1,F
15120,1,0,0,0,0,0,0,0,0,0,1,F
15121,1,0,0,0,0,0,0,0,0,0,1,F
15122,1,0,0,0,0,0,0,0,0,0,1,F
15123,1,0,0,0,0,0,0,0,0,0,1,F
15124,1,0,0,0,0,0,0,0,0,0,1,F
15125,1,0,0,0,0,0,0,0,0,0,1,F
15126,1,0,0,0,0,0,0,0,0,0,1,F
15127,1,0,0,0,0,0,0,0,0,0,1,F
15128,1,0,0,0,0,0,0,0,0,0,1,F
15129,1,0,0,0,0,0,0,0,0,0,1,F
15130,1,0,0,0,0,0,0,0,0,0,1,F
15131,1,0,0,0,0,0,0,0,0,0,1,F
15132,1,0,0,0,0,0,0,0,0,0,1,F
15133,1,0,0,0,0,0,0,0,0,0,1,F
15134,1,0,0,0,0,0,0,0,0,0,1,F
15135,1,0,0,0,0,0,0,0,0,0,1,F
15136,1,0,0,0,0,0,0,0,0,0,1,F
15137,1,0,0,0,0,0,0,0,0,0,1,F
15138,1,0,0,0,0,0,0,0,0,0,1,F
15139,1,0,0,0,0,0,0,0,0,0,1,F
15140,1,0,0,0,0,0,0,0,0,0,1,F
15141,1,0,0,0,0,0,0,0,0,0,1,F
15142,1,0,0,0,0,0,0,0,0,0,1,F
15143,1,0,0,0,0,0,0,0,0,0,1,F
15144,1,0,0,0,0,0,0,0,0,0,1,F
15145,1,0,0,0,0,0,0,0,0,0,1,F
15146,1,0,0,0,0,0,0,0,0,0,1,F
15147,1,0,0,0,0,0,0,0,0,0,1,F
15148,1,0,0,0,0,0,0,0,0,0,1,F
15149,1,0,0,0,0,0,0,0,0,0,1,F
15150,1,0,0,0,0,0,0,0,0,0,1,F
15151,1,0,0,0,0,0,0,0,0,0,1,F
15152,1,0,0,0,0,0,0,0,0,0,1,F
15153,1,0,0,0,0,0,0,0,0,0,1,F
15154,1,0,0,0,0,0,0,0,0,0,1,F
15155,1,0,0,0,0,0,0,0,0,0,1,F
15156,1,0,0,0,0,0,0,0,0,0,1,F
15157,1,0,0,0,0,0,0,0,0,0,1,F
15158,1,0,0,0,0,0,0,0,0,0,1,F
15159,1,0,0,0,0,0,0,0,0,0,1,F
15160,1,0,0,0,0,0,0,0,0,0,1,F
15161,1,0,0,0,0,0,0,0,0,0,1,F
15162,1,0,0,0,0,0,0,0,0,0,1,F
15163,1,0,0,0,0,0,0,0,0,0,1,F
15164,1,0,0,0,0,0,0,0,0,0,1,F
15165,1,0,0,0,0,0,0,0,0,0,1,F
15166,1,0,0,0,0,0,0,0,0,0,1,F
15167,1,0,0,0,0,0,0,0,0,0,1,F
15168,1,0,0,0,0,0,0,0,0,0,1,F
15169,1,0,0,0,0,0,0,0,0,0,1,F
15170,1,0,0,0,0,0,0,0,0,0,1,F
15171,1,0,0,0,0,0,0,0,0,0,1,F
15172,1,0,0,0,0,0,0,0,0,0,1,F
15173,1,0,0,0,0,0,0,0,0,0,1,F
15174,1,0,0,0,0,0,0,0,0,0,1,F
15175,1,0,0,0,0,0,0,0,0,0,1,F
15176,1,0,0,0,0,0,0,0,0,0,1,F
15177,1,0,0,0,0,0,0,0,0,0,1,F
15178,1,0,0,0,0,0,0,0,0,0,1,F
15179,1,0,0,0,0,0,0,0,0,0,1,F
15180,1,0,0,0,0,0,0,0,0,0,1,F
15181,1,0,0,0,0,0,0,0,0,0,1,F
15182,1,0,0,0,0,0,0,0,0,0,1,F
15183,1,0,0,0,0,0,0,0,0,0,1,F
15184,1,0,0,0,0,0,0,0,0,0,1,F
15185,1,0,0,0,0,0,0,0,0,0,1,F
15186,1,0,0,0,0,0,0,0,0,0,1,F
15187,1,0,0,0,0,0,0,0,0,0,1,F
15188,1,0,0,0,0,0,0,0,0,0,1,F
15189,1,0,0,0,0,0,0,0,0,0,1,F
15190,1,0,0,0,0,0,0,0,0,0,1,F
15191,1,0,0,0,0,0,0,0,0,0,1,F
15192,1,0,0,0,0,0,0,0,0,0,1,F
15193,1,0,0,0,0,0,0,0,0,0,1,F
15194,1,0,0,0,0,0,0,0,0,0,1,F
15195,1,0,0,0,0,0,0,0,0,0,1,F
15196,1,0,0,0,0,0,0,0,0,0,1,F
15197,1,0,0,0,0,0,0,0,0,0,1,F
15198,1,0,0,0,0,0,0,0,0,0,1,F
15199,1,0,0,0,0,0,0,0,0,0,1,F
15200,1,0,0,0,0,0,0,0,0,0,1,F
15201,1,0,0,0,0,0,0,0,0,0,1,F
15202,1,0,0,0,0,0,0,0,0,0,1,F
15203,1,0,0,0,0,0,0,0,0,0,1,F
15204,1,0,0,0,0,0,0,0,0,0,1,F
15205,1,0,0,0,0,0,0,0,0,0,1,F
15206,1,0,0,0,0,0,0,0,0,0,1,F
15207,1,0,0,0,0,0,0,0,0,0,1,F
15208,1,0,0,0,0,0,0,0,0,0,1,F
15209,1,0,0,0,0,0,0,0,0,0,1,F
15210,1,0,0,0,0,0,0,0,0,0,1,F
15211,1,0,0,0,0,0,0,0,0,0,1,F
15212,1,0,0,0,0,0,0,0,0,0,1,F
15213,1,0,0,0,0,0,0,0,0,0,1,F
15214,1,0,0,0,0,0,0,0,0,0,1,F
15215,1,0,0,0,0,0,0,0,0,0,1,F
15216,1,0,0,0,0,0,0,0,0,0,1,F
15217,1,0,0,0,0,0,0,0,0,0,1,F
15218,1,0,0,0,0,0,0,0,0,0,1,F
15219,1,0,0,0,0,0,0,0,0,0,1,F
15220,1,0,0,0,0,0,0,0,0,0,1,F
15221,1,0,0,0,0,0,0,0,0,0,1,F
15222,1,0,0,0,0,0,0,0,0,0,1,F
15223,1,0,0,0,0,0,0,0,0,0,1,F
15224,1,0,0,0,0,0,0,0,0,0,1,F
15225,1,0,0,0,0,0,0,0,0,0,1,F
15226,1,0,0,0,0,0,0,0,0,0,1,F
15227,1,0,0,0,0,0,0,0,0,0,1,F
15228,1,0,0,0,0,0,0,0,0,0,1,F
15229,1,0,0,0,0,0,0,0,0,0,1,F
15230,1,0,0,0,0,0,0,0,0,0,1,F
15231,1,0,0,0,0,0,0,0,0,0,1,F
15232,1,0,0,0,0,0,0,0,0,0,1,F
15233,1,0,0,0,0,0,0,0,0,0,1,F
15234,1,0,0,0,0,0,0,0,0,0,1,F
15235,1,0,0,0,0,0,0,0,0,0,1,F
15236,1,0,0,0,0,0,0,0,0,0,1,F
15237,1,0,0,0,0,0,0,0,0,0,1,F
15238,1,0,0,0,0,0,0,0,0,0,1,F
15239,1,0,0,0,0,0,0,0,0,0,1,F
15240,1,0,0,0,0,0,0,0,0,0,1,F
15241,1,0,0,0,0,0,0,0,0,0,1,F
15242,1,0,0,0,0,0,0,0,0,0,1,F
15243,1,0,0,0,0,0,0,0,0,0,1,F
15244,1,0,0,0,0,0,0,0,0,0,1,F
15245,1,0,0,0,0,0,0,0,0,0,1,F
15246,1,0,0,0,0,0,0,0,0,0,1,F
15247,1,0,0,0,0,0,0,0,0,0,1,F
15248,1,0,0,0,0,0,0,0,0,0,1,F
15249,1,0,0,0,0,0,0,0,0,0,1,F
15250,1,0,0,0,0,0,0,0,0,0,1,F
15251,1,0,0,0,0,0,0,0,0,0,1,F
15252,1,0,0,0,0,0,0,0,0,0,1,F
15253,1,0,0,0,0,0,0,0,0,0,1,F
15254,1,0,0,0,0,0,0,0,0,0,1,F
15255,1,0,0,0,0,0,0,0,0,0,1,F
15256,1,0,0,0,0,0,0,0,0,0,1,F
15257,1,0,0,0,0,0,0,0,0,0,1,F
15258,1,0,0,0,0,0,0,0,0,0,1,F
15259,1,0,0,0,0,0,0,0,0,0,1,F
15260,1,0,0,0,0,0,0,0,0,0,1,F
15261,1,0,0,0,0,0,0,0,0,0,1,F
15262,1,0,0,0,0,0,0,0,0,0,1,F
15263,1,0,0,0,0,0,0,0,0,0,1,F
15264,1,0,0,0,0,0,0,0,0,0,1,F
15265,1,0,0,0,0,0,0,0,0,0,1,F
15266,1,0,0,0,0,0,0,0,0,0,1,F
15267,1,0,0,0,0,0,0,0,0,0,1,F
15268,1,0,0,0,0,0,0,0,0,0,1,F
15269,1,0,0,0,0,0,0,0,0,0,1,F
15270,1,0,0,0,0,0,0,0,0,0,1,F
15271,1,0,0,0,0,0,0,0,0,0,1,F
15272,1,0,0,0,0,0,0,0,0,0,1,F
15273,1,0,0,0,0,0,0,0,0,0,1,F
15274,1,0,0,0,0,0,0,0,0,0,1,F
15275,1,0,0,0,0,0,0,0,0,0,1,F
15276,1,0,0,0,0,0,0,0,0,0,1,F
15277,1,0,0,0,0,0,0,0,0,0,1,F
15278,1,0,0,0,0,0,0,0,0,0,1,F
15279,1,0,0,0,0,0,0,0,0,0,1,F
15280,1,0,0,0,0,0,0,0,0,0,1,F
15281,1,0,0,0,0,0,0,0,0,0,1,F
15282,1,0,0,0,0,0,0,0,0,0,1,F
15283,1,0,0,0,0,0,0,0,0,0,1,F
15284,1,0,0,0,0,0,0,0,0,0,1,F
15285,1,0,0,0,0,0,0,0,0,0,1,F
15286,1,0,0,0,0,0,0,0,0,0,1,F
15287,1,0,0,0,0,0,0,0,0,0,1,F
15288,1,0,0,0,0,0,0,0,0,0,1,F
15289,1,0,0,0,0,0,0,0,0,0,1,F
15290,1,0,0,0,0,0,0,0,0,0,1,F
15291,1,0,0,0,0,0,0,0,0,0,1,F
15292,1,0,0,0,0,0,0,0,0,0,1,F
15293,1,0,0,0,0,0,0,0,0,0,1,F
15294,1,0,0,0,0,0,0,0,0,0,1,F
15295,1,0,0,0,0,0,0,0,0,0,1,F
15296,1,0,0,0,0,0,0,0,0,0,1,F
15297,1,0,0,0,0,0,0,0,0,0,1,F
15298,1,0,0,0,0,0,0,0,0,0,1,F
15299,1,0,0,0,0,0,0,0,0,0,1,F
15300,1,0,0,0,0,0,0,0,0,0,1,F
15301,1,0,0,0,0,0,0,0,0,0,1,F
15302,1,0,0,0,0,0,0,0,0,0,1,F
15303,1,0,0,0,0,0,0,0,0,0,1,F
15304,1,0,0,0,0,0,0,0,0,0,1,F
15305,1,0,0,0,0,0,0,0,0,0,1,F
15306,1,0,0,0,0,0,0,0,0,0,1,F
15307,1,0,0,0,0,0,0,0,0,0,1,F
15308,1,0,0,0,0,0,0,0,0,0,1,F
15309,1,0,0,0,0,0,0,0,0,0,1,F
15310,1,0,0,0,0,0,0,0,0,0,1,F
15311,1,0,0,0,0,0,0,0,0,0,1,F
15312,1,0,0,0,0,0,0,0,0,0,1,F
15313,1,0,0,0,0,0,0,0,0,0,1,F
15314,1,0,0,0,0,0,0,0,0,0,1,F
15315,1,0,0,0,0,0,0,0,0,0,1,F
15316,1,0,0,0,0,0,0,0,0,0,1,F
15317,1,0,0,0,0,0,0,0,0,0,1,F
15318,1,0,0,0,0,0,0,0,0,0,1,F
15319,1,0,0,0,0,0,0,0,0,0,1,F
15320,1,0,0,0,0,0,0,0,0,0,1,F
15321,1,0,0,0,0,0,0,0,0,0,1,F
15322,1,0,0,0,0,0,0,0,0,0,1,F
15323,1,0,0,0,0,0,0,0,0,0,1,F
15324,1,0,0,0,0,0,0,0,0,0,1,F
15325,1,0,0,0,0,0,0,0,0,0,1,F
15326,1,0,0,0,0,0,0,0,0,0,1,F
15327,1,0,0,0,0,0,0,0,0,0,1,F
15328,1,0,0,0,0,0,0,0,0,0,1,F
15329,1,0,0,0,0,0,0,0,0,0,1,F
15330,1,0,0,0,0,0,0,0,0,0,1,F
15331,1,0,0,0,0,0,0,0,0,0,1,F
15332,1,0,0,0,0,0,0,0,0,0,1,F
15333,1,0,0,0,0,0,0,0,0,0,1,F
15334,1,0,0,0,0,0,0,0,0,0,1,F
15335,1,0,0,0,0,0,0,0,0,0,1,F
15336,1,0,0,0,0,0,0,0,0,0,1,F
15337,1,0,0,0,0,0,0,0,0,0,1,F
15338,1,0,0,0,0,0,0,0,0,0,1,F
15339,1,0,0,0,0,0,0,0,0,0,1,F
15340,1,0,0,0,0,0,0,0,0,0,1,F
15341,1,0,0,0,0,0,0,0,0,0,1,F
15342,1,0,0,0,0,0,0,0,0,0,1,F
15343,1,0,0,0,0,0,0,0,0,0,1,F
15344,1,0,0,0,0,0,0,0,0,0,1,F
15345,1,0,0,0,0,0,0,0,0,0,1,F
15346,1,0,0,0,0,0,0,0,0,0,1,F
15347,1,0,0,0,0,0,0,0,0,0,1,F
15348,1,0,0,0,0,0,0,0,0,0,1,F
15349,1,0,0,0,0,0,0,0,0,0,1,F
15350,1,0,0,0,0,0,0,0,0,0,1,F
15351,1,0,0,0,0,0,0,0,0,0,1,F
15352,1,0,0,0,0,0,0,0,0,0,1,F
15353,1,0,0,0,0,0,0,0,0,0,1,F
15354,1,0,0,0,0,0,0,0,0,0,1,F
15355,1,0,0,0,0,0,0,0,0,0,1,F
15356,1,0,0,0,0,0,0,0,0,0,1,F
15357,1,0,0,0,0,0,0,0,0,0,1,F
15358,1,0,0,0,0,0,0,0,0,0,1,F
15359,1,0,0,0,0,0,0,0,0,0,1,F
15360,1,0,0,0,0,0,0,0,0,0,1,F
15361,1,0,0,0,0,0,0,0,0,0,1,F
15362,1,0,0,0,0,0,0,0,0,0,1,F
15363,1,0,0,0,0,0,0,0,0,0,1,F
15364,1,0,0,0,0,0,0,0,0,0,1,F
15365,1,0,0,0,0,0,0,0,0,0,1,F
15366,1,0,0,0,0,0,0,0,0,0,1,F
15367,1,0,0,0,0,0,0,0,0,0,1,F
15368,1,0,0,0,0,0,0,0,0,0,1,F
15369,1,0,0,0,0,0,0,0,0,0,1,F
15370,1,0,0,0,0,0,0,0,0,0,1,F
15371,1,0,0,0,0,0,0,0,0,0,1,F
15372,1,0,0,0,0,0,0,0,0,0,1,F
15373,1,0,0,0,0,0,0,0,0,0,1,F
15374,1,0,0,0,0,0,0,0,0,0,1,F
15375,1,0,0,0,0,0,0,0,0,0,1,F
15376,1,0,0,0,0,0,0,0,0,0,1,F
15377,1,0,0,0,0,0,0,0,0,0,1,F
15378,1,0,0,0,0,0,0,0,0,0,1,F
15379,1,0,0,0,0,0,0,0,0,0,1,F
15380,1,0,0,0,0,0,0,0,0,0,1,F
15381,1,0,0,0,0,0,0,0,0,0,1,F
15382,1,0,0,0,0,0,0,0,0,0,1,F
15383,1,0,0,0,0,0,0,0,0,0,1,F
15384,1,0,0,0,0,0,0,0,0,0,1,F
15385,1,0,0,0,0,0,0,0,0,0,1,F
15386,1,0,0,0,0,0,0,0,0,0,1,F
15387,1,0,0,0,0,0,0,0,0,0,1,F
15388,1,0,0,0,0,0,0,0,0,0,1,F
15389,1,0,0,0,0,0,0,0,0,0,1,F
15390,1,0,0,0,0,0,0,0,0,0,1,F
15391,1,0,0,0,0,0,0,0,0,0,1,F
15392,1,0,0,0,0,0,0,0,0,0,1,F
15393,1,0,0,0,0,0,0,0,0,0,1,F
15394,1,0,0,0,0,0,0,0,0,0,1,F
15395,1,0,0,0,0,0,0,0,0,0,1,F
15396,1,0,0,0,0,0,0,0,0,0,1,F
15397,1,0,0,0,0,0,0,0,0,0,1,F
15398,1,0,0,0,0,0,0,0,0,0,1,F
15399,1,0,0,0,0,0,0,0,0,0,1,F
15400,1,0,0,0,0,0,0,0,0,0,1,F
15401,1,0,0,0,0,0,0,0,0,0,1,F
15402,1,0,0,0,0,0,0,0,0,0,1,F
15403,1,0,0,0,0,0,0,0,0,0,1,F
15404,1,0,0,0,0,0,0,0,0,0,1,F
15405,1,0,0,0,0,0,0,0,0,0,1,F
15406,1,0,0,0,0,0,0,0,0,0,1,F
15407,1,0,0,0,0,0,0,0,0,0,1,F
15408,1,0,0,0,0,0,0,0,0,0,1,F
15409,1,0,0,0,0,0,0,0,0,0,1,F
15410,1,0,0,0,0,0,0,0,0,0,1,F
15411,1,0,0,0,0,0,0,0,0,0,1,F
15412,1,0,0,0,0,0,0,0,0,0,1,F
15413,1,0,0,0,0,0,0,0,0,0,1,F
15414,1,0,0,0,0,0,0,0,0,0,1,F
15415,1,0,0,0,0,0,0,0,0,0,1,F
15416,1,0,0,0,0,0,0,0,0,0,1,F
15417,1,0,0,0,0,0,0,0,0,0,1,F
15418,1,0,0,0,0,0,0,0,0,0,1,F
15419,1,0,0,0,0,0,0,0,0,0,1,F
15420,1,0,0,0,0,0,0,0,0,0,1,F
15421,1,0,0,0,0,0,0,0,0,0,1,F
15422,1,0,0,0,0,0,0,0,0,0,1,F
15423,1,0,0,0,0,0,0,0,0,0,1,F
15424,1,0,0,0,0,0,0,0,0,0,1,F
15425,1,0,0,0,0,0,0,0,0,0,1,F
15426,1,0,0,0,0,0,0,0,0,0,1,F
15427,1,0,0,0,0,0,0,0,0,0,1,F
15428,1,0,0,0,0,0,0,0,0,0,1,F
15429,1,0,0,0,0,0,0,0,0,0,1,F
15430,1,0,0,0,0,0,0,0,0,0,1,F
15431,1,0,0,0,0,0,0,0,0,0,1,F
15432,1,0,0,0,0,0,0,0,0,0,0,F
15433,1,0,0,0,0,0,0,0,0,0,0,F
15434,1,0,0,0,0,0,0,0,0,0,0,F
15435,1,0,0,0,0,0,0,0,0,0,0,F
15436,1,0,0,0,0,0,0,0,0,0,0,F
15437,1,0,0,0,0,0,0,0,0,0,0,F
15438,1,0,0,0,0,0,0,0,0,0,0,F
15439,1,0,0,0,0,0,0,0,0,0,0,F
15440,1,0,0,0,0,0,0,0,0,0,0,F
15441,1,0,0,0,0,0,0,0,0,0,0,F
15442,1,0,0,0,0,0,0,0,0,0,0,F
15443,1,0,0,0,0,0,0,0,0,0,0,F
15444,1,0,0,0,0,0,0,0,0,0,0,F
15445,1,0,0,0,0,0,0,0,0,0,0,F
15446,1,0,0,0,0,0,0,0,0,0,0,F
15447,1,0,0,0,0,0,0,0,0,0,0,F
15448,1,0,0,0,0,0,0,0,0,0,0,F
15449,1,0,0,0,0,0,0,0,0,0,0,F
15450,1,0,0,0,0,0,0,0,0,0,0,F
15451,1,0,0,0,0,0,0,0,0,0,0,F
15452,1,0,0,0,0,0,0,0,0,0,0,F
15453,1,0,0,0,0,0,0,0,0,0,0,F
15454,1,0,0,0,0,0,0,0,0,0,0,F
15455,1,0,0,0,0,0,0,0,0,0,0,F
15456,1,0,0,0,0,0,0,0,0,0,0,F
15457,1,0,0,0,0,0,0,0,0,0,0,F
15458,1,0,0,0,0,0,0,0,0,0,0,F
15459,1,0,0,0,0,0,0,0,0,0,0,F
15460,1,0,0,0,0,0,0,0,0,0,0,F
15461,1,0,0,0,0,0,0,0,0,0,0,F
15462,1,0,0,0,0,0,0,0,0,0,0,F
15463,1,0,0,0,0,0,0,0,0,0,0,F
15464,1,0,0,0,0,0,0,0,0,0,0,F
15465,1,0,0,0,0,0,0,0,0,0,0,F
15466,1,0,0,0,0,0,0,0,0,0,0,F
15467,1,0,0,0,0,0,0,0,0,0,0,F
15468,1,0,0,0,0,0,0,0,0,0,0,F
15469,1,0,0,0,0,0,0,0,0,0,0,F
15470,1,0,0,0,0,0,0,0,0,0,0,F
15471,1,0,0,0,0,0,0,0,0,0,0,F
15472,1,0,0,0,0,0,0,0,0,0,0,F
15473,1,0,0,0,0,0,0,0,0,0,0,F
15474,1,0,0,0,0,0,0,0,0,0,0,F
15475,1,0,0,0,0,0,0,0,0,0,0,F
15476,1,0,0,0,0,0,0,0,0,0,0,F
15477,1,0,0,0,0,0,0,0,0,0,0,F
15478,1,0,0,0,0,0,0,0,0,0,0,F
